id_venta,id_tiempo,id_producto,id_cliente,id_tienda,id_vendedor,nro_comprobante,cantidad,precio_unit_sol,monto_bruto_sol,descuento_sol,monto_neto_sol,costo_sol,margen_bruto_sol,igv_sol
1,20220619,41,189,2,22,F759-8936,12,88.99,1067.88,64.61,1003.27,526.36,476.91,180.59
2,20250217,6,130,10,1,F575-3258,1,3430.36,3430.36,22.64,3407.72,1784.72,1623.0,613.39
3,20240601,46,72,1,25,F826-2616,9,296.15,2665.35,246.01,2419.34,1378.64,1040.7,435.48
4,20220529,45,87,2,3,F390-1585,5,56.16,280.8,9.6,271.2,182.1,89.1,48.82
5,20220531,23,118,9,4,F997-6202,10,357.4,3574.0,208.01,3365.99,1644.93,1721.06,605.88
6,20231229,6,93,10,7,F722-1140,14,3407.49,47704.86,6597.58,41107.28,27011.2,14096.08,7399.31
7,20231101,3,60,2,13,F285-7429,13,743.32,9663.16,615.54,9047.62,4487.24,4560.38,1628.57
8,20241213,41,69,2,20,F651-2804,3,101.16,303.48,24.7,278.78,145.5,133.28,50.18
9,20220828,35,164,9,8,F702-5314,3,400.58,1201.74,122.22,1079.52,576.45,503.07,194.31
10,20251013,54,81,7,9,F068-3457,1,5.26,5.26,0.27,4.99,2.43,2.56,0.9
11,20220213,59,128,7,29,F937-7518,15,7.49,112.35,17.74,94.61,49.44,45.17,17.03
12,20240612,10,192,10,14,F920-9561,4,2959.17,11836.68,1940.03,9896.65,5817.21,4079.44,1781.4
13,20240407,26,13,2,5,F643-2622,3,83.8,251.4,28.18,223.22,111.2,112.02,40.18
14,20220930,51,120,9,9,F995-9065,10,22.8,228.0,3.19,224.81,125.07,99.74,40.47
15,20220630,56,138,5,25,F657-5574,11,6.03,66.33,10.52,55.81,34.4,21.41,10.05
16,20241025,8,185,5,17,F781-2928,3,2416.8,7250.4,723.59,6526.81,4377.94,2148.87,1174.83
17,20221216,33,130,10,7,F157-6127,14,1706.96,23897.44,3288.29,20609.15,13361.61,7247.54,3709.65
18,20251027,49,154,6,16,F020-1833,13,244.11,3173.43,643.89,2529.54,1678.85,850.69,455.32
19,20220516,60,62,10,3,F088-7963,14,17.8,249.2,44.23,204.97,108.2,96.77,36.89
20,20230530,53,169,8,18,F170-4343,13,4.37,56.81,6.66,50.15,25.33,24.82,9.03
21,20220825,34,194,4,23,F320-6538,7,2364.09,16548.63,3511.62,13037.01,8679.82,4357.19,2346.66
22,20230917,43,64,4,3,F347-0345,8,177.3,1418.4,280.7,1137.7,648.83,488.87,204.79
23,20250214,38,162,1,8,F070-0515,10,67.22,672.2,32.53,639.67,316.12,323.55,115.14
24,20221008,56,55,9,5,F741-9356,9,5.43,48.87,2.56,46.31,28.42,17.89,8.34
25,20230917,37,25,2,22,F442-5805,13,143.09,1860.17,193.64,1666.53,935.61,730.92,299.98
26,20221210,28,166,2,2,F413-5560,14,246.02,3444.28,552.46,2891.82,1777.52,1114.3,520.53
27,20231112,52,36,7,6,F286-7580,4,10.78,43.12,1.82,41.3,24.25,17.05,7.43
28,20230726,16,141,2,2,F668-8857,2,338.43,676.86,65.99,610.87,398.45,212.42,109.96
29,20221121,54,43,7,16,F493-3503,2,4.59,9.18,1.87,7.31,4.75,2.56,1.32
30,20250811,56,100,5,30,F803-7455,1,5.5,5.5,0.2,5.3,2.55,2.75,0.95
31,20221026,19,184,8,5,F195-4862,12,846.25,10155.0,2223.95,7931.05,4688.47,3242.58,1427.59
32,20231231,14,81,1,2,F599-7812,10,228.79,2287.9,370.41,1917.49,943.77,973.72,345.15
33,20220819,33,21,3,3,F610-1114,9,1708.85,15379.65,532.14,14847.51,9979.84,4867.67,2672.55
34,20250702,44,64,10,20,F041-1344,7,122.15,855.05,22.57,832.48,547.82,284.66,149.85
35,20250425,27,53,6,8,F272-6485,10,177.52,1775.2,204.15,1571.05,1047.8,523.25,282.79
36,20230322,9,19,1,15,F637-9225,5,2285.64,11428.2,1149.68,10278.52,6843.48,3435.04,1850.13
37,20240902,7,90,2,29,F251-6055,4,2587.23,10348.92,1151.83,9197.09,4658.25,4538.84,1655.48
38,20240906,19,168,9,1,F684-9087,14,806.16,11286.24,1348.71,9937.53,5371.27,4566.26,1788.76
39,20250712,20,30,2,24,F567-2547,2,258.56,517.12,106.84,410.28,207.95,202.33,73.85
40,20221224,18,163,5,17,F501-4115,4,695.0,2780.0,438.96,2341.04,1219.03,1122.01,421.39
41,20230417,58,71,1,1,F342-2144,1,6.1,6.1,0.12,5.98,3.38,2.6,1.08
42,20241214,41,110,9,1,F115-1233,3,103.61,310.83,50.7,260.13,153.56,106.57,46.82
43,20230616,57,150,9,5,F441-2089,3,2.49,7.47,0.9,6.57,4.25,2.32,1.18
44,20231016,3,11,6,7,F699-4089,15,698.37,10475.55,2150.63,8324.92,5614.65,2710.27,1498.49
45,20221107,43,159,3,30,F953-3879,13,160.65,2088.45,257.3,1831.15,1199.3,631.85,329.61
46,20240625,56,7,3,24,F947-5443,13,5.26,68.38,12.2,56.18,36.87,19.31,10.11
47,20250903,51,64,5,6,F807-1772,13,23.78,309.14,45.57,263.57,165.26,98.31,47.44
48,20250516,25,118,6,10,F841-3729,14,1901.27,26617.78,2757.6,23860.18,12405.26,11454.92,4294.83
49,20250706,15,18,5,12,F657-8347,4,149.4,597.6,52.41,545.19,292.07,253.12,98.13
50,20220705,26,30,5,6,F595-4350,14,88.6,1240.4,146.37,1094.03,730.65,363.38,196.93
51,20240717,3,112,10,17,F119-6312,7,672.92,4710.44,358.46,4351.98,2773.45,1578.53,783.36
52,20231130,58,134,9,22,F737-3229,5,5.77,28.85,0.28,28.57,16.21,12.36,5.14
53,20221104,24,170,2,24,F922-4921,11,428.04,4708.44,953.93,3754.51,2270.09,1484.42,675.81
54,20241014,33,142,3,7,F431-6212,7,1537.82,10764.74,772.91,9991.83,6189.36,3802.47,1798.53
55,20241219,44,141,1,10,F294-3444,3,119.85,359.55,48.68,310.87,167.93,142.94,55.96
56,20230114,28,114,4,17,F485-2781,10,262.52,2625.2,378.03,2247.17,1287.62,959.55,404.49
57,20230518,43,24,4,22,F318-3681,9,160.1,1440.9,210.37,1230.53,743.06,487.47,221.5
58,20230909,52,157,2,15,F425-9432,1,9.6,9.6,0.1,9.5,6.43,3.07,1.71
59,20250731,13,168,1,29,F769-1747,7,99.21,694.47,75.56,618.91,327.28,291.63,111.4
60,20251109,50,119,1,18,F256-1989,3,84.75,254.25,44.98,209.27,129.58,79.69,37.67
61,20220217,30,153,6,25,F913-7252,8,116.44,931.52,136.84,794.68,538.46,256.22,143.04
62,20220421,40,141,8,29,F163-7778,15,202.69,3040.35,337.78,2702.57,1746.17,956.4,486.46
63,20220711,29,200,9,16,F642-3920,4,45.28,181.12,33.47,147.65,79.06,68.59,26.58
64,20241222,18,82,9,3,F142-2472,12,715.13,8581.56,539.78,8041.78,4297.07,3744.71,1447.52
65,20241130,15,105,6,18,F478-6813,3,159.72,479.16,74.46,404.7,199.45,205.25,72.85
66,20240705,4,179,1,28,F902-9433,7,2012.44,14087.08,1207.26,12879.82,8165.28,4714.54,2318.37
67,20231209,25,108,9,24,F753-8948,6,1777.05,10662.3,700.51,9961.79,5558.65,4403.14,1793.12
68,20220406,52,125,1,13,F345-6625,4,10.32,41.28,4.43,36.85,19.7,17.15,6.63
69,20240412,47,137,1,30,F404-9698,8,353.23,2825.84,571.67,2254.17,1524.14,730.03,405.75
70,20240701,37,119,3,2,F267-6212,2,147.91,295.82,41.83,253.99,128.81,125.18,45.72
71,20240527,21,72,7,9,F855-1342,6,594.47,3566.82,265.01,3301.81,2165.75,1136.06,594.33
72,20241206,31,58,2,25,F981-0660,9,264.11,2376.99,27.34,2349.65,1575.17,774.48,422.94
73,20231011,49,40,4,5,F485-1875,4,238.14,952.56,41.82,910.74,440.87,469.87,163.93
74,20221221,37,43,10,20,F987-1877,8,155.13,1241.04,191.0,1050.04,665.07,384.97,189.01
75,20241227,50,80,10,22,F930-6150,5,90.72,453.6,10.8,442.8,214.82,227.98,79.7
76,20220621,26,161,4,4,F714-4942,4,92.56,370.24,6.18,364.06,225.03,139.03,65.53
77,20230220,55,11,6,18,F439-6072,13,2.09,27.17,0.72,26.45,17.9,8.55,4.76
78,20231201,5,126,2,14,F984-5935,6,965.05,5790.3,16.21,5774.09,3256.65,2517.44,1039.34
79,20250810,41,188,9,21,F277-8818,8,102.13,817.04,127.13,689.91,391.25,298.66,124.18
80,20250110,50,83,4,27,F958-1420,7,85.64,599.48,108.93,490.55,293.59,196.96,88.3
81,20241113,18,172,7,11,F030-8099,4,771.38,3085.52,509.42,2576.1,1530.13,1045.97,463.7
82,20250708,55,88,5,29,F611-4527,8,1.96,15.68,0.73,14.95,9.56,5.39,2.69
83,20230606,36,126,9,25,F247-7801,4,78.47,313.88,5.9,307.98,192.18,115.8,55.44
84,20250414,42,57,7,23,F250-5017,8,129.13,1033.04,180.16,852.88,425.26,427.62,153.52
85,20220105,43,191,9,11,F361-7435,8,175.22,1401.76,170.73,1231.03,675.53,555.5,221.59
86,20240419,18,31,9,25,F707-3034,4,698.16,2792.64,74.0,2718.64,1409.66,1308.98,489.36
87,20240117,13,195,9,20,F290-1648,8,90.76,726.08,44.15,681.93,407.74,274.19,122.75
88,20220514,54,182,9,5,F281-0746,4,4.75,19.0,1.51,17.49,9.45,8.04,3.15
89,20240122,4,193,8,4,F894-0201,12,2141.98,25703.76,5338.67,20365.09,12373.3,7991.79,3665.72
90,20250923,37,14,5,28,F490-1870,8,138.32,1106.56,107.23,999.33,516.53,482.8,179.88
91,20240403,53,14,3,5,F831-9222,8,4.37,34.96,0.57,34.39,20.84,13.55,6.19
92,20250918,20,156,10,26,F634-3698,4,222.73,890.92,23.25,867.67,549.14,318.53,156.18
93,20250828,50,151,7,10,F583-0987,8,86.23,689.84,137.9,551.94,297.76,254.18,99.35
94,20250921,40,55,5,22,F084-2574,2,207.6,415.2,86.57,328.63,171.4,157.23,59.15
95,20241227,16,177,10,16,F299-0535,2,299.24,598.48,20.59,577.89,324.6,253.29,104.02
96,20221128,15,176,4,30,F271-9664,5,157.0,785.0,121.44,663.56,378.76,284.8,119.44
97,20250826,43,166,3,30,F273-2331,4,181.98,727.92,68.06,659.86,388.6,271.26,118.77
98,20231019,5,146,5,15,F128-7680,13,889.25,11560.25,782.63,10777.62,6787.65,3989.97,1939.97
99,20241211,45,127,8,3,F613-0654,7,54.97,384.79,79.81,304.98,176.92,128.06,54.9
100,20220704,57,59,10,19,F974-0340,6,2.38,14.28,1.9,12.38,6.01,6.37,2.23
101,20230518,49,45,8,17,F668-7246,5,267.46,1337.3,169.57,1167.73,738.73,429.0,210.19
102,20230828,59,24,8,12,F419-5461,10,6.68,66.8,6.41,60.39,38.82,21.57,10.87
103,20241206,21,127,5,22,F968-6562,14,645.06,9030.84,319.69,8711.15,4898.53,3812.62,1568.01
104,20251207,53,83,2,25,F414-8432,1,4.95,4.95,0.5,4.45,2.42,2.03,0.8
105,20250813,53,14,4,17,F371-8168,11,5.14,56.54,10.82,45.72,26.17,19.55,8.23
106,20241026,41,74,8,29,F716-7942,1,94.56,94.56,4.24,90.32,53.27,37.05,16.26
107,20241022,8,41,5,18,F015-9049,11,2299.88,25298.68,3390.02,21908.66,11564.69,10343.97,3943.56
108,20221125,27,31,3,16,F956-4782,14,160.36,2245.04,450.8,1794.24,1026.82,767.42,322.96
109,20240623,33,63,8,18,F149-6285,7,1648.87,11542.09,2119.13,9422.96,6370.38,3052.58,1696.13
110,20220724,13,18,5,25,F809-6799,9,102.64,923.76,151.68,772.08,391.68,380.4,138.97
111,20221031,22,186,5,27,F602-9502,9,933.9,8405.1,494.22,7910.88,3801.28,4109.6,1423.96
112,20220812,43,86,9,25,F557-6181,3,172.42,517.26,50.79,466.47,269.09,197.38,83.96
113,20220216,30,147,7,8,F877-6731,14,133.98,1875.72,77.84,1797.88,1113.79,684.09,323.62
114,20240101,3,99,3,16,F988-0607,8,699.63,5597.04,868.66,4728.38,3036.95,1691.43,851.11
115,20230315,9,113,2,17,F933-7487,10,2219.43,22194.3,1620.18,20574.12,10288.56,10285.56,3703.34
116,20251018,1,20,8,26,F993-4343,7,1252.52,8767.64,1679.88,7087.76,4777.09,2310.67,1275.8
117,20230510,22,173,9,13,F978-5189,7,886.37,6204.59,887.26,5317.33,3458.14,1859.19,957.12
118,20220308,41,159,2,8,F647-4709,13,99.22,1289.86,138.4,1151.46,677.29,474.17,207.26
119,20250419,15,181,2,15,F171-4907,7,170.17,1191.19,256.34,934.85,590.89,343.96,168.27
120,20250421,58,96,7,5,F251-8703,6,5.22,31.32,5.49,25.83,13.91,11.92,4.65
121,20230823,27,157,7,20,F700-3946,13,174.74,2271.62,89.96,2181.66,1123.59,1058.07,392.7
122,20251031,32,118,5,22,F010-7623,3,464.8,1394.4,71.25,1323.15,803.92,519.23,238.17
123,20240121,58,89,10,10,F655-6952,9,5.48,49.32,1.72,47.6,27.05,20.55,8.57
124,20251007,45,124,2,8,F391-9371,14,54.43,762.02,50.67,711.35,483.63,227.72,128.04
125,20220211,23,169,7,9,F009-9273,12,341.22,4094.64,266.15,3828.49,2586.49,1242.0,689.13
126,20220604,56,191,8,27,F926-4690,12,5.78,69.36,14.86,54.5,36.09,18.41,9.81
127,20220328,50,49,10,9,F695-2241,10,90.41,904.1,159.48,744.62,390.03,354.59,134.03
128,20221017,41,113,1,19,F374-2154,11,88.76,976.36,138.84,837.52,453.76,383.76,150.75
129,20220312,6,34,9,29,F995-5995,6,3620.19,21721.14,3570.96,18150.18,9349.67,8800.51,3267.03
130,20240310,34,124,5,24,F892-5550,5,2219.24,11096.2,2027.28,9068.92,4819.17,4249.75,1632.41
131,20251030,52,174,7,28,F824-9132,2,9.45,18.9,0.59,18.31,12.33,5.98,3.3
132,20240906,24,117,6,22,F767-4296,7,402.01,2814.07,8.72,2805.35,1647.62,1157.73,504.96
133,20240127,38,60,8,1,F635-9199,11,65.19,717.09,148.37,568.72,285.31,283.41,102.37
134,20250218,21,119,5,21,F419-1912,4,672.1,2688.4,383.1,2305.3,1399.5,905.8,414.95
135,20251024,9,25,4,29,F551-2223,1,2040.84,2040.84,136.74,1904.1,1101.57,802.53,342.74
136,20220326,25,139,7,19,F761-2532,11,1769.71,19466.81,4066.62,15400.19,9537.29,5862.9,2772.03
137,20241030,57,72,1,23,F380-3560,2,2.38,4.76,0.87,3.89,2.35,1.54,0.7
138,20220905,29,176,6,18,F924-5877,4,46.82,187.28,35.25,152.03,76.0,76.03,27.37
139,20240421,4,117,2,22,F218-9784,4,2083.96,8335.84,1775.53,6560.31,4394.11,2166.2,1180.86
140,20240714,2,145,4,3,F850-9081,6,754.42,4526.52,242.62,4283.9,2164.16,2119.74,771.1
141,20240508,14,38,10,1,F284-2371,14,214.55,3003.7,574.61,2429.09,1325.58,1103.51,437.24
142,20221121,9,7,3,1,F367-3899,13,2234.25,29045.25,1115.34,27929.91,17099.01,10830.9,5027.38
143,20221216,38,108,9,4,F764-1042,3,64.52,193.56,11.3,182.26,92.11,90.15,32.81
144,20221111,31,129,4,20,F045-8544,6,285.91,1715.46,193.68,1521.78,763.65,758.13,273.92
145,20240802,20,103,7,22,F111-8033,1,238.51,238.51,3.2,235.31,135.49,99.82,42.36
146,20240513,46,38,2,5,F282-9591,2,309.36,618.72,122.38,496.34,270.22,226.12,89.34
147,20221117,36,117,9,20,F441-1625,7,89.09,623.63,136.45,487.18,285.54,201.64,87.69
148,20221217,51,142,4,14,F463-3744,14,22.88,320.32,46.13,274.19,179.74,94.45,49.35
149,20220602,27,81,7,11,F682-4177,8,167.83,1342.64,117.75,1224.89,766.69,458.2,220.48
150,20220105,24,22,2,14,F099-6106,11,467.91,5147.01,1045.36,4101.65,2023.86,2077.79,738.3
151,20240311,52,85,2,14,F363-6930,1,9.47,9.47,1.22,8.25,4.89,3.36,1.48
152,20240702,56,91,2,19,F520-3486,1,6.01,6.01,1.28,4.73,2.84,1.89,0.85
153,20230323,10,143,6,4,F781-4565,4,3172.27,12689.08,2365.24,10323.84,5678.35,4645.49,1858.29
154,20221017,37,160,10,22,F659-9122,7,136.85,957.95,178.08,779.87,526.34,253.53,140.38
155,20220825,2,47,5,23,F781-5063,11,835.02,9185.22,1676.3,7508.92,4005.93,3502.99,1351.61
156,20250824,59,169,7,3,F146-0503,1,6.75,6.75,0.27,6.48,3.3,3.18,1.17
157,20240411,6,41,6,10,F739-5315,4,3522.93,14091.72,1166.79,12924.93,7376.63,5548.3,2326.49
158,20231229,50,41,10,2,F691-1337,10,92.56,925.6,17.31,908.29,445.54,462.75,163.49
159,20220731,18,70,4,25,F525-1865,7,715.54,5008.78,534.94,4473.84,2542.97,1930.87,805.29
160,20230822,23,135,5,2,F226-6476,5,332.63,1663.15,248.14,1415.01,847.06,567.95,254.7
161,20230505,39,36,5,10,F336-1966,4,114.72,458.88,30.42,428.46,223.76,204.7,77.12
162,20220810,1,181,4,17,F573-5803,7,1204.73,8433.11,326.36,8106.75,4507.69,3599.06,1459.21
163,20220209,5,20,6,19,F440-9395,12,946.55,11358.6,105.63,11252.97,5443.61,5809.36,2025.53
164,20241215,26,84,3,26,F971-7539,7,89.05,623.35,39.71,583.64,327.43,256.21,105.06
165,20240819,54,63,7,19,F411-8585,6,5.19,31.14,0.6,30.54,19.82,10.72,5.5
166,20240606,6,200,3,3,F523-1869,5,3314.53,16572.65,2719.57,13853.08,7263.37,6589.71,2493.55
167,20250308,34,166,3,8,F106-2400,15,2222.42,33336.3,5693.84,27642.46,15209.43,12433.03,4975.64
168,20230719,17,20,3,25,F644-8096,10,501.53,5015.3,168.51,4846.79,3062.35,1784.44,872.42
169,20220116,30,145,10,11,F885-5180,13,130.06,1690.78,215.57,1475.21,909.06,566.15,265.54
170,20221004,10,71,10,2,F361-8313,8,3054.28,24434.24,2377.45,22056.79,11923.11,10133.68,3970.22
171,20250530,5,74,2,21,F885-1480,8,931.84,7454.72,61.87,7392.85,4093.77,3299.08,1330.71
172,20251231,40,190,1,15,F931-9367,7,195.22,1366.54,139.11,1227.43,725.24,502.19,220.94
173,20231111,42,16,8,4,F831-5627,10,117.65,1176.5,123.06,1053.44,537.44,516.0,189.62
174,20240110,46,113,8,17,F536-9992,11,267.41,2941.51,111.78,2829.73,1498.48,1331.25,509.35
175,20231227,11,87,10,2,F809-5483,15,140.34,2105.1,130.94,1974.16,1108.99,865.17,355.35
176,20220924,5,186,10,28,F154-5462,9,935.11,8415.99,1255.67,7160.32,3843.87,3316.45,1288.86
177,20251124,6,168,7,5,F610-1389,3,3425.75,10277.25,2072.92,8204.33,4447.13,3757.2,1476.78
178,20220814,20,172,9,3,F662-6938,11,242.78,2670.58,465.22,2205.36,1417.25,788.11,396.96
179,20220330,33,88,8,7,F232-2254,6,1552.55,9315.3,633.44,8681.86,5818.88,2862.98,1562.73
180,20230330,10,139,9,2,F678-5518,14,2857.08,39999.12,6935.85,33063.27,19227.55,13835.72,5951.39
181,20221108,57,47,10,26,F925-2713,3,2.53,7.59,1.0,6.59,3.37,3.22,1.19
182,20220131,47,114,10,10,F771-7356,7,371.26,2598.82,208.17,2390.65,1491.57,899.08,430.32
183,20220624,15,50,6,22,F970-9346,5,164.06,820.3,174.23,646.07,411.47,234.6,116.29
184,20221231,29,108,3,27,F205-9907,5,46.97,234.85,40.21,194.64,113.0,81.64,35.04
185,20241004,9,142,2,23,F867-8453,1,2364.32,2364.32,333.61,2030.71,1329.76,700.95,365.53
186,20230330,55,132,3,27,F448-1503,2,1.89,3.78,0.63,3.15,1.68,1.47,0.57
187,20241010,59,107,1,13,F515-6127,8,6.61,52.88,10.29,42.59,28.37,14.22,7.67
188,20230512,16,26,6,26,F150-2255,2,311.12,622.24,51.33,570.91,277.26,293.65,102.76
189,20240109,3,195,8,15,F631-0087,14,695.65,9739.1,1011.89,8727.21,5639.72,3087.49,1570.9
190,20230721,58,187,10,17,F434-1822,5,5.27,26.35,1.25,25.1,12.8,12.3,4.52
191,20251114,50,164,10,15,F065-1817,5,82.68,413.4,11.08,402.32,212.3,190.02,72.42
192,20230503,54,148,4,23,F148-4773,10,5.38,53.8,6.34,47.46,28.78,18.68,8.54
193,20240301,28,171,2,17,F999-5909,6,227.99,1367.94,72.36,1295.58,729.82,565.76,233.2
194,20221216,5,142,1,13,F895-7703,9,1041.04,9369.36,1045.62,8323.74,5640.72,2683.02,1498.27
195,20220819,3,18,6,8,F751-1699,6,740.06,4440.36,247.77,4192.59,2026.06,2166.53,754.67
196,20240116,50,140,6,27,F659-2869,13,87.12,1132.56,82.9,1049.66,513.14,536.52,188.94
197,20241206,54,47,3,3,F734-7499,8,5.26,42.08,9.08,33.0,19.0,14.0,5.94
198,20230120,3,81,5,17,F408-8898,1,696.48,696.48,121.19,575.29,378.06,197.23,103.55
199,20220525,31,200,1,28,F672-5439,13,276.0,3588.0,510.57,3077.43,1653.26,1424.17,553.94
200,20250826,18,113,7,11,F998-3061,6,674.97,4049.82,389.19,3660.63,2049.97,1610.66,658.91
201,20251127,32,22,7,3,F441-9871,6,447.95,2687.7,546.41,2141.29,1250.2,891.09,385.43
202,20250720,53,170,5,10,F457-9874,5,4.46,22.3,1.58,20.72,10.28,10.44,3.73
203,20251023,46,187,6,20,F446-4499,12,284.78,3417.36,333.88,3083.48,1755.81,1327.67,555.03
204,20231014,41,94,9,26,F768-2622,1,103.61,103.61,1.71,101.9,61.9,40.0,18.34
205,20240605,2,33,2,8,F798-6002,10,767.73,7677.3,1145.45,6531.85,3707.7,2824.15,1175.73
206,20230127,24,116,6,12,F455-1260,10,424.34,4243.4,30.13,4213.27,2151.66,2061.61,758.39
207,20230608,37,64,2,1,F754-3049,6,134.61,807.66,70.75,736.91,449.45,287.46,132.64
208,20250828,32,67,8,7,F627-4679,15,434.64,6519.6,805.82,5713.78,3041.76,2672.02,1028.48
209,20230412,45,19,8,6,F921-7293,8,61.11,488.88,21.51,467.37,237.02,230.35,84.13
210,20241230,6,182,2,18,F556-4758,14,3561.24,49857.36,10819.05,39038.31,23952.66,15085.65,7026.9
211,20231025,58,164,3,26,F371-8336,3,5.49,16.47,2.58,13.89,9.24,4.65,2.5
212,20230118,15,127,1,12,F568-9377,4,152.21,608.84,106.12,502.72,265.11,237.61,90.49
213,20220418,24,17,5,13,F735-7843,9,430.8,3877.2,110.5,3766.7,2474.15,1292.55,678.01
214,20241030,34,82,2,15,F478-8477,7,2183.67,15285.69,2768.24,12517.45,6193.01,6324.44,2253.14
215,20231227,23,47,3,14,F515-0908,14,314.73,4406.22,756.55,3649.67,2218.85,1430.82,656.94
216,20251104,54,182,4,12,F971-8502,3,4.69,14.07,0.94,13.13,6.73,6.4,2.36
217,20220812,58,142,5,5,F641-4962,2,5.48,10.96,0.6,10.36,6.29,4.07,1.86
218,20241224,40,149,3,6,F675-9915,9,193.17,1738.53,245.13,1493.4,893.59,599.81,268.81
219,20220531,22,21,1,21,F790-9450,10,919.88,9198.8,83.71,9115.09,5949.93,3165.16,1640.72
220,20230402,17,8,8,29,F643-8939,13,543.89,7070.57,890.18,6180.39,3730.62,2449.77,1112.47
221,20230526,19,176,7,10,F465-1196,5,879.33,4396.65,466.92,3929.73,2518.71,1411.02,707.35
222,20241224,45,88,10,5,F321-5232,8,52.52,420.16,38.4,381.76,218.71,163.05,68.72
223,20221105,47,95,9,18,F109-5229,6,407.66,2445.96,524.9,1921.06,972.35,948.71,345.79
224,20221212,16,13,5,13,F885-6851,5,315.61,1578.05,156.07,1421.98,722.62,699.36,255.96
225,20241022,16,148,6,7,F782-2611,15,343.36,5150.4,180.78,4969.62,2710.86,2258.76,894.53
226,20230202,32,6,2,13,F518-7492,8,471.14,3769.12,413.47,3355.65,1817.78,1537.87,604.02
227,20220901,16,153,8,10,F550-0134,6,301.55,1809.3,19.36,1789.94,959.89,830.05,322.19
228,20241025,55,196,7,12,F047-6564,3,1.89,5.67,1.1,4.57,2.86,1.71,0.82
229,20220620,4,99,9,15,F783-9009,4,2148.31,8593.24,685.74,7907.5,4252.02,3655.48,1423.35
230,20231224,18,25,7,12,F814-5556,10,764.21,7642.1,1144.02,6498.08,3273.49,3224.59,1169.65
231,20221006,36,103,9,2,F047-0638,13,92.53,1202.89,38.13,1164.76,699.43,465.33,209.66
232,20220114,9,156,9,5,F336-5219,13,2302.01,29926.13,3118.3,26807.83,15317.93,11489.9,4825.41
233,20240821,11,87,9,27,F522-8722,10,141.07,1410.7,229.52,1181.18,637.66,543.52,212.61
234,20241116,32,85,2,14,F598-5041,5,449.22,2246.1,234.72,2011.38,972.16,1039.22,362.05
235,20250901,51,122,5,21,F802-9478,14,23.65,331.1,50.13,280.97,136.36,144.61,50.57
236,20241230,37,162,10,25,F862-6230,1,136.88,136.88,17.58,119.3,61.33,57.97,21.47
237,20230412,10,29,4,1,F452-5140,4,3261.96,13047.84,90.03,12957.81,8677.08,4280.73,2332.41
238,20231123,27,157,8,28,F869-1021,12,162.13,1945.56,87.36,1858.2,1078.43,779.77,334.48
239,20230519,46,123,9,13,F322-2838,4,270.14,1080.56,133.34,947.22,643.75,303.47,170.5
240,20230512,30,185,5,20,F496-3151,6,133.52,801.12,96.29,704.83,433.59,271.24,126.87
241,20241220,16,77,5,23,F213-8012,5,305.12,1525.6,75.52,1450.08,978.2,471.88,261.01
242,20231018,21,71,5,4,F588-8900,9,624.06,5616.54,1153.64,4462.9,2852.15,1610.75,803.32
243,20221106,25,38,5,2,F295-1295,7,1908.68,13360.76,2404.94,10955.82,7350.5,3605.32,1972.05
244,20230507,23,52,9,9,F956-9209,11,361.94,3981.34,224.55,3756.79,2163.22,1593.57,676.22
245,20221021,45,63,1,22,F927-8701,2,54.64,109.28,14.8,94.48,56.44,38.04,17.01
246,20250509,15,121,2,22,F790-2253,1,167.05,167.05,3.68,163.37,89.21,74.16,29.41
247,20251229,1,122,8,21,F205-4707,15,1303.92,19558.8,678.69,18880.11,11527.79,7352.32,3398.42
248,20241225,21,147,4,18,F757-0612,1,602.61,602.61,120.34,482.27,240.12,242.15,86.81
249,20240312,59,10,7,26,F508-3053,7,7.46,52.22,10.14,42.08,21.68,20.4,7.57
250,20240322,60,3,5,19,F618-1759,14,19.04,266.56,54.3,212.26,139.1,73.16,38.21
251,20250613,60,135,8,29,F962-2199,5,19.79,98.95,9.9,89.05,54.17,34.88,16.03
252,20251207,55,42,8,21,F264-3051,5,2.03,10.15,0.43,9.72,4.88,4.84,1.75
253,20240909,1,50,3,20,F877-6644,13,1255.53,16321.89,1059.29,15262.6,9384.67,5877.93,2747.27
254,20250726,53,48,3,16,F332-4065,6,4.67,28.02,0.54,27.48,16.87,10.61,4.95
255,20240611,1,85,5,19,F741-9387,4,1154.49,4617.96,453.95,4164.01,2221.08,1942.93,749.52
256,20251107,1,31,8,10,F164-6643,6,1154.66,6927.96,1055.82,5872.14,2891.59,2980.55,1056.99
257,20220610,44,177,2,21,F939-4834,15,114.89,1723.35,336.57,1386.78,879.17,507.61,249.62
258,20241212,24,117,10,12,F426-8999,4,442.03,1768.12,372.37,1395.75,803.44,592.31,251.23
259,20220513,59,196,4,22,F773-9762,9,6.91,62.19,10.97,51.22,33.04,18.18,9.22
260,20221008,56,20,10,4,F064-8973,9,5.88,52.92,5.2,47.72,29.62,18.1,8.59
261,20241111,58,134,8,4,F697-3366,10,5.7,57.0,6.73,50.27,25.78,24.49,9.05
262,20250614,46,15,8,5,F526-6807,2,292.76,585.52,115.82,469.7,267.3,202.4,84.55
263,20250710,30,186,1,13,F261-0050,9,125.89,1133.01,115.23,1017.78,652.79,364.99,183.2
264,20241012,48,17,9,2,F958-1131,2,136.64,273.28,2.73,270.55,148.51,122.04,48.7
265,20230312,60,197,7,12,F913-6267,5,18.15,90.75,8.17,82.58,52.34,30.24,14.86
266,20241214,29,170,9,5,F670-5698,15,50.36,755.4,62.7,692.7,343.61,349.09,124.69
267,20241103,8,58,1,25,F024-4889,9,2365.98,21293.82,1841.92,19451.9,9832.34,9619.56,3501.34
268,20220209,30,59,4,15,F355-2542,9,128.29,1154.61,107.73,1046.88,581.91,464.97,188.44
269,20241116,18,170,7,20,F785-0257,15,683.12,10246.8,1634.36,8612.44,4328.34,4284.1,1550.24
270,20231104,16,173,1,8,F759-0725,2,301.05,602.1,78.69,523.41,297.97,225.44,94.21
271,20230913,26,15,3,17,F297-3837,9,84.96,764.64,36.55,728.09,475.26,252.83,131.06
272,20230622,53,173,6,8,F310-2348,10,5.08,50.8,3.57,47.23,28.32,18.91,8.5
273,20251212,43,152,3,21,F696-7000,7,173.38,1213.66,80.22,1133.44,557.87,575.57,204.02
274,20230920,36,135,6,23,F427-6689,6,85.82,514.92,106.64,408.28,250.79,157.49,73.49
275,20231204,10,58,5,28,F725-2366,3,2978.21,8934.63,1483.15,7451.48,4282.39,3169.09,1341.27
276,20251219,52,143,9,5,F398-3979,1,10.07,10.07,1.25,8.82,5.94,2.88,1.59
277,20231101,17,95,2,18,F742-3121,11,502.1,5523.1,96.1,5427.0,3093.16,2333.84,976.86
278,20231024,4,19,4,26,F780-9627,11,2035.48,22390.28,2980.15,19410.13,9470.39,9939.74,3493.82
279,20221111,47,86,5,30,F016-3471,4,386.72,1546.88,163.2,1383.68,904.78,478.9,249.06
280,20220924,60,123,4,23,F619-3351,12,17.24,206.88,5.34,201.54,137.03,64.51,36.28
281,20230319,26,120,9,21,F368-5054,9,92.17,829.53,58.73,770.8,413.62,357.18,138.74
282,20250501,17,185,8,25,F860-5247,15,516.69,7750.35,847.89,6902.46,3449.31,3453.15,1242.44
283,20240508,59,57,3,1,F268-9066,6,6.58,39.48,3.6,35.88,21.26,14.62,6.46
284,20250424,60,85,4,13,F584-4027,12,18.51,222.12,20.41,201.71,102.97,98.74,36.31
285,20220618,32,126,8,15,F173-5771,11,437.15,4808.65,357.28,4451.37,2816.26,1635.11,801.25
286,20230430,11,139,1,17,F035-1218,9,134.67,1212.03,130.17,1081.86,717.68,364.18,194.73
287,20230218,53,162,4,3,F725-2475,13,4.87,63.31,0.09,63.22,32.08,31.14,11.38
288,20230722,1,171,10,30,F495-7994,8,1145.56,9164.48,752.4,8412.08,5077.25,3334.83,1514.17
289,20220828,2,185,5,18,F294-0281,9,748.07,6732.63,609.3,6123.33,2959.68,3163.65,1102.2
290,20251006,33,46,2,30,F099-8592,11,1679.07,18469.77,1749.09,16720.68,11168.45,5552.23,3009.72
291,20241204,10,69,7,3,F383-6653,10,2946.17,29461.7,3411.66,26050.04,16751.29,9298.75,4689.01
292,20241212,30,21,1,3,F416-6214,12,125.91,1510.92,75.09,1435.83,885.63,550.2,258.45
293,20220918,25,22,8,28,F445-5428,1,1800.85,1800.85,252.3,1548.55,960.98,587.57,278.74
294,20240315,37,59,4,29,F889-9287,2,155.88,311.76,61.39,250.37,166.2,84.17,45.07
295,20221120,31,140,10,22,F034-2939,15,276.9,4153.5,68.12,4085.38,2717.26,1368.12,735.37
296,20251227,60,193,7,30,F079-4904,1,19.36,19.36,4.09,15.27,9.12,6.15,2.75
297,20220417,11,139,6,13,F774-2293,10,145.41,1454.1,266.97,1187.13,662.22,524.91,213.68
298,20240229,51,89,1,4,F448-3804,12,24.0,288.0,4.98,283.02,178.05,104.97,50.94
299,20230918,54,102,6,1,F650-4479,10,4.64,46.4,7.85,38.55,25.87,12.68,6.94
300,20230805,51,97,7,6,F697-9599,8,24.02,192.16,9.65,182.51,107.79,74.72,32.85
301,20241228,43,183,2,3,F275-2527,13,169.09,2198.17,299.17,1899.0,1214.62,684.38,341.82
302,20250403,25,93,2,3,F006-5051,11,1850.82,20359.02,690.17,19668.85,10973.73,8695.12,3540.39
303,20220609,29,111,8,18,F569-8396,5,46.12,230.6,5.19,225.41,112.13,113.28,40.57
304,20251011,27,154,6,28,F395-0203,2,160.66,321.32,25.03,296.29,147.73,148.56,53.33
305,20241015,19,63,10,17,F174-6238,13,844.86,10983.18,204.29,10778.89,7116.52,3662.37,1940.2
306,20241222,11,43,7,9,F432-4912,5,134.64,673.2,39.72,633.48,322.56,310.92,114.03
307,20220225,31,161,8,20,F632-3204,6,302.9,1817.4,100.68,1716.72,908.69,808.03,309.01
308,20230716,30,159,7,26,F883-5400,5,115.87,579.35,0.87,578.48,323.45,255.03,104.13
309,20230602,29,153,3,10,F329-9884,14,45.91,642.74,116.46,526.28,321.14,205.14,94.73
310,20220628,45,82,5,24,F712-8045,6,53.93,323.58,12.65,310.93,174.01,136.92,55.97
311,20240131,37,101,6,4,F955-9239,6,150.93,905.58,74.89,830.69,534.38,296.31,149.52
312,20250121,13,7,8,23,F215-7184,9,97.09,873.81,34.6,839.21,531.66,307.55,151.06
313,20250713,52,105,8,5,F649-4962,12,9.76,117.12,1.78,115.34,74.92,40.42,20.76
314,20221231,16,19,8,20,F491-9540,3,303.65,910.95,143.38,767.57,489.57,278.0,138.16
315,20221130,26,140,1,26,F992-5891,15,86.4,1296.0,262.44,1033.56,639.09,394.47,186.04
316,20231202,45,28,4,22,F681-5817,9,60.9,548.1,71.58,476.52,315.88,160.64,85.77
317,20221029,11,166,7,25,F340-7053,1,147.51,147.51,18.28,129.23,78.7,50.53,23.26
318,20241219,7,143,10,23,F590-3622,5,2556.32,12781.6,623.74,12157.86,7651.8,4506.06,2188.41
319,20251203,29,129,3,12,F026-7910,8,46.24,369.92,62.85,307.07,183.54,123.53,55.27
320,20240507,7,187,3,12,F320-5621,15,2696.72,40450.8,8559.39,31891.41,16048.2,15843.21,5740.45
321,20220821,30,113,8,11,F069-4920,9,130.72,1176.48,124.94,1051.54,604.88,446.66,189.28
322,20231010,3,28,3,30,F759-3997,2,762.28,1524.56,7.62,1516.94,832.22,684.72,273.05
323,20240108,34,119,4,26,F415-3023,3,2091.3,6273.9,456.74,5817.16,3288.29,2528.87,1047.09
324,20231023,12,51,8,19,F440-6371,7,186.9,1308.3,113.82,1194.48,749.51,444.97,215.01
325,20251123,1,17,10,4,F819-8797,4,1248.76,4995.04,305.7,4689.34,2910.92,1778.42,844.08
326,20230621,12,126,9,21,F321-9781,4,178.07,712.28,71.73,640.55,341.07,299.48,115.3
327,20230213,25,118,10,6,F834-4874,10,1819.27,18192.7,456.64,17736.06,9761.87,7974.19,3192.49
328,20240826,59,62,5,4,F188-6117,2,7.09,14.18,2.1,12.08,6.56,5.52,2.17
329,20240919,45,99,7,6,F499-8805,7,53.34,373.38,34.35,339.03,172.08,166.95,61.03
330,20241017,45,126,5,5,F192-5155,15,61.14,917.1,201.76,715.34,422.75,292.59,128.76
331,20241124,54,125,3,7,F835-6291,1,4.97,4.97,0.95,4.02,2.69,1.33,0.72
332,20220715,36,182,8,16,F172-1355,8,85.97,687.76,61.9,625.86,361.96,263.9,112.65
333,20220806,37,58,9,10,F173-7493,13,131.9,1714.7,83.16,1631.54,793.81,837.73,293.68
334,20220423,37,147,2,9,F794-8899,13,149.93,1949.09,212.45,1736.64,1011.0,725.64,312.6
335,20221022,53,185,8,18,F224-6966,9,5.14,46.26,8.37,37.89,18.5,19.39,6.82
336,20231104,7,9,8,9,F357-1426,11,2913.84,32052.24,5298.24,26754.0,14434.9,12319.1,4815.72
337,20230405,29,189,10,23,F360-9999,2,50.33,100.66,17.17,83.49,44.03,39.46,15.03
338,20251228,41,53,1,19,F360-8721,10,94.33,943.3,28.86,914.44,476.72,437.72,164.6
339,20241214,18,75,10,9,F976-8429,3,735.12,2205.36,157.02,2048.34,1271.63,776.71,368.7
340,20231103,58,106,1,9,F888-2079,2,5.87,11.74,0.35,11.39,7.18,4.21,2.05
341,20230618,45,64,7,16,F146-9461,4,60.61,242.44,7.81,234.63,127.74,106.89,42.23
342,20241107,41,197,2,13,F528-4559,7,91.64,641.48,52.92,588.56,291.4,297.16,105.94
343,20251013,45,149,1,28,F793-1527,6,61.31,367.86,36.79,331.07,191.23,139.84,59.59
344,20231112,47,17,9,13,F224-7040,11,406.61,4472.71,653.46,3819.25,2106.87,1712.38,687.46
345,20230415,53,141,10,5,F580-7952,5,4.49,22.45,1.59,20.86,11.2,9.66,3.75
346,20251019,51,161,8,1,F128-2589,11,21.49,236.39,39.64,196.75,96.25,100.5,35.41
347,20251004,29,34,5,6,F896-4490,7,46.92,328.44,14.62,313.82,193.85,119.97,56.49
348,20231020,6,167,3,2,F406-5006,5,3468.49,17342.45,313.9,17028.55,10436.83,6591.72,3065.14
349,20220520,47,25,1,7,F489-1277,4,388.57,1554.28,146.72,1407.56,701.3,706.26,253.36
350,20240420,9,179,6,27,F124-6920,9,2255.15,20296.35,3036.33,17260.02,8316.87,8943.15,3106.8
351,20250619,45,27,2,11,F377-4903,2,53.25,106.5,5.37,101.13,50.35,50.78,18.2
352,20241119,9,174,3,3,F544-9229,14,2172.7,30417.8,5040.23,25377.57,12857.02,12520.55,4567.96
353,20241022,1,161,3,30,F422-7249,3,1228.71,3686.13,356.82,3329.31,2079.11,1250.2,599.28
354,20220312,56,151,7,12,F987-7036,15,5.32,79.8,1.76,78.04,49.2,28.84,14.05
355,20220428,21,142,10,20,F739-9955,4,658.4,2633.6,160.39,2473.21,1228.81,1244.4,445.18
356,20230730,19,78,4,17,F622-8349,12,900.05,10800.6,63.72,10736.88,6972.68,3764.2,1932.64
357,20241112,13,62,8,13,F116-3950,5,99.71,498.55,70.89,427.66,272.32,155.34,76.98
358,20230905,32,93,6,5,F397-9313,2,443.82,887.64,103.14,784.5,529.96,254.54,141.21
359,20241229,27,198,2,1,F602-1107,11,168.64,1855.04,70.49,1784.55,1024.69,759.86,321.22
360,20230928,1,102,9,10,F644-8210,1,1154.79,1154.79,234.42,920.37,616.4,303.97,165.67
361,20220222,50,138,10,5,F285-1370,12,84.61,1015.32,89.86,925.46,562.78,362.68,166.58
362,20240210,20,138,6,13,F601-1084,15,222.46,3336.9,149.16,3187.74,2045.29,1142.45,573.79
363,20220219,20,63,2,30,F445-1901,12,248.69,2984.28,626.1,2358.18,1244.48,1113.7,424.47
364,20220812,30,190,3,4,F013-2249,1,126.95,126.95,8.63,118.32,74.35,43.97,21.3
365,20221220,45,185,5,6,F381-2080,8,52.03,416.24,87.29,328.95,192.3,136.65,59.21
366,20240622,48,8,6,26,F440-4457,5,150.91,754.55,121.63,632.92,318.75,314.17,113.93
367,20231001,34,128,8,17,F369-0909,12,2048.08,24576.96,5271.76,19305.2,11689.43,7615.77,3474.94
368,20241227,32,27,10,22,F741-1890,3,460.71,1382.13,111.81,1270.32,674.57,595.75,228.66
369,20251130,15,63,1,16,F373-6275,1,170.0,170.0,1.65,168.35,109.86,58.49,30.3
370,20250523,59,183,7,8,F330-4068,15,6.52,97.8,20.67,77.13,37.57,39.56,13.88
371,20220405,27,96,2,17,F690-0863,6,185.39,1112.34,66.41,1045.93,518.34,527.59,188.27
372,20220629,12,18,8,28,F290-5091,9,173.49,1561.41,337.11,1224.3,821.28,403.02,220.37
373,20230616,21,145,5,24,F638-3975,8,580.65,4645.2,8.36,4636.84,2411.78,2225.06,834.63
374,20230206,30,188,9,25,F816-4017,8,121.6,972.8,213.53,759.27,482.27,277.0,136.67
375,20231214,10,163,1,11,F002-6165,7,2818.59,19730.13,104.57,19625.56,11545.89,8079.67,3532.6
376,20221103,55,61,7,16,F985-0982,5,2.11,10.55,0.24,10.31,6.04,4.27,1.86
377,20251026,10,134,7,23,F918-6103,2,3202.14,6404.28,62.12,6342.16,3337.84,3004.32,1141.59
378,20220905,30,164,7,3,F607-9304,2,134.89,269.78,34.48,235.3,136.73,98.57,42.35
379,20230809,4,81,7,23,F852-5346,3,2097.73,6293.19,327.88,5965.31,3174.73,2790.58,1073.76
380,20231123,21,200,10,4,F160-1732,4,621.07,2484.28,40.74,2443.54,1271.97,1171.57,439.84
381,20251208,11,198,4,15,F316-7592,6,142.51,855.06,76.44,778.62,457.19,321.43,140.15
382,20230116,17,181,10,2,F221-5371,2,562.68,1125.36,39.05,1086.31,670.48,415.83,195.54
383,20220403,10,13,5,9,F840-2849,4,2864.72,11458.88,2440.74,9018.14,5043.38,3974.76,1623.27
384,20221029,2,64,2,15,F105-2291,14,884.54,12383.56,1232.16,11151.4,7021.1,4130.3,2007.25
385,20231119,8,51,7,12,F703-1377,14,2292.4,32093.6,5513.68,26579.92,13940.04,12639.88,4784.39
386,20251203,38,17,4,29,F662-7266,15,67.6,1014.0,181.3,832.7,403.33,429.37,149.89
387,20221217,52,32,1,15,F052-2753,15,9.47,142.05,26.48,115.57,74.17,41.4,20.8
388,20251109,60,98,7,6,F363-3518,14,18.48,258.72,41.24,217.48,125.97,91.51,39.15
389,20240922,59,158,10,20,F252-4836,5,6.57,32.85,3.22,29.63,15.1,14.53,5.33
390,20250709,32,99,3,14,F205-8615,9,426.57,3839.13,404.64,3434.49,1708.81,1725.68,618.21
391,20240924,16,98,6,16,F558-7941,13,324.8,4222.4,505.0,3717.4,1798.87,1918.53,669.13
392,20240617,23,7,6,20,F225-0481,9,361.27,3251.43,230.2,3021.23,1613.6,1407.63,543.82
393,20221204,58,136,6,25,F599-3814,5,6.01,30.05,0.39,29.66,20.12,9.54,5.34
394,20220919,11,189,1,25,F971-3595,11,133.66,1470.26,78.07,1392.19,816.85,575.34,250.59
395,20250119,37,45,3,8,F607-5211,13,152.56,1983.28,169.57,1813.71,1209.82,603.89,326.47
396,20251216,52,180,6,19,F578-2329,6,10.56,63.36,12.74,50.62,24.58,26.04,9.11
397,20231013,37,127,9,10,F180-8036,14,155.14,2171.96,472.18,1699.78,1115.61,584.17,305.96
398,20240510,3,123,1,11,F940-3301,4,670.61,2682.44,355.16,2327.28,1126.37,1200.91,418.91
399,20230210,52,83,1,1,F152-9612,12,9.47,113.64,4.43,109.21,69.95,39.26,19.66
400,20221118,46,94,2,12,F722-6482,13,309.74,4026.62,98.25,3928.37,2299.11,1629.26,707.11
401,20250705,38,188,7,26,F655-7983,5,61.91,309.55,21.98,287.57,194.16,93.41,51.76
402,20240505,42,158,6,8,F682-9650,12,120.48,1445.76,308.09,1137.67,703.89,433.78,204.78
403,20240514,53,46,1,23,F972-9386,5,4.46,22.3,3.6,18.7,10.08,8.62,3.37
404,20231206,26,155,6,30,F829-3620,13,91.19,1185.47,251.68,933.79,454.27,479.52,168.08
405,20230711,41,20,4,12,F328-2751,15,96.64,1449.6,158.3,1291.3,705.35,585.95,232.43
406,20240111,41,187,6,15,F012-4346,2,102.02,204.04,36.89,167.15,102.63,64.52,30.09
407,20240711,14,185,1,2,F396-7180,2,202.01,404.02,31.15,372.87,237.67,135.2,67.12
408,20241025,47,97,6,18,F385-1662,3,370.07,1110.21,216.05,894.16,517.38,376.78,160.95
409,20251021,54,58,3,15,F076-0548,14,5.0,70.0,8.9,61.1,38.59,22.51,11.0
410,20251104,19,44,7,6,F750-1229,5,785.35,3926.75,822.26,3104.49,1536.23,1568.26,558.81
411,20241116,36,124,1,14,F966-2704,2,92.57,185.14,13.76,171.38,116.03,55.35,30.85
412,20250421,39,49,7,23,F568-8850,3,133.03,399.09,4.71,394.38,215.42,178.96,70.99
413,20220111,17,147,9,27,F503-2517,5,544.77,2723.85,142.46,2581.39,1264.69,1316.7,464.65
414,20230903,4,161,10,16,F205-1590,7,2070.01,14490.07,279.66,14210.41,9162.58,5047.83,2557.87
415,20240916,2,30,5,26,F408-7716,11,776.99,8546.89,548.71,7998.18,3970.19,4027.99,1439.67
416,20220514,32,48,6,29,F391-6053,5,463.43,2317.15,46.57,2270.58,1336.97,933.61,408.7
417,20250714,12,69,10,2,F155-1585,5,180.64,903.2,87.34,815.86,434.59,381.27,146.85
418,20250921,6,151,4,18,F063-6343,13,3476.55,45195.15,5382.74,39812.41,26839.18,12973.23,7166.23
419,20230927,53,147,4,16,F307-1294,9,4.75,42.75,6.46,36.29,24.22,12.07,6.53
420,20230510,26,133,10,22,F636-2416,12,91.98,1103.76,8.39,1095.37,650.92,444.45,197.17
421,20250923,8,55,4,5,F044-6937,8,2706.53,21652.24,822.79,20829.45,14098.9,6730.55,3749.3
422,20250910,6,38,10,9,F328-1098,7,3666.98,25668.86,1139.7,24529.16,15809.36,8719.8,4415.25
423,20231115,6,134,8,30,F895-0203,7,3309.97,23169.79,2815.13,20354.66,13257.5,7097.16,3663.84
424,20220622,51,107,3,5,F581-9633,10,22.88,228.8,26.31,202.49,114.19,88.3,36.45
425,20240313,38,26,5,28,F549-5634,2,69.62,139.24,28.34,110.9,65.71,45.19,19.96
426,20241212,57,122,1,6,F283-6603,7,2.37,16.59,2.39,14.2,8.44,5.76,2.56
427,20231015,10,85,4,2,F764-7786,11,3151.34,34664.74,5289.84,29374.9,14327.8,15047.1,5287.48
428,20230803,59,78,5,9,F864-8055,6,6.66,39.96,0.18,39.78,25.6,14.18,7.16
429,20220102,55,77,8,25,F846-5258,2,2.1,4.2,0.9,3.3,1.73,1.57,0.59
430,20240928,18,55,7,24,F497-8463,10,751.92,7519.2,1067.73,6451.47,3339.2,3112.27,1161.26
431,20251015,56,80,9,13,F139-8590,1,5.47,5.47,0.62,4.85,2.48,2.37,0.87
432,20220918,57,15,4,2,F468-0829,3,2.44,7.32,0.31,7.01,4.53,2.48,1.26
433,20231208,59,130,7,21,F946-2030,4,6.78,27.12,1.64,25.48,16.43,9.05,4.59
434,20250411,44,122,10,18,F359-5641,6,105.34,632.04,67.94,564.1,321.1,243.0,101.54
435,20230318,11,73,1,13,F051-2670,5,152.34,761.7,125.53,636.17,393.01,243.16,114.51
436,20240104,55,174,4,9,F668-6710,4,2.05,8.2,1.55,6.65,4.05,2.6,1.2
437,20221123,33,122,3,21,F178-9850,13,1456.74,18937.62,4029.93,14907.69,9189.7,5717.99,2683.38
438,20230826,52,183,5,14,F917-6169,5,9.26,46.3,6.19,40.11,26.82,13.29,7.22
439,20231002,55,134,10,13,F599-1677,5,1.97,9.85,0.47,9.38,5.07,4.31,1.69
440,20221007,1,144,10,20,F290-4891,11,1207.73,13285.03,2824.4,10460.63,6777.19,3683.44,1882.91
441,20220104,44,84,5,9,F672-4896,2,106.91,213.82,15.82,198.0,105.99,92.01,35.64
442,20241002,13,154,7,22,F328-2293,13,89.64,1165.32,61.65,1103.67,542.29,561.38,198.66
443,20250415,47,108,7,13,F755-0579,8,344.0,2752.0,603.79,2148.21,1142.6,1005.61,386.68
444,20240827,38,183,4,22,F548-7795,10,69.03,690.3,123.91,566.39,310.74,255.65,101.95
445,20240901,59,169,9,6,F301-1600,6,7.49,44.94,5.02,39.92,25.91,14.01,7.19
446,20220914,31,47,6,21,F092-3642,5,269.62,1348.1,215.02,1133.08,670.56,462.52,203.95
447,20241106,23,85,6,9,F600-4818,14,320.37,4485.18,303.2,4181.98,2666.51,1515.47,752.76
448,20230409,30,149,10,3,F484-3188,8,132.19,1057.52,12.48,1045.04,634.21,410.83,188.11
449,20241015,33,14,3,5,F206-5615,11,1484.71,16331.81,1371.87,14959.94,8073.45,6886.49,2692.79
450,20220901,27,81,3,25,F083-7989,15,187.56,2813.4,561.27,2252.13,1287.12,965.01,405.38
451,20241028,22,116,5,7,F780-2763,3,887.56,2662.68,183.72,2478.96,1218.66,1260.3,446.21
452,20221016,37,34,10,14,F649-7036,8,150.48,1203.84,207.9,995.94,633.37,362.57,179.27
453,20241007,26,52,6,1,F914-5280,8,84.81,678.48,57.2,621.28,302.9,318.38,111.83
454,20250819,49,188,4,8,F711-5642,4,274.82,1099.28,4.29,1094.99,526.5,568.49,197.1
455,20220729,20,17,1,10,F972-4765,7,224.58,1572.06,174.03,1398.03,756.65,641.38,251.65
456,20240909,30,176,3,11,F924-8032,10,129.48,1294.8,149.29,1145.51,649.2,496.31,206.19
457,20241214,23,104,1,8,F230-2150,3,351.62,1054.86,220.04,834.82,554.02,280.8,150.27
458,20240417,14,183,1,13,F898-4191,10,220.05,2200.5,244.26,1956.24,987.18,969.06,352.12
459,20230224,50,28,1,2,F707-1898,1,86.41,86.41,11.29,75.12,36.78,38.34,13.52
460,20240916,27,40,4,23,F703-0153,2,171.04,342.08,41.19,300.89,172.98,127.91,54.16
461,20220831,20,156,3,14,F851-1719,2,236.94,473.88,69.04,404.84,216.18,188.66,72.87
462,20250907,33,128,4,20,F205-4309,2,1652.61,3305.22,205.58,3099.64,1974.32,1125.32,557.94
463,20220818,54,42,1,18,F509-3403,4,5.04,20.16,1.59,18.57,10.44,8.13,3.34
464,20240901,45,23,2,27,F588-8096,6,61.28,367.68,18.97,348.71,168.27,180.44,62.77
465,20221227,10,26,5,21,F237-7484,13,3331.46,43308.98,4876.59,38432.39,24009.2,14423.19,6917.83
466,20240521,19,11,5,12,F821-5124,1,822.24,822.24,18.09,804.15,414.09,390.06,144.75
467,20250617,28,3,3,22,F663-2794,2,260.44,520.88,97.56,423.32,278.57,144.75,76.2
468,20250408,22,188,2,12,F835-5616,8,845.76,6766.08,1421.55,5344.53,2852.17,2492.36,962.02
469,20241007,12,99,8,26,F432-2733,7,169.98,1189.86,251.89,937.97,501.22,436.75,168.83
470,20240529,8,41,2,14,F934-9679,12,2345.67,28148.04,363.11,27784.93,18574.04,9210.89,5001.29
471,20240623,31,200,6,20,F030-2141,11,303.9,3342.9,322.26,3020.64,1819.22,1201.42,543.72
472,20230421,31,17,5,21,F322-0203,2,309.9,619.8,121.05,498.75,283.36,215.39,89.77
473,20240901,46,145,4,22,F895-5543,9,307.26,2765.34,467.07,2298.27,1368.23,930.04,413.69
474,20250212,34,187,4,16,F355-6306,12,2227.56,26730.72,3635.38,23095.34,13085.12,10010.22,4157.16
475,20231209,10,3,3,17,F870-7689,9,3271.41,29442.69,5779.6,23663.09,14258.97,9404.12,4259.36
476,20230418,55,62,6,9,F052-8306,3,2.03,6.09,0.1,5.99,3.46,2.53,1.08
477,20251217,15,118,8,26,F587-7342,7,164.54,1151.78,102.16,1049.62,553.15,496.47,188.93
478,20231015,6,191,1,4,F414-6756,8,3588.64,28709.12,1995.28,26713.84,18062.14,8651.7,4808.49
479,20251209,3,159,5,29,F521-9214,1,730.06,730.06,132.65,597.41,381.36,216.05,107.53
480,20220728,14,14,4,28,F466-5440,8,217.09,1736.72,363.15,1373.57,759.13,614.44,247.24
481,20251227,36,184,8,4,F100-3634,10,89.93,899.3,93.62,805.68,492.62,313.06,145.02
482,20231205,1,141,9,12,F719-1742,14,1171.6,16402.4,2286.49,14115.91,9033.94,5081.97,2540.86
483,20251108,3,185,7,4,F261-3210,8,773.32,6186.56,191.16,5995.4,3737.36,2258.04,1079.17
484,20230128,13,49,6,4,F776-6791,14,89.15,1248.1,107.84,1140.26,651.56,488.7,205.25
485,20241123,3,116,8,22,F604-8261,14,777.11,10879.54,1609.08,9270.46,4678.28,4592.18,1668.68
486,20231219,9,111,10,16,F947-8329,1,2399.82,2399.82,280.06,2119.76,1038.08,1081.68,381.56
487,20241203,50,33,2,13,F674-9840,3,92.26,276.78,42.13,234.65,120.78,113.87,42.24
488,20231221,39,156,4,9,F408-5618,9,132.88,1195.92,231.89,964.03,543.46,420.57,173.53
489,20231106,19,192,9,10,F864-8976,3,850.76,2552.28,77.59,2474.69,1486.06,988.63,445.44
490,20250825,56,52,4,20,F732-4761,12,5.41,64.92,13.36,51.56,31.27,20.29,9.28
491,20251206,44,46,9,18,F711-5282,11,111.71,1228.81,35.88,1192.93,742.1,450.83,214.73
492,20220111,46,171,7,22,F766-8748,6,268.99,1613.94,199.64,1414.3,843.72,570.58,254.57
493,20221206,19,7,7,5,F055-0928,7,914.93,6404.51,1138.72,5265.79,3078.1,2187.69,947.84
494,20220210,13,65,3,27,F064-4836,13,91.61,1190.93,42.16,1148.77,617.26,531.51,206.78
495,20241217,14,158,9,28,F230-9196,1,220.78,220.78,17.42,203.36,116.02,87.34,36.6
496,20230711,25,178,1,30,F391-6350,13,1701.8,22123.4,3878.23,18245.17,11297.88,6947.29,3284.13
497,20230323,27,4,5,7,F636-7260,11,186.63,2052.93,141.24,1911.69,1128.71,782.98,344.1
498,20241216,54,194,10,18,F757-9886,11,4.78,52.58,8.15,44.43,27.08,17.35,8.0
499,20220910,13,175,2,6,F986-2848,4,100.18,400.72,25.93,374.79,193.2,181.59,67.46
500,20240213,48,68,3,6,F599-4179,7,144.14,1008.98,8.98,1000.0,535.82,464.18,180.0
501,20240704,1,83,10,2,F793-4935,12,1169.31,14031.72,2893.34,11138.38,5435.4,5702.98,2004.91
502,20250708,32,82,9,8,F980-3013,9,455.41,4098.69,322.98,3775.71,2404.4,1371.31,679.63
503,20241221,34,104,2,12,F227-3496,9,2049.77,18447.93,647.52,17800.41,10477.61,7322.8,3204.07
504,20250723,43,159,9,16,F575-0145,6,167.62,1005.72,64.97,940.75,630.36,310.39,169.33
505,20220531,8,160,4,2,F699-5259,8,2582.68,20661.44,1092.99,19568.45,11906.48,7661.97,3522.32
506,20240907,25,73,1,30,F530-6144,2,1915.03,3830.06,325.17,3504.89,2061.04,1443.85,630.88
507,20240503,33,167,4,11,F527-1350,8,1676.17,13409.36,1436.14,11973.22,6457.0,5516.22,2155.18
508,20231111,7,17,4,22,F645-3493,13,2633.62,34237.06,4053.67,30183.39,14532.28,15651.11,5433.01
509,20230820,56,180,7,21,F837-1182,14,5.78,80.92,1.85,79.07,46.46,32.61,14.23
510,20230920,48,23,2,2,F183-4128,1,148.5,148.5,15.0,133.5,72.94,60.56,24.03
511,20250904,36,100,8,21,F415-7095,14,79.39,1111.46,55.68,1055.78,561.39,494.39,190.04
512,20230126,21,185,10,3,F775-9595,11,572.98,6302.78,163.87,6138.91,2953.92,3184.99,1105.0
513,20220829,3,75,5,20,F089-4613,2,748.36,1496.72,117.79,1378.93,800.56,578.37,248.21
514,20241105,49,122,3,18,F226-2235,7,279.1,1953.7,169.78,1783.92,1092.02,691.9,321.11
515,20231014,48,163,3,10,F694-6114,13,141.02,1833.26,342.64,1490.62,803.44,687.18,268.31
516,20231105,1,147,10,13,F551-8971,9,1216.65,10949.85,340.54,10609.31,5181.11,5428.2,1909.68
517,20250907,6,55,7,29,F662-8398,12,3260.36,39124.32,6381.18,32743.14,20470.6,12272.54,5893.77
518,20251205,10,30,3,22,F819-9295,4,2902.65,11610.6,1575.56,10035.04,5324.07,4710.97,1806.31
519,20220916,55,119,9,3,F298-1104,13,1.87,24.31,4.99,19.32,13.12,6.2,3.48
520,20230611,17,92,3,22,F672-3843,12,492.29,5907.48,754.39,5153.09,3454.16,1698.93,927.56
521,20240601,7,116,6,20,F676-5009,2,2691.64,5383.28,1065.89,4317.39,2346.75,1970.64,777.13
522,20231231,45,110,3,1,F321-4034,10,57.78,577.8,72.05,505.75,324.46,181.29,91.03
523,20251113,51,93,3,22,F751-5433,12,21.01,252.12,35.55,216.57,115.94,100.63,38.98
524,20250908,57,142,2,6,F662-9939,8,2.4,19.2,1.51,17.69,9.57,8.12,3.18
525,20231029,6,51,5,24,F908-1253,14,3579.84,50117.76,9111.41,41006.35,26992.82,14013.53,7381.14
526,20220323,47,149,10,13,F788-9668,1,347.31,347.31,64.91,282.4,171.23,111.17,50.83
527,20220608,14,139,8,21,F794-2436,9,226.46,2038.14,116.79,1921.35,1265.78,655.57,345.84
528,20221228,24,75,3,15,F514-8363,15,425.08,6376.2,1083.32,5292.88,3316.76,1976.12,952.72
529,20240110,6,158,3,25,F527-2300,9,3315.14,29836.26,68.62,29767.64,15710.65,14056.99,5358.18
530,20251022,29,38,8,12,F042-3586,10,44.45,444.5,92.77,351.73,215.22,136.51,63.31
531,20240714,49,172,4,17,F930-5919,2,259.02,518.04,30.15,487.89,257.02,230.87,87.82
532,20240212,25,167,6,4,F721-8543,8,1774.75,14198.0,2752.99,11445.01,5584.95,5860.06,2060.1
533,20241204,41,146,3,13,F670-6202,14,101.08,1415.12,230.95,1184.17,705.44,478.73,213.15
534,20241213,24,97,4,17,F416-5782,15,439.98,6599.7,1213.02,5386.68,3142.23,2244.45,969.6
535,20220921,53,2,9,29,F143-7208,8,5.03,40.24,7.02,33.22,21.84,11.38,5.98
536,20230709,11,48,3,12,F617-1939,9,136.95,1232.55,174.53,1058.02,552.61,505.41,190.44
537,20251010,43,173,8,16,F216-9680,13,164.53,2138.89,155.28,1983.61,997.1,986.51,357.05
538,20240620,11,147,10,6,F138-8400,7,147.52,1032.64,5.06,1027.58,502.11,525.47,184.96
539,20230308,3,47,9,13,F614-9235,3,772.55,2317.65,28.51,2289.14,1217.03,1072.11,412.05
540,20240902,41,22,4,15,F622-7724,12,87.43,1049.16,168.08,881.08,567.65,313.43,158.59
541,20231019,56,150,3,20,F676-8370,4,5.58,22.32,4.08,18.24,10.95,7.29,3.28
542,20220311,17,152,2,8,F388-6316,11,498.77,5486.47,413.68,5072.79,2895.01,2177.78,913.1
543,20240809,9,176,7,27,F154-9921,4,2065.55,8262.2,950.15,7312.05,4839.61,2472.44,1316.17
544,20230922,7,137,9,25,F121-1527,15,2638.56,39578.4,5351.0,34227.4,16696.38,17531.02,6160.93
545,20241217,31,199,7,17,F431-6069,15,296.64,4449.6,590.91,3858.69,2490.8,1367.89,694.56
546,20230311,56,124,7,12,F604-9440,9,5.15,46.35,4.38,41.97,28.02,13.95,7.55
547,20250519,7,22,5,20,F898-8909,5,2760.81,13804.05,1449.43,12354.62,6504.74,5849.88,2223.83
548,20250404,27,148,9,4,F533-0118,1,165.37,165.37,25.8,139.57,89.03,50.54,25.12
549,20220216,25,28,3,14,F668-9591,12,1832.86,21994.32,3890.8,18103.52,10170.0,7933.52,3258.63
550,20241215,17,71,7,25,F209-6771,9,507.51,4567.59,425.7,4141.89,2291.0,1850.89,745.54
551,20251025,36,124,5,10,F592-5642,8,90.18,721.44,28.35,693.09,410.18,282.91,124.76
552,20240112,50,31,4,15,F802-2651,12,88.99,1067.88,32.46,1035.42,675.89,359.53,186.38
553,20220925,7,158,1,6,F399-0087,7,2656.81,18597.67,3215.54,15382.13,9847.19,5534.94,2768.78
554,20240919,52,23,2,9,F228-6076,3,9.4,28.2,2.93,25.27,15.16,10.11,4.55
555,20251030,6,158,9,10,F729-9789,12,3441.39,41296.68,3493.7,37802.98,25588.44,12214.54,6804.54
556,20220718,4,3,4,28,F673-8490,14,2288.66,32041.24,1236.79,30804.45,17831.89,12972.56,5544.8
557,20231105,19,60,10,6,F691-0591,13,811.75,10552.75,1391.91,9160.84,5342.26,3818.58,1648.95
558,20240320,24,71,7,12,F686-6475,1,413.38,413.38,88.71,324.67,161.48,163.19,58.44
559,20220813,26,24,9,10,F744-9161,9,87.19,784.71,2.67,782.04,485.43,296.61,140.77
560,20220710,59,156,4,15,F953-6619,6,7.05,42.3,8.96,33.34,17.85,15.49,6.0
561,20240614,37,19,9,10,F349-1918,3,131.24,393.72,35.28,358.44,179.68,178.76,64.52
562,20250917,52,148,5,23,F454-6179,5,10.16,50.8,9.79,41.01,26.35,14.66,7.38
563,20230421,37,118,8,29,F601-0449,4,143.37,573.48,95.54,477.94,321.29,156.65,86.03
564,20220426,31,57,4,26,F324-6758,2,269.03,538.06,45.3,492.76,314.25,178.51,88.7
565,20230925,23,74,2,13,F690-5604,1,337.76,337.76,52.08,285.68,152.17,133.51,51.42
566,20231230,5,147,5,6,F970-3116,3,973.3,2919.9,306.01,2613.89,1439.49,1174.4,470.5
567,20230515,32,53,4,7,F855-4092,4,451.38,1805.52,292.13,1513.39,990.59,522.8,272.41
568,20241007,54,21,8,20,F007-8872,3,5.12,15.36,2.63,12.73,6.42,6.31,2.29
569,20250628,3,148,5,16,F188-8375,6,767.1,4602.6,628.25,3974.35,2299.03,1675.32,715.38
570,20251102,18,109,8,18,F034-8233,13,709.78,9227.14,1170.92,8056.22,3954.23,4101.99,1450.12
571,20241117,23,31,9,15,F324-0138,11,330.48,3635.28,620.54,3014.74,1722.74,1292.0,542.65
572,20230423,1,157,5,6,F562-4307,7,1242.25,8695.75,1111.32,7584.43,4134.18,3450.25,1365.2
573,20230614,16,109,4,14,F718-6100,10,304.59,3045.9,229.97,2815.93,1455.22,1360.71,506.87
574,20221108,24,148,4,27,F103-4423,5,460.33,2301.65,228.32,2073.33,1232.14,841.19,373.2
575,20231107,52,190,3,16,F826-0160,7,9.66,67.62,12.74,54.88,28.49,26.39,9.88
576,20220315,12,133,9,24,F324-7973,3,179.86,539.58,118.17,421.41,273.87,147.54,75.85
577,20230903,20,177,3,2,F221-4167,14,229.74,3216.36,401.72,2814.64,1575.3,1239.34,506.64
578,20231111,31,93,6,18,F571-4223,2,305.76,611.52,60.54,550.98,301.35,249.63,99.18
579,20230927,23,156,4,19,F590-8822,2,308.3,616.6,47.6,569.0,350.46,218.54,102.42
580,20230905,12,125,8,29,F081-6244,5,197.79,988.95,77.24,911.71,560.37,351.34,164.11
581,20250805,40,164,6,14,F647-9366,11,184.81,2032.91,427.93,1604.98,1049.1,555.88,288.9
582,20250618,26,81,6,21,F299-4383,2,91.16,182.32,3.17,179.15,98.3,80.85,32.25
583,20251201,39,93,10,17,F989-7378,5,127.66,638.3,124.66,513.64,326.78,186.86,92.46
584,20240902,27,170,5,24,F718-1312,14,162.61,2276.54,11.61,2264.93,1416.84,848.09,407.69
585,20250326,14,122,9,2,F027-6505,2,198.93,397.86,8.36,389.5,259.94,129.56,70.11
586,20231012,34,22,7,10,F235-4054,2,2322.1,4644.2,106.35,4537.85,2739.14,1798.71,816.81
587,20240416,48,44,1,2,F680-5847,11,138.32,1521.52,42.3,1479.22,865.86,613.36,266.26
588,20241206,56,139,5,18,F456-2214,14,6.01,84.14,8.82,75.32,50.84,24.48,13.56
589,20221209,45,163,10,14,F537-8746,10,57.33,573.3,75.39,497.91,301.84,196.07,89.62
590,20250728,20,114,5,12,F423-4257,8,257.59,2060.72,244.61,1816.11,1164.02,652.09,326.9
591,20231009,10,35,6,10,F481-8768,1,2980.21,2980.21,343.02,2637.19,1665.8,971.39,474.69
592,20241123,1,3,7,26,F300-9782,8,1245.15,9961.2,2074.92,7886.28,4537.87,3348.41,1419.53
593,20240226,15,144,7,13,F256-2676,9,171.61,1544.49,126.96,1417.53,797.14,620.39,255.16
594,20240405,46,21,7,21,F246-8465,7,300.59,2104.13,383.58,1720.55,901.77,818.78,309.7
595,20241112,49,73,9,26,F276-6766,10,273.3,2733.0,485.65,2247.35,1386.45,860.9,404.52
596,20250329,13,117,10,15,F279-8061,3,101.48,304.44,9.16,295.28,148.25,147.03,53.15
597,20220612,13,48,2,10,F276-2049,3,92.52,277.56,3.03,274.53,161.15,113.38,49.42
598,20250326,46,127,4,11,F431-5105,1,285.4,285.4,14.61,270.79,138.14,132.65,48.74
599,20230404,51,85,2,27,F769-2394,6,23.26,139.56,14.24,125.32,79.99,45.33,22.56
600,20220630,4,50,5,27,F391-0207,7,2034.75,14243.25,223.62,14019.63,8047.68,5971.95,2523.53
601,20230714,8,114,4,24,F035-3264,12,2717.73,32612.76,1787.18,30825.58,19550.97,11274.61,5548.6
602,20230303,30,122,7,22,F985-5114,2,129.65,259.3,29.74,229.56,155.28,74.28,41.32
603,20240513,60,141,9,4,F260-7885,11,17.67,194.37,31.14,163.23,102.66,60.57,29.38
604,20230909,41,56,2,8,F649-7114,6,92.15,552.9,107.98,444.92,290.41,154.51,80.09
605,20220615,21,63,1,2,F596-7787,13,572.78,7446.14,451.98,6994.16,3524.57,3469.59,1258.95
606,20230718,45,128,2,22,F634-5545,6,57.9,347.4,58.92,288.48,152.82,135.66,51.93
607,20231009,60,166,3,23,F550-1760,13,19.75,256.75,35.3,221.45,108.94,112.51,39.86
608,20220611,9,194,6,26,F914-7188,6,2213.78,13282.68,2869.06,10413.62,6640.89,3772.73,1874.45
609,20250722,47,65,1,16,F724-7169,12,355.08,4260.96,354.09,3906.87,2441.32,1465.55,703.24
610,20230201,36,140,6,11,F750-7675,12,82.78,993.36,107.08,886.28,525.87,360.41,159.53
611,20220420,18,18,9,5,F461-4845,10,769.6,7696.0,1548.44,6147.56,3632.62,2514.94,1106.56
612,20251230,53,130,7,24,F190-0307,6,4.53,27.18,2.72,24.46,15.54,8.92,4.4
613,20251113,40,17,9,27,F397-3111,13,204.11,2653.43,361.93,2291.5,1246.89,1044.61,412.47
614,20220213,34,83,7,21,F330-1810,13,2290.14,29771.82,3611.32,26160.5,15764.52,10395.98,4708.89
615,20240326,7,46,1,7,F110-7953,2,2808.97,5617.94,53.93,5564.01,3714.31,1849.7,1001.52
616,20230130,13,126,9,20,F719-9672,10,88.78,887.8,125.36,762.44,425.23,337.21,137.24
617,20221114,17,54,8,30,F912-1311,4,487.7,1950.8,260.04,1690.76,835.53,855.23,304.34
618,20231218,30,107,6,26,F726-0956,1,131.09,131.09,10.41,120.68,75.87,44.81,21.72
619,20240721,53,78,2,7,F984-8512,9,4.83,43.47,0.39,43.08,21.28,21.8,7.75
620,20230702,7,135,4,19,F641-2932,4,2601.01,10404.04,1217.27,9186.77,4757.76,4429.01,1653.62
621,20220322,36,148,6,22,F470-6998,7,89.66,627.62,102.99,524.63,332.23,192.4,94.43
622,20231207,57,87,3,18,F615-7259,13,2.24,29.12,1.16,27.96,15.67,12.29,5.03
623,20220903,60,96,7,25,F649-7055,6,17.76,106.56,12.89,93.67,63.64,30.03,16.86
624,20250602,53,97,9,30,F763-4163,10,4.92,49.2,2.61,46.59,27.45,19.14,8.39
625,20240621,24,9,5,20,F017-8481,8,468.52,3748.16,791.61,2956.55,1419.26,1537.29,532.18
626,20240131,9,55,6,1,F791-4522,5,2411.38,12056.9,16.88,12040.02,8149.64,3890.38,2167.2
627,20220902,59,25,1,15,F365-2558,9,7.01,63.09,7.92,55.17,32.79,22.38,9.93
628,20250512,9,77,2,19,F410-9324,15,2126.69,31900.35,4086.43,27813.92,14646.78,13167.14,5006.51
629,20240303,59,45,8,27,F921-9441,2,6.6,13.2,2.1,11.1,7.09,4.01,2.0
630,20230801,53,148,7,3,F799-0917,10,5.07,50.7,7.16,43.54,21.22,22.32,7.84
631,20240821,59,31,4,24,F669-9869,6,7.28,43.68,8.46,35.22,19.96,15.26,6.34
632,20250624,60,135,1,11,F553-9256,13,16.67,216.71,30.14,186.57,91.57,95.0,33.58
633,20240812,10,188,7,15,F771-9751,12,2992.86,35914.32,1745.44,34168.88,16746.3,17422.58,6150.4
634,20230201,37,38,3,11,F085-7797,4,143.9,575.6,54.68,520.92,331.97,188.95,93.77
635,20230916,37,129,7,25,F715-2137,9,150.0,1350.0,118.53,1231.47,612.06,619.41,221.66
636,20231109,49,147,4,18,F631-8590,9,242.89,2186.01,95.31,2090.7,1168.83,921.87,376.33
637,20250402,16,148,2,4,F688-6777,5,303.07,1515.35,258.97,1256.38,684.33,572.05,226.15
638,20230516,28,7,5,6,F359-7246,4,244.0,976.0,68.91,907.09,543.14,363.95,163.28
639,20230704,40,176,6,5,F776-1406,1,180.05,180.05,36.6,143.45,75.55,67.9,25.82
640,20241114,8,74,1,11,F711-1824,4,2613.89,10455.56,2183.12,8272.44,5504.03,2768.41,1489.04
641,20220423,20,55,4,18,F536-4238,1,238.17,238.17,17.39,220.78,138.65,82.13,39.74
642,20231231,36,172,1,13,F597-8632,12,85.63,1027.56,224.32,803.24,497.22,306.02,144.58
643,20250128,3,159,5,2,F477-0137,1,691.65,691.65,43.23,648.42,413.59,234.83,116.72
644,20251213,5,93,2,1,F300-6333,5,945.12,4725.6,689.47,4036.13,2674.23,1361.9,726.5
645,20241215,15,81,8,28,F612-8710,9,176.87,1591.83,342.08,1249.75,624.78,624.97,224.95
646,20220903,6,183,1,2,F254-8674,9,3190.01,28710.09,6106.64,22603.45,13384.35,9219.1,4068.62
647,20220628,20,176,6,12,F641-4954,7,233.24,1632.68,267.43,1365.25,660.34,704.91,245.75
648,20240416,16,66,7,29,F835-0483,9,345.23,3107.07,188.6,2918.47,1437.06,1481.41,525.32
649,20230411,36,169,3,3,F748-6263,4,92.68,370.72,12.38,358.34,236.3,122.04,64.5
650,20240525,34,107,4,19,F157-6988,10,2398.55,23985.5,4605.22,19380.28,11963.54,7416.74,3488.45
651,20230928,20,168,3,19,F555-3315,6,257.63,1545.78,152.72,1393.06,705.38,687.68,250.75
652,20221128,56,35,7,30,F789-2379,12,5.24,62.88,9.75,53.13,31.07,22.06,9.56
653,20220517,42,137,2,6,F326-2385,15,133.98,2009.7,69.94,1939.76,957.39,982.37,349.16
654,20250304,47,106,5,15,F764-4486,6,344.27,2065.62,399.9,1665.72,937.48,728.24,299.83
655,20250709,10,157,10,9,F621-9291,2,3238.82,6477.64,187.2,6290.44,3052.37,3238.07,1132.28
656,20230807,40,21,8,5,F515-9908,4,182.93,731.72,37.17,694.55,337.01,357.54,125.02
657,20230201,31,122,3,6,F198-3708,6,299.31,1795.86,72.73,1723.13,960.63,762.5,310.16
658,20221119,3,57,4,25,F210-1084,1,711.15,711.15,144.79,566.36,379.48,186.88,101.94
659,20221106,12,84,8,29,F253-7006,8,196.11,1568.88,299.34,1269.54,733.78,535.76,228.52
660,20240218,26,81,7,20,F962-9371,10,90.06,900.6,145.72,754.88,419.77,335.11,135.88
661,20220817,39,134,2,15,F468-0695,11,125.28,1378.08,265.56,1112.52,709.1,403.42,200.25
662,20251120,57,11,9,13,F529-0808,9,2.62,23.58,2.79,20.79,14.07,6.72,3.74
663,20251119,13,74,8,6,F433-4824,7,92.02,644.14,125.35,518.79,329.29,189.5,93.38
664,20250702,40,166,8,3,F740-8203,12,206.21,2474.52,281.35,2193.17,1115.11,1078.06,394.77
665,20250627,8,35,7,14,F332-7388,10,2366.55,23665.5,4882.19,18783.31,11631.05,7152.26,3381.0
666,20241006,2,117,2,9,F332-2687,10,772.94,7729.4,1525.01,6204.39,4089.68,2114.71,1116.79
667,20220811,46,93,2,17,F725-6293,2,300.39,600.78,15.08,585.7,333.78,251.92,105.43
668,20250909,47,141,7,2,F787-2800,9,394.63,3551.67,478.41,3073.26,1573.45,1499.81,553.19
669,20220905,59,38,3,25,F730-0841,14,6.75,94.5,13.71,80.79,41.2,39.59,14.54
670,20220407,27,161,3,4,F921-2156,12,166.89,2002.68,338.65,1664.03,947.25,716.78,299.53
671,20240628,13,128,9,26,F006-9962,13,87.18,1133.34,63.13,1070.21,611.87,458.34,192.64
672,20240805,57,105,8,3,F616-9833,4,2.41,9.64,1.25,8.39,4.83,3.56,1.51
673,20240116,1,54,1,6,F152-0903,9,1151.08,10359.72,634.01,9725.71,5891.13,3834.58,1750.63
674,20240329,42,155,5,11,F943-1437,3,121.17,363.51,68.27,295.24,181.1,114.14,53.14
675,20231120,4,170,10,19,F807-9211,3,1975.83,5927.49,210.43,5717.06,3069.35,2647.71,1029.07
676,20251009,12,24,5,11,F378-6209,12,197.37,2368.44,301.74,2066.7,1377.03,689.67,372.01
677,20231107,53,121,3,4,F712-4497,7,4.37,30.59,5.67,24.92,12.29,12.63,4.49
678,20221204,22,15,2,19,F748-8667,9,871.67,7845.03,362.44,7482.59,3904.49,3578.1,1346.87
679,20230210,6,181,5,14,F624-5186,12,3366.82,40401.84,5377.48,35024.36,22332.83,12691.53,6304.38
680,20231011,17,145,8,17,F747-8155,10,532.15,5321.5,414.01,4907.49,2482.91,2424.58,883.35
681,20250122,32,50,1,4,F025-7617,15,456.79,6851.85,918.83,5933.02,3688.66,2244.36,1067.94
682,20241130,41,107,7,2,F342-5729,12,100.53,1206.36,225.11,981.25,627.91,353.34,176.62
683,20250328,36,73,5,26,F070-5043,4,90.52,362.08,0.91,361.17,187.89,173.28,65.01
684,20220328,20,86,6,13,F742-9322,6,240.57,1443.42,243.5,1199.92,603.28,596.64,215.99
685,20230130,40,87,8,30,F486-0583,14,207.6,2906.4,112.19,2794.21,1525.93,1268.28,502.96
686,20220404,42,138,6,15,F803-6783,3,116.5,349.5,48.23,301.27,198.36,102.91,54.23
687,20251004,60,174,6,18,F549-0307,14,19.02,266.28,30.52,235.76,139.8,95.96,42.44
688,20250120,14,91,2,5,F288-0511,6,214.22,1285.32,226.09,1059.23,696.56,362.67,190.66
689,20240805,22,156,7,6,F610-1915,11,941.45,10355.95,1216.82,9139.13,4690.15,4448.98,1645.04
690,20241102,56,9,5,14,F089-8144,5,5.88,29.4,4.56,24.84,13.49,11.35,4.47
691,20250131,57,135,5,6,F115-6132,8,2.3,18.4,3.36,15.04,8.13,6.91,2.71
692,20231020,51,7,8,29,F513-2525,4,20.3,81.2,16.31,64.89,36.91,27.98,11.68
693,20230122,13,199,6,5,F788-1610,8,92.84,742.72,119.65,623.07,364.32,258.75,112.15
694,20241129,53,186,1,15,F397-8559,9,5.13,46.17,6.87,39.3,19.91,19.39,7.07
695,20240320,8,23,6,15,F911-0756,15,2288.94,34334.1,333.04,34001.06,22087.93,11913.13,6120.19
696,20221209,7,195,5,21,F914-3439,11,2807.68,30884.48,5065.05,25819.43,12509.41,13310.02,4647.5
697,20231112,21,113,2,9,F153-2581,5,593.25,2966.25,180.64,2785.61,1514.9,1270.71,501.41
698,20240607,18,139,6,18,F327-4441,10,673.69,6736.9,829.31,5907.59,2956.6,2950.99,1063.37
699,20250601,10,19,5,20,F914-5550,13,3328.1,43265.3,2695.43,40569.87,21460.04,19109.83,7302.58
700,20220308,35,13,2,13,F056-1411,3,381.21,1143.63,7.32,1136.31,750.71,385.6,204.54
701,20220714,28,177,8,20,F365-5120,12,245.18,2942.16,385.72,2556.44,1530.16,1026.28,460.16
702,20250605,22,21,8,19,F135-1523,12,916.05,10992.6,1833.57,9159.03,5878.81,3280.22,1648.63
703,20250809,53,176,8,16,F238-3667,12,4.98,59.76,6.16,53.6,30.61,22.99,9.65
704,20220203,10,47,6,26,F882-5321,10,3283.41,32834.1,1864.98,30969.12,17116.32,13852.8,5574.44
705,20231125,30,119,3,10,F787-5712,2,124.21,248.42,25.98,222.44,122.41,100.03,40.04
706,20241117,39,28,6,18,F666-1163,9,126.12,1135.08,25.65,1109.43,713.93,395.5,199.7
707,20250428,51,159,4,18,F163-7904,8,21.33,170.64,15.05,155.59,87.55,68.04,28.01
708,20240515,25,112,10,26,F351-8922,4,1647.88,6591.52,1180.54,5410.98,3236.82,2174.16,973.98
709,20221028,45,183,10,27,F499-1874,11,54.29,597.19,87.97,509.22,319.73,189.49,91.66
710,20250424,38,46,5,13,F072-9802,6,67.71,406.26,49.6,356.66,229.83,126.83,64.2
711,20240525,7,127,1,3,F223-2277,10,2888.96,28889.6,4902.57,23987.03,13331.56,10655.47,4317.67
712,20241225,57,38,3,15,F545-4776,13,2.45,31.85,4.46,27.39,13.15,14.24,4.93
713,20230421,25,82,5,19,F814-4990,8,1820.61,14564.88,626.29,13938.59,8590.4,5348.19,2508.95
714,20230124,59,23,10,1,F627-8363,7,7.49,52.43,8.28,44.15,29.27,14.88,7.95
715,20221210,26,141,1,1,F721-9176,14,91.14,1275.96,82.55,1193.41,660.96,532.45,214.81
716,20221206,53,61,7,23,F605-6460,2,5.13,10.26,1.94,8.32,5.43,2.89,1.5
717,20231102,41,55,3,16,F143-3084,7,92.47,647.29,57.8,589.49,334.26,255.23,106.11
718,20231205,36,74,3,5,F012-1176,15,84.14,1262.1,100.08,1162.02,654.74,507.28,209.16
719,20251018,42,35,2,5,F658-6814,12,113.86,1366.32,266.02,1100.3,672.93,427.37,198.05
720,20230915,56,160,3,15,F522-6949,13,5.55,72.15,11.04,61.11,40.7,20.41,11.0
721,20240117,36,155,1,19,F511-3879,7,90.73,635.11,49.67,585.44,302.77,282.67,105.38
722,20231121,46,9,1,19,F495-6039,7,288.62,2020.34,411.75,1608.59,957.55,651.04,289.55
723,20240618,8,135,5,15,F530-1282,12,2543.5,30522.0,537.19,29984.81,18771.6,11213.21,5397.27
724,20220301,34,170,2,22,F649-8835,2,2370.93,4741.86,256.06,4485.8,2718.99,1766.81,807.44
725,20230313,52,200,1,16,F465-8400,10,10.27,102.7,1.19,101.51,55.7,45.81,18.27
726,20240828,58,76,5,6,F037-9792,12,5.66,67.92,4.95,62.97,34.67,28.3,11.33
727,20241126,48,122,10,6,F587-0846,13,138.82,1804.66,223.78,1580.88,778.24,802.64,284.56
728,20230909,43,125,2,5,F518-1260,13,187.66,2439.58,395.7,2043.88,992.22,1051.66,367.9
729,20221208,55,66,1,24,F115-9894,5,2.13,10.65,0.31,10.34,5.54,4.8,1.86
730,20230404,12,45,5,26,F718-3870,12,195.56,2346.72,77.91,2268.81,1291.7,977.11,408.39
731,20231109,32,22,3,20,F957-2526,9,408.92,3680.28,697.78,2982.5,1636.11,1346.39,536.85
732,20230608,54,113,3,7,F592-5654,7,5.01,35.07,5.94,29.13,15.37,13.76,5.24
733,20240912,4,119,7,16,F309-7804,13,2175.22,28277.86,5098.5,23179.36,11369.58,11809.78,4172.28
734,20230131,48,181,7,16,F269-2379,15,155.14,2327.1,272.74,2054.36,1142.14,912.22,369.78
735,20220207,34,98,6,17,F700-0673,1,2363.25,2363.25,150.07,2213.18,1415.24,797.94,398.37
736,20250916,7,157,5,11,F277-4376,11,3003.4,33037.4,2570.31,30467.09,19768.51,10698.58,5484.08
737,20251218,52,173,4,24,F689-9646,11,9.42,103.62,13.32,90.3,51.67,38.63,16.25
738,20230326,50,81,9,1,F689-0139,6,81.27,487.62,72.7,414.92,281.58,133.34,74.69
739,20241127,54,115,6,8,F743-4642,7,4.64,32.48,0.7,31.78,15.91,15.87,5.72
740,20241224,17,153,4,20,F654-1996,1,501.14,501.14,68.31,432.83,212.68,220.15,77.91
741,20221130,46,169,10,26,F991-3028,2,311.8,623.6,117.49,506.11,256.08,250.03,91.1
742,20250222,58,20,8,30,F284-6996,3,5.3,15.9,0.89,15.01,8.61,6.4,2.7
743,20241230,45,200,2,9,F796-1023,13,60.98,792.74,134.29,658.45,349.94,308.51,118.52
744,20250726,25,46,8,3,F504-3288,1,1749.27,1749.27,99.36,1649.91,1060.17,589.74,296.98
745,20230322,40,197,7,7,F629-1741,11,188.4,2072.4,224.44,1847.96,940.19,907.77,332.63
746,20251229,59,147,5,25,F457-0308,5,6.88,34.4,0.78,33.62,16.63,16.99,6.05
747,20231204,58,171,7,9,F156-5404,11,5.69,62.59,8.82,53.77,35.84,17.93,9.68
748,20220906,58,126,8,14,F414-1149,1,5.58,5.58,0.63,4.95,3.31,1.64,0.89
749,20220314,35,124,2,19,F549-5881,7,366.44,2565.08,538.41,2026.67,1304.36,722.31,364.8
750,20251025,22,166,2,12,F548-5572,7,895.32,6267.24,75.83,6191.41,4206.46,1984.95,1114.45
751,20231115,6,46,9,2,F991-6295,13,3579.48,46533.24,7845.5,38687.74,23582.44,15105.3,6963.79
752,20240405,43,177,6,16,F087-7176,12,163.33,1959.96,168.16,1791.8,898.33,893.47,322.52
753,20220114,48,152,4,16,F399-1033,1,135.92,135.92,5.78,130.14,81.2,48.94,23.43
754,20251115,51,116,1,2,F348-0919,5,22.26,111.3,12.23,99.07,66.67,32.4,17.83
755,20220707,22,168,9,15,F963-8792,1,911.52,911.52,81.31,830.21,433.65,396.56,149.44
756,20250720,10,37,8,21,F020-7721,4,3218.13,12872.52,2619.56,10252.96,4997.04,5255.92,1845.53
757,20230128,59,4,3,21,F052-5036,1,7.46,7.46,0.4,7.06,4.3,2.76,1.27
758,20230218,53,17,2,4,F510-9749,8,4.97,39.76,5.35,34.41,22.27,12.14,6.19
759,20220717,52,189,7,11,F124-9437,2,10.34,20.68,3.66,17.02,9.62,7.4,3.06
760,20230425,35,12,10,6,F344-1036,14,360.44,5046.16,1070.8,3975.36,2077.71,1897.65,715.56
761,20220307,8,142,3,15,F250-9536,13,2408.13,31305.69,2858.21,28447.48,17616.36,10831.12,5120.55
762,20231015,3,200,3,1,F901-7979,13,676.1,8789.3,1638.33,7150.97,4308.38,2842.59,1287.17
763,20251012,6,152,5,14,F711-7799,3,3082.9,9248.7,1884.89,7363.81,4575.49,2788.32,1325.49
764,20231117,45,106,4,6,F626-0617,3,53.19,159.57,22.47,137.1,80.15,56.95,24.68
765,20251002,39,78,6,14,F005-9138,8,117.47,939.76,126.59,813.17,404.64,408.53,146.37
766,20231003,16,195,9,17,F225-7606,9,300.25,2702.25,580.71,2121.54,1280.95,840.59,381.88
767,20250413,50,39,8,16,F181-2618,4,87.8,351.2,21.35,329.85,171.11,158.74,59.37
768,20241207,43,112,5,11,F632-7425,1,185.6,185.6,26.34,159.26,85.52,73.74,28.67
769,20250721,3,8,8,17,F119-1161,1,672.42,672.42,136.84,535.58,275.92,259.66,96.4
770,20241203,58,51,6,8,F798-1805,8,5.43,43.44,5.66,37.78,20.6,17.18,6.8
771,20241107,21,97,4,3,F483-9587,4,596.25,2385.0,387.09,1997.91,1306.59,691.32,359.62
772,20250629,32,117,3,13,F383-2235,7,399.27,2794.89,89.16,2705.73,1800.87,904.86,487.03
773,20250621,30,86,3,2,F709-9318,11,129.31,1422.41,112.23,1310.18,699.56,610.62,235.83
774,20220607,4,44,6,8,F908-4836,2,2040.02,4080.04,764.6,3315.44,1895.49,1419.95,596.78
775,20241120,39,44,10,18,F876-3764,13,116.96,1520.48,213.48,1307.0,787.21,519.79,235.26
776,20230914,6,152,8,27,F474-4574,9,3324.01,29916.09,3218.97,26697.12,18130.89,8566.23,4805.48
777,20231115,1,112,10,8,F914-9696,12,1254.12,15049.44,2889.49,12159.95,6439.5,5720.45,2188.79
778,20250529,10,11,8,24,F788-8262,15,3312.05,49680.75,54.65,49626.1,33549.07,16077.03,8932.7
779,20240417,3,26,8,16,F247-1362,7,713.32,4993.24,526.29,4466.95,2857.08,1609.87,804.05
780,20231109,36,34,6,10,F245-1487,12,89.71,1076.52,173.32,903.2,605.13,298.07,162.58
781,20220513,2,147,10,1,F466-7599,5,816.37,4081.85,145.31,3936.54,2251.14,1685.4,708.58
782,20221101,50,95,8,23,F649-0023,12,80.42,965.04,86.08,878.96,560.75,318.21,158.21
783,20220518,56,9,5,14,F771-4421,7,5.72,40.04,7.87,32.17,17.58,14.59,5.79
784,20220324,45,176,2,20,F902-5501,9,61.41,552.69,69.97,482.72,251.7,231.02,86.89
785,20221117,48,14,2,13,F375-7625,9,154.73,1392.57,289.65,1102.92,678.22,424.7,198.53
786,20250606,40,18,9,23,F793-3355,6,176.5,1059.0,40.88,1018.12,602.48,415.64,183.26
787,20250328,9,189,10,28,F983-3438,4,2406.62,9626.48,1142.66,8483.82,5173.5,3310.32,1527.09
788,20231225,49,129,7,9,F056-1039,4,270.79,1083.16,76.36,1006.8,664.07,342.73,181.22
789,20221106,24,121,9,22,F846-8731,8,421.47,3371.76,371.91,2999.85,1937.64,1062.21,539.97
790,20250425,58,178,2,7,F914-7502,10,5.49,54.9,4.45,50.45,31.01,19.44,9.08
791,20220323,6,20,2,6,F283-1836,15,3126.81,46902.15,1843.25,45058.9,30263.87,14795.03,8110.6
792,20230412,45,161,1,10,F427-8871,3,53.4,160.2,30.84,129.36,75.56,53.8,23.28
793,20240724,60,6,5,7,F065-0362,6,17.06,102.36,9.46,92.9,58.3,34.6,16.72
794,20240510,56,106,10,11,F672-5347,14,5.89,82.46,17.18,65.28,39.75,25.53,11.75
795,20220804,32,118,5,19,F136-5022,12,440.41,5284.92,616.22,4668.7,2753.1,1915.6,840.37
796,20240112,11,198,1,5,F362-4660,4,151.11,604.44,64.37,540.07,364.09,175.98,97.21
797,20241106,30,74,3,6,F860-2515,10,134.49,1344.9,273.42,1071.48,666.85,404.63,192.87
798,20230126,11,113,5,12,F189-3362,1,137.15,137.15,29.98,107.17,63.76,43.41,19.29
799,20221110,36,96,8,18,F999-2664,11,89.02,979.22,68.25,910.97,499.91,411.06,163.97
800,20241116,35,197,3,15,F951-5247,15,371.57,5573.55,30.65,5542.9,3692.76,1850.14,997.72
801,20240302,10,166,5,16,F918-4749,12,2817.46,33809.52,4063.9,29745.62,17296.54,12449.08,5354.21
802,20240312,49,187,8,11,F706-1841,10,281.57,2815.7,413.06,2402.64,1537.49,865.15,432.48
803,20241103,47,79,1,13,F633-3611,1,374.0,374.0,11.48,362.52,213.96,148.56,65.25
804,20221129,29,150,9,8,F801-4554,6,46.1,276.6,3.35,273.25,166.21,107.04,49.18
805,20241017,13,23,9,13,F200-8036,9,87.5,787.5,147.18,640.32,394.06,246.26,115.26
806,20230610,21,93,7,5,F734-7007,9,637.67,5739.03,1190.85,4548.18,3009.48,1538.7,818.67
807,20230919,24,115,9,3,F221-7279,1,424.59,424.59,26.58,398.01,219.01,179.0,71.64
808,20231122,48,187,7,24,F918-6787,13,156.26,2031.38,197.86,1833.52,940.15,893.37,330.03
809,20250917,9,122,9,11,F068-9678,10,2349.66,23496.6,444.09,23052.51,12023.19,11029.32,4149.45
810,20220910,49,107,3,18,F474-9305,1,253.9,253.9,22.88,231.02,153.14,77.88,41.58
811,20250123,49,142,8,2,F843-4948,4,278.56,1114.24,45.57,1068.67,594.56,474.11,192.36
812,20250507,54,7,1,5,F269-4918,8,5.09,40.72,5.01,35.71,20.45,15.26,6.43
813,20250620,41,74,7,6,F504-4010,8,101.16,809.28,22.09,787.19,482.69,304.5,141.69
814,20231125,2,154,6,19,F493-9267,5,764.35,3821.75,414.66,3407.09,2296.8,1110.29,613.28
815,20221206,28,31,6,17,F751-9426,11,266.15,2927.65,441.78,2485.87,1677.59,808.28,447.46
816,20220321,2,119,3,12,F168-0867,3,869.12,2607.36,333.74,2273.62,1157.79,1115.83,409.25
817,20241225,18,75,5,17,F655-1259,11,705.11,7756.21,1556.67,6199.54,3417.17,2782.37,1115.92
818,20250919,33,193,3,18,F331-5181,11,1505.45,16559.95,667.37,15892.58,7928.84,7963.74,2860.66
819,20230616,53,177,6,4,F548-9504,13,5.02,65.26,4.32,60.94,37.61,23.33,10.97
820,20240904,23,200,8,14,F349-2672,1,355.97,355.97,10.71,345.26,185.16,160.1,62.15
821,20230629,7,144,10,23,F852-8613,9,2658.5,23926.5,1162.83,22763.67,11784.37,10979.3,4097.46
822,20230811,55,107,8,30,F079-1910,9,2.04,18.36,2.84,15.52,9.94,5.58,2.79
823,20220807,53,93,3,27,F453-9792,1,4.42,4.42,0.47,3.95,2.14,1.81,0.71
824,20220913,34,191,2,8,F132-2333,6,2321.55,13929.3,527.92,13401.38,7249.3,6152.08,2412.25
825,20230813,45,109,2,3,F020-7935,3,54.19,162.57,7.51,155.06,104.85,50.21,27.91
826,20240607,49,132,10,2,F481-1949,4,256.44,1025.76,24.31,1001.45,639.54,361.91,180.26
827,20240123,59,25,2,30,F617-3366,2,6.65,13.3,0.88,12.42,5.99,6.43,2.24
828,20240727,38,38,5,19,F357-5771,3,71.29,213.87,31.55,182.32,88.58,93.74,32.82
829,20251115,11,146,2,4,F840-9473,13,152.78,1986.14,318.38,1667.76,881.19,786.57,300.2
830,20230925,49,44,9,1,F997-1617,4,237.36,949.44,149.54,799.9,538.21,261.69,143.98
831,20221018,60,179,10,6,F451-1759,9,17.32,155.88,29.2,126.68,72.83,53.85,22.8
832,20250711,12,105,2,25,F322-2026,7,193.14,1351.98,126.14,1225.84,714.48,511.36,220.65
833,20230705,30,74,9,24,F042-1348,3,115.94,347.82,37.95,309.87,171.13,138.74,55.78
834,20220123,21,80,8,8,F568-6673,7,625.59,4379.13,273.26,4105.87,2463.84,1642.03,739.06
835,20220501,19,122,6,6,F014-8056,7,931.18,6518.26,270.51,6247.75,3085.9,3161.85,1124.6
836,20240424,44,31,3,13,F411-9676,8,106.85,854.8,98.3,756.5,465.48,291.02,136.17
837,20230312,7,51,6,7,F610-6624,15,2916.52,43747.8,9410.15,34337.65,16926.47,17411.18,6180.78
838,20230617,8,183,10,19,F280-6558,7,2390.01,16730.07,2668.45,14061.62,7532.86,6528.76,2531.09
839,20240513,23,131,5,5,F787-7449,10,335.35,3353.5,700.88,2652.62,1797.16,855.46,477.47
840,20240923,7,35,1,4,F756-0866,8,2611.34,20890.72,2285.44,18605.28,11268.74,7336.54,3348.95
841,20250310,54,155,6,5,F311-1579,11,4.64,51.04,0.3,50.74,26.17,24.57,9.13
842,20250504,49,120,4,10,F678-8158,13,240.22,3122.86,357.26,2765.6,1599.73,1165.87,497.81
843,20240425,32,140,1,25,F033-7052,9,433.65,3902.85,295.06,3607.79,2352.04,1255.75,649.4
844,20221016,57,114,8,2,F034-2898,7,2.59,18.13,1.79,16.34,10.63,5.71,2.94
845,20250418,36,126,7,5,F320-6375,13,88.3,1147.9,76.56,1071.34,665.53,405.81,192.84
846,20221117,32,176,9,19,F482-7798,10,453.44,4534.4,673.36,3861.04,2363.02,1498.02,694.99
847,20250812,36,152,7,20,F693-5780,9,91.25,821.25,10.1,811.15,432.08,379.07,146.01
848,20240219,50,33,6,12,F829-9568,6,93.11,558.66,7.54,551.12,329.62,221.5,99.2
849,20231227,2,89,6,14,F360-0925,11,857.56,9433.16,708.43,8724.73,4357.74,4366.99,1570.45
850,20220725,43,177,2,28,F313-1876,4,164.95,659.8,94.09,565.71,338.58,227.13,101.83
851,20220717,22,109,10,17,F924-6901,9,817.07,7353.63,527.26,6826.37,3905.93,2920.44,1228.75
852,20250629,18,97,10,13,F331-9381,8,661.72,5293.76,685.01,4608.75,3120.83,1487.92,829.57
853,20241108,7,128,9,26,F784-5564,2,2949.49,5898.98,896.64,5002.34,2607.13,2395.21,900.42
854,20230415,11,163,2,27,F871-8780,6,146.69,880.14,187.73,692.41,360.3,332.11,124.63
855,20240704,14,58,10,24,F981-1507,1,203.42,203.42,13.3,190.12,113.07,77.05,34.22
856,20250609,46,146,9,16,F438-3437,2,306.03,612.06,79.69,532.37,284.64,247.73,95.83
857,20240917,23,77,7,22,F553-5134,11,354.33,3897.63,706.25,3191.38,1853.96,1337.42,574.45
858,20220818,13,196,9,6,F903-0305,5,94.09,470.45,64.69,405.76,231.55,174.21,73.04
859,20230408,41,170,8,9,F960-8729,14,98.96,1385.44,56.8,1328.64,770.4,558.24,239.16
860,20231117,52,187,1,17,F206-5969,13,10.34,134.42,26.82,107.6,71.76,35.84,19.37
861,20231104,30,112,7,11,F881-1056,3,116.76,350.28,57.52,292.76,185.35,107.41,52.7
862,20240730,41,42,5,22,F616-3869,7,90.55,633.85,37.21,596.64,320.64,276.0,107.4
863,20221129,26,80,8,16,F574-7146,3,81.93,245.79,10.37,235.42,124.56,110.86,42.38
864,20231102,28,8,5,26,F823-4552,1,256.4,256.4,11.38,245.02,130.97,114.05,44.1
865,20230320,43,125,1,2,F881-1376,11,174.28,1917.08,359.64,1557.44,1047.78,509.66,280.34
866,20240211,21,94,2,13,F966-2303,14,637.49,8924.86,124.95,8799.91,5904.9,2895.01,1583.98
867,20231211,16,171,10,25,F954-8606,12,295.78,3549.36,390.78,3158.58,1592.33,1566.25,568.54
868,20241001,17,81,6,27,F599-6389,2,529.45,1058.9,55.49,1003.41,506.18,497.23,180.61
869,20251211,52,28,3,7,F994-4499,4,10.58,42.32,8.71,33.61,17.6,16.01,6.05
870,20231126,29,96,2,11,F559-6944,14,46.52,651.28,84.47,566.81,327.66,239.15,102.03
871,20230810,31,93,8,23,F377-5050,5,297.82,1489.1,288.14,1200.96,801.51,399.45,216.17
872,20230123,2,170,1,23,F940-3927,15,840.27,12604.05,1680.12,10923.93,7081.92,3842.01,1966.31
873,20241017,17,176,2,18,F888-3873,5,534.71,2673.55,375.9,2297.65,1424.83,872.82,413.58
874,20241220,55,66,5,3,F959-3858,1,2.01,2.01,0.4,1.61,0.9,0.71,0.29
875,20240415,20,82,7,26,F035-4490,15,228.03,3420.45,120.4,3300.05,1873.67,1426.38,594.01
876,20230628,56,106,6,23,F433-1645,13,5.18,67.34,13.93,53.41,30.67,22.74,9.61
877,20220406,53,155,9,24,F335-7427,5,4.45,22.25,2.48,19.77,10.88,8.89,3.56
878,20221115,45,114,3,1,F411-3279,1,52.19,52.19,7.36,44.83,23.17,21.66,8.07
879,20241019,41,133,3,28,F609-6723,10,92.26,922.6,16.7,905.9,463.43,442.47,163.06
880,20251117,51,67,3,22,F608-5368,8,23.81,190.48,20.04,170.44,106.87,63.57,30.68
881,20240919,52,97,10,8,F022-0377,2,9.74,19.48,1.78,17.7,9.14,8.56,3.19
882,20220207,60,119,4,9,F719-2765,10,18.43,184.3,25.41,158.89,105.08,53.81,28.6
883,20220125,4,95,3,19,F121-0232,7,2085.04,14595.28,1928.04,12667.24,6458.4,6208.84,2280.1
884,20220517,46,173,8,4,F230-3329,13,289.85,3768.05,762.65,3005.4,1715.31,1290.09,540.97
885,20221002,13,127,7,5,F442-3386,14,103.04,1442.56,248.26,1194.3,642.05,552.25,214.97
886,20241207,39,108,3,14,F812-2392,14,118.25,1655.5,103.14,1552.36,955.38,596.98,279.42
887,20221124,2,64,6,19,F701-7507,5,789.0,3945.0,204.35,3740.65,2132.9,1607.75,673.32
888,20240827,6,102,4,23,F393-6936,3,3085.26,9255.78,1774.33,7481.45,5049.08,2432.37,1346.66
889,20240716,48,86,4,16,F931-5805,2,146.25,292.5,6.14,286.36,140.82,145.54,51.54
890,20220219,39,12,1,9,F517-6242,13,134.12,1743.56,229.45,1514.11,953.36,560.75,272.54
891,20250801,20,144,1,19,F184-4265,11,260.5,2865.5,233.82,2631.68,1772.73,858.95,473.7
892,20220903,11,23,6,23,F544-7094,15,143.88,2158.2,161.0,1997.2,1145.63,851.57,359.5
893,20220206,10,72,6,30,F441-4636,6,2956.74,17740.44,172.08,17568.36,8882.11,8686.25,3162.3
894,20240227,58,133,6,14,F915-2704,10,6.07,60.7,11.08,49.62,33.01,16.61,8.93
895,20230827,21,169,8,2,F194-2436,8,652.42,5219.36,876.85,4342.51,2215.78,2126.73,781.65
896,20250107,4,120,7,4,F917-8109,1,2021.05,2021.05,209.18,1811.87,928.97,882.9,326.14
897,20220712,3,29,3,4,F358-1534,12,715.34,8584.08,1059.28,7524.8,4300.81,3223.99,1354.46
898,20251201,14,70,10,29,F680-9596,3,225.04,675.12,124.02,551.1,347.19,203.91,99.2
899,20221005,14,107,2,8,F787-8162,1,214.45,214.45,24.81,189.64,112.68,76.96,34.14
900,20240221,44,175,2,13,F383-9673,6,106.63,639.78,3.65,636.13,392.02,244.11,114.5
901,20221222,60,118,8,15,F644-4413,14,19.69,275.66,19.63,256.03,124.37,131.66,46.09
902,20220427,39,116,6,24,F752-9326,6,127.95,767.7,163.75,603.95,369.16,234.79,108.71
903,20221212,9,15,2,18,F975-9868,1,2105.73,2105.73,371.24,1734.49,930.71,803.78,312.21
904,20250728,25,103,2,1,F873-3412,5,1656.21,8281.05,324.62,7956.43,5354.76,2601.67,1432.16
905,20220904,11,168,3,4,F306-8043,7,140.96,986.72,61.87,924.85,583.13,341.72,166.47
906,20220704,52,155,3,12,F682-1575,13,10.01,130.13,26.39,103.74,68.55,35.19,18.67
907,20230709,54,122,5,19,F615-6932,4,4.9,19.6,2.11,17.49,11.49,6.0,3.15
908,20251022,6,162,7,3,F042-8411,13,3529.1,45878.3,3716.14,42162.16,21809.27,20352.89,7589.19
909,20250426,22,40,8,17,F645-8597,11,939.87,10338.57,509.69,9828.88,6066.85,3762.03,1769.2
910,20250806,6,77,3,5,F701-4922,7,3252.04,22764.28,396.1,22368.18,14322.55,8045.63,4026.27
911,20250322,54,20,1,17,F111-8367,7,4.8,33.6,2.18,31.42,15.38,16.04,5.66
912,20220813,28,65,6,9,F600-1340,8,246.11,1968.88,286.28,1682.6,998.95,683.65,302.87
913,20231228,50,47,7,2,F086-6820,2,85.94,171.88,28.0,143.88,82.38,61.5,25.9
914,20221209,57,172,8,20,F828-4343,6,2.5,15.0,1.94,13.06,7.46,5.6,2.35
915,20250904,22,21,10,9,F893-1743,14,938.86,13144.04,2342.27,10801.77,5640.83,5160.94,1944.32
916,20250405,28,168,8,15,F709-6638,1,251.45,251.45,21.85,229.6,110.82,118.78,41.33
917,20230924,56,159,10,12,F708-6472,12,5.75,69.0,9.14,59.86,34.56,25.3,10.77
918,20250508,52,5,4,28,F028-3429,3,9.78,29.34,0.87,28.47,14.75,13.72,5.12
919,20241124,31,138,4,3,F309-7593,11,296.09,3256.99,173.27,3083.72,1999.54,1084.18,555.07
920,20220824,10,190,8,16,F483-0322,1,3072.89,3072.89,78.67,2994.22,1977.63,1016.59,538.96
921,20251202,56,101,1,11,F009-1683,4,5.55,22.2,0.98,21.22,12.6,8.62,3.82
922,20240822,41,189,10,20,F749-9082,7,101.39,709.73,152.95,556.78,361.75,195.03,100.22
923,20230925,19,157,8,8,F732-0995,7,787.91,5515.37,589.59,4925.78,2946.64,1979.14,886.64
924,20221230,34,166,7,29,F485-1916,10,2030.55,20305.5,1411.23,18894.27,9309.25,9585.02,3400.97
925,20250825,32,6,3,10,F744-3150,11,442.65,4869.15,371.52,4497.63,2786.29,1711.34,809.57
926,20250330,31,176,6,30,F617-7676,4,280.6,1122.4,125.37,997.03,595.76,401.27,179.47
927,20240530,9,173,6,26,F484-2655,12,2368.29,28419.48,4447.65,23971.83,16108.13,7863.7,4314.93
928,20250326,40,34,3,7,F161-9925,12,182.13,2185.56,360.18,1825.38,1119.71,705.67,328.57
929,20220330,32,61,4,18,F049-0298,7,402.82,2819.74,585.1,2234.64,1293.29,941.35,402.24
930,20220216,23,129,1,26,F066-5534,6,359.38,2156.28,321.07,1835.21,945.03,890.18,330.34
931,20220915,28,67,6,26,F364-0765,4,232.94,931.76,24.78,906.98,476.0,430.98,163.26
932,20250829,50,132,10,22,F107-0827,5,91.6,458.0,90.32,367.68,239.24,128.44,66.18
933,20240512,60,29,2,26,F626-9989,13,19.67,255.71,25.72,229.99,149.11,80.88,41.4
934,20231211,51,27,3,21,F121-3366,2,23.49,46.98,8.51,38.47,18.79,19.68,6.92
935,20230220,59,130,8,24,F892-1627,12,6.78,81.36,5.23,76.13,43.26,32.87,13.7
936,20240311,10,52,8,14,F788-0108,6,3167.03,19002.18,3424.19,15577.99,7860.6,7717.39,2804.04
937,20231031,16,22,5,12,F733-6800,8,336.21,2689.68,201.99,2487.69,1445.36,1042.33,447.78
938,20250629,24,108,4,5,F822-7026,4,443.17,1772.68,59.21,1713.47,1080.69,632.78,308.42
939,20250425,27,175,6,1,F454-2386,15,185.46,2781.9,280.69,2501.21,1626.98,874.23,450.22
940,20251129,50,87,6,13,F791-2693,13,78.47,1020.11,116.09,904.02,446.51,457.51,162.72
941,20251119,28,39,10,2,F647-8517,13,230.63,2998.19,24.59,2973.6,1975.97,997.63,535.25
942,20240821,19,78,6,30,F353-0130,15,845.69,12685.35,1900.27,10785.08,6370.98,4414.1,1941.31
943,20220714,53,104,8,21,F211-8920,9,4.55,40.95,5.5,35.45,18.06,17.39,6.38
944,20231205,40,167,7,25,F203-4941,11,201.79,2219.69,215.98,2003.71,1100.14,903.57,360.67
945,20220821,6,33,9,18,F291-3502,6,3101.11,18606.66,1596.45,17010.21,10610.56,6399.65,3061.84
946,20251228,6,41,1,1,F912-8847,5,3383.48,16917.4,1940.43,14976.97,9456.6,5520.37,2695.85
947,20250610,38,130,2,24,F062-6111,14,63.75,892.5,151.99,740.51,463.04,277.47,133.29
948,20220914,17,32,8,10,F587-0086,6,541.64,3249.84,88.4,3161.44,1995.85,1165.59,569.06
949,20240706,30,145,9,28,F610-3832,4,120.95,483.8,85.73,398.07,269.81,128.26,71.65
950,20231114,23,173,3,23,F387-8515,11,324.87,3573.57,617.16,2956.41,1841.76,1114.65,532.15
951,20220220,48,200,6,15,F101-2402,6,137.39,824.34,93.65,730.69,378.87,351.82,131.52
952,20240815,46,34,8,7,F457-1280,7,284.76,1993.32,35.88,1957.44,963.92,993.52,352.34
953,20241104,24,102,5,19,F511-6938,7,446.78,3127.46,404.69,2722.77,1589.52,1133.25,490.1
954,20240816,29,42,3,17,F131-7943,8,48.86,390.88,62.93,327.95,184.76,143.19,59.03
955,20230224,46,178,4,15,F485-0535,12,286.39,3436.68,388.0,3048.68,1786.0,1262.68,548.76
956,20220903,48,155,7,4,F124-6056,9,135.09,1215.81,98.85,1116.96,748.77,368.19,201.05
957,20230306,37,96,5,10,F498-0459,9,138.46,1246.14,41.99,1204.15,667.45,536.7,216.75
958,20230515,51,79,5,7,F188-8009,13,20.71,269.23,34.92,234.31,114.75,119.56,42.18
959,20240704,1,124,10,10,F580-7412,6,1125.09,6750.54,100.58,6649.96,3251.41,3398.55,1196.99
960,20250414,58,156,3,25,F142-8271,7,5.53,38.71,4.05,34.66,21.63,13.03,6.24
961,20231229,41,187,6,3,F820-6712,8,94.88,759.04,111.43,647.61,330.15,317.46,116.57
962,20251106,25,172,8,24,F285-1451,7,1700.3,11902.1,887.9,11014.2,5387.75,5626.45,1982.56
963,20230201,56,182,5,18,F661-2029,1,5.27,5.27,0.66,4.61,2.95,1.66,0.83
964,20240807,42,194,1,19,F535-3104,4,125.79,503.16,105.71,397.45,233.85,163.6,71.54
965,20250103,49,137,3,1,F282-3372,15,258.48,3877.2,15.9,3861.3,2361.77,1499.53,695.03
966,20250711,16,137,10,11,F412-9649,14,335.92,4702.88,918.47,3784.41,2152.75,1631.66,681.19
967,20241006,3,107,1,28,F541-5200,15,721.7,10825.5,55.21,10770.29,6111.1,4659.19,1938.65
968,20230902,25,74,3,6,F262-1469,2,1707.96,3415.92,736.47,2679.45,1576.47,1102.98,482.3
969,20250816,10,84,3,1,F731-0959,7,2981.96,20873.72,3116.45,17757.27,8732.72,9024.55,3196.31
970,20230508,20,67,7,27,F922-1982,6,235.63,1413.78,44.25,1369.53,901.98,467.55,246.52
971,20230321,4,131,9,13,F973-1886,13,2010.84,26140.92,3432.3,22708.62,11974.21,10734.41,4087.55
972,20240429,18,8,7,21,F240-0306,8,666.84,5334.72,649.24,4685.48,2310.37,2375.11,843.39
973,20220111,18,143,3,10,F582-6665,10,729.67,7296.7,1083.56,6213.14,3288.39,2924.75,1118.37
974,20241115,29,37,6,18,F173-4017,11,43.82,482.02,53.07,428.95,273.06,155.89,77.21
975,20220125,35,119,10,10,F669-2743,15,415.74,6236.1,761.43,5474.67,2673.6,2801.07,985.44
976,20240208,1,175,7,12,F863-3486,15,1111.9,16678.5,1769.59,14908.91,8938.99,5969.92,2683.6
977,20250916,38,145,2,10,F092-6477,5,70.58,352.9,3.53,349.37,219.35,130.02,62.89
978,20221216,45,111,4,20,F517-5216,3,53.15,159.45,25.43,134.02,91.1,42.92,24.12
979,20250807,57,182,8,9,F252-5270,6,2.49,14.94,2.09,12.85,8.69,4.16,2.31
980,20250915,22,35,1,20,F488-0071,10,823.31,8233.1,595.25,7637.85,5062.39,2575.46,1374.81
981,20230828,58,181,8,25,F403-8817,3,5.2,15.6,1.42,14.18,9.35,4.83,2.55
982,20230418,6,172,8,22,F127-5784,11,3547.43,39021.73,5591.81,33429.92,19647.76,13782.16,6017.39
983,20231130,53,197,1,4,F474-6070,10,4.63,46.3,3.65,42.65,21.98,20.67,7.68
984,20241230,60,72,6,7,F093-4968,1,17.25,17.25,0.84,16.41,7.94,8.47,2.95
985,20231119,52,10,5,16,F927-9930,4,10.52,42.08,9.07,33.01,22.23,10.78,5.94
986,20250929,14,72,10,17,F506-2794,14,192.99,2701.86,379.61,2322.25,1166.21,1156.04,418.0
987,20230807,36,145,3,3,F603-2102,12,81.25,975.0,121.39,853.61,526.23,327.38,153.65
988,20220625,48,134,5,7,F869-0379,5,132.77,663.85,136.35,527.5,343.45,184.05,94.95
989,20251127,45,117,1,14,F657-0850,10,58.72,587.2,32.65,554.55,328.31,226.24,99.82
990,20240202,55,32,9,15,F508-5923,7,2.18,15.26,2.84,12.42,6.97,5.45,2.24
991,20240126,34,108,9,15,F324-0085,15,2319.77,34796.55,5522.21,29274.34,14326.66,14947.68,5269.38
992,20250806,26,189,4,23,F434-1220,2,81.26,162.52,31.46,131.06,84.08,46.98,23.59
993,20231027,59,161,2,1,F492-7078,3,6.64,19.92,1.44,18.48,9.1,9.38,3.33
994,20220929,52,65,4,4,F485-3906,13,9.28,120.64,16.62,104.02,56.88,47.14,18.72
995,20221122,22,19,10,20,F450-1568,14,918.35,12856.9,943.7,11913.2,7610.42,4302.78,2144.38
996,20221103,41,9,7,11,F912-1066,2,94.63,189.26,3.56,185.7,91.39,94.31,33.43
997,20250915,51,157,7,3,F105-0915,15,20.65,309.75,54.67,255.08,125.23,129.85,45.91
998,20221106,36,193,7,8,F886-9824,14,79.11,1107.54,92.92,1014.62,506.46,508.16,182.63
999,20220806,51,110,10,20,F104-5565,1,22.72,22.72,2.27,20.45,11.71,8.74,3.68
1000,20221111,42,151,4,4,F106-0202,13,134.08,1743.04,9.94,1733.1,1011.16,721.94,311.96
1001,20240731,39,147,3,21,F522-4199,10,129.16,1291.6,224.35,1067.25,553.61,513.64,192.1
1002,20231203,23,36,1,2,F131-5107,12,332.1,3985.2,544.38,3440.82,1779.54,1661.28,619.35
1003,20231225,38,139,3,5,F481-5058,11,65.83,724.13,120.21,603.92,327.47,276.45,108.71
1004,20251215,39,169,3,2,F244-8309,6,121.04,726.24,155.05,571.19,333.31,237.88,102.81
1005,20251230,53,52,4,26,F071-5596,14,5.01,70.14,0.84,69.3,38.03,31.27,12.47
1006,20250820,13,178,6,28,F593-9275,12,98.36,1180.32,179.64,1000.68,573.87,426.81,180.12
1007,20250609,22,11,8,8,F943-0061,7,885.28,6196.96,448.04,5748.92,2880.03,2868.89,1034.81
1008,20231119,41,124,6,26,F758-6159,4,90.87,363.48,37.29,326.19,170.48,155.71,58.71
1009,20220524,14,19,6,1,F569-1888,14,207.62,2906.68,633.07,2273.61,1256.31,1017.3,409.25
1010,20240126,10,93,1,1,F204-3242,4,2973.14,11892.56,1651.88,10240.68,6784.88,3455.8,1843.32
1011,20251212,19,142,4,6,F201-0353,15,808.64,12129.6,698.66,11430.94,5885.3,5545.64,2057.57
1012,20221018,12,36,7,21,F807-1819,15,193.4,2901.0,64.69,2836.31,1833.08,1003.23,510.54
1013,20231205,22,96,3,17,F819-7107,5,934.19,4670.95,468.96,4201.99,2327.6,1874.39,756.36
1014,20220805,57,49,4,18,F388-6132,2,2.5,5.0,0.16,4.84,3.22,1.62,0.87
1015,20221127,21,158,10,7,F875-8774,11,637.27,7009.97,377.14,6632.83,3245.04,3387.79,1193.91
1016,20221009,19,72,3,28,F521-9570,6,901.65,5409.9,294.3,5115.6,3099.5,2016.1,920.81
1017,20231115,57,170,10,3,F172-8334,12,2.41,28.92,0.52,28.4,16.31,12.09,5.11
1018,20251120,25,133,8,6,F330-6126,11,1863.28,20496.08,3385.95,17110.13,9493.61,7616.52,3079.82
1019,20240823,34,149,7,21,F944-9568,12,2294.56,27534.72,5790.55,21744.17,12497.5,9246.67,3913.95
1020,20231102,42,61,7,7,F314-6964,4,114.32,457.28,90.04,367.24,209.48,157.76,66.1
1021,20231013,57,141,2,5,F770-1377,3,2.36,7.08,1.46,5.62,3.12,2.5,1.01
1022,20220729,19,132,10,11,F437-7392,6,849.5,5097.0,257.91,4839.09,2362.58,2476.51,871.04
1023,20221030,30,98,1,6,F453-3831,6,123.0,738.0,130.63,607.37,330.05,277.32,109.33
1024,20251018,17,129,9,18,F660-1281,6,543.35,3260.1,646.48,2613.62,1408.49,1205.13,470.45
1025,20220314,51,10,9,7,F342-3222,4,21.23,84.92,1.84,83.08,41.06,42.02,14.95
1026,20250402,44,71,4,23,F619-2259,5,111.38,556.9,91.28,465.62,295.06,170.56,83.81
1027,20241202,55,198,5,10,F843-5680,12,2.12,25.44,3.04,22.4,11.92,10.48,4.03
1028,20250303,51,4,8,21,F525-2446,7,24.03,168.21,30.41,137.8,87.03,50.77,24.8
1029,20240419,56,60,9,19,F805-9055,4,5.5,22.0,3.5,18.5,9.66,8.84,3.33
1030,20240822,49,81,4,14,F789-6844,14,258.16,3614.24,366.85,3247.39,2073.08,1174.31,584.53
1031,20240218,14,148,3,10,F966-0159,14,209.05,2926.7,359.69,2567.01,1424.54,1142.47,462.06
1032,20221119,32,109,7,25,F798-8809,14,456.98,6397.72,499.02,5898.7,3097.4,2801.3,1061.77
1033,20220904,20,36,3,11,F582-9880,1,232.92,232.92,29.09,203.83,99.15,104.68,36.69
1034,20251101,59,101,2,18,F396-3086,14,7.08,99.12,8.52,90.6,50.4,40.2,16.31
1035,20220917,31,78,2,6,F107-9059,10,268.64,2686.4,568.44,2117.96,1287.3,830.66,381.23
1036,20220107,12,51,2,30,F987-6323,12,167.35,2008.2,266.49,1741.71,845.37,896.34,313.51
1037,20240929,19,15,6,17,F012-2816,5,813.44,4067.2,590.15,3477.05,1717.65,1759.4,625.87
1038,20240612,21,34,9,14,F490-1127,7,665.97,4661.79,400.91,4260.88,2888.53,1372.35,766.96
1039,20250310,25,80,7,27,F727-7779,14,1927.34,26982.76,1225.02,25757.74,16847.88,8909.86,4636.39
1040,20230221,11,176,8,9,F207-0122,5,146.41,732.05,94.58,637.47,370.05,267.42,114.74
1041,20241005,10,135,6,30,F583-8044,14,3057.52,42805.28,3758.3,39046.98,25049.15,13997.83,7028.46
1042,20240928,30,117,6,23,F863-4874,1,123.67,123.67,20.06,103.61,55.7,47.91,18.65
1043,20230209,26,46,10,24,F443-7502,13,87.6,1138.8,212.96,925.84,521.26,404.58,166.65
1044,20231218,25,179,1,8,F907-2588,3,1913.42,5740.26,882.28,4857.98,2424.65,2433.33,874.44
1045,20220208,18,179,4,30,F506-6739,9,771.5,6943.5,445.77,6497.73,4309.68,2188.05,1169.59
1046,20241008,49,197,6,14,F462-2701,6,262.0,1572.0,26.41,1545.59,774.41,771.18,278.21
1047,20240617,17,178,8,13,F352-6543,1,502.47,502.47,51.1,451.37,223.27,228.1,81.25
1048,20220926,55,35,6,22,F767-7607,1,1.92,1.92,0.0,1.92,0.97,0.95,0.35
1049,20241222,32,113,3,16,F841-4574,2,430.34,860.68,103.88,756.8,399.94,356.86,136.22
1050,20231120,54,76,2,18,F760-6404,14,4.72,66.08,0.26,65.82,32.92,32.9,11.85
1051,20230306,11,113,6,6,F222-0565,13,133.09,1730.17,4.33,1725.84,922.72,803.12,310.65
1052,20221009,58,163,9,21,F679-1685,4,5.87,23.48,2.28,21.2,10.38,10.82,3.82
1053,20250819,25,198,7,25,F207-4092,8,1844.12,14752.96,169.66,14583.3,7013.59,7569.71,2624.99
1054,20230726,24,4,6,27,F197-1036,4,464.49,1857.96,37.34,1820.62,1027.44,793.18,327.71
1055,20220106,15,43,3,2,F426-8397,2,176.26,352.52,61.8,290.72,187.83,102.89,52.33
1056,20240606,7,54,9,13,F962-7011,6,2953.08,17718.48,2191.78,15526.7,8041.43,7485.27,2794.81
1057,20220403,8,103,6,1,F399-3486,2,2389.8,4779.6,374.72,4404.88,2267.3,2137.58,792.88
1058,20221122,30,95,1,3,F907-3581,11,118.35,1301.85,233.42,1068.43,651.73,416.7,192.32
1059,20220331,27,183,9,26,F945-9326,10,166.7,1667.0,183.2,1483.8,1006.16,477.64,267.08
1060,20240304,11,179,7,22,F947-2178,2,137.5,275.0,36.3,238.7,161.43,77.27,42.97
1061,20240428,22,171,8,3,F344-0290,13,817.92,10632.96,2068.11,8564.85,4655.8,3909.05,1541.67
1062,20220902,39,60,9,19,F722-0218,8,133.52,1068.16,89.83,978.33,594.94,383.39,176.1
1063,20251215,15,189,7,25,F250-1301,13,149.33,1941.29,383.02,1558.27,844.22,714.05,280.49
1064,20230511,4,53,1,8,F946-9799,8,1986.54,15892.32,1037.77,14854.55,7580.78,7273.77,2673.82
1065,20250805,29,195,1,17,F811-6798,6,49.28,295.68,8.72,286.96,155.96,131.0,51.65
1066,20251213,42,85,6,8,F211-8837,13,131.34,1707.42,8.88,1698.54,1103.01,595.53,305.74
1067,20250826,4,179,4,20,F894-6251,11,2274.05,25014.55,5438.16,19576.39,12534.57,7041.82,3523.75
1068,20250223,34,126,2,7,F054-2319,8,2148.83,17190.64,2382.62,14808.02,7299.22,7508.8,2665.44
1069,20251012,14,53,4,17,F081-6984,3,197.39,592.17,77.22,514.95,332.78,182.17,92.69
1070,20231113,47,46,10,8,F311-4676,3,373.21,1119.63,177.8,941.83,498.21,443.62,169.53
1071,20240414,37,124,2,12,F408-6189,11,142.47,1567.17,69.43,1497.74,977.25,520.49,269.59
1072,20230809,11,195,3,27,F977-7898,7,143.04,1001.28,111.34,889.94,557.98,331.96,160.19
1073,20230524,2,77,10,18,F157-9058,7,857.09,5999.63,1127.33,4872.3,3078.18,1794.12,877.01
1074,20251102,47,97,9,20,F493-1179,7,353.94,2477.58,252.71,2224.87,1269.78,955.09,400.48
1075,20250627,22,2,1,28,F513-6132,8,812.01,6496.08,279.98,6216.1,4122.68,2093.42,1118.9
1076,20220625,32,96,7,16,F316-9639,7,426.0,2982.0,616.98,2365.02,1594.26,770.76,425.7
1077,20220616,5,145,3,7,F782-7149,1,948.54,948.54,207.07,741.47,374.36,367.11,133.46
1078,20251213,17,126,6,23,F060-6314,13,555.1,7216.3,1146.67,6069.63,3532.05,2537.58,1092.53
1079,20220905,60,93,1,23,F682-2423,4,17.99,71.96,3.84,68.12,33.17,34.95,12.26
1080,20231229,17,149,3,1,F120-1513,11,539.63,5935.93,192.32,5743.61,3041.14,2702.47,1033.85
1081,20250921,42,21,9,30,F194-6930,7,129.13,903.91,79.09,824.82,492.61,332.21,148.47
1082,20230427,11,137,7,19,F316-6744,5,152.14,760.7,115.78,644.92,374.14,270.78,116.09
1083,20230505,49,147,6,27,F147-4408,12,276.8,3321.6,635.42,2686.18,1348.07,1338.11,483.51
1084,20241019,48,44,8,1,F100-1145,12,136.43,1637.16,143.42,1493.74,809.04,684.7,268.87
1085,20251204,50,111,3,6,F384-3054,9,88.86,799.74,73.34,726.4,390.56,335.84,130.75
1086,20221025,46,116,10,27,F218-3042,8,269.95,2159.6,86.38,2073.22,1388.43,684.79,373.18
1087,20240925,13,105,8,21,F935-1790,3,88.11,264.33,47.05,217.28,112.63,104.65,39.11
1088,20250804,56,71,2,11,F031-9596,2,5.73,11.46,0.74,10.72,5.96,4.76,1.93
1089,20250924,16,69,1,22,F597-0686,11,316.25,3478.75,581.99,2896.76,1395.95,1500.81,521.42
1090,20241125,7,195,5,30,F498-7754,13,2655.14,34516.82,55.23,34461.59,20697.53,13764.06,6203.09
1091,20230321,49,88,6,27,F246-5919,7,252.13,1764.91,130.6,1634.31,1007.34,626.97,294.18
1092,20240429,43,85,2,1,F468-6584,10,169.65,1696.5,21.38,1675.12,923.34,751.78,301.52
1093,20230214,47,136,5,23,F770-4073,15,397.57,5963.55,181.89,5781.66,3471.2,2310.46,1040.7
1094,20241213,24,106,4,1,F654-5279,11,429.61,4725.71,685.23,4040.48,2323.44,1717.04,727.29
1095,20230909,2,84,8,8,F622-7939,14,838.59,11740.26,118.58,11621.68,7455.44,4166.24,2091.9
1096,20221013,26,122,2,24,F395-4815,13,89.5,1163.5,20.83,1142.67,646.28,496.39,205.68
1097,20221107,39,184,9,2,F131-8159,3,117.8,353.4,67.64,285.76,187.24,98.52,51.44
1098,20240515,51,120,3,29,F457-1896,14,20.49,286.86,42.48,244.38,144.12,100.26,43.99
1099,20240223,31,169,2,4,F446-0479,4,296.8,1187.2,63.52,1123.68,577.67,546.01,202.26
1100,20221129,11,57,5,22,F488-2017,6,154.65,927.9,184.28,743.62,470.91,272.71,133.85
1101,20220511,43,178,6,28,F230-9437,9,161.65,1454.85,202.81,1252.04,724.17,527.87,225.37
1102,20250327,50,184,7,21,F658-9207,2,92.3,184.6,26.16,158.44,88.0,70.44,28.52
1103,20251001,55,23,2,3,F349-9703,4,2.0,8.0,0.39,7.61,3.83,3.78,1.37
1104,20220205,60,81,7,19,F755-0028,2,17.24,34.48,4.34,30.14,15.24,14.9,5.43
1105,20251220,20,109,6,25,F374-2070,9,221.74,1995.66,83.42,1912.24,1066.32,845.92,344.2
1106,20230711,34,138,8,11,F149-4864,10,2282.53,22825.3,1116.16,21709.14,12136.77,9572.37,3907.65
1107,20220905,54,38,1,20,F328-5061,11,4.77,52.47,5.26,47.21,28.34,18.87,8.5
1108,20241213,33,147,8,21,F849-3535,2,1728.74,3457.48,208.14,3249.34,2110.56,1138.78,584.88
1109,20240802,32,40,4,28,F751-3688,7,417.37,2921.59,37.69,2883.9,1851.59,1032.31,519.1
1110,20231002,45,125,7,10,F835-2609,15,59.3,889.5,169.36,720.14,371.45,348.69,129.63
1111,20250410,2,90,7,13,F074-8649,6,826.2,4957.2,460.52,4496.68,2584.17,1912.51,809.4
1112,20230825,47,141,7,4,F135-5299,12,361.04,4332.48,879.93,3452.55,2141.35,1311.2,621.46
1113,20240905,49,182,5,15,F671-2682,14,272.91,3820.74,676.65,3144.09,2043.54,1100.55,565.94
1114,20250729,37,54,4,26,F767-3206,12,134.6,1615.2,171.37,1443.83,952.12,491.71,259.89
1115,20220730,48,174,3,13,F974-6998,6,147.62,885.72,141.45,744.27,442.94,301.33,133.97
1116,20241104,44,122,3,2,F121-8445,15,121.75,1826.25,22.65,1803.6,993.99,809.61,324.65
1117,20250324,42,104,4,2,F122-3947,7,120.94,846.58,180.58,666.0,403.19,262.81,119.88
1118,20230529,26,191,7,25,F709-1469,12,85.71,1028.52,134.94,893.58,459.74,433.84,160.84
1119,20251212,50,168,8,12,F012-1967,14,85.34,1194.76,170.97,1023.79,547.77,476.02,184.28
1120,20241031,8,58,1,19,F587-9382,8,2323.63,18589.04,2622.91,15966.13,10564.72,5401.41,2873.9
1121,20240330,31,99,8,21,F720-7106,12,277.03,3324.36,69.15,3255.21,1948.49,1306.72,585.94
1122,20241218,20,138,3,13,F833-0324,2,243.31,486.62,34.84,451.78,281.35,170.43,81.32
1123,20220901,26,17,9,27,F599-8831,9,86.73,780.57,134.57,646.0,378.57,267.43,116.28
1124,20251016,46,169,2,6,F883-9816,11,304.74,3352.14,91.51,3260.63,2056.15,1204.48,586.91
1125,20230629,45,11,3,19,F212-2642,9,53.72,483.48,47.57,435.91,236.64,199.27,78.46
1126,20230608,6,32,9,10,F373-8920,14,3413.71,47791.94,7919.12,39872.82,19813.68,20059.14,7177.11
1127,20240418,11,133,5,22,F547-7290,11,141.84,1560.24,0.0,1560.24,842.72,717.52,280.84
1128,20240614,9,91,10,18,F523-3439,12,2248.66,26983.92,1856.49,25127.43,16638.29,8489.14,4522.94
1129,20251122,45,37,5,28,F853-3527,14,52.91,740.74,7.26,733.48,357.46,376.02,132.03
1130,20251203,9,187,10,14,F077-9009,4,2258.46,9033.84,1176.21,7857.63,4207.6,3650.03,1414.37
1131,20230816,17,22,5,22,F436-2347,11,507.45,5581.95,1109.69,4472.26,2504.52,1967.74,805.01
1132,20230119,35,179,4,23,F382-9235,11,364.94,4014.34,647.11,3367.23,2286.59,1080.64,606.1
1133,20220522,43,40,6,26,F445-6209,9,177.23,1595.07,212.3,1382.77,779.8,602.97,248.9
1134,20251202,2,29,9,14,F068-5397,4,886.26,3545.04,60.62,3484.42,1759.37,1725.05,627.2
1135,20220519,41,58,5,1,F101-6180,15,88.62,1329.3,97.57,1231.73,658.55,573.18,221.71
1136,20240506,15,135,5,19,F842-8022,2,159.6,319.2,54.97,264.23,133.36,130.87,47.56
1137,20220524,7,70,10,4,F919-0786,12,2811.81,33741.72,4248.08,29493.64,15820.37,13673.27,5308.86
1138,20240216,11,190,9,18,F609-6598,13,139.17,1809.21,155.05,1654.16,908.19,745.97,297.75
1139,20251226,31,40,3,5,F388-9299,5,293.23,1466.15,3.08,1463.07,852.55,610.52,263.35
1140,20251224,48,182,4,22,F624-6853,15,137.89,2068.35,330.11,1738.24,1173.14,565.1,312.88
1141,20231224,46,129,5,9,F976-7009,8,286.39,2291.12,497.17,1793.95,1147.58,646.37,322.91
1142,20251004,34,163,2,10,F417-5124,15,2391.16,35867.4,7288.26,28579.14,15025.56,13553.58,5144.25
1143,20240326,55,24,3,19,F059-1386,2,1.88,3.76,0.06,3.7,1.95,1.75,0.67
1144,20251104,48,109,9,30,F749-2236,15,138.36,2075.4,224.97,1850.43,1211.79,638.64,333.08
1145,20220712,31,179,2,13,F015-3116,11,288.42,3172.62,696.39,2476.23,1628.41,847.82,445.72
1146,20220421,59,192,6,8,F757-8653,1,7.35,7.35,1.15,6.2,3.85,2.35,1.12
1147,20221029,44,196,9,29,F231-2865,10,117.04,1170.4,115.52,1054.88,541.9,512.98,189.88
1148,20241108,5,109,8,13,F175-6116,3,941.46,2824.38,319.15,2505.23,1679.75,825.48,450.94
1149,20221209,8,197,2,10,F307-7916,11,2436.44,26800.84,1471.37,25329.47,14889.27,10440.2,4559.3
1150,20230808,19,56,5,30,F956-8447,1,822.33,822.33,133.55,688.78,408.98,279.8,123.98
1151,20220701,53,125,1,12,F007-7543,15,5.06,75.9,7.73,68.17,41.14,27.03,12.27
1152,20221007,22,48,7,12,F010-1661,2,836.72,1673.44,1.84,1671.6,1099.98,571.62,300.89
1153,20221119,28,106,2,30,F500-0114,2,249.58,499.16,58.1,441.06,290.97,150.09,79.39
1154,20220805,10,77,6,14,F914-2985,5,3233.57,16167.85,803.54,15364.31,8589.75,6774.56,2765.58
1155,20240513,35,113,3,5,F363-7111,2,406.17,812.34,176.85,635.49,388.45,247.04,114.39
1156,20241111,1,73,1,5,F405-6899,14,1175.4,16455.6,2567.07,13888.53,6973.89,6914.64,2499.94
1157,20230705,48,123,5,4,F432-8013,1,139.51,139.51,4.92,134.59,69.96,64.63,24.23
1158,20231219,36,196,7,17,F744-6371,11,85.82,944.02,148.4,795.62,433.6,362.02,143.21
1159,20221120,9,89,9,1,F786-3875,2,2066.01,4132.02,720.62,3411.4,1723.52,1687.88,614.05
1160,20250820,4,3,7,16,F297-4624,6,2188.69,13132.14,1240.99,11891.15,7127.76,4763.39,2140.41
1161,20241217,32,131,3,8,F288-1885,7,401.43,2810.01,153.15,2656.86,1356.32,1300.54,478.23
1162,20251002,56,51,8,23,F802-1689,12,5.36,64.32,3.5,60.82,39.18,21.64,10.95
1163,20220905,45,152,3,8,F124-2168,10,59.25,592.5,23.64,568.86,385.98,182.88,102.39
1164,20240222,26,158,4,3,F886-0835,4,78.9,315.6,64.51,251.09,141.93,109.16,45.2
1165,20240415,25,57,6,14,F491-1006,5,1755.15,8775.75,1351.47,7424.28,5019.0,2405.28,1336.37
1166,20251102,33,72,6,23,F429-4047,1,1570.84,1570.84,105.09,1465.75,782.49,683.26,263.83
1167,20221027,21,191,6,7,F293-7735,3,669.88,2009.64,18.09,1991.55,976.71,1014.84,358.48
1168,20240628,18,126,6,11,F312-1828,2,774.8,1549.6,146.9,1402.7,744.07,658.63,252.49
1169,20250129,7,85,6,24,F830-5921,11,2880.8,31688.8,3847.02,27841.78,18163.83,9677.95,5011.52
1170,20231124,48,71,4,19,F394-1430,9,150.85,1357.65,180.57,1177.08,621.09,555.99,211.87
1171,20221225,57,151,4,7,F722-7304,11,2.25,24.75,4.04,20.71,10.44,10.27,3.73
1172,20251229,60,122,4,18,F739-2518,9,16.95,152.55,20.78,131.77,71.19,60.58,23.72
1173,20250421,3,195,9,12,F917-5997,7,675.4,4727.8,572.54,4155.26,2204.39,1950.87,747.95
1174,20230801,29,108,9,30,F976-8256,2,48.37,96.74,19.39,77.35,38.18,39.17,13.92
1175,20220412,51,75,1,19,F063-3117,10,20.24,202.4,12.2,190.2,128.1,62.1,34.24
1176,20230506,48,20,3,15,F769-8345,8,151.75,1214.0,182.83,1031.17,674.44,356.73,185.61
1177,20230616,25,48,1,6,F586-3569,7,1803.93,12627.51,1113.75,11513.76,6151.79,5361.97,2072.48
1178,20251025,38,129,9,9,F311-3610,15,68.89,1033.35,211.11,822.24,479.0,343.24,148.0
1179,20220204,19,137,4,10,F041-2428,9,889.36,8004.24,209.71,7794.53,4090.46,3704.07,1403.02
1180,20220327,57,165,4,27,F216-8759,3,2.32,6.96,0.41,6.55,4.18,2.37,1.18
1181,20220128,8,84,2,23,F906-9000,6,2287.74,13726.44,1910.72,11815.72,7969.04,3846.68,2126.83
1182,20240531,17,15,1,27,F365-3593,7,550.51,3853.57,761.47,3092.1,1666.58,1425.52,556.58
1183,20230325,47,169,10,4,F740-6259,3,406.15,1218.45,68.6,1149.85,555.52,594.33,206.97
1184,20250618,42,114,4,11,F276-3342,11,119.16,1310.76,182.85,1127.91,665.66,462.25,203.02
1185,20220621,38,60,7,12,F152-7849,14,68.11,953.54,157.91,795.63,406.67,388.96,143.21
1186,20241027,6,49,10,16,F966-2956,8,3374.13,26993.04,1098.62,25894.42,16895.34,8999.08,4661.0
1187,20221017,42,101,10,7,F072-2352,5,119.71,598.55,21.43,577.12,297.53,279.59,103.88
1188,20221030,5,26,9,5,F745-0194,8,951.53,7612.24,1522.45,6089.79,4104.99,1984.8,1096.16
1189,20231030,39,196,1,5,F255-1370,7,115.71,809.97,3.73,806.24,520.28,285.96,145.12
1190,20240219,18,3,2,18,F754-5545,11,677.28,7450.08,982.67,6467.41,4129.31,2338.1,1164.13
1191,20220402,55,114,3,10,F340-7847,4,2.1,8.4,0.26,8.14,5.14,3.0,1.47
1192,20230315,10,32,1,27,F046-1685,9,2947.71,26529.39,4037.77,22491.62,13618.61,8873.01,4048.49
1193,20230820,35,1,4,1,F233-6999,9,371.25,3341.25,651.54,2689.71,1514.46,1175.25,484.15
1194,20241027,25,176,7,22,F906-1842,11,1673.44,18407.84,1161.53,17246.31,11457.38,5788.93,3104.34
1195,20230524,32,73,6,3,F631-5468,2,408.06,816.12,40.32,775.8,520.79,255.01,139.64
1196,20240722,8,155,3,6,F439-8692,15,2446.4,36696.0,7427.27,29268.73,19291.53,9977.2,5268.37
1197,20220829,22,176,5,20,F838-4703,11,882.76,9710.36,908.89,8801.47,5796.86,3004.61,1584.26
1198,20231002,23,68,2,26,F003-2436,5,359.06,1795.3,361.93,1433.37,877.72,555.65,258.01
1199,20230215,50,123,2,4,F592-7004,6,88.24,529.44,17.21,512.23,291.63,220.6,92.2
1200,20220725,47,197,7,12,F327-8098,2,360.74,721.48,51.3,670.18,338.78,331.4,120.63
1201,20250708,28,36,4,13,F429-9001,7,249.11,1743.77,230.88,1512.89,918.81,594.08,272.32
1202,20230325,32,99,2,19,F733-6912,8,436.24,3489.92,408.67,3081.25,1985.19,1096.06,554.62
1203,20250504,34,23,4,12,F003-3331,12,2248.97,26987.64,4817.29,22170.35,11614.31,10556.04,3990.66
1204,20240603,55,29,1,30,F358-5913,9,1.85,16.65,1.74,14.91,7.56,7.35,2.68
1205,20250621,55,37,9,30,F935-6899,13,2.15,27.95,5.04,22.91,12.35,10.56,4.12
1206,20220311,16,179,3,13,F751-0432,4,301.31,1205.24,14.82,1190.42,604.21,586.21,214.28
1207,20241221,45,149,2,16,F858-9731,6,61.6,369.6,4.4,365.2,183.04,182.16,65.74
1208,20241113,56,20,1,19,F852-6824,3,5.26,15.78,1.27,14.51,7.19,7.32,2.61
1209,20220820,10,179,5,16,F422-5527,8,3231.38,25851.04,4229.23,21621.81,13613.55,8008.26,3891.93
1210,20220911,29,16,1,20,F770-2844,12,49.63,595.56,1.73,593.83,298.25,295.58,106.89
1211,20220526,33,117,9,23,F850-4228,7,1496.07,10472.49,1918.56,8553.93,5269.06,3284.87,1539.71
1212,20231216,59,41,5,3,F535-6186,5,7.04,35.2,5.49,29.71,16.78,12.93,5.35
1213,20230503,9,48,9,20,F862-1265,7,2313.56,16194.92,2205.75,13989.17,7327.27,6661.9,2518.05
1214,20240617,53,98,3,2,F823-6087,8,4.89,39.12,2.7,36.42,22.16,14.26,6.56
1215,20231015,42,155,6,1,F246-4624,5,122.82,614.1,14.62,599.48,297.08,302.4,107.91
1216,20230428,11,80,4,18,F207-0531,2,144.84,289.68,13.5,276.18,133.17,143.01,49.71
1217,20230915,16,124,1,2,F323-1528,10,304.57,3045.7,378.58,2667.12,1580.93,1086.19,480.08
1218,20230811,20,129,4,11,F770-6401,6,219.48,1316.88,217.81,1099.07,738.3,360.77,197.83
1219,20250226,47,105,9,4,F515-2461,3,365.85,1097.55,169.68,927.87,463.45,464.42,167.02
1220,20250412,2,10,5,6,F156-7588,7,831.87,5823.09,610.84,5212.25,3407.57,1804.68,938.2
1221,20251115,6,56,3,25,F736-2639,2,3605.67,7211.34,1511.5,5699.84,2999.91,2699.93,1025.97
1222,20230826,33,197,6,15,F805-2150,12,1595.85,19150.2,2564.21,16585.99,9697.12,6888.87,2985.48
1223,20240310,22,183,7,8,F214-9944,10,835.57,8355.7,1573.38,6782.32,3840.02,2942.3,1220.82
1224,20250917,5,4,3,25,F892-5072,10,1041.82,10418.2,1438.75,8979.45,5203.63,3775.82,1616.3
1225,20221213,36,25,8,11,F174-4844,13,91.45,1188.85,204.36,984.49,489.72,494.77,177.21
1226,20230729,11,46,8,9,F485-4195,10,132.85,1328.5,106.15,1222.35,608.54,613.81,220.02
1227,20240903,49,146,8,2,F373-4697,11,276.81,3044.91,619.03,2425.88,1620.41,805.47,436.66
1228,20240826,26,94,9,28,F640-5139,10,84.51,845.1,170.54,674.56,341.19,333.37,121.42
1229,20250320,24,175,1,20,F660-0935,7,401.49,2810.43,312.8,2497.63,1330.15,1167.48,449.57
1230,20230905,48,27,5,13,F163-9342,12,151.15,1813.8,327.75,1486.05,715.66,770.39,267.49
1231,20250515,26,24,6,15,F480-8768,4,91.24,364.96,31.17,333.79,191.08,142.71,60.08
1232,20221113,58,102,7,7,F412-5386,2,6.01,12.02,0.23,11.79,7.38,4.41,2.12
1233,20221014,5,122,2,9,F466-0628,10,933.0,9330.0,998.31,8331.69,5169.47,3162.22,1499.7
1234,20251205,35,146,1,20,F793-6231,8,361.68,2893.44,92.59,2800.85,1463.99,1336.86,504.15
1235,20240909,4,55,1,7,F889-0376,6,2285.2,13711.2,2381.64,11329.56,7655.52,3674.04,2039.32
1236,20241203,49,37,2,9,F415-1339,5,267.98,1339.9,74.36,1265.54,652.03,613.51,227.8
1237,20220821,20,172,5,6,F851-0881,8,256.11,2048.88,392.77,1656.11,968.75,687.36,298.1
1238,20240817,6,43,4,12,F965-6867,7,3611.47,25280.29,1901.08,23379.21,14743.75,8635.46,4208.26
1239,20250205,31,112,6,30,F710-9345,12,287.29,3447.48,594.35,2853.13,1920.49,932.64,513.56
1240,20250709,25,20,10,20,F149-5305,9,1885.82,16972.38,2924.34,14048.04,8420.76,5627.28,2528.65
1241,20230207,43,82,1,5,F919-7515,12,187.54,2250.48,367.73,1882.75,1181.13,701.62,338.89
1242,20251113,60,173,7,9,F534-0061,14,17.11,239.54,16.67,222.87,142.28,80.59,40.12
1243,20231127,29,149,2,2,F224-3075,14,50.98,713.72,19.77,693.95,395.46,298.49,124.91
1244,20220703,27,90,4,7,F996-9451,13,178.71,2323.23,84.8,2238.43,1243.47,994.96,402.92
1245,20240508,1,129,2,23,F512-7472,6,1177.74,7066.44,25.44,7041.0,4642.35,2398.65,1267.38
1246,20220219,27,196,6,4,F949-2881,6,170.01,1020.06,185.85,834.21,471.47,362.74,150.16
1247,20221217,30,112,7,10,F866-7168,3,122.91,368.73,44.84,323.89,166.0,157.89,58.3
1248,20240825,41,26,2,26,F858-1701,10,91.89,918.9,189.57,729.33,482.22,247.11,131.28
1249,20231024,6,192,10,30,F558-1634,10,3465.54,34655.4,7107.82,27547.58,13794.04,13753.54,4958.56
1250,20240815,41,108,4,8,F796-7449,10,94.59,945.9,167.71,778.19,477.45,300.74,140.07
1251,20221212,36,90,8,14,F930-6485,4,84.09,336.36,63.37,272.99,182.93,90.06,49.14
1252,20250129,1,169,5,10,F859-6795,13,1298.63,16882.19,832.29,16049.9,8614.32,7435.58,2888.98
1253,20231124,44,7,3,26,F384-8503,15,109.61,1644.15,328.83,1315.32,639.95,675.37,236.76
1254,20240605,53,111,4,18,F997-6413,6,4.93,29.58,2.18,27.4,18.41,8.99,4.93
1255,20251205,13,148,7,5,F962-6397,7,97.49,682.43,124.41,558.02,357.28,200.74,100.44
1256,20220708,47,60,2,23,F821-2070,15,353.81,5307.15,371.5,4935.65,2525.52,2410.13,888.42
1257,20230814,33,161,5,27,F567-2606,10,1484.3,14843.0,2560.42,12282.58,7966.56,4316.02,2210.86
1258,20250601,21,198,10,5,F029-8908,2,593.6,1187.2,6.65,1180.55,569.39,611.16,212.5
1259,20220423,59,34,8,21,F647-5868,10,7.53,75.3,6.33,68.97,43.35,25.62,12.41
1260,20231214,12,63,7,25,F267-0848,15,174.02,2610.3,127.38,2482.92,1288.05,1194.87,446.93
1261,20250331,18,149,2,4,F471-9764,3,669.68,2009.04,277.25,1731.79,1052.37,679.42,311.72
1262,20250122,8,20,8,28,F371-3408,5,2334.43,11672.15,672.32,10999.83,5677.29,5322.54,1979.97
1263,20230119,26,161,2,7,F704-6880,13,79.84,1037.92,4.98,1032.94,511.01,521.93,185.93
1264,20250612,25,47,5,1,F926-2928,11,1906.78,20974.58,4190.72,16783.86,10770.37,6013.49,3021.09
1265,20250729,43,88,6,16,F629-9831,10,174.78,1747.8,328.76,1419.04,714.4,704.64,255.43
1266,20230814,35,50,10,1,F549-0378,9,351.46,3163.14,516.22,2646.92,1761.04,885.88,476.45
1267,20221116,34,56,1,11,F142-3601,3,2223.13,6669.39,317.46,6351.93,3512.48,2839.45,1143.35
1268,20241018,6,24,6,23,F565-4823,3,3512.0,10536.0,620.57,9915.43,5714.41,4201.02,1784.78
1269,20220502,30,50,5,6,F203-4606,8,129.86,1038.88,99.63,939.25,628.61,310.64,169.06
1270,20250911,26,53,8,14,F905-7310,13,79.88,1038.44,175.08,863.36,468.21,395.15,155.4
1271,20230905,28,156,7,14,F205-9293,5,254.18,1270.9,228.13,1042.77,630.44,412.33,187.7
1272,20221202,23,9,9,9,F601-6715,11,329.31,3622.41,653.12,2969.29,1692.14,1277.15,534.47
1273,20240610,19,91,7,1,F118-2948,15,873.58,13103.7,1859.42,11244.28,7567.73,3676.55,2023.97
1274,20220925,52,56,6,12,F149-5152,13,9.82,127.66,5.22,122.44,64.78,57.66,22.04
1275,20251230,8,120,10,26,F330-3812,12,2291.38,27496.56,65.99,27430.57,14970.89,12459.68,4937.5
1276,20241129,36,27,9,9,F734-9960,5,79.32,396.6,52.51,344.09,201.45,142.64,61.94
1277,20251005,57,108,7,11,F833-5245,11,2.54,27.94,0.46,27.48,18.1,9.38,4.95
1278,20221225,13,71,7,4,F128-7419,13,90.44,1175.72,127.8,1047.92,512.81,535.11,188.63
1279,20240227,11,73,1,21,F803-9434,10,146.35,1463.5,123.23,1340.27,797.84,542.43,241.25
1280,20230720,1,10,9,30,F541-0641,5,1292.69,6463.45,186.15,6277.3,4226.95,2050.35,1129.91
1281,20250530,22,107,5,9,F325-5666,2,889.66,1779.32,183.98,1595.34,1030.54,564.8,287.16
1282,20250918,26,101,5,23,F466-8083,13,79.53,1033.89,71.24,962.65,579.96,382.69,173.28
1283,20250131,55,159,2,1,F230-0784,15,2.08,31.2,0.83,30.37,16.85,13.52,5.47
1284,20230531,53,186,7,8,F175-1443,2,4.32,8.64,1.89,6.75,4.4,2.35,1.21
1285,20221106,13,2,1,9,F905-0706,13,99.31,1291.03,104.83,1186.2,783.58,402.62,213.52
1286,20220801,8,157,7,9,F716-2791,5,2308.33,11541.65,190.44,11351.21,6196.24,5154.97,2043.22
1287,20250613,60,38,10,29,F871-6772,8,17.07,136.56,3.61,132.95,72.31,60.64,23.93
1288,20220915,41,123,8,9,F330-7909,2,94.64,189.28,21.73,167.55,88.48,79.07,30.16
1289,20220329,15,143,4,22,F663-3374,13,151.36,1967.68,128.29,1839.39,913.37,926.02,331.09
1290,20250514,45,56,8,27,F395-3079,8,52.7,421.6,5.61,415.99,200.77,215.22,74.88
1291,20241107,32,132,6,25,F968-5109,4,403.1,1612.4,288.78,1323.62,836.95,486.67,238.25
1292,20240401,46,34,4,30,F373-6318,3,286.2,858.6,160.13,698.47,350.03,348.44,125.72
1293,20220601,29,18,5,14,F169-5033,9,50.35,453.15,20.26,432.89,242.44,190.45,77.92
1294,20230408,56,191,2,8,F017-7551,2,5.67,11.34,0.37,10.97,7.19,3.78,1.97
1295,20220910,12,68,2,30,F564-1378,8,174.89,1399.12,203.71,1195.41,682.02,513.39,215.17
1296,20250411,23,86,1,15,F280-6059,3,332.72,998.16,87.14,911.02,515.79,395.23,163.98
1297,20230508,7,76,4,13,F181-9733,7,2575.33,18027.31,2902.4,15124.91,8538.28,6586.63,2722.48
1298,20220710,18,13,4,4,F225-1888,8,726.55,5812.4,663.19,5149.21,2584.06,2565.15,926.86
1299,20230816,4,26,5,8,F904-6629,10,2269.72,22697.2,1330.06,21367.14,10537.62,10829.52,3846.09
1300,20240603,26,69,8,7,F176-3336,4,84.26,337.04,54.43,282.61,185.37,97.24,50.87
1301,20221227,23,25,3,17,F930-7812,12,344.91,4138.92,543.03,3595.89,2253.82,1342.07,647.26
1302,20250302,48,175,2,6,F192-5443,15,138.85,2082.75,315.12,1767.63,908.64,858.99,318.17
1303,20240209,58,6,3,9,F903-1262,1,5.65,5.65,0.83,4.82,2.73,2.09,0.87
1304,20241117,11,122,10,1,F501-4056,14,148.32,2076.48,4.36,2072.12,1140.55,931.57,372.98
1305,20241128,31,75,4,17,F516-2742,14,268.68,3761.52,14.29,3747.23,2308.33,1438.9,674.5
1306,20230828,49,86,8,16,F753-5748,2,243.42,486.84,10.71,476.13,305.09,171.04,85.7
1307,20220804,35,91,5,23,F342-8485,8,368.58,2948.64,164.53,2784.11,1591.82,1192.29,501.14
1308,20230303,50,29,5,22,F532-0340,14,88.37,1237.18,245.58,991.6,594.12,397.48,178.49
1309,20230810,10,92,8,1,F251-9464,14,3347.33,46862.62,2272.84,44589.78,30268.32,14321.46,8026.16
1310,20240205,48,50,7,21,F111-4488,7,148.74,1041.18,82.36,958.82,602.98,355.84,172.59
1311,20220717,57,135,3,9,F933-5716,9,2.47,22.23,4.4,17.83,10.16,7.67,3.21
1312,20230823,57,80,4,2,F594-8521,10,2.34,23.4,2.15,21.25,14.42,6.83,3.82
1313,20231116,45,146,6,10,F113-0137,10,55.36,553.6,15.0,538.6,344.2,194.4,96.95
1314,20231126,32,75,10,18,F681-2665,3,465.9,1397.7,143.4,1254.3,639.75,614.55,225.77
1315,20220325,20,11,4,10,F846-9717,2,239.73,479.46,84.38,395.08,190.87,204.21,71.11
1316,20220807,8,1,1,9,F142-5738,5,2310.62,11553.1,12.71,11540.39,6352.42,5187.97,2077.27
1317,20220402,57,144,3,3,F731-4435,14,2.32,32.48,3.59,28.89,19.41,9.48,5.2
1318,20230824,10,75,4,2,F485-5811,4,3356.73,13426.92,1276.9,12150.02,8063.38,4086.64,2187.0
1319,20220306,16,26,5,30,F310-9782,11,334.92,3684.12,313.15,3370.97,1887.15,1483.82,606.77
1320,20230413,20,149,3,22,F787-3269,7,226.46,1585.22,236.83,1348.39,734.19,614.2,242.71
1321,20241231,17,77,10,30,F644-7556,9,495.78,4462.02,195.88,4266.14,2307.98,1958.16,767.91
1322,20221016,35,36,9,15,F711-5133,13,363.56,4726.28,910.75,3815.53,2164.85,1650.68,686.8
1323,20230414,33,120,7,14,F473-0454,12,1713.19,20558.28,1617.94,18940.34,10433.07,8507.27,3409.26
1324,20231008,59,158,5,26,F249-9509,13,7.02,91.26,8.45,82.81,52.27,30.54,14.91
1325,20230822,33,76,1,25,F866-6434,10,1555.71,15557.1,1859.07,13698.03,8124.51,5573.52,2465.65
1326,20251224,9,133,8,27,F056-1388,1,2180.6,2180.6,221.99,1958.61,1239.01,719.6,352.55
1327,20240828,4,75,10,16,F708-5429,11,2036.12,22397.32,528.58,21868.74,13096.49,8772.25,3936.37
1328,20220907,56,184,1,23,F210-8459,12,5.16,61.92,7.96,53.96,31.41,22.55,9.71
1329,20231024,10,164,3,10,F644-5094,8,3120.78,24966.24,748.99,24217.25,15959.42,8257.83,4359.1
1330,20250320,47,52,2,3,F001-2508,1,407.73,407.73,72.25,335.48,202.88,132.6,60.39
1331,20250122,39,122,1,27,F518-7272,9,132.82,1195.38,25.46,1169.92,609.36,560.56,210.59
1332,20240827,26,48,4,27,F869-8958,2,79.16,158.32,10.45,147.87,85.28,62.59,26.62
1333,20230227,17,32,7,5,F652-0355,11,559.81,6157.91,594.85,5563.06,3402.54,2160.52,1001.35
1334,20230924,12,190,9,7,F488-7872,12,170.87,2050.44,296.49,1753.95,901.8,852.15,315.71
1335,20250830,19,171,5,13,F396-1759,2,826.06,1652.12,348.6,1303.52,754.21,549.31,234.63
1336,20240422,30,31,10,13,F012-9512,7,122.66,858.62,27.99,830.63,445.79,384.84,149.51
1337,20240618,20,11,6,5,F480-7510,11,220.56,2426.16,476.74,1949.42,1177.4,772.02,350.9
1338,20230913,18,129,4,12,F925-8603,3,660.28,1980.84,155.89,1824.95,1188.35,636.6,328.49
1339,20250226,25,185,10,11,F471-2295,3,1788.39,5365.17,774.19,4590.98,2526.75,2064.23,826.38
1340,20240826,18,166,8,13,F986-7730,11,759.07,8349.77,556.09,7793.68,4355.0,3438.68,1402.86
1341,20230604,39,169,9,9,F133-5310,10,127.97,1279.7,199.51,1080.19,628.02,452.17,194.43
1342,20230310,38,18,1,1,F873-2608,6,71.92,431.52,55.49,376.03,242.91,133.12,67.69
1343,20230115,15,83,4,25,F828-3877,2,151.49,302.98,33.3,269.68,166.09,103.59,48.54
1344,20221104,7,108,2,2,F627-4104,3,2994.57,8983.71,1439.19,7544.52,4200.91,3343.61,1358.01
1345,20220915,8,156,1,30,F179-5262,12,2303.65,27643.8,442.3,27201.5,17209.58,9991.92,4896.27
1346,20240920,7,143,4,7,F259-8047,7,2895.47,20268.29,593.86,19674.43,11951.81,7722.62,3541.4
1347,20241125,29,136,4,3,F597-0398,4,48.77,195.08,8.64,186.44,95.54,90.9,33.56
1348,20231212,41,2,6,25,F418-9311,2,103.27,206.54,9.25,197.29,126.66,70.63,35.51
1349,20220308,35,187,9,16,F195-3400,6,409.76,2458.56,100.31,2358.25,1476.25,882.0,424.48
1350,20230727,37,144,3,26,F069-7191,9,152.08,1368.72,106.08,1262.64,762.25,500.39,227.28
1351,20241014,28,133,5,4,F121-8171,14,255.46,3576.44,55.79,3520.65,1744.94,1775.71,633.72
1352,20220824,15,75,5,13,F721-5864,9,150.2,1351.8,98.41,1253.39,657.78,595.61,225.61
1353,20250323,5,148,4,28,F531-8193,3,1027.29,3081.87,656.44,2425.43,1200.48,1224.95,436.58
1354,20241113,20,150,8,30,F940-4310,1,236.02,236.02,28.35,207.67,136.72,70.95,37.38
1355,20231010,42,196,1,5,F210-8964,6,114.18,685.08,63.51,621.57,323.28,298.29,111.88
1356,20230824,53,16,4,16,F075-9239,15,4.92,73.8,12.3,61.5,40.74,20.76,11.07
1357,20240313,58,19,7,20,F758-1321,14,5.8,81.2,13.67,67.53,32.89,34.64,12.16
1358,20220221,57,10,8,17,F231-5739,3,2.43,7.29,0.43,6.86,3.35,3.51,1.23
1359,20220724,28,6,1,1,F793-3215,13,248.95,3236.35,605.2,2631.15,1774.17,856.98,473.61
1360,20231124,35,142,8,2,F397-6181,7,392.37,2746.59,411.99,2334.6,1465.16,869.44,420.23
1361,20221118,45,113,2,29,F631-6025,12,53.18,638.16,59.92,578.24,293.49,284.75,104.08
1362,20221223,23,24,10,1,F233-6768,7,318.61,2230.27,450.51,1779.76,939.06,840.7,320.36
1363,20230124,48,4,4,27,F059-1256,13,150.18,1952.34,340.68,1611.66,956.7,654.96,290.1
1364,20250530,4,155,4,10,F133-9931,3,1982.49,5947.47,369.93,5577.54,3027.63,2549.91,1003.96
1365,20230217,26,140,4,16,F723-5849,2,85.56,171.12,24.71,146.41,72.51,73.9,26.35
1366,20221215,58,94,9,10,F890-4002,4,6.11,24.44,2.39,22.05,11.92,10.13,3.97
1367,20240605,34,14,6,29,F421-7967,6,2372.12,14232.72,2184.72,12048.0,6996.14,5051.86,2168.64
1368,20230807,18,60,5,24,F567-3454,15,669.11,10036.65,303.11,9733.54,6571.97,3161.57,1752.04
1369,20241206,8,61,8,21,F783-7435,14,2451.65,34323.1,5948.19,28374.91,13823.51,14551.4,5107.48
1370,20220822,8,99,5,27,F989-1385,14,2296.53,32151.42,237.92,31913.5,17092.66,14820.84,5744.43
1371,20251221,4,98,7,15,F046-3678,10,2039.45,20394.5,1723.34,18671.16,9032.54,9638.62,3360.81
1372,20231123,14,79,1,18,F782-5699,11,206.84,2275.24,215.69,2059.55,1010.11,1049.44,370.72
1373,20240329,60,68,10,7,F776-0449,10,16.72,167.2,27.76,139.44,76.31,63.13,25.1
1374,20251219,22,187,1,26,F112-9066,10,902.04,9020.4,861.45,8158.95,4613.97,3544.98,1468.61
1375,20220530,25,137,8,14,F587-9312,15,1926.51,28897.65,4311.53,24586.12,16022.84,8563.28,4425.5
1376,20220210,50,61,3,30,F016-4599,3,86.17,258.51,54.62,203.89,116.92,86.97,36.7
1377,20250610,52,139,5,11,F585-6466,5,10.46,52.3,0.98,51.32,27.2,24.12,9.24
1378,20221027,3,168,10,1,F128-5029,6,737.5,4425.0,261.52,4163.48,2207.07,1956.41,749.43
1379,20240606,37,119,1,15,F010-7643,14,147.86,2070.04,120.48,1949.56,1005.5,944.06,350.92
1380,20250316,3,105,1,19,F962-1304,8,782.11,6256.88,877.84,5379.04,3180.74,2198.3,968.23
1381,20250314,18,47,5,25,F806-4525,9,773.34,6960.06,480.94,6479.12,3192.97,3286.15,1166.24
1382,20230406,17,159,1,8,F118-0631,3,564.23,1692.69,84.63,1608.06,827.99,780.07,289.45
1383,20241118,12,142,4,2,F975-4245,14,188.31,2636.34,255.46,2380.88,1293.93,1086.95,428.56
1384,20251119,17,184,1,20,F241-5730,14,484.62,6784.68,1279.59,5505.09,3031.47,2473.62,990.92
1385,20250914,7,53,6,19,F381-6816,8,2589.3,20714.4,515.79,20198.61,10008.21,10190.4,3635.75
1386,20251007,5,156,6,11,F999-6687,15,988.13,14821.95,923.41,13898.54,6739.94,7158.6,2501.74
1387,20230629,58,8,3,12,F046-4766,8,5.85,46.8,9.7,37.1,19.99,17.11,6.68
1388,20250523,60,81,9,23,F800-8327,10,17.11,171.1,0.96,170.14,102.39,67.75,30.63
1389,20230102,51,150,1,22,F744-2459,6,22.42,134.52,27.82,106.7,59.3,47.4,19.21
1390,20220806,25,58,10,17,F589-8983,11,1866.83,20535.13,355.26,20179.87,9998.36,10181.51,3632.38
1391,20230525,47,14,10,16,F676-8593,12,369.97,4439.64,118.54,4321.1,2833.33,1487.77,777.8
1392,20231127,34,63,6,8,F819-5931,5,2195.48,10977.4,470.93,10506.47,6251.86,4254.61,1891.16
1393,20220929,15,114,7,12,F082-5767,12,161.82,1941.84,415.36,1526.48,944.3,582.18,274.77
1394,20230106,36,59,8,26,F429-3765,15,85.97,1289.55,102.78,1186.77,684.57,502.2,213.62
1395,20251006,37,105,10,22,F142-9922,3,152.09,456.27,92.94,363.33,192.2,171.13,65.4
1396,20240627,17,108,9,5,F590-8097,6,557.4,3344.4,230.76,3113.64,1545.3,1568.34,560.46
1397,20240418,41,4,3,4,F429-4316,4,101.95,407.8,80.74,327.06,214.32,112.74,58.87
1398,20220322,49,9,7,1,F707-2736,15,262.08,3931.2,406.49,3524.71,1763.06,1761.65,634.45
1399,20220718,5,109,6,5,F412-9125,14,901.6,12622.4,1469.25,11153.15,6219.25,4933.9,2007.57
1400,20250802,16,87,10,20,F632-1766,2,329.34,658.68,48.81,609.87,393.33,216.54,109.78
1401,20220827,47,105,8,24,F855-7139,12,345.31,4143.72,839.52,3304.2,2213.76,1090.44,594.76
1402,20220227,19,197,10,30,F840-8346,12,896.83,10761.96,318.55,10443.41,5396.01,5047.4,1879.81
1403,20231031,6,167,8,13,F329-7186,1,3169.69,3169.69,413.96,2755.73,1526.6,1229.13,496.03
1404,20220301,12,60,5,16,F350-0792,10,182.66,1826.6,112.15,1714.45,1087.99,626.46,308.6
1405,20240228,37,110,5,11,F394-5220,9,144.23,1298.07,165.63,1132.44,734.74,397.7,203.84
1406,20231129,49,188,4,14,F532-4559,3,244.88,734.64,6.76,727.88,486.96,240.92,131.02
1407,20250925,37,31,5,9,F499-7192,6,153.4,920.4,20.16,900.24,483.39,416.85,162.04
1408,20240728,15,156,2,30,F238-4566,5,174.16,870.8,179.91,690.89,367.47,323.42,124.36
1409,20230711,10,8,10,29,F041-8845,9,2867.31,25805.79,4761.17,21044.62,13278.59,7766.03,3788.03
1410,20231113,35,95,4,10,F965-9358,1,405.32,405.32,43.53,361.79,233.17,128.62,65.12
1411,20240721,28,29,2,15,F911-7083,9,260.15,2341.35,65.09,2276.26,1299.22,977.04,409.73
1412,20231018,32,172,2,12,F823-1296,14,415.2,5812.8,174.97,5637.83,3020.13,2617.7,1014.81
1413,20240112,48,86,5,15,F646-8403,12,151.21,1814.52,29.76,1784.76,912.63,872.13,321.26
1414,20220717,44,10,7,4,F955-8541,12,120.44,1445.28,218.67,1226.61,807.67,418.94,220.79
1415,20240901,21,10,1,8,F141-9607,9,592.13,5329.17,774.86,4554.31,2985.42,1568.89,819.78
1416,20250407,25,39,8,27,F192-8139,4,1901.25,7605.0,1126.3,6478.7,3453.52,3025.18,1166.17
1417,20240509,19,186,4,1,F445-1103,11,802.24,8824.64,1700.51,7124.13,4774.35,2349.78,1282.34
1418,20251121,32,177,5,20,F390-9567,4,437.69,1750.76,273.47,1477.29,720.57,756.72,265.91
1419,20221104,16,77,4,29,F300-7948,8,325.19,2601.52,303.6,2297.92,1541.6,756.32,413.63
1420,20230912,32,76,2,8,F116-4707,7,455.94,3191.58,419.69,2771.89,1631.76,1140.13,498.94
1421,20250813,27,46,8,11,F677-1861,6,187.02,1122.12,61.04,1061.08,599.48,461.6,190.99
1422,20220407,23,126,10,14,F704-3848,12,348.47,4181.64,117.92,4063.72,2667.57,1396.15,731.47
1423,20241212,2,105,1,18,F791-5296,9,789.11,7101.99,335.92,6766.07,4399.28,2366.79,1217.89
1424,20231210,17,103,5,30,F056-4397,7,546.12,3822.84,329.15,3493.69,1985.78,1507.91,628.86
1425,20240630,32,115,7,8,F587-2729,6,450.7,2704.2,378.59,2325.61,1137.52,1188.09,418.61
1426,20240307,35,157,6,5,F620-8844,11,365.11,4016.21,97.59,3918.62,2639.78,1278.84,705.35
1427,20250918,2,181,6,30,F362-9059,1,884.27,884.27,156.07,728.2,362.68,365.52,131.08
1428,20220603,5,41,9,13,F881-3758,9,990.35,8913.15,412.68,8500.47,4990.58,3509.89,1530.08
1429,20240717,19,142,4,1,F037-0329,15,903.42,13551.3,1115.27,12436.03,6997.49,5438.54,2238.49
1430,20230615,49,11,3,10,F309-0398,2,279.72,559.44,61.71,497.73,317.69,180.04,89.59
1431,20220719,15,32,7,21,F411-2150,12,166.86,2002.32,108.93,1893.39,1012.0,881.39,340.81
1432,20241017,53,130,7,1,F016-8876,5,4.93,24.65,4.67,19.98,9.9,10.08,3.6
1433,20240630,39,50,10,28,F320-5304,2,133.67,267.34,43.28,224.06,143.07,80.99,40.33
1434,20250408,28,26,5,21,F591-7724,1,250.48,250.48,16.66,233.82,133.69,100.13,42.09
1435,20240223,25,72,8,10,F930-8737,2,1718.67,3437.34,168.09,3269.25,1834.92,1434.33,588.47
1436,20230517,33,96,9,23,F111-7410,1,1519.69,1519.69,332.05,1187.64,742.88,444.76,213.78
1437,20240727,15,95,8,19,F112-5090,1,165.32,165.32,14.45,150.87,79.42,71.45,27.16
1438,20240929,22,44,4,28,F965-8026,11,813.09,8943.99,1920.27,7023.72,3505.38,3518.34,1264.27
1439,20220302,38,134,10,25,F239-0966,3,63.65,190.95,16.94,174.01,112.69,61.32,31.32
1440,20250422,50,39,1,11,F706-9263,7,85.79,600.53,41.14,559.39,306.31,253.08,100.69
1441,20221121,39,144,8,18,F512-5129,1,122.44,122.44,7.22,115.22,60.13,55.09,20.74
1442,20250502,42,190,2,30,F108-6975,8,118.69,949.52,148.13,801.39,467.12,334.27,144.25
1443,20240211,45,192,2,6,F203-7170,3,52.7,158.1,26.32,131.78,67.53,64.25,23.72
1444,20231012,56,161,9,16,F144-8964,1,6.06,6.06,1.18,4.88,2.83,2.05,0.88
1445,20251111,27,185,5,17,F331-6089,5,169.67,848.35,21.97,826.38,561.24,265.14,148.75
1446,20241207,37,158,6,17,F620-4117,3,147.59,442.77,28.25,414.52,255.76,158.76,74.61
1447,20230625,31,35,3,17,F733-7764,15,286.65,4299.75,312.16,3987.59,2509.6,1477.99,717.77
1448,20241126,1,2,5,23,F193-3265,3,1166.57,3499.71,115.84,3383.87,1669.63,1714.24,609.1
1449,20221223,45,120,10,6,F069-5742,8,52.86,422.88,30.79,392.09,193.0,199.09,70.58
1450,20240811,41,50,5,10,F841-6983,4,96.53,386.12,29.31,356.81,172.28,184.53,64.23
1451,20231028,38,66,9,18,F657-3320,6,69.27,415.62,57.11,358.51,201.0,157.51,64.53
1452,20230524,5,68,10,4,F130-8558,2,979.77,1959.54,314.9,1644.64,881.52,763.12,296.04
1453,20221029,38,152,10,9,F990-7757,7,68.28,477.96,34.7,443.26,281.2,162.06,79.79
1454,20241112,14,158,3,5,F169-7791,13,198.98,2586.74,131.92,2454.82,1284.58,1170.24,441.87
1455,20230825,56,131,8,14,F681-7729,2,5.1,10.2,2.01,8.19,4.02,4.17,1.47
1456,20240716,21,97,7,23,F486-5817,13,604.5,7858.5,202.75,7655.75,4532.43,3123.32,1378.03
1457,20240419,20,55,3,21,F854-4551,6,254.62,1527.72,178.44,1349.28,886.01,463.27,242.87
1458,20220510,46,65,2,18,F922-7134,7,270.38,1892.66,233.36,1659.3,959.11,700.19,298.67
1459,20250802,42,198,6,24,F435-3503,1,121.16,121.16,23.09,98.07,63.85,34.22,17.65
1460,20251005,40,46,1,7,F453-5915,15,194.06,2910.9,601.68,2309.22,1285.06,1024.16,415.66
1461,20230620,34,95,5,17,F944-0213,10,2099.29,20992.9,1433.82,19559.08,9756.49,9802.59,3520.63
1462,20220604,39,12,5,9,F641-0938,11,119.51,1314.61,79.53,1235.08,711.09,523.99,222.31
1463,20250805,37,156,8,16,F178-7757,14,151.97,2127.58,336.16,1791.42,1028.57,762.85,322.46
1464,20240602,48,95,1,20,F916-2510,13,153.28,1992.64,239.12,1753.52,878.12,875.4,315.63
1465,20240519,46,31,1,15,F653-1022,14,300.54,4207.56,787.66,3419.9,1698.2,1721.7,615.58
1466,20220820,21,168,10,24,F018-5451,9,581.87,5236.83,319.45,4917.38,3198.83,1718.55,885.13
1467,20240917,54,151,6,17,F015-6606,15,5.17,77.55,5.4,72.15,44.87,27.28,12.99
1468,20250426,27,195,9,5,F747-4369,11,183.01,2013.11,27.18,1985.93,1029.88,956.05,357.47
1469,20250830,6,130,7,6,F651-0053,1,3181.78,3181.78,192.82,2988.96,1553.47,1435.49,538.01
1470,20240115,20,179,2,19,F953-7586,6,230.71,1384.26,35.85,1348.41,772.98,575.43,242.71
1471,20250610,6,82,10,21,F989-0330,2,3148.28,6296.56,253.12,6043.44,3005.3,3038.14,1087.82
1472,20250825,50,21,4,10,F858-3131,1,80.88,80.88,3.87,77.01,42.73,34.28,13.86
1473,20251008,48,74,3,9,F144-9258,3,150.27,450.81,30.79,420.02,233.47,186.55,75.6
1474,20241227,21,46,5,9,F715-7203,14,616.79,8635.06,357.49,8277.57,5435.99,2841.58,1489.96
1475,20220523,17,165,9,15,F850-2794,6,491.74,2950.44,375.59,2574.85,1415.58,1159.27,463.47
1476,20230727,3,54,7,12,F662-4730,10,780.04,7800.4,661.47,7138.93,4194.76,2944.17,1285.01
1477,20221104,14,69,2,17,F792-3453,9,205.46,1849.14,224.49,1624.65,1021.3,603.35,292.44
1478,20221218,17,169,3,16,F144-7656,5,503.49,2517.45,17.37,2500.08,1257.69,1242.39,450.01
1479,20240403,38,9,6,23,F108-5880,10,64.51,645.1,53.61,591.49,353.52,237.97,106.47
1480,20240220,56,166,2,6,F936-5866,3,5.99,17.97,1.67,16.3,8.92,7.38,2.93
1481,20240820,20,158,8,19,F590-7127,9,226.01,2034.09,83.4,1950.69,944.82,1005.87,351.12
1482,20230327,47,154,6,16,F695-6573,14,368.73,5162.22,276.69,4885.53,3051.87,1833.66,879.4
1483,20251205,20,130,2,14,F437-4414,15,220.82,3312.3,639.27,2673.03,1691.05,981.98,481.15
1484,20240628,37,77,10,23,F966-8587,1,141.27,141.27,5.1,136.17,69.89,66.28,24.51
1485,20221230,13,86,1,3,F317-2318,10,103.13,1031.3,170.58,860.72,435.51,425.21,154.93
1486,20241225,52,38,4,29,F177-4937,7,9.86,69.02,2.51,66.51,31.94,34.57,11.97
1487,20241024,20,186,4,5,F702-9099,4,222.52,890.08,167.96,722.12,409.67,312.45,129.98
1488,20250412,55,121,9,22,F404-3482,1,2.12,2.12,0.22,1.9,1.04,0.86,0.34
1489,20220901,59,196,2,13,F132-5216,7,6.91,48.37,8.85,39.52,24.55,14.97,7.11
1490,20241128,49,173,7,20,F404-8751,7,279.49,1956.43,332.79,1623.64,1070.96,552.68,292.26
1491,20220603,5,57,10,6,F787-3853,11,938.03,10318.33,1680.86,8637.47,5159.04,3478.43,1554.74
1492,20231231,24,193,7,30,F080-3770,9,422.77,3804.93,689.07,3115.86,1876.1,1239.76,560.85
1493,20250501,9,87,7,21,F185-6975,1,2218.52,2218.52,103.16,2115.36,1199.58,915.78,380.76
1494,20230406,10,67,7,6,F168-6525,7,2970.09,20790.63,3089.49,17701.14,10198.17,7502.97,3186.21
1495,20230730,44,176,2,21,F884-6627,2,115.19,230.38,23.57,206.81,102.69,104.12,37.23
1496,20220829,52,99,8,1,F498-6582,3,10.68,32.04,2.25,29.79,17.72,12.07,5.36
1497,20241108,28,30,10,26,F822-7378,5,261.88,1309.4,122.43,1186.97,745.91,441.06,213.65
1498,20230324,33,94,2,26,F184-6948,8,1555.63,12445.04,1948.89,10496.15,6810.26,3685.89,1889.31
1499,20250903,35,87,10,9,F203-8437,14,402.64,5636.96,836.52,4800.44,2448.6,2351.84,864.08
1500,20231029,53,73,1,4,F889-8022,14,4.82,67.48,6.75,60.73,29.74,30.99,10.93
1501,20250128,30,109,6,22,F304-0386,15,121.57,1823.55,240.53,1583.02,876.77,706.25,284.94
1502,20240816,35,84,5,21,F037-9762,5,369.25,1846.25,144.93,1701.32,822.59,878.73,306.24
1503,20220901,8,45,2,18,F097-2066,1,2444.96,2444.96,285.82,2159.14,1207.48,951.66,388.65
1504,20230102,47,118,10,8,F941-8578,8,351.89,2815.12,266.87,2548.25,1363.16,1185.09,458.69
1505,20221016,37,156,2,13,F525-1291,2,142.73,285.46,20.5,264.96,129.21,135.75,47.69
1506,20251225,22,48,5,24,F669-1299,12,932.86,11194.32,743.3,10451.02,5854.12,4596.9,1881.18
1507,20220501,54,78,10,17,F553-3994,2,5.38,10.76,1.88,8.88,5.28,3.6,1.6
1508,20250514,45,112,5,24,F706-3043,6,59.93,359.58,45.34,314.24,164.36,149.88,56.56
1509,20220407,18,174,5,9,F006-6672,1,722.98,722.98,96.16,626.82,414.92,211.9,112.83
1510,20250311,14,119,10,26,F651-5213,7,193.42,1353.94,195.78,1158.16,619.56,538.6,208.47
1511,20230224,7,157,5,24,F730-9984,1,2660.19,2660.19,414.99,2245.2,1176.96,1068.24,404.14
1512,20240529,53,100,8,30,F572-0206,7,4.7,32.9,4.59,28.31,15.45,12.86,5.1
1513,20241123,22,191,8,7,F546-2786,6,843.17,5059.02,915.68,4143.34,2114.58,2028.76,745.8
1514,20231015,44,21,8,18,F354-1362,7,112.61,788.27,5.6,782.67,509.09,273.58,140.88
1515,20220825,14,81,8,22,F479-0485,9,220.57,1985.13,161.19,1823.94,981.94,842.0,328.31
1516,20230123,10,107,1,25,F997-4652,3,3154.94,9464.82,1299.52,8165.3,4841.85,3323.45,1469.75
1517,20241217,36,97,10,28,F127-1589,4,89.58,358.32,29.6,328.72,193.13,135.59,59.17
1518,20231120,26,41,7,18,F419-5768,2,81.62,163.24,20.5,142.74,73.61,69.13,25.69
1519,20250412,49,93,2,22,F906-5207,15,246.68,3700.2,487.69,3212.51,1747.22,1465.29,578.25
1520,20241107,33,194,8,10,F846-7364,7,1601.27,11208.89,554.84,10654.05,5974.72,4679.33,1917.73
1521,20240807,11,86,8,21,F177-1611,3,154.52,463.56,40.79,422.77,203.21,219.56,76.1
1522,20251130,25,163,1,20,F230-2271,7,1809.48,12666.36,2714.4,9951.96,5593.59,4358.37,1791.35
1523,20241020,40,6,6,20,F256-2728,2,196.09,392.18,51.73,340.45,213.27,127.18,61.28
1524,20230712,37,191,10,29,F809-6379,11,146.96,1616.56,32.33,1584.23,877.76,706.47,285.16
1525,20250220,36,95,4,6,F484-3274,4,86.06,344.24,64.41,279.83,143.35,136.48,50.37
1526,20220314,21,119,8,8,F701-9884,2,585.76,1171.52,230.56,940.96,490.62,450.34,169.37
1527,20220812,29,165,2,26,F619-5428,13,51.36,667.68,25.97,641.71,367.24,274.47,115.51
1528,20250518,56,18,1,24,F034-6658,3,6.01,18.03,0.97,17.06,10.65,6.41,3.07
1529,20241108,56,107,5,29,F734-8804,8,5.62,44.96,8.53,36.43,18.0,18.43,6.56
1530,20251104,8,7,8,16,F848-0980,10,2603.38,26033.8,3707.21,22326.59,13102.01,9224.58,4018.79
1531,20230626,19,94,7,23,F950-8382,14,904.99,12669.86,2291.98,10377.88,6577.01,3800.87,1868.02
1532,20240928,41,68,10,25,F811-1832,7,98.05,686.35,118.88,567.47,284.15,283.32,102.14
1533,20240405,47,63,8,7,F271-1592,7,353.49,2474.43,357.31,2117.12,1076.32,1040.8,381.08
1534,20231208,22,193,4,25,F267-5611,2,889.24,1778.48,179.27,1599.21,994.42,604.79,287.86
1535,20231008,19,146,5,20,F037-2295,6,886.48,5318.88,921.23,4397.65,2726.16,1671.49,791.58
1536,20250716,10,93,5,10,F968-2594,1,3098.88,3098.88,150.61,2948.27,1633.84,1314.43,530.69
1537,20230801,37,40,3,5,F623-4790,8,147.18,1177.44,184.74,992.7,610.17,382.53,178.69
1538,20250604,55,150,5,5,F599-0198,11,1.99,21.89,1.1,20.79,13.52,7.27,3.74
1539,20230703,17,104,8,20,F922-2792,9,517.11,4653.99,763.25,3890.74,2642.68,1248.06,700.33
1540,20221212,23,96,7,28,F949-7951,10,345.32,3453.2,647.82,2805.38,1522.93,1282.45,504.97
1541,20230509,42,98,1,22,F970-1061,9,117.23,1055.07,111.94,943.13,544.0,399.13,169.76
1542,20250330,22,200,2,21,F202-5841,4,825.48,3301.92,162.78,3139.14,1681.52,1457.62,565.05
1543,20221031,32,192,9,29,F234-3319,15,430.18,6452.7,906.6,5546.1,2675.66,2870.44,998.3
1544,20230119,24,130,2,9,F567-8762,7,445.82,3120.74,430.04,2690.7,1803.86,886.84,484.33
1545,20251205,55,115,10,17,F254-4010,14,2.11,29.54,0.52,29.02,18.56,10.46,5.22
1546,20250208,17,63,4,23,F735-7473,3,557.53,1672.59,253.73,1418.86,865.73,553.13,255.39
1547,20251102,12,191,4,24,F851-1044,10,167.61,1676.1,98.05,1578.05,845.04,733.01,284.05
1548,20231117,58,63,10,25,F596-7820,9,6.1,54.9,3.66,51.24,26.72,24.52,9.22
1549,20240705,30,163,2,7,F490-1908,15,115.68,1735.2,298.28,1436.92,781.36,655.56,258.65
1550,20240301,29,154,8,10,F583-0158,4,43.81,175.24,3.86,171.38,102.46,68.92,30.85
1551,20250221,38,200,4,19,F826-7476,15,65.76,986.4,24.17,962.23,632.48,329.75,173.2
1552,20240821,1,46,6,17,F495-8425,7,1152.57,8067.99,1067.4,7000.59,4049.99,2950.6,1260.11
1553,20251128,19,88,5,22,F575-8243,5,926.11,4630.55,269.03,4361.52,2557.76,1803.76,785.07
1554,20230416,20,125,1,11,F915-8349,2,245.62,491.24,105.62,385.62,258.03,127.59,69.41
1555,20241104,31,78,2,30,F883-7262,3,288.32,864.96,12.46,852.5,482.86,369.64,153.45
1556,20240906,22,28,4,7,F315-8222,9,888.61,7997.49,1447.55,6549.94,3397.58,3152.36,1178.99
1557,20241022,20,157,4,19,F689-2533,9,232.67,2094.03,217.36,1876.67,1157.81,718.86,337.8
1558,20251101,21,41,10,22,F161-5336,13,588.37,7648.81,666.98,6981.83,3591.14,3390.69,1256.73
1559,20240727,34,186,5,8,F956-4307,11,2406.58,26472.38,3467.88,23004.5,12960.32,10044.18,4140.81
1560,20220406,31,86,6,27,F764-5167,14,310.61,4348.54,290.48,4058.06,2065.54,1992.52,730.45
1561,20240822,29,196,7,2,F992-6698,10,45.69,456.9,39.57,417.33,235.13,182.2,75.12
1562,20250620,23,5,4,7,F678-4194,3,345.43,1036.29,222.28,814.01,515.6,298.41,146.52
1563,20230704,19,84,9,18,F757-3268,1,908.14,908.14,64.3,843.84,538.53,305.31,151.89
1564,20231123,52,20,4,6,F334-7860,9,9.62,86.58,8.38,78.2,41.82,36.38,14.08
1565,20250719,47,181,8,8,F287-9941,1,381.53,381.53,65.59,315.94,176.3,139.64,56.87
1566,20251222,38,138,6,15,F946-4657,2,65.12,130.24,1.6,128.64,70.56,58.08,23.16
1567,20230120,8,199,7,27,F156-2465,15,2495.59,37433.85,6176.59,31257.26,17032.37,14224.89,5626.31
1568,20240430,38,84,10,18,F782-4272,4,64.23,256.92,31.76,225.16,127.81,97.35,40.53
1569,20250831,36,198,2,28,F805-5144,5,86.35,431.75,65.5,366.25,186.09,180.16,65.92
1570,20250718,55,48,6,15,F234-7550,13,1.98,25.74,2.53,23.21,15.25,7.96,4.18
1571,20241015,24,155,1,5,F123-6731,11,420.54,4625.94,988.56,3637.38,1934.38,1703.0,654.73
1572,20240215,28,16,9,12,F017-9269,8,245.37,1962.96,344.7,1618.26,1045.94,572.32,291.29
1573,20220316,28,138,8,10,F589-5469,9,271.76,2445.84,469.85,1975.99,1077.73,898.26,355.68
1574,20251211,41,200,2,18,F163-8414,2,88.25,176.5,21.96,154.54,104.29,50.25,27.82
1575,20231105,55,49,2,25,F701-7061,10,2.15,21.5,4.36,17.14,10.32,6.82,3.09
1576,20231125,53,39,6,3,F187-9425,8,4.54,36.32,7.11,29.21,19.83,9.38,5.26
1577,20240128,22,111,1,13,F589-4814,13,860.51,11186.63,1704.84,9481.79,6106.67,3375.12,1706.72
1578,20240512,1,110,3,9,F877-3652,7,1231.55,8620.85,36.21,8584.64,4507.33,4077.31,1545.24
1579,20241213,38,52,10,30,F364-9452,6,68.63,411.78,48.22,363.56,222.03,141.53,65.44
1580,20241223,10,7,9,20,F968-0647,3,2917.82,8753.46,397.41,8356.05,4314.37,4041.68,1504.09
1581,20230630,50,81,4,22,F214-3305,6,80.25,481.5,101.11,380.39,207.5,172.89,68.47
1582,20251201,20,198,6,1,F141-7204,5,226.03,1130.15,57.98,1072.17,711.89,360.28,192.99
1583,20231022,8,190,4,13,F051-7321,7,2655.68,18589.76,104.1,18485.66,12080.5,6405.16,3327.42
1584,20240214,29,32,2,6,F519-9475,4,46.45,185.8,31.51,154.29,92.27,62.02,27.77
1585,20250102,47,126,10,12,F768-5192,3,376.48,1129.44,188.05,941.39,474.53,466.86,169.45
1586,20240405,27,66,9,4,F968-7487,2,163.33,326.66,57.49,269.17,148.57,120.6,48.45
1587,20250901,2,26,6,12,F969-5079,13,748.17,9726.21,898.7,8827.51,5934.86,2892.65,1588.95
1588,20220210,54,180,2,21,F660-6385,14,4.63,64.82,9.3,55.52,29.2,26.32,9.99
1589,20230510,57,12,3,28,F255-2906,5,2.4,12.0,1.93,10.07,6.64,3.43,1.81
1590,20250417,37,196,1,2,F611-3438,9,131.35,1182.15,40.55,1141.6,706.67,434.93,205.49
1591,20231114,56,41,7,6,F179-8497,5,5.83,29.15,2.38,26.77,15.07,11.7,4.82
1592,20220518,10,29,3,1,F510-3344,13,3218.62,41842.06,6154.97,35687.09,19735.45,15951.64,6423.68
1593,20241125,20,83,1,26,F027-5433,6,236.21,1417.26,283.45,1133.81,604.36,529.45,204.09
1594,20231230,2,105,1,18,F387-9806,1,875.4,875.4,141.55,733.85,373.43,360.42,132.09
1595,20240119,47,58,2,14,F068-1842,3,377.05,1131.15,24.89,1106.26,608.15,498.11,199.13
1596,20230711,31,35,10,26,F653-0012,7,286.73,2007.11,378.14,1628.97,956.77,672.2,293.21
1597,20221113,20,169,9,12,F980-1580,15,239.28,3589.2,712.82,2876.38,1454.41,1421.97,517.75
1598,20250726,31,57,9,5,F825-2337,14,288.17,4034.38,756.04,3278.34,1702.3,1576.04,590.1
1599,20250112,15,158,2,8,F232-4107,12,167.66,2011.92,42.05,1969.87,1104.64,865.23,354.58
1600,20230114,12,172,10,17,F530-9457,5,189.78,948.9,68.61,880.29,594.01,286.28,158.45
1601,20230330,57,170,3,19,F755-0561,15,2.31,34.65,1.0,33.65,18.99,14.66,6.06
1602,20250414,48,47,1,5,F650-0559,7,154.07,1078.49,149.91,928.58,593.21,335.37,167.14
1603,20221203,54,124,8,28,F353-3077,3,5.28,15.84,1.38,14.46,6.97,7.49,2.6
1604,20220425,41,117,10,9,F559-7207,10,101.75,1017.5,90.76,926.74,628.83,297.91,166.81
1605,20231117,8,87,3,9,F350-7985,11,2616.27,28778.97,4866.52,23912.45,15896.45,8016.0,4304.24
1606,20221006,50,196,9,9,F065-5988,11,86.62,952.82,20.2,932.62,607.36,325.26,167.87
1607,20220312,28,118,2,4,F564-4845,9,256.2,2305.8,64.1,2241.7,1177.85,1063.85,403.51
1608,20250506,9,22,9,6,F408-8371,5,2364.43,11822.15,1177.49,10644.66,6287.37,4357.29,1916.04
1609,20221210,13,188,6,17,F616-2487,11,89.5,984.5,48.04,936.46,452.63,483.83,168.56
1610,20250825,37,139,4,23,F970-8698,9,152.9,1376.1,14.17,1361.93,798.95,562.98,245.15
1611,20250315,11,159,4,27,F953-2492,2,140.61,281.22,42.1,239.12,145.14,93.98,43.04
1612,20240421,35,13,7,10,F400-8549,10,415.03,4150.3,387.22,3763.08,1958.45,1804.63,677.35
1613,20241108,27,77,1,3,F258-9106,8,184.72,1477.76,104.63,1373.13,857.26,515.87,247.16
1614,20230718,43,18,1,25,F421-2299,15,167.0,2505.0,404.31,2100.69,1257.89,842.8,378.12
1615,20250910,10,63,7,26,F164-6866,3,3076.67,9230.01,1552.49,7677.52,4924.34,2753.18,1381.95
1616,20240830,26,71,3,29,F412-2023,4,87.27,349.08,64.09,284.99,140.82,144.17,51.3
1617,20240222,47,173,5,25,F336-0177,11,391.23,4303.53,143.74,4159.79,2365.57,1794.22,748.76
1618,20230227,41,154,8,8,F677-7181,5,89.09,445.45,51.36,394.09,249.98,144.11,70.94
1619,20240827,20,19,6,29,F279-0672,9,253.93,2285.37,373.43,1911.94,1091.48,820.46,344.15
1620,20250508,25,150,3,29,F727-7984,5,1890.52,9452.6,234.42,9218.18,5284.83,3933.35,1659.27
1621,20230308,49,155,10,28,F372-3954,9,250.03,2250.27,51.08,2199.19,1494.4,704.79,395.85
1622,20221217,56,108,1,21,F108-4591,8,5.94,47.52,8.75,38.77,26.08,12.69,6.98
1623,20240602,54,85,7,22,F857-4117,5,5.22,26.1,5.19,20.91,12.71,8.2,3.76
1624,20250129,23,150,8,8,F606-7107,2,312.05,624.1,97.92,526.18,303.66,222.52,94.71
1625,20230801,43,156,10,13,F622-8503,13,165.61,2152.93,391.4,1761.53,1017.41,744.12,317.08
1626,20220614,56,165,2,19,F098-1925,7,6.02,42.14,0.39,41.75,20.94,20.81,7.51
1627,20231101,49,108,7,23,F763-0654,10,247.63,2476.3,366.49,2109.81,1394.07,715.74,379.77
1628,20241221,23,134,1,13,F833-7075,8,345.51,2764.08,518.26,2245.82,1335.52,910.3,404.25
1629,20250224,43,85,2,10,F943-6753,4,185.15,740.6,92.35,648.25,314.29,333.96,116.69
1630,20250925,52,175,6,12,F997-4075,8,9.29,74.32,13.89,60.43,32.07,28.36,10.88
1631,20251224,18,163,5,25,F813-2632,1,715.91,715.91,51.12,664.79,412.05,252.74,119.66
1632,20251112,14,103,6,25,F836-2819,14,213.51,2989.14,359.89,2629.25,1431.3,1197.95,473.26
1633,20240607,55,190,4,11,F849-5011,2,2.03,4.06,0.3,3.76,2.27,1.49,0.68
1634,20240710,7,128,3,25,F392-3313,2,3001.65,6003.3,844.66,5158.64,2799.0,2359.64,928.56
1635,20241028,17,93,3,6,F331-0261,8,563.01,4504.08,347.26,4156.82,2665.27,1491.55,748.23
1636,20221122,8,144,5,25,F574-8819,5,2370.97,11854.85,2369.78,9485.07,5881.18,3603.89,1707.31
1637,20220813,12,183,10,30,F898-6630,12,179.11,2149.32,35.89,2113.43,1053.91,1059.52,380.42
1638,20230218,55,35,7,4,F866-4816,12,1.94,23.28,1.74,21.54,11.86,9.68,3.88
1639,20230316,40,11,4,18,F159-4486,2,194.41,388.82,27.68,361.14,189.59,171.55,65.01
1640,20231224,2,58,8,21,F832-3539,14,818.49,11458.86,1752.06,9706.8,5084.37,4622.43,1747.22
1641,20250624,10,124,8,14,F570-9032,4,2821.87,11287.48,2395.2,8892.28,5793.38,3098.9,1600.61
1642,20251112,37,161,10,29,F924-6343,3,135.99,407.97,76.09,331.88,197.86,134.02,59.74
1643,20241116,48,68,7,12,F374-3846,13,137.74,1790.62,386.77,1403.85,899.43,504.42,252.69
1644,20230302,21,180,4,26,F552-9486,2,630.74,1261.48,265.92,995.56,504.65,490.91,179.2
1645,20251107,9,122,9,11,F108-9898,15,2060.88,30913.2,5332.53,25580.67,14874.92,10705.75,4604.52
1646,20240312,15,58,8,9,F589-0872,12,169.41,2032.92,314.09,1718.83,1160.72,558.11,309.39
1647,20251028,30,44,1,18,F460-9159,8,127.09,1016.72,132.17,884.55,436.02,448.53,159.22
1648,20251130,42,17,6,3,F978-4524,6,114.78,688.68,72.24,616.44,382.97,233.47,110.96
1649,20231127,37,126,7,23,F783-2185,15,137.5,2062.5,330.21,1732.29,1078.74,653.55,311.81
1650,20251219,26,78,6,8,F584-8323,8,81.58,652.64,44.51,608.13,376.7,231.43,109.46
1651,20220904,27,2,10,2,F730-5872,9,161.91,1457.19,314.17,1143.02,682.81,460.21,205.74
1652,20240518,38,187,3,24,F200-4077,2,62.12,124.24,16.77,107.47,62.97,44.5,19.34
1653,20250808,39,127,2,11,F092-1543,3,130.49,391.47,71.99,319.48,155.23,164.25,57.51
1654,20250502,26,179,8,5,F868-5625,11,87.0,957.0,81.54,875.46,491.58,383.88,157.58
1655,20230430,12,65,8,3,F189-4269,6,169.4,1016.4,39.64,976.76,552.92,423.84,175.82
1656,20230622,26,87,8,25,F097-8584,6,81.36,488.16,105.83,382.33,231.92,150.41,68.82
1657,20220717,17,175,6,4,F173-0029,10,485.02,4850.2,64.99,4785.21,2830.1,1955.11,861.34
1658,20230508,34,146,10,12,F880-1137,6,2028.04,12168.24,1029.43,11138.81,5408.23,5730.58,2004.99
1659,20240405,12,89,2,28,F700-2535,10,172.38,1723.8,188.93,1534.87,901.03,633.84,276.28
1660,20230125,39,198,3,17,F153-7293,3,121.73,365.19,71.61,293.58,182.39,111.19,52.84
1661,20251117,2,31,5,30,F299-1766,15,836.91,12553.65,1485.1,11068.55,7433.71,3634.84,1992.34
1662,20221103,23,128,4,20,F159-5528,10,347.64,3476.4,396.66,3079.74,2032.77,1046.97,554.35
1663,20220628,30,30,9,3,F347-4035,9,133.88,1204.92,220.5,984.42,626.89,357.53,177.2
1664,20250604,24,11,6,2,F939-7872,14,405.91,5682.74,613.74,5069.0,3238.13,1830.87,912.42
1665,20220206,52,26,9,3,F680-5252,11,10.75,118.25,18.41,99.84,64.68,35.16,17.97
1666,20240711,59,194,9,21,F206-4630,10,6.98,69.8,10.78,59.02,34.49,24.53,10.62
1667,20230429,21,110,7,14,F387-1350,13,586.07,7618.91,332.18,7286.73,4873.73,2413.0,1311.61
1668,20220401,32,100,5,16,F806-4706,2,396.94,793.88,56.13,737.75,425.55,312.2,132.79
1669,20231224,50,23,5,29,F602-9360,1,88.67,88.67,10.29,78.38,38.28,40.1,14.11
1670,20240817,35,13,5,13,F193-5764,6,362.88,2177.28,354.03,1823.25,1069.99,753.26,328.19
1671,20241113,35,131,9,28,F183-8336,14,354.68,4965.52,747.31,4218.21,2390.72,1827.49,759.28
1672,20220618,24,48,4,23,F328-1196,1,447.11,447.11,89.56,357.55,178.68,178.87,64.36
1673,20250206,46,12,7,7,F922-1906,4,273.47,1093.88,137.5,956.38,576.32,380.06,172.15
1674,20221112,60,85,3,13,F847-3742,15,17.57,263.55,13.94,249.61,160.43,89.18,44.93
1675,20250807,24,64,10,22,F265-6928,7,465.16,3256.12,31.91,3224.21,1638.98,1585.23,580.36
1676,20221230,44,168,5,14,F707-0168,14,116.26,1627.64,323.09,1304.55,707.0,597.55,234.82
1677,20240714,27,200,8,9,F615-0171,7,182.58,1278.06,78.22,1199.84,792.15,407.69,215.97
1678,20250113,41,170,4,3,F653-1875,1,98.78,98.78,15.12,83.66,47.67,35.99,15.06
1679,20251207,8,84,3,24,F263-6525,13,2357.34,30645.42,3294.38,27351.04,14131.51,13219.53,4923.19
1680,20231129,19,195,2,13,F843-3312,5,863.36,4316.8,812.42,3504.38,1865.38,1639.0,630.79
1681,20221205,6,10,8,16,F112-1826,8,3409.1,27272.8,1205.46,26067.34,15214.08,10853.26,4692.12
1682,20230409,15,18,4,14,F631-6077,7,149.81,1048.67,42.58,1006.09,636.36,369.73,181.1
1683,20241126,29,129,4,25,F216-5209,8,49.27,394.16,51.75,342.41,167.17,175.24,61.63
1684,20220622,3,45,6,15,F206-0925,3,731.55,2194.65,164.82,2029.83,1360.15,669.68,365.37
1685,20220728,26,161,4,11,F674-7191,5,84.07,420.35,46.74,373.61,196.16,177.45,67.25
1686,20241203,2,74,9,6,F147-8965,2,872.88,1745.76,324.01,1421.75,853.52,568.23,255.91
1687,20230404,21,5,10,24,F174-5271,11,577.38,6351.18,90.82,6260.36,3653.61,2606.75,1126.86
1688,20221008,24,98,1,19,F060-6350,15,398.05,5970.75,136.13,5834.62,3073.28,2761.34,1050.23
1689,20221110,50,145,9,3,F021-7806,14,86.9,1216.6,60.1,1156.5,700.44,456.06,208.17
1690,20250115,60,116,4,22,F503-4097,7,18.47,129.29,8.03,121.26,73.15,48.11,21.83
1691,20230903,23,40,8,18,F901-5901,11,365.27,4017.97,402.2,3615.77,2400.46,1215.31,650.84
1692,20230818,15,100,5,29,F165-6031,11,152.87,1681.57,270.4,1411.17,949.16,462.01,254.01
1693,20251114,48,106,9,28,F233-6591,13,131.65,1711.45,112.96,1598.49,780.88,817.61,287.73
1694,20251231,9,107,8,24,F464-7273,6,2351.47,14108.82,646.18,13462.64,7554.67,5907.97,2423.28
1695,20221221,25,186,9,7,F252-3555,6,1772.82,10636.92,762.67,9874.25,5527.37,4346.88,1777.37
1696,20220804,46,159,6,29,F475-8982,4,272.83,1091.32,227.65,863.67,540.54,323.13,155.46
1697,20251027,56,101,3,16,F112-8894,7,5.86,41.02,3.38,37.64,20.38,17.26,6.78
1698,20251013,42,160,7,2,F205-3559,15,123.44,1851.6,339.21,1512.39,960.24,552.15,272.23
1699,20251205,22,111,3,15,F025-3383,3,875.44,2626.32,381.08,2245.24,1498.53,746.71,404.14
1700,20241126,25,145,3,21,F412-9422,3,1805.47,5416.41,325.53,5090.88,3203.15,1887.73,916.36
1701,20251126,51,190,3,25,F954-7974,3,23.27,69.81,6.32,63.49,36.43,27.06,11.43
1702,20221210,21,10,2,26,F067-1405,13,638.46,8299.98,1118.01,7181.97,4503.55,2678.42,1292.75
1703,20220927,2,24,6,30,F924-5845,14,748.37,10477.18,2004.28,8472.9,4628.76,3844.14,1525.12
1704,20220927,13,160,6,19,F927-7318,4,99.63,398.52,26.98,371.54,183.25,188.29,66.88
1705,20251013,31,144,3,29,F902-2491,3,280.33,840.99,53.57,787.42,393.95,393.47,141.74
1706,20231210,11,144,9,21,F481-4608,9,141.64,1274.76,255.33,1019.43,572.85,446.58,183.5
1707,20250814,45,38,8,4,F774-0646,4,60.43,241.72,51.9,189.82,116.32,73.5,34.17
1708,20220103,9,6,10,23,F838-5938,8,2367.14,18937.12,1581.25,17355.87,8922.51,8433.36,3124.06
1709,20221217,60,126,10,12,F907-5567,10,18.05,180.5,7.22,173.28,114.16,59.12,31.19
1710,20250425,6,174,7,30,F154-1819,2,3606.43,7212.86,281.3,6931.56,4192.25,2739.31,1247.68
1711,20240510,60,75,2,12,F618-8106,11,19.17,210.87,9.15,201.72,122.41,79.31,36.31
1712,20220608,2,65,4,17,F287-8527,10,836.87,8368.7,769.08,7599.62,3904.78,3694.84,1367.93
1713,20230122,58,167,4,23,F314-4311,8,6.11,48.88,3.43,45.45,23.33,22.12,8.18
1714,20231116,29,195,8,22,F083-5455,6,51.42,308.52,2.75,305.77,192.63,113.14,55.04
1715,20220105,36,189,10,1,F310-6237,14,78.79,1103.06,237.38,865.68,523.59,342.09,155.82
1716,20220313,13,70,7,11,F376-8399,7,102.34,716.38,61.18,655.2,405.61,249.59,117.94
1717,20230704,55,89,5,18,F198-8009,7,2.2,15.4,1.38,14.02,7.69,6.33,2.52
1718,20250918,19,171,6,28,F522-1860,15,822.62,12339.3,1221.59,11117.71,6830.29,4287.42,2001.19
1719,20230131,2,46,6,3,F158-9371,13,864.14,11233.82,1883.91,9349.91,4942.29,4407.62,1682.98
1720,20240819,52,4,6,28,F931-1154,2,9.66,19.32,3.67,15.65,7.54,8.11,2.82
1721,20241004,10,85,2,20,F125-0921,14,3132.04,43848.56,9348.51,34500.05,20913.95,13586.1,6210.01
1722,20240731,46,24,2,1,F444-3819,15,270.17,4052.55,665.02,3387.53,1681.0,1706.53,609.76
1723,20240531,14,50,8,27,F203-8116,2,194.58,389.16,33.12,356.04,215.44,140.6,64.09
1724,20231205,39,16,8,6,F520-0104,8,129.01,1032.08,65.43,966.65,594.71,371.94,174.0
1725,20241106,6,148,4,23,F127-1242,4,3183.72,12734.88,737.35,11997.53,7866.0,4131.53,2159.56
1726,20230731,13,102,10,10,F616-6755,6,90.27,541.62,90.13,451.49,237.28,214.21,81.27
1727,20230504,33,189,4,17,F008-4124,4,1630.7,6522.8,611.84,5910.96,3811.94,2099.02,1063.97
1728,20220317,19,188,1,20,F774-7047,2,896.32,1792.64,24.38,1768.26,1023.44,744.82,318.29
1729,20221217,6,191,2,11,F603-5923,15,3480.06,52200.9,8221.64,43979.26,21215.59,22763.67,7916.27
1730,20250515,45,187,6,15,F367-7872,11,58.75,646.25,136.36,509.89,302.79,207.1,91.78
1731,20251007,24,191,4,8,F602-2795,13,433.26,5632.38,606.04,5026.34,2961.44,2064.9,904.74
1732,20220718,3,104,8,28,F921-7609,7,747.09,5229.63,534.99,4694.64,2686.87,2007.77,845.04
1733,20220722,29,7,3,26,F325-6250,12,44.39,532.68,87.95,444.73,250.79,193.94,80.05
1734,20241218,56,170,3,5,F608-3014,7,5.73,40.11,3.23,36.88,20.91,15.97,6.64
1735,20231109,14,51,1,16,F402-2594,7,196.25,1373.75,142.73,1231.02,657.58,573.44,221.58
1736,20240805,20,125,10,24,F512-7092,14,254.24,3559.36,430.33,3129.03,1644.46,1484.57,563.23
1737,20251230,28,91,2,3,F976-5297,3,269.63,808.89,86.71,722.18,442.81,279.37,129.99
1738,20220210,46,127,4,14,F503-0213,5,287.35,1436.75,44.68,1392.07,812.62,579.45,250.57
1739,20231226,20,110,10,4,F614-2121,6,245.85,1475.1,204.6,1270.5,783.66,486.84,228.69
1740,20240326,34,33,6,19,F994-7759,12,2133.29,25599.48,2101.72,23497.76,14514.63,8983.13,4229.6
1741,20230517,5,84,4,30,F893-5121,6,882.13,5292.78,485.35,4807.43,2508.96,2298.47,865.34
1742,20241229,41,148,6,23,F200-2083,8,102.53,820.24,141.98,678.26,400.85,277.41,122.09
1743,20230329,21,152,10,8,F833-4082,10,657.35,6573.5,1404.1,5169.4,2717.99,2451.41,930.49
1744,20221110,32,25,7,25,F152-5270,15,438.12,6571.8,28.26,6543.54,3809.6,2733.94,1177.84
1745,20250202,6,187,5,3,F461-6383,8,3393.93,27151.44,3600.28,23551.16,15500.95,8050.21,4239.21
1746,20241113,50,200,1,16,F253-3660,13,81.24,1056.12,64.21,991.91,504.5,487.41,178.54
1747,20231016,41,38,5,11,F497-5148,6,87.17,523.02,94.93,428.09,246.8,181.29,77.06
1748,20250424,39,153,10,4,F303-0993,4,132.89,531.56,96.37,435.19,265.1,170.09,78.33
1749,20230707,48,97,7,23,F839-0179,9,153.53,1381.77,242.78,1138.99,611.06,527.93,205.02
1750,20221101,20,165,7,3,F378-7618,3,230.17,690.51,44.95,645.56,313.59,331.97,116.2
1751,20241021,50,41,10,15,F777-5147,3,92.09,276.27,27.16,249.11,138.61,110.5,44.84
1752,20220125,7,117,5,6,F601-2106,8,3012.85,24102.8,1463.04,22639.76,14065.16,8574.6,4075.16
1753,20250821,21,123,6,5,F323-6145,2,676.61,1353.22,15.56,1337.66,729.44,608.22,240.78
1754,20251113,36,84,10,27,F779-0566,7,78.71,550.97,78.35,472.62,264.25,208.37,85.07
1755,20241223,42,131,1,24,F735-2161,10,119.72,1197.2,199.21,997.99,486.9,511.09,179.64
1756,20240614,32,42,4,3,F773-5904,2,400.0,800.0,24.64,775.36,388.03,387.33,139.56
1757,20231028,23,103,9,2,F538-6822,7,327.18,2290.26,173.14,2117.12,1045.68,1071.44,381.08
1758,20231016,42,54,8,6,F119-4273,12,130.84,1570.08,53.54,1516.54,977.51,539.03,272.98
1759,20220720,15,165,4,16,F044-0692,11,155.59,1711.49,257.41,1454.08,705.0,749.08,261.73
1760,20220818,15,82,6,13,F775-6485,3,170.51,511.53,107.42,404.11,205.1,199.01,72.74
1761,20240113,2,179,7,18,F070-0658,5,820.76,4103.8,444.44,3659.36,2246.59,1412.77,658.68
1762,20230715,13,90,2,19,F903-6032,4,97.04,388.16,19.6,368.56,213.14,155.42,66.34
1763,20240604,33,2,10,10,F273-9114,3,1703.02,5109.06,446.53,4662.53,2379.99,2282.54,839.26
1764,20221003,24,66,6,7,F335-4266,3,434.12,1302.36,239.24,1063.12,670.65,392.47,191.36
1765,20241222,26,167,9,25,F416-3353,5,80.12,400.6,39.82,360.78,205.32,155.46,64.94
1766,20240216,12,53,4,25,F584-4893,7,169.94,1189.58,210.56,979.02,615.38,363.64,176.22
1767,20230622,54,93,8,2,F664-3766,4,5.19,20.76,4.05,16.71,10.75,5.96,3.01
1768,20231111,37,80,1,7,F850-2965,14,153.67,2151.38,119.4,2031.98,1183.06,848.92,365.76
1769,20230517,56,84,8,13,F617-2708,8,5.43,43.44,9.05,34.39,19.18,15.21,6.19
1770,20231005,59,171,4,3,F632-1758,9,6.94,62.46,8.2,54.26,34.67,19.59,9.77
1771,20230725,57,71,1,10,F456-6250,1,2.2,2.2,0.3,1.9,1.24,0.66,0.34
1772,20251116,47,166,4,14,F760-6109,3,379.89,1139.67,24.39,1115.28,617.43,497.85,200.75
1773,20251226,5,31,5,5,F270-7487,11,926.67,10193.37,49.95,10143.42,6431.83,3711.59,1825.82
1774,20230905,60,163,1,29,F954-7808,13,19.63,255.19,51.34,203.85,102.75,101.1,36.69
1775,20231230,12,149,9,9,F277-0370,2,166.78,333.56,53.2,280.36,160.1,120.26,50.46
1776,20221218,45,17,7,22,F387-0490,2,57.57,115.14,18.53,96.61,49.33,47.28,17.39
1777,20240928,3,4,10,29,F046-1033,14,722.46,10114.44,1036.73,9077.71,4675.06,4402.65,1633.99
1778,20220303,50,69,1,22,F279-3082,12,91.58,1098.96,68.03,1030.93,593.64,437.29,185.57
1779,20220326,16,145,7,18,F975-8005,13,328.09,4265.17,1.71,4263.46,2600.87,1662.59,767.42
1780,20251101,51,23,10,12,F468-7742,14,21.05,294.7,48.15,246.55,132.47,114.08,44.38
1781,20221129,35,139,3,11,F753-5682,11,362.24,3984.64,790.55,3194.09,1997.07,1197.02,574.94
1782,20250616,27,197,5,5,F834-8103,7,162.81,1139.67,93.34,1046.33,708.05,338.28,188.34
1783,20240422,44,65,3,11,F947-5877,6,115.69,694.14,146.81,547.33,272.18,275.15,98.52
1784,20240517,42,11,6,17,F941-2377,13,123.75,1608.75,190.8,1417.95,873.55,544.4,255.23
1785,20240501,39,147,3,27,F812-3373,11,121.01,1331.11,243.59,1087.52,556.69,530.83,195.75
1786,20240920,53,129,9,2,F533-1701,2,4.89,9.78,1.77,8.01,5.26,2.75,1.44
1787,20241229,37,190,4,22,F727-5487,15,131.22,1968.3,238.36,1729.94,1156.39,573.55,311.39
1788,20231101,32,102,9,22,F840-6436,12,404.04,4848.48,892.12,3956.36,2194.45,1761.91,712.14
1789,20230821,15,28,4,21,F660-7433,12,165.3,1983.6,178.13,1805.47,1138.01,667.46,324.98
1790,20250116,10,130,2,16,F148-1184,15,3268.86,49032.9,8124.75,40908.15,25495.61,15412.54,7363.47
1791,20250310,45,54,9,21,F099-3130,4,61.45,245.8,40.88,204.92,110.77,94.15,36.89
1792,20220412,2,199,2,3,F260-7416,5,749.46,3747.3,99.68,3647.62,1886.34,1761.28,656.57
1793,20240817,8,153,5,11,F398-6143,6,2473.54,14841.24,2159.4,12681.84,6114.09,6567.75,2282.73
1794,20240312,14,158,10,2,F696-8051,10,204.03,2040.3,264.63,1775.67,1022.23,753.44,319.62
1795,20220428,3,99,9,25,F101-6926,6,722.78,4336.68,29.49,4307.19,2671.0,1636.19,775.29
1796,20231016,45,126,1,13,F040-7987,15,57.81,867.15,66.94,800.21,539.56,260.65,144.04
1797,20251015,49,63,2,15,F389-5528,8,278.15,2225.2,123.5,2101.7,1047.51,1054.19,378.31
1798,20241231,16,199,8,7,F629-6728,8,323.28,2586.24,19.66,2566.58,1390.99,1175.59,461.98
1799,20240222,7,8,9,15,F071-8226,3,2556.19,7668.57,1001.52,6667.05,4100.56,2566.49,1200.07
1800,20240127,12,138,1,9,F600-1928,12,181.2,2174.4,270.28,1904.12,1219.13,684.99,342.74
1801,20230224,45,42,1,10,F616-5430,3,57.1,171.3,34.0,137.3,73.96,63.34,24.71
1802,20250710,28,124,8,8,F006-6346,3,232.75,698.25,148.8,549.45,272.18,277.27,98.9
1803,20250422,50,12,5,6,F229-5572,11,89.58,985.38,196.29,789.09,500.67,288.42,142.04
1804,20250611,56,180,2,4,F169-2281,14,5.78,80.92,8.78,72.14,44.93,27.21,12.99
1805,20251208,9,94,7,1,F726-8605,10,2312.47,23124.7,2862.84,20261.86,11501.03,8760.83,3647.13
1806,20220718,58,9,5,14,F571-6919,11,5.89,64.79,7.75,57.04,32.15,24.89,10.27
1807,20241227,5,122,7,17,F942-3986,5,890.19,4450.95,859.48,3591.47,2201.36,1390.11,646.46
1808,20220901,59,147,3,22,F202-7309,3,7.47,22.41,0.6,21.81,11.18,10.63,3.93
1809,20230124,43,169,3,19,F424-1899,6,187.84,1127.04,138.18,988.86,569.16,419.7,177.99
1810,20250820,36,180,7,1,F381-0983,4,78.92,315.68,10.23,305.45,154.75,150.7,54.98
1811,20240311,33,136,1,10,F902-2246,2,1672.04,3344.08,385.91,2958.17,1577.23,1380.94,532.47
1812,20230605,21,170,8,16,F491-3509,14,672.7,9417.8,995.46,8422.34,4402.46,4019.88,1516.02
1813,20220820,7,19,3,22,F131-8354,9,2636.09,23724.81,3304.87,20419.94,12012.65,8407.29,3675.59
1814,20230930,10,19,10,6,F253-6775,2,3283.46,6566.92,690.18,5876.74,3984.27,1892.47,1057.81
1815,20231117,54,193,7,2,F892-5251,4,5.13,20.52,3.74,16.78,9.42,7.36,3.02
1816,20221206,50,101,8,20,F857-3682,4,84.29,337.16,49.83,287.33,191.41,95.92,51.72
1817,20240731,48,105,3,8,F614-8541,8,154.11,1232.88,166.81,1066.07,680.25,385.82,191.89
1818,20251109,19,17,9,3,F722-2385,2,857.45,1714.9,163.26,1551.64,754.38,797.26,279.3
1819,20230810,50,167,6,10,F857-8771,6,88.02,528.12,32.22,495.9,265.89,230.01,89.26
1820,20230813,39,125,7,25,F893-9660,5,120.69,603.45,113.57,489.88,281.18,208.7,88.18
1821,20250208,45,147,3,16,F346-1491,11,57.54,632.94,84.24,548.7,335.92,212.78,98.77
1822,20230918,45,17,5,21,F275-4445,6,56.83,340.98,39.96,301.02,181.6,119.42,54.18
1823,20220509,56,83,4,19,F196-5711,9,5.39,48.51,2.43,46.08,30.66,15.42,8.29
1824,20240320,20,68,10,14,F686-3086,6,227.24,1363.44,155.3,1208.14,679.35,528.79,217.47
1825,20220404,50,76,4,22,F703-5923,13,87.6,1138.8,34.85,1103.95,699.88,404.07,198.71
1826,20250205,46,134,3,4,F742-4776,6,290.71,1744.26,78.49,1665.77,953.72,712.05,299.84
1827,20251130,41,47,8,12,F252-6417,10,91.28,912.8,158.64,754.16,487.25,266.91,135.75
1828,20251217,31,38,5,20,F074-4138,15,299.57,4493.55,561.69,3931.86,2309.9,1621.96,707.73
1829,20250429,8,18,4,26,F957-4175,14,2714.15,37998.1,4605.37,33392.73,18653.72,14739.01,6010.69
1830,20241209,60,71,9,19,F431-3264,15,18.22,273.3,59.58,213.72,127.53,86.19,38.47
1831,20250527,18,28,8,14,F397-5131,7,665.61,4659.27,643.91,4015.36,2320.52,1694.84,722.76
1832,20221001,8,14,1,28,F072-4545,2,2348.86,4697.72,373.47,4324.25,2768.64,1555.61,778.37
1833,20220616,7,191,7,7,F041-9283,5,2821.43,14107.15,395.0,13712.15,6844.81,6867.34,2468.19
1834,20220925,4,73,7,8,F237-3612,6,1938.8,11632.8,2499.89,9132.91,5698.15,3434.76,1643.92
1835,20220824,40,61,3,1,F567-9571,13,195.54,2542.02,149.22,2392.8,1413.0,979.8,430.7
1836,20230616,21,53,9,20,F018-2628,3,655.23,1965.69,348.52,1617.17,1043.11,574.06,291.09
1837,20240108,6,125,2,4,F253-6659,10,3418.91,34189.1,7360.91,26828.19,14324.8,12503.39,4829.07
1838,20231007,15,57,5,4,F004-3913,10,155.67,1556.7,56.66,1500.04,772.08,727.96,270.01
1839,20240823,43,115,4,8,F103-1344,10,166.91,1669.1,316.13,1352.97,879.32,473.65,243.53
1840,20230228,27,158,7,1,F555-4452,8,179.2,1433.6,47.45,1386.15,911.57,474.58,249.51
1841,20240510,14,88,6,1,F512-8316,8,225.55,1804.4,173.4,1631.0,1068.35,562.65,293.58
1842,20221009,40,181,2,20,F858-6188,8,188.24,1505.92,200.89,1305.03,723.76,581.27,234.91
1843,20251226,11,71,4,23,F298-3783,4,151.08,604.32,28.95,575.37,316.83,258.54,103.57
1844,20240407,25,145,4,21,F715-1060,8,1815.85,14526.8,3069.51,11457.29,7072.57,4384.72,2062.31
1845,20250629,29,98,1,16,F447-7297,1,49.06,49.06,4.2,44.86,24.63,20.23,8.07
1846,20230405,59,94,5,16,F162-2762,7,6.86,48.02,2.69,45.33,23.83,21.5,8.16
1847,20231031,15,51,1,13,F374-0787,11,173.25,1905.75,216.87,1688.88,990.0,698.88,304.0
1848,20230215,49,179,9,2,F257-1299,12,247.17,2966.04,597.66,2368.38,1180.58,1187.8,426.31
1849,20231012,34,112,5,28,F938-3048,8,2387.38,19099.04,626.45,18472.59,9390.11,9082.48,3325.07
1850,20220522,15,24,10,2,F587-2883,3,160.48,481.44,55.12,426.32,224.4,201.92,76.74
1851,20231116,19,51,10,23,F079-1104,7,865.13,6055.91,1192.41,4863.5,2564.28,2299.22,875.43
1852,20221023,50,200,8,18,F780-6045,14,79.86,1118.04,192.64,925.4,543.02,382.38,166.57
1853,20220102,47,3,6,28,F176-4462,9,354.15,3187.35,653.73,2533.62,1340.61,1193.01,456.05
1854,20220807,33,35,3,2,F481-2555,9,1679.11,15111.99,1677.43,13434.56,6601.34,6833.22,2418.22
1855,20230325,55,72,8,8,F466-2870,14,1.9,26.6,3.56,23.04,12.75,10.29,4.15
1856,20220723,46,11,2,13,F140-0010,4,268.71,1074.84,38.37,1036.47,623.13,413.34,186.56
1857,20221127,19,141,9,24,F414-8603,13,851.96,11075.48,1193.94,9881.54,6233.79,3647.75,1778.68
1858,20240318,30,184,7,25,F258-8577,9,134.62,1211.58,94.38,1117.2,671.55,445.65,201.1
1859,20251128,60,10,4,3,F615-6022,9,17.94,161.46,30.47,130.99,66.18,64.81,23.58
1860,20250311,54,77,6,1,F323-7983,10,4.84,48.4,9.63,38.77,21.58,17.19,6.98
1861,20231123,13,38,8,28,F605-2292,4,99.75,399.0,38.22,360.78,219.24,141.54,64.94
1862,20240824,42,59,8,9,F499-6542,7,130.93,916.51,49.31,867.2,419.1,448.1,156.1
1863,20251102,30,107,1,8,F971-2385,6,129.15,774.9,150.41,624.49,357.62,266.87,112.41
1864,20240328,58,120,7,29,F670-7101,2,5.83,11.66,0.76,10.9,5.35,5.55,1.96
1865,20220319,5,11,8,3,F361-5431,6,980.72,5884.32,1062.71,4821.61,2846.3,1975.31,867.89
1866,20251210,13,38,9,9,F062-0405,9,92.34,831.06,30.33,800.73,543.23,257.5,144.13
1867,20240220,33,86,10,15,F356-5351,9,1512.43,13611.87,1112.09,12499.78,7120.77,5379.01,2249.96
1868,20220119,19,113,8,14,F782-8421,13,837.93,10893.09,1238.54,9654.55,4872.26,4782.29,1737.82
1869,20230815,3,18,3,30,F845-6192,9,743.96,6695.64,1073.31,5622.33,3335.56,2286.77,1012.02
1870,20240917,22,37,3,25,F937-3217,8,892.08,7136.64,1148.29,5988.35,3635.17,2353.18,1077.9
1871,20220205,6,78,1,5,F200-6855,5,3446.06,17230.3,1495.59,15734.71,7684.49,8050.22,2832.25
1872,20231211,37,141,10,9,F939-3451,13,136.03,1768.39,321.32,1447.07,738.48,708.59,260.47
1873,20230731,1,124,2,8,F480-2714,3,1309.54,3928.62,742.12,3186.5,1698.73,1487.77,573.57
1874,20250622,60,88,10,24,F382-7683,2,18.79,37.58,0.66,36.92,21.12,15.8,6.65
1875,20251026,17,85,6,17,F160-9663,9,536.98,4832.82,945.3,3887.52,2499.19,1388.33,699.75
1876,20240819,34,58,1,14,F495-4460,13,2289.9,29768.7,3887.79,25880.91,17063.75,8817.16,4658.56
1877,20221227,22,104,1,19,F308-4222,5,934.77,4673.85,513.19,4160.66,2599.81,1560.85,748.92
1878,20250528,7,64,8,29,F157-1616,9,2957.25,26615.25,1309.47,25305.78,16112.07,9193.71,4555.04
1879,20240321,45,146,6,10,F084-3974,6,57.36,344.16,31.25,312.91,175.22,137.69,56.32
1880,20240913,11,15,7,13,F835-7081,15,146.9,2203.5,321.27,1882.23,1195.2,687.03,338.8
1881,20230508,10,79,4,16,F901-8059,1,3040.39,3040.39,223.16,2817.23,1560.96,1256.27,507.1
1882,20230617,60,61,5,8,F626-2702,10,19.71,197.1,9.28,187.82,106.31,81.51,33.81
1883,20220407,22,26,2,3,F816-0140,6,815.45,4892.7,638.99,4253.71,2767.63,1486.08,765.67
1884,20220307,10,179,3,2,F003-7721,8,3108.99,24871.92,4904.74,19967.18,13315.61,6651.57,3594.09
1885,20231020,12,176,6,22,F586-1434,5,167.37,836.85,181.09,655.76,362.87,292.89,118.04
1886,20251112,3,150,2,2,F630-0004,5,680.16,3400.8,246.9,3153.9,1538.44,1615.46,567.7
1887,20220330,53,126,2,9,F608-4775,13,5.08,66.04,2.47,63.57,35.48,28.09,11.44
1888,20241121,40,17,8,20,F873-4260,2,203.43,406.86,74.46,332.4,178.46,153.94,59.83
1889,20240622,11,58,5,2,F403-5549,12,147.42,1769.04,200.43,1568.61,908.67,659.94,282.35
1890,20230113,43,131,5,10,F670-6572,8,162.47,1299.76,231.75,1068.01,589.27,478.74,192.24
1891,20230210,27,171,6,7,F247-7558,4,182.08,728.32,127.24,601.08,390.36,210.72,108.19
1892,20221014,10,31,3,4,F460-2067,1,3197.56,3197.56,55.96,3141.6,1877.22,1264.38,565.49
1893,20241006,10,149,4,23,F494-7133,5,3208.18,16040.9,2718.93,13321.97,8226.92,5095.05,2397.95
1894,20241128,27,187,10,10,F960-3437,11,161.25,1773.75,260.74,1513.01,929.48,583.53,272.34
1895,20250923,58,89,2,2,F033-4132,1,5.67,5.67,0.45,5.22,2.91,2.31,0.94
1896,20240928,25,182,6,15,F137-5357,8,1685.76,13486.08,1375.58,12110.5,8154.13,3956.37,2179.89
1897,20230415,48,193,10,28,F717-3015,7,155.61,1089.27,157.73,931.54,625.63,305.91,167.68
1898,20241228,1,125,6,5,F044-2300,3,1283.67,3851.01,808.33,3042.68,1713.52,1329.16,547.68
1899,20231215,16,185,3,14,F040-0152,8,318.2,2545.6,536.1,2009.5,1329.21,680.29,361.71
1900,20231128,41,1,2,16,F791-8210,6,93.19,559.14,98.41,460.73,255.52,205.21,82.93
1901,20220324,13,191,9,9,F544-6402,6,90.67,544.02,81.44,462.58,301.4,161.18,83.26
1902,20240520,57,112,1,15,F988-9683,10,2.42,24.2,3.26,20.94,12.62,8.32,3.77
1903,20231019,36,5,7,19,F643-1029,13,82.71,1075.23,107.95,967.28,519.33,447.95,174.11
1904,20251208,31,156,10,8,F946-5164,7,305.29,2137.03,436.81,1700.22,1126.94,573.28,306.04
1905,20251216,54,10,4,22,F927-9496,8,5.1,40.8,2.37,38.43,25.3,13.13,6.92
1906,20231024,17,116,4,13,F003-7046,1,519.97,519.97,60.73,459.24,224.16,235.08,82.66
1907,20220702,4,140,7,1,F514-5017,13,2293.49,29815.37,5268.38,24546.99,14410.35,10136.64,4418.46
1908,20250811,50,137,9,10,F799-1899,1,87.4,87.4,9.55,77.85,46.4,31.45,14.01
1909,20230627,55,140,4,1,F702-7037,7,1.93,13.51,1.67,11.84,6.46,5.38,2.13
1910,20220821,6,34,5,6,F674-4790,4,3274.69,13098.76,2727.16,10371.6,5021.29,5350.31,1866.89
1911,20250211,43,42,6,4,F784-4732,3,165.34,496.02,98.86,397.16,206.85,190.31,71.49
1912,20231017,20,40,2,28,F960-0055,12,261.36,3136.32,378.55,2757.77,1361.56,1396.21,496.4
1913,20221217,16,46,2,25,F463-5531,13,293.21,3811.73,666.29,3145.44,2103.9,1041.54,566.18
1914,20251013,8,32,8,22,F630-4560,14,2508.24,35115.36,6022.28,29093.08,16672.06,12421.02,5236.75
1915,20240214,51,49,9,9,F743-0299,13,20.48,266.24,5.38,260.86,134.42,126.44,46.95
1916,20230708,59,17,3,5,F351-2628,13,7.45,96.85,20.66,76.19,48.25,27.94,13.71
1917,20220721,34,194,6,1,F349-6378,9,2341.73,21075.57,899.93,20175.64,13683.58,6492.06,3631.62
1918,20220528,51,104,4,6,F195-7921,2,23.1,46.2,8.21,37.99,24.13,13.86,6.84
1919,20230819,50,59,8,18,F790-7502,12,87.19,1046.28,15.38,1030.9,699.57,331.33,185.56
1920,20230921,25,116,4,1,F585-5824,6,1728.4,10370.4,454.22,9916.18,4842.99,5073.19,1784.91
1921,20250731,2,192,1,11,F883-7594,15,889.67,13345.05,1094.29,12250.76,6710.29,5540.47,2205.14
1922,20220916,6,30,10,5,F485-8100,2,3158.87,6317.74,826.36,5491.38,3252.45,2238.93,988.45
1923,20231203,36,9,6,8,F320-8800,12,93.39,1120.68,187.71,932.97,470.17,462.8,167.93
1924,20220521,53,77,3,23,F265-6220,1,4.67,4.67,0.88,3.79,1.86,1.93,0.68
1925,20241204,10,136,6,3,F511-5053,14,2967.76,41548.64,3764.31,37784.33,18698.69,19085.64,6801.18
1926,20220213,48,48,2,28,F141-8601,1,138.71,138.71,0.8,137.91,74.06,63.85,24.82
1927,20241026,39,68,6,11,F910-2028,2,126.67,253.34,20.22,233.12,116.33,116.79,41.96
1928,20221225,12,71,5,27,F779-9015,10,184.84,1848.4,325.5,1522.9,801.51,721.39,274.12
1929,20230215,49,148,9,10,F929-9050,14,261.47,3660.58,64.06,3596.52,2239.06,1357.46,647.37
1930,20221209,43,80,7,3,F674-5461,15,166.57,2498.55,221.87,2276.68,1516.63,760.05,409.8
1931,20240818,18,151,1,4,F913-7815,3,753.48,2260.44,34.13,2226.31,1491.18,735.13,400.74
1932,20250312,3,41,10,18,F917-4057,6,718.87,4313.22,385.17,3928.05,1969.44,1958.61,707.05
1933,20240121,6,27,1,16,F224-2076,3,3277.83,9833.49,1403.24,8430.25,5005.91,3424.34,1517.44
1934,20251215,11,105,1,22,F536-4478,14,149.81,2097.34,398.49,1698.85,988.62,710.23,305.79
1935,20220813,37,61,1,14,F217-6365,13,151.25,1966.25,364.15,1602.1,926.86,675.24,288.38
1936,20230816,13,152,7,30,F593-4714,5,101.01,505.05,38.23,466.82,261.84,204.98,84.03
1937,20251227,18,66,10,16,F002-1878,14,690.83,9671.62,1892.74,7778.88,4833.65,2945.23,1400.2
1938,20241006,26,48,10,4,F991-4077,12,87.26,1047.12,58.22,988.9,500.03,488.87,178.0
1939,20230225,9,188,2,22,F405-2179,4,2301.03,9204.12,2021.22,7182.9,4517.87,2665.03,1292.92
1940,20230224,14,184,2,27,F713-0226,2,203.02,406.04,51.32,354.72,216.51,138.21,63.85
1941,20230922,27,166,2,28,F378-5327,4,160.77,643.08,63.28,579.8,295.35,284.45,104.36
1942,20221006,27,52,3,7,F399-5787,9,169.04,1521.36,227.75,1293.61,735.65,557.96,232.85
1943,20240908,13,126,5,14,F051-4131,14,101.76,1424.64,296.75,1127.89,596.15,531.74,203.02
1944,20220423,1,16,8,17,F297-3340,3,1191.12,3573.36,48.24,3525.12,2318.78,1206.34,634.52
1945,20231109,27,110,1,16,F805-8677,5,160.88,804.4,24.94,779.46,417.69,361.77,140.3
1946,20251006,5,52,5,27,F489-6400,6,978.72,5872.32,391.68,5480.64,2876.59,2604.05,986.52
1947,20220507,18,200,4,21,F498-6301,4,679.55,2718.2,262.03,2456.17,1244.53,1211.64,442.11
1948,20240217,15,29,5,24,F380-8553,9,177.06,1593.54,178.64,1414.9,943.45,471.45,254.68
1949,20220212,17,80,7,1,F065-9293,5,547.51,2737.55,519.04,2218.51,1294.05,924.46,399.33
1950,20251003,57,194,9,28,F629-9412,15,2.25,33.75,2.1,31.65,20.32,11.33,5.7
1951,20230813,52,136,1,5,F982-0321,15,10.89,163.35,6.57,156.78,90.84,65.94,28.22
1952,20230302,21,1,8,7,F192-1778,13,655.91,8526.83,1039.42,7487.41,4444.45,3042.96,1347.73
1953,20220911,47,70,10,7,F644-6586,13,362.58,4713.54,440.72,4272.82,2645.75,1627.07,769.11
1954,20221204,43,98,8,20,F201-4013,10,183.14,1831.4,227.64,1603.76,884.28,719.48,288.68
1955,20240627,21,137,6,16,F234-7059,6,576.17,3457.02,271.38,3185.64,2012.64,1173.0,573.42
1956,20250725,36,60,7,28,F045-3359,2,78.57,157.14,3.57,153.57,101.23,52.34,27.64
1957,20230528,30,141,8,23,F139-3617,12,122.56,1470.72,23.53,1447.19,891.75,555.44,260.49
1958,20250420,48,151,7,4,F288-9645,6,136.55,819.3,17.45,801.85,426.02,375.83,144.33
1959,20230913,57,157,2,3,F825-4102,4,2.39,9.56,0.2,9.36,6.22,3.14,1.68
1960,20251211,51,12,8,23,F284-8865,12,22.48,269.76,37.33,232.43,146.94,85.49,41.84
1961,20250612,11,126,4,26,F422-5419,12,147.77,1773.24,284.25,1488.99,990.54,498.45,268.02
1962,20221224,7,1,7,23,F358-5848,10,2594.84,25948.4,1310.39,24638.01,14662.94,9975.07,4434.84
1963,20230122,49,161,10,1,F684-4510,12,257.41,3088.92,111.51,2977.41,1869.16,1108.25,535.93
1964,20240524,13,46,4,27,F215-3239,3,90.02,270.06,13.91,256.15,125.27,130.88,46.11
1965,20221023,9,35,1,4,F744-3346,1,2138.41,2138.41,311.35,1827.06,959.43,867.63,328.87
1966,20220613,24,111,3,23,F065-2607,15,442.99,6644.85,1112.35,5532.5,3579.25,1953.25,995.85
1967,20241020,31,176,7,4,F087-2582,3,282.34,847.02,69.79,777.23,455.93,321.3,139.9
1968,20250430,14,43,5,23,F533-9094,7,195.45,1368.15,32.7,1335.45,702.25,633.2,240.38
1969,20240708,57,150,6,29,F464-2579,15,2.49,37.35,7.66,29.69,19.59,10.1,5.34
1970,20241107,54,115,7,6,F626-7293,9,5.46,49.14,7.14,42.0,21.97,20.03,7.56
1971,20240209,18,198,1,7,F416-4843,10,699.32,6993.2,329.38,6663.82,4176.1,2487.72,1199.49
1972,20230810,25,30,3,29,F056-3765,8,1869.96,14959.68,3051.77,11907.91,7799.03,4108.88,2143.42
1973,20221215,48,167,10,23,F756-2216,14,148.86,2084.04,51.89,2032.15,1170.24,861.91,365.79
1974,20220402,4,62,1,17,F879-9944,9,2128.75,19158.75,3691.89,15466.86,9895.52,5571.34,2784.03
1975,20250928,35,135,9,3,F266-4279,4,411.11,1644.44,195.03,1449.41,719.94,729.47,260.89
1976,20240604,22,53,3,26,F809-3613,14,875.01,12250.14,480.21,11769.93,6656.41,5113.52,2118.59
1977,20221221,45,109,9,3,F756-5274,9,58.3,524.7,17.05,507.65,288.58,219.07,91.38
1978,20240215,30,9,1,25,F028-0397,5,117.13,585.65,127.91,457.74,250.63,207.11,82.39
1979,20250212,56,191,10,3,F085-3120,1,5.9,5.9,0.11,5.79,2.97,2.82,1.04
1980,20241026,31,166,6,2,F807-9911,2,311.57,623.14,60.2,562.94,370.9,192.04,101.33
1981,20220114,2,130,5,25,F300-4274,6,850.93,5105.58,351.26,4754.32,2921.22,1833.1,855.78
1982,20230816,11,139,8,10,F503-8557,14,133.27,1865.78,60.64,1805.14,1107.69,697.45,324.93
1983,20250208,59,129,10,26,F044-5147,3,7.28,21.84,0.85,20.99,13.28,7.71,3.78
1984,20230728,25,154,1,1,F678-4281,9,1774.5,15970.5,1526.78,14443.72,7008.82,7434.9,2599.87
1985,20220915,57,186,9,9,F543-2457,6,2.3,13.8,1.93,11.87,5.91,5.96,2.14
1986,20231017,26,69,9,8,F330-6055,2,84.03,168.06,8.72,159.34,81.24,78.1,28.68
1987,20241102,43,97,1,18,F732-0646,5,159.01,795.05,143.67,651.38,414.95,236.43,117.25
1988,20251213,41,158,9,15,F633-5818,7,95.03,665.21,30.4,634.81,356.79,278.02,114.27
1989,20240825,51,135,3,5,F067-0995,13,24.04,312.52,42.94,269.58,163.7,105.88,48.52
1990,20250909,18,136,2,29,F570-8672,15,761.24,11418.6,307.16,11111.44,6203.91,4907.53,2000.06
1991,20240102,48,165,3,18,F972-7761,11,131.25,1443.75,232.88,1210.87,814.23,396.64,217.96
1992,20251004,32,196,4,17,F664-1052,4,462.33,1849.32,209.71,1639.61,911.0,728.61,295.13
1993,20230823,26,103,10,22,F303-2800,3,82.37,247.11,36.6,210.51,107.0,103.51,37.89
1994,20250823,34,77,3,1,F249-6878,11,2246.45,24710.95,3625.1,21085.85,11417.97,9667.88,3795.45
1995,20221008,49,111,4,4,F318-4127,6,269.51,1617.06,256.95,1360.11,882.72,477.39,244.82
1996,20251112,6,162,7,6,F364-6123,1,3353.91,3353.91,606.39,2747.52,1479.06,1268.46,494.55
1997,20241005,49,59,6,11,F557-3064,14,250.01,3500.14,32.55,3467.59,1944.12,1523.47,624.17
1998,20241113,19,22,8,13,F316-6737,14,811.29,11358.06,2277.29,9080.77,4401.02,4679.75,1634.54
1999,20241124,51,136,9,30,F941-0369,5,21.24,106.2,11.99,94.21,63.31,30.9,16.96
2000,20240119,50,129,9,6,F851-4513,2,81.74,163.48,13.24,150.24,88.82,61.42,27.04
2001,20231007,22,16,6,2,F297-0943,3,902.0,2706.0,277.37,2428.63,1569.75,858.88,437.15
2002,20250712,55,196,6,7,F849-8622,4,1.95,7.8,1.57,6.23,3.25,2.98,1.12
2003,20251122,17,57,3,26,F105-1476,15,537.92,8068.8,1258.73,6810.07,3806.45,3003.62,1225.81
2004,20230707,7,32,9,2,F622-3255,8,2901.67,23213.36,2688.11,20525.25,12812.89,7712.36,3694.55
2005,20250613,16,35,7,21,F331-3699,11,322.7,3549.7,529.97,3019.73,1746.96,1272.77,543.55
2006,20250712,3,22,10,25,F518-8138,14,771.47,10800.58,82.08,10718.5,5309.6,5408.9,1929.33
2007,20230720,49,105,9,24,F885-8593,7,280.7,1964.9,41.26,1923.64,1292.97,630.67,346.26
2008,20221231,58,8,10,4,F343-6800,15,5.2,78.0,3.17,74.83,48.2,26.63,13.47
2009,20221103,8,63,7,11,F484-8149,14,2530.01,35420.14,4654.21,30765.93,20455.2,10310.73,5537.87
2010,20251023,17,186,7,30,F004-3502,14,551.18,7716.52,1662.14,6054.38,3051.05,3003.33,1089.79
2011,20220208,26,20,5,20,F073-2019,13,83.89,1090.57,82.99,1007.58,662.16,345.42,181.36
2012,20250617,56,75,4,8,F407-8682,13,5.62,73.06,9.24,63.82,32.02,31.8,11.49
2013,20241203,31,105,4,6,F835-2584,1,280.55,280.55,36.19,244.36,154.27,90.09,43.98
2014,20220407,14,71,6,11,F429-1258,9,215.3,1937.7,62.98,1874.72,989.91,884.81,337.45
2015,20220903,6,76,3,17,F549-6673,1,3230.89,3230.89,494.33,2736.56,1782.75,953.81,492.58
2016,20230618,48,87,4,16,F959-6480,6,132.21,793.26,110.03,683.23,434.26,248.97,122.98
2017,20240215,28,25,2,24,F132-6989,13,247.09,3212.17,525.51,2686.66,1568.65,1118.01,483.6
2018,20240322,50,15,9,29,F209-5920,1,91.13,91.13,18.92,72.21,47.3,24.91,13.0
2019,20241216,25,7,7,5,F702-7466,10,1752.17,17521.7,339.92,17181.78,11241.13,5940.65,3092.72
2020,20241228,5,197,4,9,F920-5580,12,933.53,11202.36,524.27,10678.09,7160.27,3517.82,1922.06
2021,20220424,23,147,2,16,F642-7951,7,310.21,2171.47,243.2,1928.27,996.3,931.97,347.09
2022,20250815,28,135,5,10,F768-0661,11,261.52,2876.72,571.03,2305.69,1393.18,912.51,415.02
2023,20231211,8,115,4,11,F306-3890,15,2394.09,35911.35,4381.18,31530.17,20140.28,11389.89,5675.43
2024,20250302,31,35,7,2,F218-3830,15,306.98,4604.7,557.63,4047.07,2665.99,1381.08,728.47
2025,20231103,42,95,8,23,F711-0296,12,121.73,1460.76,39.88,1420.88,711.14,709.74,255.76
2026,20221229,39,182,2,26,F297-4682,9,131.55,1183.95,95.9,1088.05,645.1,442.95,195.85
2027,20220814,37,66,10,26,F170-6601,1,135.72,135.72,21.34,114.38,65.27,49.11,20.59
2028,20251229,49,197,10,19,F828-6159,10,264.06,2640.6,362.29,2278.31,1378.82,899.49,410.1
2029,20220313,56,195,10,24,F748-7475,5,5.87,29.35,5.36,23.99,14.59,9.4,4.32
2030,20241211,6,149,7,21,F975-9319,5,3608.01,18040.05,575.48,17464.57,11119.8,6344.77,3143.62
2031,20250515,16,129,5,19,F634-3186,10,297.74,2977.4,67.29,2910.11,1409.23,1500.88,523.82
2032,20240614,12,58,5,25,F145-7044,2,194.93,389.86,15.87,373.99,237.88,136.11,67.32
2033,20241205,26,143,8,5,F408-1929,1,86.85,86.85,7.79,79.06,49.01,30.05,14.23
2034,20221204,30,192,4,10,F576-3738,15,130.27,1954.05,13.09,1940.96,1103.24,837.72,349.37
2035,20241009,34,93,4,29,F973-8524,6,2260.25,13561.5,1998.97,11562.53,6943.07,4619.46,2081.26
2036,20230130,9,73,1,29,F353-6677,9,2280.0,20520.0,3416.58,17103.42,11069.24,6034.18,3078.62
2037,20240625,57,112,6,1,F563-2413,3,2.48,7.44,1.48,5.96,3.54,2.42,1.07
2038,20251128,26,170,5,3,F803-9022,6,87.25,523.5,62.72,460.78,234.69,226.09,82.94
2039,20230504,25,56,1,18,F494-6979,6,1807.2,10843.2,970.47,9872.73,4882.67,4990.06,1777.09
2040,20220601,7,136,6,19,F345-1970,11,2882.31,31705.41,6154.02,25551.39,16181.65,9369.74,4599.25
2041,20251108,17,62,10,26,F792-5092,13,561.83,7303.79,429.46,6874.33,4044.12,2830.21,1237.38
2042,20230510,55,43,8,25,F230-0017,11,2.03,22.33,4.42,17.91,11.66,6.25,3.22
2043,20251026,1,100,2,2,F120-6344,9,1240.9,11168.1,1066.55,10101.55,5638.02,4463.53,1818.28
2044,20230617,33,86,1,2,F969-1085,2,1507.76,3015.52,443.28,2572.24,1653.6,918.64,463.0
2045,20240309,25,162,10,3,F879-5266,10,1793.03,17930.3,2556.86,15373.44,7625.55,7747.89,2767.22
2046,20240530,4,51,10,15,F658-6737,13,2104.52,27358.76,1066.99,26291.77,15930.38,10361.39,4732.52
2047,20221201,41,70,1,29,F508-7220,12,89.54,1074.48,87.03,987.45,599.88,387.57,177.74
2048,20230110,29,115,3,24,F413-6745,7,48.11,336.77,12.02,324.75,202.27,122.48,58.45
2049,20230527,43,24,8,24,F641-7769,3,161.48,484.44,36.72,447.72,264.64,183.08,80.59
2050,20251030,60,155,2,25,F797-4318,1,17.87,17.87,3.86,14.01,8.31,5.7,2.52
2051,20220310,2,50,4,7,F465-3803,9,804.46,7240.14,1074.44,6165.7,3283.6,2882.1,1109.83
2052,20230324,6,44,4,12,F938-6576,15,3636.62,54549.3,3769.36,50779.94,31635.08,19144.86,9140.39
2053,20240819,7,43,2,3,F618-2677,15,2781.37,41720.55,725.94,40994.61,19764.66,21229.95,7379.03
2054,20230417,1,132,6,5,F479-8123,4,1179.77,4719.08,779.12,3939.96,2078.7,1861.26,709.19
2055,20220330,35,115,2,29,F684-8933,6,390.02,2340.12,193.53,2146.59,1112.1,1034.49,386.39
2056,20240905,19,149,6,2,F145-6482,10,828.73,8287.3,89.5,8197.8,5510.95,2686.85,1475.6
2057,20250204,19,14,4,15,F210-4099,14,859.44,12032.16,250.27,11781.89,6304.23,5477.66,2120.74
2058,20220708,54,119,8,22,F526-2791,8,4.67,37.36,4.39,32.97,21.94,11.03,5.93
2059,20230611,59,126,10,18,F848-2989,1,6.56,6.56,1.2,5.36,3.26,2.1,0.96
2060,20250605,7,44,10,18,F349-8050,5,2860.75,14303.75,1634.92,12668.83,8548.11,4120.72,2280.39
2061,20221221,51,60,9,8,F898-1884,10,23.0,230.0,22.15,207.85,131.27,76.58,37.41
2062,20250801,55,8,6,8,F587-7367,9,2.03,18.27,2.74,15.53,8.44,7.09,2.8
2063,20250916,48,163,7,13,F698-1950,13,131.7,1712.1,264.69,1447.41,852.41,595.0,260.53
2064,20221223,30,61,7,17,F799-2401,1,124.01,124.01,10.99,113.02,75.46,37.56,20.34
2065,20241123,56,37,2,22,F861-2801,6,5.89,35.34,5.94,29.4,16.32,13.08,5.29
2066,20241202,12,101,6,1,F796-5490,6,173.51,1041.06,75.06,966.0,494.44,471.56,173.88
2067,20240915,35,146,3,24,F075-8567,15,418.2,6273.0,144.91,6128.09,3266.16,2861.93,1103.06
2068,20240731,42,84,10,13,F993-7483,3,130.41,391.23,6.26,384.97,228.72,156.25,69.29
2069,20250613,49,175,5,8,F441-9978,1,263.89,263.89,32.38,231.51,135.86,95.65,41.67
2070,20220630,35,33,1,28,F339-0556,9,370.71,3336.39,637.25,2699.14,1810.09,889.05,485.85
2071,20250714,39,185,10,23,F709-4109,4,128.69,514.76,75.0,439.76,258.78,180.98,79.16
2072,20221018,33,87,10,17,F567-1082,11,1722.78,18950.58,541.99,18408.59,12085.21,6323.38,3313.55
2073,20250915,42,118,1,23,F671-7232,6,115.36,692.16,68.8,623.36,367.25,256.11,112.2
2074,20251027,6,115,7,16,F201-8836,3,3291.44,9874.32,511.49,9362.83,5512.78,3850.05,1685.31
2075,20240218,50,71,7,25,F080-1041,3,93.03,279.09,1.62,277.47,167.35,110.12,49.94
2076,20230801,47,99,9,5,F878-9415,8,383.84,3070.72,334.4,2736.32,1604.69,1131.63,492.54
2077,20230309,59,34,6,17,F591-3214,8,6.87,54.96,8.69,46.27,23.63,22.64,8.33
2078,20240804,32,175,9,1,F409-3052,1,471.01,471.01,81.91,389.1,228.18,160.92,70.04
2079,20241120,44,8,6,25,F400-6242,4,117.37,469.48,38.07,431.41,267.09,164.32,77.65
2080,20231029,47,173,2,6,F287-8877,11,383.29,4216.19,423.73,3792.46,1849.44,1943.02,682.64
2081,20251127,12,47,9,13,F472-9726,6,191.33,1147.98,215.25,932.73,497.76,434.97,167.89
2082,20220217,26,48,4,21,F975-2181,6,81.29,487.74,88.67,399.07,240.35,158.72,71.83
2083,20221224,44,57,4,18,F984-9382,10,115.5,1155.0,215.18,939.82,599.52,340.3,169.17
2084,20230607,60,175,6,6,F546-5536,7,16.96,118.72,4.3,114.42,56.74,57.68,20.6
2085,20230430,47,100,3,19,F176-6614,8,407.75,3262.0,127.54,3134.46,2096.97,1037.49,564.2
2086,20220505,38,176,6,4,F229-8266,12,63.32,759.84,37.16,722.68,423.45,299.23,130.08
2087,20240507,7,166,8,17,F270-6329,7,2827.07,19789.49,1606.91,18182.58,8820.95,9361.63,3272.86
2088,20241122,55,198,5,27,F268-3674,1,2.05,2.05,0.28,1.77,1.12,0.65,0.32
2089,20251223,1,132,10,3,F949-1855,11,1140.35,12543.85,1719.76,10824.09,7095.73,3728.36,1948.34
2090,20251202,59,181,6,19,F242-4410,8,6.93,55.44,2.01,53.43,27.77,25.66,9.62
2091,20240211,51,23,6,10,F465-1762,14,20.3,284.2,22.76,261.44,146.12,115.32,47.06
2092,20251220,21,94,10,29,F220-6873,4,662.43,2649.72,62.53,2587.19,1619.03,968.16,465.69
2093,20220117,31,115,6,2,F017-4355,9,300.12,2701.08,57.8,2643.28,1691.07,952.21,475.79
2094,20220322,55,198,2,2,F795-5798,14,1.9,26.6,3.76,22.84,11.46,11.38,4.11
2095,20251227,12,179,10,17,F485-9200,10,180.99,1809.9,210.67,1599.23,1086.71,512.52,287.86
2096,20241031,4,70,6,5,F241-8426,14,2161.31,30258.34,877.49,29380.85,16911.7,12469.15,5288.55
2097,20230223,34,36,6,18,F829-7015,13,2241.13,29134.69,2231.72,26902.97,13789.33,13113.64,4842.53
2098,20230223,27,107,8,18,F453-4580,6,159.3,955.8,181.7,774.1,461.92,312.18,139.34
2099,20231127,20,87,5,18,F648-5563,3,255.63,766.89,83.13,683.76,374.41,309.35,123.08
2100,20221115,47,183,10,10,F183-8226,6,381.23,2287.38,400.98,1886.4,1025.19,861.21,339.55
2101,20230113,9,178,7,11,F027-2231,10,2142.14,21421.4,4290.71,17130.69,11537.98,5592.71,3083.52
2102,20230206,60,79,6,21,F236-9607,15,19.37,290.55,2.53,288.02,147.23,140.79,51.84
2103,20240317,42,30,6,28,F325-1135,2,132.78,265.56,56.01,209.55,106.08,103.47,37.72
2104,20231218,14,163,7,18,F756-2985,6,192.93,1157.58,122.36,1035.22,604.94,430.28,186.34
2105,20251003,44,158,7,13,F601-8039,5,106.75,533.75,33.41,500.34,292.18,208.16,90.06
2106,20240825,10,109,8,29,F653-7227,14,3086.81,43215.34,6564.41,36650.93,24458.29,12192.64,6597.17
2107,20221031,47,34,6,28,F528-2748,11,405.11,4456.21,405.07,4051.14,2549.71,1501.43,729.21
2108,20220303,59,56,3,23,F557-1735,4,6.79,27.16,5.67,21.49,10.61,10.88,3.87
2109,20221222,48,37,1,21,F313-1518,14,134.51,1883.14,25.99,1857.15,965.79,891.36,334.29
2110,20250524,4,107,5,16,F164-3342,1,2076.11,2076.11,404.43,1671.68,976.12,695.56,300.9
2111,20231130,46,121,7,17,F724-1427,6,291.22,1747.32,9.26,1738.06,891.65,846.41,312.85
2112,20240721,43,119,6,9,F765-5951,13,171.4,2228.2,88.46,2139.74,1176.89,962.85,385.15
2113,20241105,36,147,1,11,F146-1479,8,87.82,702.56,20.94,681.62,348.27,333.35,122.69
2114,20231116,33,169,9,8,F748-1676,14,1680.06,23520.84,3466.97,20053.87,11445.04,8608.83,3609.7
2115,20230307,26,31,8,6,F065-7491,14,79.12,1107.68,44.31,1063.37,603.9,459.47,191.41
2116,20220418,44,145,10,6,F980-0480,8,109.07,872.56,151.13,721.43,451.37,270.06,129.86
2117,20230920,21,158,4,24,F422-2805,3,591.18,1773.54,225.06,1548.48,918.83,629.65,278.73
2118,20240702,7,20,5,8,F567-9022,13,2912.27,37859.51,2722.1,35137.41,22866.5,12270.91,6324.73
2119,20220625,10,63,10,28,F916-8851,3,2943.71,8831.13,631.43,8199.7,4532.29,3667.41,1475.95
2120,20240604,14,186,8,24,F762-8079,5,204.64,1023.2,60.06,963.14,485.84,477.3,173.37
2121,20220715,15,147,6,9,F887-4160,7,153.36,1073.52,68.49,1005.03,671.74,333.29,180.91
2122,20230809,37,30,3,29,F458-9890,13,151.66,1971.58,216.09,1755.49,1093.84,661.65,315.99
2123,20241213,53,45,8,3,F166-0909,10,5.02,50.2,4.84,45.36,23.47,21.89,8.16
2124,20231209,22,128,2,7,F503-5356,15,828.79,12431.85,1629.82,10802.03,6826.33,3975.7,1944.37
2125,20240629,9,34,3,1,F832-1615,9,2249.64,20246.76,4213.35,16033.41,9360.13,6673.28,2886.01
2126,20240523,9,14,9,7,F178-0617,7,2333.14,16331.98,2619.65,13712.33,8573.25,5139.08,2468.22
2127,20220924,57,176,8,17,F516-8289,13,2.22,28.86,3.52,25.34,15.24,10.1,4.56
2128,20230705,56,185,6,22,F527-5856,6,5.66,33.96,5.11,28.85,17.85,11.0,5.19
2129,20250308,12,193,1,7,F018-4557,9,173.93,1565.37,135.87,1429.5,703.57,725.93,257.31
2130,20220606,20,147,6,4,F472-1089,7,229.12,1603.84,227.75,1376.09,884.74,491.35,247.7
2131,20240531,23,147,2,1,F798-2445,3,356.67,1070.01,224.6,845.41,553.24,292.17,152.17
2132,20240728,42,192,6,22,F025-1516,13,126.18,1640.34,334.47,1305.87,872.8,433.07,235.06
2133,20231021,20,50,1,20,F844-3217,5,227.54,1137.7,163.6,974.1,610.75,363.35,175.34
2134,20240507,59,176,10,16,F096-9973,7,6.34,44.38,9.69,34.69,17.22,17.47,6.24
2135,20221111,8,30,4,6,F121-7543,1,2351.27,2351.27,327.53,2023.74,1267.57,756.17,364.27
2136,20220403,27,198,2,4,F116-6269,11,171.72,1888.92,57.99,1830.93,921.02,909.91,329.57
2137,20240813,26,185,1,15,F140-5619,15,79.9,1198.5,47.7,1150.8,580.22,570.58,207.14
2138,20220402,43,51,10,24,F748-3508,9,180.12,1621.08,271.04,1350.04,899.78,450.26,243.01
2139,20220806,3,138,1,22,F184-7461,4,696.51,2786.04,264.4,2521.64,1380.5,1141.14,453.9
2140,20250913,42,39,5,6,F103-1477,13,132.75,1725.75,114.42,1611.33,941.34,669.99,290.04
2141,20250124,19,36,6,28,F009-9445,9,785.75,7071.75,1062.88,6008.87,3635.79,2373.08,1081.6
2142,20240901,43,33,1,27,F843-9690,3,167.46,502.38,16.58,485.8,261.04,224.76,87.44
2143,20240531,13,98,2,26,F760-0021,6,98.91,593.46,129.85,463.61,254.98,208.63,83.45
2144,20240109,52,33,10,16,F844-0280,12,10.9,130.8,19.19,111.61,66.88,44.73,20.09
2145,20251214,50,109,6,18,F335-8842,8,79.79,638.32,16.66,621.66,332.65,289.01,111.9
2146,20230919,24,7,5,3,F910-2559,13,424.69,5520.97,1122.41,4398.56,2297.82,2100.74,791.74
2147,20251225,2,93,10,6,F491-3782,8,767.45,6139.6,1256.16,4883.44,2756.66,2126.78,879.02
2148,20241127,36,114,2,14,F437-9680,1,85.81,85.81,3.14,82.67,49.92,32.75,14.88
2149,20221120,2,167,2,11,F328-4278,3,806.63,2419.89,67.27,2352.62,1261.66,1090.96,423.47
2150,20220826,56,57,5,2,F256-0961,15,5.26,78.9,11.88,67.02,40.78,26.24,12.06
2151,20230414,8,128,10,30,F787-7397,6,2294.57,13767.42,2750.73,11016.69,6181.55,4835.14,1983.0
2152,20250225,24,114,10,22,F798-5703,13,427.42,5556.46,376.73,5179.73,2553.49,2626.24,932.35
2153,20240518,24,123,2,5,F857-4115,14,416.88,5836.32,221.2,5615.12,2971.63,2643.49,1010.72
2154,20220324,30,31,9,4,F040-3396,2,123.04,246.08,2.39,243.69,119.87,123.82,43.86
2155,20250121,2,26,8,13,F283-1475,12,863.46,10361.52,1807.05,8554.47,5053.71,3500.76,1539.8
2156,20230328,32,25,6,15,F110-2427,9,407.48,3667.32,34.47,3632.85,1753.31,1879.54,653.91
2157,20230306,38,16,8,3,F201-8330,12,61.08,732.96,17.44,715.52,392.49,323.03,128.79
2158,20251015,3,59,6,3,F993-0784,2,711.15,1422.3,77.09,1345.21,769.98,575.23,242.14
2159,20241213,53,126,5,7,F821-6564,6,5.04,30.24,6.45,23.79,15.96,7.83,4.28
2160,20251117,12,47,6,18,F881-8653,4,169.99,679.96,3.74,676.22,401.02,275.2,121.72
2161,20250202,44,128,1,7,F124-9196,7,111.91,783.37,121.19,662.18,396.8,265.38,119.19
2162,20220103,1,156,7,6,F843-7201,11,1169.99,12869.89,2275.4,10594.49,6731.75,3862.74,1907.01
2163,20240628,60,39,2,12,F600-1050,7,17.45,122.15,23.9,98.25,55.74,42.51,17.68
2164,20230917,34,9,1,9,F413-6797,3,2117.13,6351.39,977.48,5373.91,3090.0,2283.91,967.3
2165,20220909,28,18,2,2,F458-9643,6,232.33,1393.98,192.23,1201.75,582.83,618.92,216.31
2166,20230927,32,192,5,19,F242-8911,2,446.0,892.0,179.38,712.62,347.38,365.24,128.27
2167,20221224,50,180,5,19,F004-5162,2,92.56,185.12,33.41,151.71,89.9,61.81,27.31
2168,20251009,16,11,5,20,F624-8223,12,326.87,3922.44,56.88,3865.56,2461.94,1403.62,695.8
2169,20240527,3,128,7,26,F621-8671,5,761.98,3809.9,541.77,3268.13,1959.53,1308.6,588.26
2170,20221004,32,113,2,27,F425-6263,11,443.89,4882.79,69.82,4812.97,2756.15,2056.82,866.33
2171,20221123,39,26,3,7,F497-4697,5,125.72,628.6,14.14,614.46,406.54,207.92,110.6
2172,20231115,4,45,6,14,F188-3456,10,2116.44,21164.4,1240.23,19924.17,10493.26,9430.91,3586.35
2173,20220608,48,150,10,30,F117-7309,9,148.57,1337.13,196.96,1140.17,682.99,457.18,205.23
2174,20250302,52,111,3,1,F220-7656,12,9.27,111.24,20.13,91.11,48.55,42.56,16.4
2175,20250626,4,28,2,14,F057-2595,14,2127.86,29790.04,5925.24,23864.8,15484.68,8380.12,4295.66
2176,20230824,43,67,2,28,F954-8942,1,177.77,177.77,24.67,153.1,93.71,59.39,27.56
2177,20251127,52,147,9,20,F517-9580,6,9.39,56.34,8.48,47.86,30.16,17.7,8.61
2178,20240909,29,6,9,17,F641-9629,15,50.62,759.3,18.68,740.62,500.07,240.55,133.31
2179,20221204,19,19,9,30,F409-4261,9,922.54,8302.86,55.63,8247.23,5311.79,2935.44,1484.5
2180,20240523,20,92,9,17,F756-3820,3,241.77,725.31,120.91,604.4,344.66,259.74,108.79
2181,20251218,37,139,3,2,F832-0421,9,156.02,1404.18,115.42,1288.76,858.96,429.8,231.98
2182,20231018,17,24,3,27,F194-6231,7,533.53,3734.71,389.53,3345.18,1922.32,1422.86,602.13
2183,20240909,37,172,2,30,F162-8371,10,133.28,1332.8,118.22,1214.58,768.73,445.85,218.62
2184,20250924,58,154,7,18,F926-8269,14,5.69,79.66,10.35,69.31,44.24,25.07,12.48
2185,20250117,10,172,8,22,F651-0820,13,3067.11,39872.43,3440.99,36431.44,24360.03,12071.41,6557.66
2186,20240211,18,23,10,14,F116-5810,6,664.61,3987.66,201.38,3786.28,1906.71,1879.57,681.53
2187,20230907,28,125,5,22,F916-9064,15,229.86,3447.9,418.58,3029.32,1604.4,1424.92,545.28
2188,20220317,36,118,10,26,F880-6524,12,81.71,980.52,81.38,899.14,450.83,448.31,161.85
2189,20251219,12,180,5,27,F625-6166,1,175.73,175.73,34.2,141.53,94.15,47.38,25.48
2190,20251121,25,7,5,15,F524-5119,12,1799.0,21588.0,1258.58,20329.42,12245.65,8083.77,3659.3
2191,20241020,10,99,3,6,F956-5826,1,2850.34,2850.34,95.77,2754.57,1508.41,1246.16,495.82
2192,20220405,38,140,3,1,F515-9403,14,69.64,974.96,135.23,839.73,449.29,390.44,151.15
2193,20220116,51,129,4,20,F043-7142,5,23.18,115.9,13.63,102.27,59.99,42.28,18.41
2194,20221124,9,193,9,15,F617-9434,7,2408.09,16856.63,1778.37,15078.26,10224.86,4853.4,2714.09
2195,20230516,5,19,4,27,F116-9610,10,951.28,9512.8,1743.7,7769.1,3867.74,3901.36,1398.44
2196,20250513,58,154,3,27,F895-3352,12,5.95,71.4,3.9,67.5,41.33,26.17,12.15
2197,20231006,46,1,6,6,F255-0718,4,283.83,1135.32,53.25,1082.07,675.15,406.92,194.77
2198,20250605,59,200,1,30,F170-5904,9,6.65,59.85,6.73,53.12,29.75,23.37,9.56
2199,20220102,59,32,10,4,F440-5209,13,7.51,97.63,6.49,91.14,46.38,44.76,16.41
2200,20221112,42,146,7,13,F866-1036,4,114.21,456.84,70.03,386.81,206.84,179.97,69.63
2201,20231106,31,17,9,5,F717-4239,8,301.53,2412.24,475.69,1936.55,1290.27,646.28,348.58
2202,20221007,39,139,1,28,F411-7565,13,125.32,1629.16,195.99,1433.17,699.91,733.26,257.97
2203,20241224,54,106,9,28,F108-3711,2,5.06,10.12,0.6,9.52,5.41,4.11,1.71
2204,20231106,54,68,9,14,F632-8822,3,4.86,14.58,2.95,11.63,7.04,4.59,2.09
2205,20230323,40,179,10,18,F451-5106,4,202.35,809.4,124.49,684.91,408.45,276.46,123.28
2206,20251220,60,24,6,11,F603-4280,10,18.26,182.6,12.54,170.06,111.99,58.07,30.61
2207,20231103,21,185,10,22,F185-0960,1,659.78,659.78,16.03,643.75,388.01,255.74,115.88
2208,20221014,55,98,1,12,F117-1154,8,2.09,16.72,3.66,13.06,6.91,6.15,2.35
2209,20240503,31,153,9,25,F790-9098,11,267.12,2938.32,470.72,2467.6,1296.51,1171.09,444.17
2210,20220807,52,182,3,4,F528-9491,7,9.94,69.58,4.81,64.77,36.41,28.36,11.66
2211,20220908,17,13,1,20,F672-9379,10,513.7,5137.0,63.19,5073.81,2928.1,2145.71,913.29
2212,20230318,20,46,1,10,F943-6166,5,253.28,1266.4,147.79,1118.61,666.77,451.84,201.35
2213,20240212,25,143,10,14,F442-8152,5,1841.62,9208.1,1591.16,7616.94,4784.29,2832.65,1371.05
2214,20251116,27,80,6,14,F886-5967,13,159.04,2067.52,198.28,1869.24,957.73,911.51,336.46
2215,20230829,32,116,5,25,F327-3617,6,452.85,2717.1,321.43,2395.67,1163.9,1231.77,431.22
2216,20221030,13,63,6,9,F819-6627,13,100.27,1303.51,174.54,1128.97,637.9,491.07,203.21
2217,20230910,57,108,6,23,F297-0888,3,2.36,7.08,1.33,5.75,2.97,2.78,1.03
2218,20220519,7,14,1,23,F955-6972,6,2746.52,16479.12,2188.43,14290.69,7851.37,6439.32,2572.32
2219,20230612,11,196,8,14,F988-7838,2,152.79,305.58,11.76,293.82,158.32,135.5,52.89
2220,20230717,45,157,2,13,F029-1699,5,58.51,292.55,25.83,266.72,168.77,97.95,48.01
2221,20250601,6,129,5,18,F817-8472,12,3184.33,38211.96,8269.07,29942.89,14925.33,15017.56,5389.72
2222,20250131,41,138,1,4,F486-9648,1,93.65,93.65,0.12,93.53,61.81,31.72,16.84
2223,20221007,34,33,4,28,F082-2833,8,2406.91,19255.28,3011.53,16243.75,11018.58,5225.17,2923.88
2224,20220102,37,4,5,15,F139-6694,6,146.2,877.2,85.7,791.5,504.28,287.22,142.47
2225,20231124,51,38,2,30,F169-0877,3,21.18,63.54,8.93,54.61,30.85,23.76,9.83
2226,20250924,14,88,4,14,F355-9646,4,212.41,849.64,137.47,712.17,467.82,244.35,128.19
2227,20240407,47,90,3,12,F272-8423,13,367.84,4781.92,559.96,4221.96,2415.98,1805.98,759.95
2228,20230628,12,60,9,11,F900-4149,2,176.27,352.54,52.11,300.43,185.95,114.48,54.08
2229,20230608,24,110,5,10,F669-6020,5,455.95,2279.75,23.71,2256.04,1387.83,868.21,406.09
2230,20230725,19,20,2,5,F968-3172,6,880.89,5285.34,859.92,4425.42,2894.11,1531.31,796.58
2231,20251008,10,196,8,22,F963-1391,8,3323.41,26587.28,1669.68,24917.6,14637.93,10279.67,4485.17
2232,20250414,29,171,5,21,F657-2726,13,46.77,608.01,53.26,554.75,289.17,265.58,99.85
2233,20231216,32,98,3,27,F075-7779,4,408.07,1632.28,311.6,1320.68,780.55,540.13,237.72
2234,20250525,23,18,10,26,F397-4046,11,349.49,3844.39,459.02,3385.37,2167.45,1217.92,609.37
2235,20230203,53,99,10,26,F236-5325,6,4.35,26.1,4.1,22.0,11.42,10.58,3.96
2236,20250916,47,59,6,28,F236-5007,14,378.38,5297.32,168.98,5128.34,3101.75,2026.59,923.1
2237,20241023,1,190,2,17,F071-6494,15,1106.71,16600.65,3152.46,13448.19,8574.13,4874.06,2420.67
2238,20230125,29,109,6,6,F286-4164,5,47.07,235.35,26.62,208.73,102.99,105.74,37.57
2239,20240305,17,137,4,27,F548-5925,6,568.68,3412.08,196.54,3215.54,1818.39,1397.15,578.8
2240,20251207,45,142,2,1,F658-5252,10,52.58,525.8,71.67,454.13,258.88,195.25,81.74
2241,20221123,16,129,9,22,F262-8829,2,325.52,651.04,21.09,629.95,359.89,270.06,113.39
2242,20230513,48,151,9,17,F796-2540,10,140.9,1409.0,175.98,1233.02,696.8,536.22,221.94
2243,20230106,57,81,8,19,F720-2177,12,2.58,30.96,4.08,26.88,14.55,12.33,4.84
2244,20240930,54,65,7,8,F038-1468,5,5.0,25.0,4.62,20.38,12.56,7.82,3.67
2245,20250715,56,182,5,6,F275-2166,10,5.82,58.2,6.92,51.28,34.5,16.78,9.23
2246,20240430,58,42,9,8,F244-9307,9,5.4,48.6,6.94,41.66,24.93,16.73,7.5
2247,20251121,51,128,1,13,F943-2575,2,20.55,41.1,8.91,32.19,19.7,12.49,5.79
2248,20220122,57,13,10,18,F947-3475,3,2.44,7.32,0.83,6.49,3.78,2.71,1.17
2249,20251105,11,59,3,29,F003-0267,1,134.81,134.81,24.21,110.6,53.42,57.18,19.91
2250,20231008,5,12,1,17,F862-9780,7,996.59,6976.13,708.08,6268.05,3484.29,2783.76,1128.25
2251,20221022,43,99,2,1,F561-1370,15,183.93,2758.95,486.68,2272.27,1309.21,963.06,409.01
2252,20230906,53,16,4,29,F567-4741,6,4.56,27.36,2.31,25.05,12.49,12.56,4.51
2253,20241217,60,131,1,26,F495-4528,4,17.66,70.64,9.97,60.67,30.15,30.52,10.92
2254,20220928,27,50,6,10,F419-9646,13,181.35,2357.55,444.16,1913.39,1163.92,749.47,344.41
2255,20230125,21,188,1,15,F856-6624,13,662.92,8617.96,185.29,8432.67,4053.84,4378.83,1517.88
2256,20241221,59,85,10,13,F449-1222,6,6.56,39.36,7.08,32.28,17.3,14.98,5.81
2257,20220918,22,172,7,14,F276-1508,12,794.11,9529.32,96.25,9433.07,5344.5,4088.57,1697.95
2258,20231027,5,23,2,23,F861-3684,11,881.33,9694.63,838.59,8856.04,4907.96,3948.08,1594.09
2259,20221206,19,158,10,9,F791-7692,8,782.56,6260.48,746.25,5514.23,2757.75,2756.48,992.56
2260,20241216,3,50,7,14,F562-3315,1,725.69,725.69,58.64,667.05,395.12,271.93,120.07
2261,20241107,19,160,7,6,F398-9944,7,866.04,6062.28,712.32,5349.96,3175.17,2174.79,962.99
2262,20231205,30,143,9,29,F651-9270,9,130.73,1176.57,60.59,1115.98,632.41,483.57,200.88
2263,20240110,8,158,2,12,F032-6079,11,2495.88,27454.68,3989.17,23465.51,13540.98,9924.53,4223.79
2264,20231201,52,146,8,29,F387-0383,3,10.3,30.9,2.47,28.43,18.44,9.99,5.12
2265,20240920,45,111,6,15,F870-8553,3,57.88,173.64,0.85,172.79,85.94,86.85,31.1
2266,20230827,37,21,9,28,F006-9366,14,145.28,2033.92,83.59,1950.33,941.89,1008.44,351.06
2267,20230411,24,131,6,4,F472-7974,2,466.45,932.9,160.93,771.97,426.31,345.66,138.95
2268,20231103,30,76,7,20,F190-1223,2,119.9,239.8,35.39,204.41,103.76,100.65,36.79
2269,20220519,7,72,2,20,F730-9703,13,2818.14,36635.82,6730.0,29905.82,17652.96,12252.86,5383.05
2270,20250103,26,155,8,11,F525-9628,7,92.54,647.78,37.96,609.82,312.56,297.26,109.77
2271,20251130,5,68,6,9,F939-2161,13,955.42,12420.46,1932.62,10487.84,7122.72,3365.12,1887.81
2272,20220505,7,12,6,14,F799-8287,6,2956.87,17741.22,2657.63,15083.59,8364.9,6718.69,2715.05
2273,20250606,9,94,8,27,F001-9413,10,2024.25,20242.5,629.54,19612.96,12727.1,6885.86,3530.33
2274,20220228,2,181,6,14,F282-0866,1,882.52,882.52,12.27,870.25,487.22,383.03,156.64
2275,20220830,30,121,3,17,F167-9175,14,117.28,1641.92,49.09,1592.83,1034.58,558.25,286.71
2276,20240816,40,15,2,16,F533-8466,12,186.22,2234.64,435.31,1799.33,964.44,834.89,323.88
2277,20250510,12,35,7,3,F399-8885,5,171.49,857.45,135.31,722.14,381.34,340.8,129.99
2278,20251127,60,16,6,18,F657-0967,13,19.62,255.06,20.94,234.12,134.92,99.2,42.14
2279,20240404,6,119,2,27,F673-1412,6,3148.22,18889.32,4049.87,14839.45,8934.59,5904.86,2671.1
2280,20240211,21,93,4,27,F883-7219,2,591.63,1183.26,194.65,988.61,483.16,505.45,177.95
2281,20220628,4,19,7,19,F322-0241,3,2241.97,6725.91,295.27,6430.64,3128.93,3301.71,1157.52
2282,20250803,1,168,2,29,F517-9405,5,1302.32,6511.6,1297.76,5213.84,3368.12,1845.72,938.49
2283,20231221,51,166,3,26,F582-8551,12,21.37,256.44,18.46,237.98,128.18,109.8,42.84
2284,20231110,30,106,6,5,F610-4213,9,122.58,1103.22,139.12,964.1,629.6,334.5,173.54
2285,20250831,18,23,10,26,F739-8433,13,780.92,10151.96,257.86,9894.1,6404.12,3489.98,1780.94
2286,20231219,60,138,2,7,F924-1159,8,17.09,136.72,6.08,130.64,70.83,59.81,23.52
2287,20240430,3,170,10,13,F228-3002,1,691.95,691.95,23.39,668.56,424.49,244.07,120.34
2288,20250201,5,187,6,15,F263-8586,5,958.65,4793.25,224.8,4568.45,2998.41,1570.04,822.32
2289,20220716,49,108,9,2,F416-4473,4,277.02,1108.08,82.22,1025.86,680.84,345.02,184.65
2290,20220128,35,141,4,23,F258-4909,12,380.65,4567.8,431.2,4136.6,2145.87,1990.73,744.59
2291,20230918,60,82,4,13,F944-4882,4,18.37,73.48,8.85,64.63,43.53,21.1,11.63
2292,20240405,26,115,8,30,F284-0822,9,92.16,829.44,8.63,820.81,448.82,371.99,147.75
2293,20240530,26,102,3,7,F579-2995,10,83.77,837.7,61.82,775.88,384.85,391.03,139.66
2294,20240919,47,197,6,4,F044-8084,10,396.85,3968.5,29.76,3938.74,2628.65,1310.09,708.97
2295,20250525,41,27,4,4,F974-1366,12,98.9,1186.8,7.24,1179.56,799.77,379.79,212.32
2296,20240720,7,176,1,5,F337-4833,9,2779.15,25012.35,5180.06,19832.29,9895.34,9936.95,3569.81
2297,20220827,46,46,3,21,F025-6654,11,311.02,3421.22,292.86,3128.36,1931.29,1197.07,563.1
2298,20240912,46,69,2,22,F182-0011,15,294.68,4420.2,227.2,4193.0,2698.26,1494.74,754.74
2299,20230825,58,145,6,28,F986-0976,3,5.27,15.81,0.63,15.18,10.02,5.16,2.73
2300,20220123,1,13,2,11,F114-5526,7,1132.65,7928.55,1324.86,6603.69,4093.81,2509.88,1188.66
2301,20220521,14,168,10,9,F451-5568,15,224.84,3372.6,135.92,3236.68,2122.3,1114.38,582.6
2302,20221109,3,196,8,23,F196-2116,1,714.9,714.9,150.34,564.56,326.58,237.98,101.62
2303,20241011,30,152,6,21,F029-3779,1,126.57,126.57,25.92,100.65,62.57,38.08,18.12
2304,20240315,43,74,10,7,F994-4982,2,180.37,360.74,3.82,356.92,241.46,115.46,64.25
2305,20251208,50,1,5,12,F130-0515,4,89.23,356.92,54.18,302.74,180.37,122.37,54.49
2306,20250306,57,195,5,3,F074-8893,1,2.29,2.29,0.26,2.03,1.26,0.77,0.37
2307,20231224,20,168,6,29,F631-2856,15,245.66,3684.9,75.91,3608.99,1892.11,1716.88,649.62
2308,20231225,35,176,10,11,F151-0749,13,375.48,4881.24,805.4,4075.84,2697.64,1378.2,733.65
2309,20250429,24,146,10,1,F660-0315,1,424.73,424.73,5.56,419.17,282.0,137.17,75.45
2310,20230302,26,19,9,13,F735-7197,15,86.96,1304.4,260.75,1043.65,615.23,428.42,187.86
2311,20250706,31,123,9,9,F712-2054,13,276.48,3594.24,549.92,3044.32,1608.4,1435.92,547.98
2312,20231222,46,74,5,19,F716-6144,4,308.35,1233.4,179.71,1053.69,625.95,427.74,189.66
2313,20230414,56,195,3,11,F336-0132,1,5.33,5.33,0.46,4.87,2.78,2.09,0.88
2314,20230505,14,55,7,11,F262-2131,6,198.7,1192.2,217.34,974.86,482.14,492.72,175.47
2315,20220919,58,48,10,2,F643-3061,5,5.58,27.9,0.65,27.25,16.01,11.24,4.91
2316,20230921,43,57,5,11,F877-1561,12,186.34,2236.08,383.26,1852.82,970.45,882.37,333.51
2317,20241010,5,108,1,12,F251-0093,13,881.71,11462.23,80.24,11381.99,5554.03,5827.96,2048.76
2318,20241013,41,65,4,1,F156-1912,9,99.98,899.82,110.05,789.77,444.48,345.29,142.16
2319,20231212,6,2,5,29,F695-5481,8,3307.55,26460.4,1280.68,25179.72,12771.56,12408.16,4532.35
2320,20230721,60,143,9,15,F332-9267,6,19.56,117.36,19.47,97.89,66.49,31.4,17.62
2321,20221105,56,109,5,6,F405-0761,3,5.29,15.87,2.07,13.8,8.26,5.54,2.48
2322,20221219,15,46,1,29,F711-2318,4,176.11,704.44,64.95,639.49,409.8,229.69,115.11
2323,20230126,30,119,1,23,F611-2066,9,121.64,1094.76,44.89,1049.87,557.66,492.21,188.98
2324,20231123,1,42,4,23,F770-9024,2,1291.77,2583.54,51.67,2531.87,1389.62,1142.25,455.74
2325,20250402,1,166,10,24,F677-2801,7,1137.54,7962.78,1227.06,6735.72,3459.8,3275.92,1212.43
2326,20240717,5,147,8,24,F005-5998,15,939.0,14085.0,1625.41,12459.59,6290.83,6168.76,2242.73
2327,20251217,37,55,9,12,F341-9016,2,133.51,267.02,45.39,221.63,128.68,92.95,39.89
2328,20231105,36,119,8,6,F721-1544,10,79.55,795.5,154.17,641.33,380.82,260.51,115.44
2329,20241130,25,198,6,30,F243-7844,1,1801.89,1801.89,280.91,1520.98,958.34,562.64,273.78
2330,20221127,35,141,7,20,F966-2533,12,403.05,4836.6,642.78,4193.82,2194.16,1999.66,754.89
2331,20250820,33,71,6,29,F319-0876,8,1705.83,13646.64,2699.31,10947.33,7014.4,3932.93,1970.52
2332,20250612,43,123,3,1,F056-2911,9,160.44,1443.96,43.9,1400.06,874.3,525.76,252.01
2333,20220719,36,59,3,22,F969-2548,5,81.55,407.75,48.16,359.59,217.57,142.02,64.73
2334,20220506,4,168,4,24,F135-8600,5,2029.31,10146.55,621.98,9524.57,6452.71,3071.86,1714.42
2335,20220406,48,148,10,23,F201-0168,7,133.9,937.3,200.86,736.44,494.38,242.06,132.56
2336,20250115,44,163,4,2,F284-2446,11,107.28,1180.08,190.82,989.26,500.09,489.17,178.07
2337,20231207,15,33,2,8,F382-3178,3,173.21,519.63,81.95,437.68,253.68,184.0,78.78
2338,20231212,3,86,1,14,F260-6486,13,773.53,10055.89,288.6,9767.29,4871.02,4896.27,1758.11
2339,20250416,13,153,4,30,F849-7209,14,87.17,1220.38,15.38,1205.0,750.77,454.23,216.9
2340,20230429,30,138,4,5,F787-1164,7,123.6,865.2,171.92,693.28,346.08,347.2,124.79
2341,20220112,44,175,2,16,F306-6196,3,105.18,315.54,68.76,246.78,122.88,123.9,44.42
2342,20251003,56,136,4,4,F967-0478,14,5.7,79.8,16.59,63.21,37.7,25.51,11.38
2343,20240818,17,159,7,13,F167-2472,12,506.26,6075.12,723.55,5351.57,2864.06,2487.51,963.28
2344,20230203,37,125,1,17,F058-6012,14,133.18,1864.52,83.34,1781.18,897.19,883.99,320.61
2345,20241004,26,101,8,25,F899-0665,6,86.75,520.5,110.92,409.58,230.81,178.77,73.72
2346,20241103,25,132,7,12,F371-0991,7,1700.63,11904.41,2435.64,9468.77,4704.3,4764.47,1704.38
2347,20240424,20,168,1,15,F989-7070,13,243.72,3168.36,531.97,2636.39,1399.78,1236.61,474.55
2348,20240806,26,184,4,19,F427-5633,11,93.14,1024.54,69.05,955.49,605.82,349.67,171.99
2349,20240317,1,34,3,13,F138-7109,10,1163.31,11633.1,964.38,10668.72,6088.88,4579.84,1920.37
2350,20220813,57,56,7,22,F141-5629,2,2.55,5.1,0.33,4.77,2.43,2.34,0.86
2351,20250510,42,174,9,28,F526-0644,6,125.69,754.14,44.19,709.95,362.26,347.69,127.79
2352,20230918,35,190,10,30,F418-2417,10,400.97,4009.7,838.43,3171.27,1913.99,1257.28,570.83
2353,20251005,41,169,10,19,F700-6231,5,91.16,455.8,90.98,364.82,227.01,137.81,65.67
2354,20230508,17,35,5,15,F998-3059,9,503.71,4533.39,337.74,4195.65,2214.82,1980.83,755.22
2355,20231229,57,63,5,7,F973-0570,1,2.36,2.36,0.19,2.17,1.14,1.03,0.39
2356,20230210,52,172,9,16,F416-0459,2,10.47,20.94,0.36,20.58,13.31,7.27,3.7
2357,20231004,24,187,7,30,F707-9236,5,469.93,2349.65,191.26,2158.39,1237.58,920.81,388.51
2358,20250624,44,183,5,24,F791-5497,6,110.15,660.9,115.72,545.18,305.45,239.73,98.13
2359,20240905,13,70,7,13,F954-9743,4,93.19,372.76,35.78,336.98,199.78,137.2,60.66
2360,20230720,50,72,3,3,F182-5624,13,85.93,1117.09,15.64,1101.45,574.65,526.8,198.26
2361,20220901,19,86,10,30,F963-5020,9,838.23,7544.07,1158.01,6386.06,3075.42,3310.64,1149.49
2362,20240915,33,37,6,26,F963-6082,6,1475.66,8853.96,361.24,8492.72,4754.4,3738.32,1528.69
2363,20241019,37,62,1,15,F891-4525,5,140.78,703.9,130.71,573.19,295.96,277.23,103.17
2364,20240403,9,69,3,13,F126-4685,13,2116.76,27517.88,4342.32,23175.56,15700.51,7475.05,4171.6
2365,20231026,4,64,3,14,F837-1907,5,2308.09,11540.45,1651.44,9889.01,5900.81,3988.2,1780.02
2366,20240426,20,15,8,19,F423-3605,15,252.0,3780.0,257.04,3522.96,2197.2,1325.76,634.13
2367,20220720,43,5,1,18,F662-1999,4,180.96,723.84,16.58,707.26,467.85,239.41,127.31
2368,20231230,32,31,2,12,F748-8995,14,466.88,6536.32,512.45,6023.87,3092.67,2931.2,1084.3
2369,20220129,29,54,6,27,F993-4578,15,43.89,658.35,80.65,577.7,314.08,263.62,103.99
2370,20220521,48,118,5,9,F865-8161,7,153.82,1076.74,210.61,866.13,503.31,362.82,155.9
2371,20221023,4,166,1,23,F542-6733,4,1977.15,7908.6,1118.28,6790.32,3481.53,3308.79,1222.26
2372,20250820,51,114,8,15,F136-9459,12,21.48,257.76,46.53,211.23,110.79,100.44,38.02
2373,20220420,28,1,2,9,F933-1015,6,245.55,1473.3,131.86,1341.44,696.2,645.24,241.46
2374,20250605,42,40,8,30,F550-1031,15,131.67,1975.05,331.61,1643.44,1019.02,624.42,295.82
2375,20220408,2,12,1,1,F943-2491,6,881.0,5286.0,378.48,4907.52,2865.15,2042.37,883.35
2376,20230804,31,48,6,15,F679-3193,3,306.65,919.95,147.65,772.3,380.85,391.45,139.01
2377,20230603,8,178,2,25,F941-3566,10,2475.08,24750.8,1638.5,23112.3,15566.87,7545.43,4160.21
2378,20250805,49,43,1,7,F125-3246,13,254.92,3313.96,457.66,2856.3,1420.63,1435.67,514.13
2379,20230923,25,101,3,30,F739-0439,6,1822.77,10936.62,1706.11,9230.51,5387.11,3843.4,1661.49
2380,20220627,39,64,6,5,F737-6120,10,127.66,1276.6,204.0,1072.6,698.47,374.13,193.07
2381,20240920,40,61,3,6,F155-7254,15,187.04,2805.6,530.82,2274.78,1402.58,872.2,409.46
2382,20221218,15,45,1,10,F373-7761,4,168.81,675.24,132.75,542.49,325.86,216.63,97.65
2383,20231228,45,91,4,5,F233-6935,15,58.88,883.2,151.91,731.29,383.5,347.79,131.63
2384,20230911,28,24,1,18,F471-0747,6,231.76,1390.56,297.3,1093.26,627.43,465.83,196.79
2385,20230928,33,196,9,26,F163-3276,10,1503.66,15036.6,1646.51,13390.09,8997.09,4393.0,2410.22
2386,20220930,25,26,6,21,F866-9071,1,1639.25,1639.25,177.2,1462.05,747.39,714.66,263.17
2387,20220622,15,47,2,28,F505-7123,9,174.37,1569.33,233.99,1335.34,809.78,525.56,240.36
2388,20220811,60,104,8,7,F333-7252,5,18.91,94.55,11.11,83.44,44.36,39.08,15.02
2389,20251030,49,56,3,5,F976-2645,3,248.73,746.19,34.47,711.72,479.68,232.04,128.11
2390,20230707,59,75,5,5,F355-9179,1,7.21,7.21,1.01,6.2,3.91,2.29,1.12
2391,20221018,43,176,3,6,F752-5796,10,183.63,1836.3,62.25,1774.05,1140.96,633.09,319.33
2392,20231114,26,87,4,12,F672-0808,3,79.18,237.54,42.9,194.64,117.48,77.16,35.04
2393,20251222,58,123,4,3,F876-1880,14,5.58,78.12,15.42,62.7,40.01,22.69,11.29
2394,20241105,35,27,4,1,F498-5166,7,354.88,2484.16,373.62,2110.54,1220.64,889.9,379.9
2395,20230924,15,83,3,1,F910-1176,5,173.34,866.7,147.25,719.45,439.33,280.12,129.5
2396,20240406,15,74,7,8,F585-7759,3,170.98,512.94,45.29,467.65,229.83,237.82,84.18
2397,20230902,43,122,1,12,F327-4120,2,168.64,337.28,23.27,314.01,168.11,145.9,56.52
2398,20231109,37,95,2,14,F738-4386,3,132.96,398.88,82.21,316.67,193.78,122.89,57.0
2399,20221110,5,110,5,1,F584-1497,13,892.28,11599.64,2343.13,9256.51,5076.68,4179.83,1666.17
2400,20250806,37,116,9,16,F367-3029,10,149.38,1493.8,323.56,1170.24,700.02,470.22,210.64
2401,20231204,4,44,7,6,F683-0245,1,2113.5,2113.5,377.26,1736.24,839.7,896.54,312.52
2402,20231010,5,170,2,5,F315-1201,11,984.88,10833.68,1181.95,9651.73,4895.27,4756.46,1737.31
2403,20220722,13,159,7,15,F545-9283,13,96.74,1257.62,198.2,1059.42,700.48,358.94,190.7
2404,20251113,42,56,2,6,F437-8038,1,123.47,123.47,15.38,108.09,63.19,44.9,19.46
2405,20251030,58,48,3,15,F668-6380,2,5.68,11.36,1.99,9.37,6.34,3.03,1.69
2406,20250114,44,136,9,20,F487-8925,8,120.19,961.52,202.88,758.64,469.67,288.97,136.56
2407,20250208,27,162,10,29,F938-5059,14,168.24,2355.36,330.22,2025.14,1056.31,968.83,364.53
2408,20231020,13,80,4,1,F977-8397,2,89.06,178.12,24.69,153.43,85.38,68.05,27.62
2409,20230920,44,32,3,2,F163-1984,10,119.39,1193.9,167.27,1026.63,530.09,496.54,184.79
2410,20231213,38,97,5,10,F577-7473,14,61.53,861.42,4.48,856.94,471.16,385.78,154.25
2411,20231127,52,36,7,18,F476-6483,8,10.89,87.12,0.13,86.99,42.62,44.37,15.66
2412,20240817,20,77,10,15,F608-7376,11,232.21,2554.31,428.61,2125.7,1231.38,894.32,382.63
2413,20230923,60,89,7,23,F035-4210,2,17.63,35.26,3.26,32.0,16.65,15.35,5.76
2414,20220508,55,179,4,16,F204-0617,1,1.97,1.97,0.18,1.79,0.99,0.8,0.32
2415,20240517,38,119,8,3,F113-9265,5,69.39,346.95,43.13,303.82,183.29,120.53,54.69
2416,20240830,42,53,1,23,F380-9725,10,121.37,1213.7,185.82,1027.88,539.17,488.71,185.02
2417,20240609,30,136,3,15,F424-3382,3,129.29,387.87,31.42,356.45,178.95,177.5,64.16
2418,20231011,28,135,10,28,F574-9338,2,241.12,482.24,90.52,391.72,236.14,155.58,70.51
2419,20241231,49,169,7,8,F306-5414,7,252.06,1764.42,135.33,1629.09,873.74,755.35,293.24
2420,20230201,49,57,5,23,F264-1196,15,248.69,3730.35,773.3,2957.05,1592.17,1364.88,532.27
2421,20250405,51,155,10,8,F772-9953,10,23.64,236.4,6.31,230.09,136.65,93.44,41.42
2422,20230914,16,73,4,19,F903-4418,14,336.15,4706.1,267.78,4438.32,2643.75,1794.57,798.9
2423,20250122,57,169,9,6,F150-3679,1,2.37,2.37,0.27,2.1,1.29,0.81,0.38
2424,20230901,4,123,4,19,F686-8736,9,2156.92,19412.28,1793.69,17618.59,10590.32,7028.27,3171.35
2425,20230920,42,26,4,6,F107-0131,9,130.42,1173.78,150.48,1023.3,682.29,341.01,184.19
2426,20231111,58,30,8,25,F045-7847,8,5.95,47.6,1.35,46.25,28.59,17.66,8.32
2427,20220927,21,162,7,12,F345-7744,14,604.37,8461.18,965.42,7495.76,3886.88,3608.88,1349.24
2428,20220714,52,3,1,10,F285-9285,14,10.29,144.06,24.65,119.41,58.21,61.2,21.49
2429,20250708,28,157,4,19,F056-0449,7,265.27,1856.89,379.55,1477.34,752.97,724.37,265.92
2430,20220814,10,30,4,24,F885-7561,14,3303.07,46242.98,3620.83,42622.15,21621.03,21001.12,7671.99
2431,20231125,22,101,4,11,F597-5528,14,922.32,12912.48,1012.34,11900.14,7394.7,4505.44,2142.03
2432,20220406,41,111,2,30,F588-9986,8,98.52,788.16,167.09,621.07,367.1,253.97,111.79
2433,20250625,14,49,5,23,F336-6498,5,227.88,1139.4,176.95,962.45,568.34,394.11,173.24
2434,20250416,25,95,1,29,F210-4860,2,1696.68,3393.36,166.27,3227.09,1898.85,1328.24,580.88
2435,20240316,57,190,3,2,F879-4075,14,2.28,31.92,2.86,29.06,19.37,9.69,5.23
2436,20221012,13,168,2,1,F309-3801,5,92.34,461.7,18.61,443.09,248.71,194.38,79.76
2437,20221117,43,173,7,26,F842-8852,10,171.24,1712.4,156.68,1555.72,977.44,578.28,280.03
2438,20230131,54,167,6,23,F725-2308,9,4.6,41.4,7.21,34.19,23.17,11.02,6.15
2439,20241129,37,40,2,21,F679-7984,7,152.91,1070.37,177.36,893.01,599.97,293.04,160.74
2440,20220117,29,10,5,7,F862-5219,2,50.53,101.06,10.36,90.7,46.95,43.75,16.33
2441,20220912,4,13,3,6,F835-9161,9,1993.13,17938.17,3133.8,14804.37,9577.58,5226.79,2664.79
2442,20250525,40,193,6,24,F894-2613,7,207.07,1449.49,124.66,1324.83,683.92,640.91,238.47
2443,20240822,13,60,1,5,F017-2203,9,90.5,814.5,178.13,636.37,384.83,251.54,114.55
2444,20220523,22,59,1,8,F203-4156,2,852.45,1704.9,80.81,1624.09,1064.69,559.4,292.34
2445,20250202,27,110,8,12,F956-0176,2,171.77,343.54,55.48,288.06,145.35,142.71,51.85
2446,20220531,29,89,6,8,F921-0929,3,50.25,150.75,25.73,125.02,75.25,49.77,22.5
2447,20230702,12,45,4,24,F596-9112,6,175.25,1051.5,48.68,1002.82,497.05,505.77,180.51
2448,20240129,50,70,3,2,F131-8851,8,82.23,657.84,24.67,633.17,307.6,325.57,113.97
2449,20250528,19,198,1,3,F466-2672,13,851.61,11070.93,1415.97,9654.96,6066.02,3588.94,1737.89
2450,20230622,11,15,8,27,F900-6777,3,147.89,443.67,28.57,415.1,272.4,142.7,74.72
2451,20230927,59,199,2,27,F940-7804,11,7.35,80.85,15.71,65.14,37.29,27.85,11.73
2452,20230221,42,28,10,26,F853-9843,8,127.47,1019.76,72.0,947.76,504.29,443.47,170.6
2453,20220201,60,164,9,8,F550-7221,15,19.4,291.0,16.88,274.12,152.76,121.36,49.34
2454,20231205,10,17,3,5,F325-9811,8,3244.0,25952.0,3591.76,22360.24,12251.08,10109.16,4024.84
2455,20220319,3,101,9,10,F730-4174,10,761.32,7613.2,1309.47,6303.73,3458.53,2845.2,1134.67
2456,20221227,59,64,4,15,F588-1251,12,6.96,83.52,2.71,80.81,42.79,38.02,14.55
2457,20220913,51,31,9,15,F990-8414,3,20.88,62.64,1.17,61.47,41.55,19.92,11.06
2458,20231213,3,191,10,2,F686-1212,6,689.13,4134.78,893.94,3240.84,1913.91,1326.93,583.35
2459,20251225,30,10,4,20,F155-5776,14,132.27,1851.78,335.91,1515.87,815.95,699.92,272.86
2460,20231115,7,46,10,11,F753-1793,10,2840.78,28407.8,3857.78,24550.02,15193.74,9356.28,4419.0
2461,20250222,32,100,5,8,F226-9136,3,402.91,1208.73,37.83,1170.9,677.3,493.6,210.76
2462,20240805,30,37,2,13,F181-6175,1,117.51,117.51,9.33,108.18,58.18,50.0,19.47
2463,20250827,44,98,4,30,F200-0025,13,111.2,1445.6,82.83,1362.77,893.72,469.05,245.3
2464,20230630,45,78,8,29,F927-0304,4,57.33,229.32,10.2,219.12,117.88,101.24,39.44
2465,20221023,20,85,1,9,F476-0341,9,240.38,2163.42,237.54,1925.88,1155.23,770.65,346.66
2466,20251219,52,197,9,22,F358-1170,14,9.54,133.56,10.99,122.57,75.58,46.99,22.06
2467,20220911,40,128,5,20,F719-2977,6,201.04,1206.24,50.3,1155.94,712.49,443.45,208.07
2468,20241027,26,154,6,14,F239-4392,11,84.78,932.58,42.9,889.68,595.66,294.02,160.14
2469,20240216,12,41,6,19,F158-0288,8,180.85,1446.8,150.9,1295.9,828.03,467.87,233.26
2470,20231009,27,155,3,1,F670-6044,7,159.97,1119.79,86.0,1033.79,513.53,520.26,186.08
2471,20250112,37,19,6,30,F886-6726,3,149.49,448.47,14.89,433.58,232.91,200.67,78.04
2472,20230401,14,180,10,13,F239-7142,10,194.29,1942.9,135.81,1807.09,1141.16,665.93,325.28
2473,20221007,16,45,10,24,F304-2948,12,315.43,3785.16,676.41,3108.75,1893.7,1215.05,559.57
2474,20240404,3,132,1,21,F685-9032,2,714.06,1428.12,105.25,1322.87,703.56,619.31,238.12
2475,20220514,22,138,1,2,F280-9403,4,805.96,3223.84,513.24,2710.6,1422.0,1288.6,487.91
2476,20231103,35,165,2,6,F871-2488,4,408.89,1635.56,253.51,1382.05,706.79,675.26,248.77
2477,20241217,7,76,9,22,F934-1846,3,3019.19,9057.57,1558.81,7498.76,4157.48,3341.28,1349.78
2478,20220407,46,138,8,13,F306-0139,3,282.05,846.15,161.87,684.28,402.83,281.45,123.17
2479,20221125,7,138,1,13,F317-5007,2,2927.43,5854.86,683.85,5171.01,2753.19,2417.82,930.78
2480,20250413,49,100,3,19,F951-8233,14,242.83,3399.62,503.82,2895.8,1414.64,1481.16,521.24
2481,20220307,59,81,9,11,F795-6353,8,7.48,59.84,8.4,51.44,29.63,21.81,9.26
2482,20221207,41,191,2,20,F446-2119,14,93.88,1314.32,115.4,1198.92,650.0,548.92,215.81
2483,20230923,14,112,3,6,F077-3168,3,203.75,611.25,15.04,596.21,302.98,293.23,107.32
2484,20240915,12,157,5,18,F223-1848,12,166.87,2002.44,28.23,1974.21,1059.88,914.33,355.36
2485,20250424,19,180,2,3,F483-7316,9,893.06,8037.54,1621.17,6416.37,3809.21,2607.16,1154.95
2486,20240116,10,157,5,19,F708-8632,7,3263.99,22847.93,2956.52,19891.41,11911.22,7980.19,3580.45
2487,20251006,7,141,1,2,F225-7078,9,2872.29,25850.61,3970.65,21879.96,10987.65,10892.31,3938.39
2488,20230328,28,1,1,1,F357-3223,12,245.96,2951.52,446.86,2504.66,1286.44,1218.22,450.84
2489,20250501,48,25,1,11,F647-0761,6,135.21,811.26,34.48,776.78,434.38,342.4,139.82
2490,20250722,21,61,9,23,F002-5821,5,660.44,3302.2,177.33,3124.87,1830.84,1294.03,562.48
2491,20231010,36,44,10,25,F627-1024,15,88.75,1331.25,122.34,1208.91,776.2,432.71,217.6
2492,20221114,4,118,7,30,F250-3722,9,2103.76,18933.84,2906.34,16027.5,8218.95,7808.55,2884.95
2493,20240502,12,157,7,22,F809-3340,15,193.43,2901.45,132.02,2769.43,1812.36,957.07,498.5
2494,20240228,14,87,2,29,F647-8886,7,223.05,1561.35,309.15,1252.2,621.92,630.28,225.4
2495,20231031,59,117,2,8,F445-9047,14,7.33,102.62,17.34,85.28,43.95,41.33,15.35
2496,20220112,20,40,9,26,F161-3296,2,259.97,519.94,0.1,519.84,257.26,262.58,93.57
2497,20251222,58,131,4,12,F920-3062,10,5.42,54.2,1.82,52.38,32.19,20.19,9.43
2498,20231018,30,84,1,13,F976-7902,12,129.69,1556.28,293.2,1263.08,739.75,523.33,227.35
2499,20220223,32,186,6,27,F596-2737,11,424.56,4670.16,44.83,4625.33,2919.06,1706.27,832.56
2500,20250212,1,168,5,8,F789-1230,15,1233.91,18508.65,2191.42,16317.23,8160.09,8157.14,2937.1
2501,20251012,40,118,9,23,F114-5773,10,179.43,1794.3,175.48,1618.82,909.7,709.12,291.39
2502,20230905,38,178,5,12,F677-8151,14,65.63,918.82,107.78,811.04,429.36,381.68,145.99
2503,20230430,12,39,7,13,F378-6542,1,189.92,189.92,41.38,148.54,95.72,52.82,26.74
2504,20240110,35,25,3,11,F459-3345,3,377.2,1131.6,152.31,979.29,539.37,439.92,176.27
2505,20221227,20,88,6,8,F617-4471,10,245.23,2452.3,305.07,2147.23,1439.69,707.54,386.5
2506,20251214,43,77,3,19,F883-9959,11,170.76,1878.36,3.76,1874.6,1066.4,808.2,337.43
2507,20231002,2,106,7,19,F312-1032,11,811.35,8924.85,932.65,7992.2,5058.79,2933.41,1438.6
2508,20231101,49,1,9,26,F610-7493,10,256.74,2567.4,223.88,2343.52,1135.01,1208.51,421.83
2509,20241006,20,159,10,10,F416-4519,8,248.16,1985.28,111.37,1873.91,1031.38,842.53,337.3
2510,20240508,5,78,2,14,F474-3974,4,1041.07,4164.28,735.41,3428.87,2195.84,1233.03,617.2
2511,20250314,19,103,10,18,F828-8737,9,909.1,8181.9,1698.56,6483.34,3557.23,2926.11,1167.0
2512,20230419,7,68,5,11,F011-9912,5,3042.59,15212.95,2598.37,12614.58,7401.49,5213.09,2270.62
2513,20250716,11,84,3,4,F856-0515,9,147.91,1331.19,236.15,1095.04,717.43,377.61,197.11
2514,20251027,11,142,10,29,F063-0297,8,141.21,1129.68,9.72,1119.96,627.23,492.73,201.59
2515,20221118,54,134,2,25,F227-0009,5,5.06,25.3,2.98,22.32,11.84,10.48,4.02
2516,20230406,36,11,6,16,F313-8862,10,91.59,915.9,111.92,803.98,526.6,277.38,144.72
2517,20220920,36,191,2,18,F356-6816,10,81.91,819.1,132.78,686.32,365.38,320.94,123.54
2518,20250315,56,95,1,2,F001-3488,3,5.34,16.02,3.26,12.76,7.27,5.49,2.3
2519,20231216,3,27,10,29,F891-9773,12,745.66,8947.92,768.63,8179.29,5036.52,3142.77,1472.27
2520,20220311,23,100,5,4,F572-4278,1,345.39,345.39,69.25,276.14,185.03,91.11,49.71
2521,20221004,50,76,7,15,F584-0849,14,86.87,1216.18,117.24,1098.94,646.48,452.46,197.81
2522,20250328,33,31,9,16,F166-6791,15,1664.5,24967.5,3959.85,21007.65,10165.63,10842.02,3781.38
2523,20230819,57,53,7,12,F910-2014,1,2.47,2.47,0.02,2.45,1.49,0.96,0.44
2524,20240611,4,65,3,20,F610-0709,15,2021.45,30321.75,1970.91,28350.84,18993.33,9357.51,5103.15
2525,20240814,26,103,6,6,F309-0633,11,85.64,942.04,71.03,871.01,491.59,379.42,156.78
2526,20240519,25,89,10,20,F447-7827,13,1671.68,21731.84,601.97,21129.87,11509.89,9619.98,3803.38
2527,20221026,9,47,2,20,F009-5436,7,2146.4,15024.8,2539.19,12485.61,6453.15,6032.46,2247.41
2528,20221218,16,8,5,16,F315-7871,11,301.57,3317.27,472.71,2844.56,1533.16,1311.4,512.02
2529,20221225,58,96,10,8,F616-7162,9,5.58,50.22,3.19,47.03,29.96,17.07,8.47
2530,20221112,21,58,6,1,F501-1341,14,589.96,8259.44,1497.44,6762.0,3559.19,3202.81,1217.16
2531,20220603,9,180,10,2,F004-4082,12,2135.47,25625.64,1960.36,23665.28,11840.34,11824.94,4259.75
2532,20220617,26,18,8,8,F946-2346,3,80.25,240.75,50.12,190.63,126.98,63.65,34.31
2533,20231126,41,138,9,24,F253-5678,8,103.44,827.52,28.63,798.89,506.88,292.01,143.8
2534,20240418,36,47,10,22,F313-2791,11,83.18,914.98,64.69,850.29,463.36,386.93,153.05
2535,20220719,44,104,2,17,F336-8016,3,121.75,365.25,57.27,307.98,167.09,140.89,55.44
2536,20250727,24,14,9,28,F653-0773,8,442.06,3536.48,51.63,3484.85,1906.9,1577.95,627.27
2537,20231005,24,69,8,8,F784-5999,2,418.67,837.34,47.56,789.78,450.82,338.96,142.16
2538,20220604,41,136,5,4,F854-7558,13,90.74,1179.62,36.69,1142.93,648.81,494.12,205.73
2539,20230702,8,118,4,9,F297-9881,5,2444.59,12222.95,1888.45,10334.5,6986.09,3348.41,1860.21
2540,20230926,14,57,4,4,F543-3568,4,194.08,776.32,83.38,692.94,406.66,286.28,124.73
2541,20251216,27,165,9,30,F616-2986,13,160.05,2080.65,31.42,2049.23,1066.03,983.2,368.86
2542,20221213,28,45,9,3,F362-2853,9,269.15,2422.35,252.89,2169.46,1273.45,896.01,390.5
2543,20221219,31,112,3,11,F701-1026,4,290.74,1162.96,2.44,1160.52,749.05,411.47,208.89
2544,20230815,21,170,4,30,F336-3710,8,591.15,4729.2,719.31,4009.89,2252.43,1757.46,721.78
2545,20221114,31,145,2,12,F436-7838,13,304.4,3957.2,445.58,3511.62,1756.88,1754.74,632.09
2546,20220620,13,123,8,24,F388-2664,14,92.04,1288.56,108.11,1180.45,587.3,593.15,212.48
2547,20251228,38,58,4,27,F406-2238,10,70.21,702.1,144.0,558.1,378.05,180.05,100.46
2548,20250622,38,111,5,29,F350-0863,5,67.81,339.05,66.28,272.77,165.25,107.52,49.1
2549,20221026,40,29,1,18,F610-9079,10,195.0,1950.0,339.11,1610.89,995.37,615.52,289.96
2550,20251113,22,176,6,6,F098-1393,10,864.43,8644.3,31.98,8612.32,5694.33,2917.99,1550.22
2551,20251110,35,44,5,13,F284-8432,11,391.44,4305.84,494.74,3811.1,2518.83,1292.27,686.0
2552,20240115,50,172,10,24,F469-9550,10,86.14,861.4,142.3,719.1,474.74,244.36,129.44
2553,20221109,24,199,8,11,F651-9356,9,428.56,3857.04,772.95,3084.09,1709.16,1374.93,555.14
2554,20241124,23,152,1,6,F147-1171,3,351.87,1055.61,219.57,836.04,525.35,310.69,150.49
2555,20231011,29,170,2,27,F141-4903,8,49.33,394.64,63.46,331.18,199.32,131.86,59.61
2556,20221026,34,21,8,1,F949-5377,11,2234.34,24577.74,3290.96,21286.78,13878.47,7408.31,3831.62
2557,20241016,49,85,2,26,F273-3377,5,263.27,1316.35,265.24,1051.11,559.76,491.35,189.2
2558,20221203,28,134,2,3,F187-3566,14,249.77,3496.78,123.09,3373.69,2290.68,1083.01,607.26
2559,20220615,41,138,2,25,F084-9472,9,87.62,788.58,87.22,701.36,442.14,259.22,126.24
2560,20220926,16,87,10,1,F909-0372,8,323.62,2588.96,475.07,2113.89,1048.4,1065.49,380.5
2561,20220606,48,185,10,21,F867-2735,11,151.26,1663.86,335.6,1328.26,894.2,434.06,239.09
2562,20230721,54,38,9,28,F436-6930,8,4.67,37.36,4.74,32.62,18.07,14.55,5.87
2563,20230726,38,169,6,24,F517-8823,14,63.16,884.24,153.59,730.65,363.78,366.87,131.52
2564,20220202,49,197,6,7,F130-6465,12,237.67,2852.04,291.48,2560.56,1612.64,947.92,460.9
2565,20251222,2,150,2,1,F255-8727,2,854.81,1709.62,45.82,1663.8,878.86,784.94,299.48
2566,20241129,9,81,6,4,F250-6990,8,2356.43,18851.44,1274.36,17577.08,10709.08,6868.0,3163.87
2567,20220924,3,26,9,23,F126-0700,12,732.2,8786.4,1026.25,7760.15,5007.39,2752.76,1396.83
2568,20250927,19,119,4,13,F072-5624,15,831.85,12477.75,371.84,12105.91,6324.56,5781.35,2179.06
2569,20220410,60,194,7,5,F937-7207,13,18.87,245.31,28.65,216.66,112.91,103.75,39.0
2570,20220726,6,146,4,7,F362-3965,6,3208.22,19249.32,2157.85,17091.47,10253.46,6838.01,3076.46
2571,20241127,52,83,7,3,F376-4783,12,10.34,124.08,0.2,123.88,67.73,56.15,22.3
2572,20251102,29,97,4,19,F500-9308,2,48.66,97.32,13.93,83.39,54.38,29.01,15.01
2573,20221120,12,75,4,13,F980-0698,13,177.79,2311.27,446.08,1865.19,933.07,932.12,335.73
2574,20220106,43,47,8,1,F876-2596,9,161.6,1454.4,291.46,1162.94,667.88,495.06,209.33
2575,20220831,35,88,4,10,F182-8540,13,391.45,5088.85,727.71,4361.14,2450.84,1910.3,785.01
2576,20220708,6,175,7,3,F036-1718,5,3303.79,16518.95,931.67,15587.28,10028.86,5558.42,2805.71
2577,20230620,40,53,6,18,F894-4909,8,208.92,1671.36,352.66,1318.7,718.25,600.45,237.37
2578,20240928,27,10,4,22,F574-8960,1,182.72,182.72,39.21,143.51,96.53,46.98,25.83
2579,20240903,1,108,4,14,F138-8342,4,1127.86,4511.44,8.12,4503.32,2290.13,2213.19,810.6
2580,20251108,56,30,9,25,F593-3767,11,5.21,57.31,3.27,54.04,28.86,25.18,9.73
2581,20250530,38,148,1,14,F508-6589,4,64.44,257.76,52.53,205.23,122.13,83.1,36.94
2582,20241202,17,161,1,19,F178-2837,14,548.0,7672.0,1548.21,6123.79,3993.04,2130.75,1102.28
2583,20220623,33,117,5,28,F328-5745,14,1601.54,22421.56,1372.2,21049.36,12687.15,8362.21,3788.88
2584,20240325,8,138,8,5,F867-8044,4,2665.18,10660.72,1949.85,8710.87,5517.32,3193.55,1567.96
2585,20241112,8,109,9,18,F123-1732,15,2487.5,37312.5,1611.9,35700.6,21718.84,13981.76,6426.11
2586,20241021,49,197,1,7,F313-3413,14,254.27,3559.78,642.9,2916.88,1852.6,1064.28,525.04
2587,20220502,38,53,9,16,F454-5885,9,66.63,599.67,118.91,480.76,279.54,201.22,86.54
2588,20220702,33,122,8,1,F850-4114,4,1513.48,6053.92,285.75,5768.17,3096.31,2671.86,1038.27
2589,20220813,7,29,6,7,F525-6868,1,2665.73,2665.73,354.81,2310.92,1397.04,913.88,415.97
2590,20240929,2,43,1,30,F269-1112,3,774.01,2322.03,202.25,2119.78,1165.32,954.46,381.56
2591,20220527,42,157,1,24,F669-5835,14,132.1,1849.4,353.98,1495.42,985.31,510.11,269.18
2592,20220825,29,6,1,23,F707-8106,1,46.97,46.97,2.78,44.19,23.68,20.51,7.95
2593,20250614,45,41,5,12,F800-3936,12,57.85,694.2,41.58,652.62,387.01,265.61,117.47
2594,20250910,54,158,5,4,F978-2367,2,5.06,10.12,0.13,9.99,5.76,4.23,1.8
2595,20250810,10,187,9,16,F155-6387,9,3223.35,29010.15,6077.63,22932.52,11136.77,11795.75,4127.85
2596,20250922,17,96,2,16,F863-4892,10,563.9,5639.0,504.69,5134.31,2652.73,2481.58,924.18
2597,20240420,51,178,4,6,F430-1634,5,20.71,103.55,0.32,103.23,66.74,36.49,18.58
2598,20250823,7,98,9,14,F102-6251,10,2814.08,28140.8,320.81,27819.99,14424.21,13395.78,5007.6
2599,20220312,14,178,3,2,F957-2482,1,194.59,194.59,6.38,188.21,105.37,82.84,33.88
2600,20250513,50,101,7,24,F139-1149,10,78.85,788.5,58.11,730.39,466.34,264.05,131.47
2601,20220519,37,3,6,15,F488-9911,7,140.25,981.75,207.05,774.7,462.25,312.45,139.45
2602,20231011,21,145,1,1,F818-7560,2,574.43,1148.86,125.11,1023.75,519.36,504.39,184.28
2603,20240910,14,168,8,6,F165-1533,2,215.63,431.26,17.98,413.28,262.74,150.54,74.39
2604,20241006,7,131,8,29,F078-6388,14,2651.75,37124.5,3107.32,34017.18,16608.93,17408.25,6123.09
2605,20241222,32,81,5,24,F418-1833,2,406.0,812.0,4.47,807.53,520.64,286.89,145.36
2606,20251115,32,18,8,27,F007-7452,3,403.59,1210.77,145.78,1064.99,722.66,342.33,191.7
2607,20230709,17,58,5,10,F878-2159,7,511.72,3582.04,42.27,3539.77,2391.73,1148.04,637.16
2608,20230625,12,88,3,7,F934-9630,2,177.9,355.8,50.7,305.1,147.39,157.71,54.92
2609,20250529,18,171,1,19,F279-4999,3,755.3,2265.9,475.84,1790.06,1186.4,603.66,322.21
2610,20240822,48,97,10,1,F214-2993,13,151.97,1975.61,366.28,1609.33,1056.78,552.55,289.68
2611,20241117,27,34,8,14,F081-7629,6,177.04,1062.24,73.83,988.41,518.85,469.56,177.91
2612,20240430,39,174,3,9,F971-5652,12,131.47,1577.64,193.42,1384.22,933.11,451.11,249.16
2613,20220906,53,10,3,4,F109-9421,10,4.89,48.9,5.81,43.09,21.65,21.44,7.76
2614,20250420,43,24,3,26,F441-8856,15,160.88,2413.2,285.0,2128.2,1414.06,714.14,383.08
2615,20250329,57,138,7,9,F491-9110,13,2.37,30.81,4.77,26.04,16.31,9.73,4.69
2616,20220124,28,33,4,15,F389-0964,15,262.75,3941.25,850.13,3091.12,1900.71,1190.41,556.4
2617,20221013,59,7,9,24,F237-7182,9,6.35,57.15,3.38,53.77,30.72,23.05,9.68
2618,20250926,53,9,8,10,F635-9294,2,4.86,9.72,2.09,7.63,3.83,3.8,1.37
2619,20250922,9,189,9,30,F844-3304,5,2056.64,10283.2,98.72,10184.48,5710.77,4473.71,1833.21
2620,20220206,26,84,4,9,F554-4408,12,87.52,1050.24,144.51,905.73,585.75,319.98,163.03
2621,20251207,33,41,2,8,F588-8648,8,1573.64,12589.12,2616.02,9973.1,4865.02,5108.08,1795.16
2622,20240109,27,3,3,3,F171-3266,7,167.21,1170.47,48.22,1122.25,699.03,423.22,202.0
2623,20230810,48,4,6,29,F337-0025,11,149.53,1644.83,339.66,1305.17,665.21,639.96,234.93
2624,20250823,57,141,9,13,F255-4780,4,2.29,9.16,0.0,9.16,4.43,4.73,1.65
2625,20220929,48,157,1,1,F529-8538,7,149.21,1044.47,104.24,940.23,562.96,377.27,169.24
2626,20251111,37,31,7,26,F003-0380,10,150.58,1505.8,330.97,1174.83,592.42,582.41,211.47
2627,20230916,38,190,3,27,F241-2276,14,71.92,1006.88,20.44,986.44,585.5,400.94,177.56
2628,20240414,44,173,9,25,F592-7534,15,114.72,1720.8,172.94,1547.86,1000.43,547.43,278.61
2629,20250127,48,188,6,10,F557-1347,1,149.27,149.27,12.75,136.52,80.32,56.2,24.57
2630,20240525,55,100,4,2,F052-0378,9,2.16,19.44,1.82,17.62,11.98,5.64,3.17
2631,20230903,59,176,4,8,F445-1946,14,7.07,98.98,21.17,77.81,45.36,32.45,14.01
2632,20230611,57,25,9,29,F088-5216,14,2.24,31.36,1.69,29.67,16.89,12.78,5.34
2633,20241217,6,85,9,5,F778-9394,9,3472.99,31256.91,4441.61,26815.3,16594.93,10220.37,4826.75
2634,20231225,52,171,1,3,F372-3334,1,9.79,9.79,0.41,9.38,4.99,4.39,1.69
2635,20231228,21,83,7,19,F622-9786,5,655.26,3276.3,297.49,2978.81,1447.68,1531.13,536.19
2636,20220125,17,111,8,5,F734-0880,15,509.57,7643.55,1183.99,6459.56,4215.81,2243.75,1162.72
2637,20250218,7,5,3,23,F789-8833,3,2579.98,7739.94,454.33,7285.61,4435.42,2850.19,1311.41
2638,20250602,59,57,9,15,F611-4735,9,6.45,58.05,1.94,56.11,28.48,27.63,10.1
2639,20241012,1,89,9,29,F072-8141,15,1130.82,16962.3,1458.76,15503.54,7546.13,7957.41,2790.64
2640,20250927,17,92,4,14,F320-2618,15,547.41,8211.15,245.51,7965.64,4185.79,3779.85,1433.82
2641,20231204,60,41,10,4,F791-9176,8,17.35,138.8,0.53,138.27,74.52,63.75,24.89
2642,20250718,9,108,2,21,F181-5364,6,2238.73,13432.38,317.0,13115.38,6600.17,6515.21,2360.77
2643,20250812,23,30,1,2,F476-9857,5,340.61,1703.05,249.33,1453.72,957.2,496.52,261.67
2644,20231123,12,22,3,18,F249-8559,5,173.36,866.8,81.31,785.49,380.73,404.76,141.39
2645,20250513,10,45,4,29,F131-9303,1,3064.35,3064.35,60.37,3003.98,1970.0,1033.98,540.72
2646,20231210,48,33,1,21,F927-4334,11,156.2,1718.2,161.51,1556.69,856.44,700.25,280.2
2647,20241012,35,193,6,8,F979-4237,1,399.64,399.64,43.76,355.88,201.38,154.5,64.06
2648,20221019,20,46,3,15,F430-3585,1,235.28,235.28,50.23,185.05,100.13,84.92,33.31
2649,20230921,55,160,2,11,F243-0113,7,2.07,14.49,2.63,11.86,5.75,6.11,2.13
2650,20241106,24,188,5,16,F866-2440,12,433.23,5198.76,913.42,4285.34,2899.49,1385.85,771.36
2651,20240929,17,105,9,6,F168-5208,9,505.04,4545.36,960.89,3584.47,1780.1,1804.37,645.2
2652,20250501,49,47,7,15,F004-8346,11,241.36,2654.96,73.81,2581.15,1475.82,1105.33,464.61
2653,20230306,26,179,7,5,F877-2131,12,91.14,1093.68,194.68,899.0,599.62,299.38,161.82
2654,20240720,18,105,9,15,F523-4417,15,784.36,11765.4,1608.33,10157.07,5773.14,4383.93,1828.27
2655,20230530,51,41,10,2,F655-3403,8,22.58,180.64,18.57,162.07,80.4,81.67,29.17
2656,20241017,24,131,5,17,F580-7920,7,396.27,2773.89,595.0,2178.89,1093.3,1085.59,392.2
2657,20230219,20,54,5,2,F315-6870,3,260.33,780.99,40.46,740.53,483.43,257.1,133.3
2658,20230128,57,39,2,11,F810-7092,7,2.51,17.57,2.12,15.45,10.34,5.11,2.78
2659,20221223,54,66,10,26,F177-0282,12,4.8,57.6,9.52,48.08,24.65,23.43,8.65
2660,20250330,26,23,2,4,F687-8079,5,88.3,441.5,77.79,363.71,221.34,142.37,65.47
2661,20240708,50,64,1,28,F685-7030,9,81.28,731.52,12.95,718.57,366.0,352.57,129.34
2662,20250814,15,129,9,26,F184-1062,6,157.53,945.18,140.83,804.35,513.01,291.34,144.78
2663,20230418,34,104,7,9,F887-0300,10,2225.11,22251.1,3922.87,18328.23,10765.42,7562.81,3299.08
2664,20230920,23,24,3,27,F900-6080,14,357.36,5003.04,111.07,4891.97,2390.94,2501.03,880.55
2665,20231219,20,48,4,28,F031-1941,12,227.42,2729.04,167.56,2561.48,1640.45,921.03,461.07
2666,20220211,46,109,1,27,F969-3928,5,283.53,1417.65,190.67,1226.98,822.34,404.64,220.86
2667,20231215,32,99,1,2,F208-2674,12,405.98,4871.76,782.4,4089.36,2676.32,1413.04,736.08
2668,20240329,4,152,10,20,F935-0811,4,2308.76,9235.04,213.33,9021.71,5136.46,3885.25,1623.91
2669,20250506,6,77,8,27,F120-3944,5,3132.34,15661.7,111.2,15550.5,7505.31,8045.19,2799.09
2670,20250923,7,120,9,14,F047-1720,8,2920.85,23366.8,3843.84,19522.96,11673.54,7849.42,3514.13
2671,20220729,57,91,10,25,F053-8313,7,2.47,17.29,3.36,13.93,7.12,6.81,2.51
2672,20221028,17,120,9,11,F889-5975,11,492.32,5415.52,339.55,5075.97,3429.51,1646.46,913.67
2673,20231127,59,88,4,11,F543-2714,2,6.35,12.7,0.21,12.49,8.39,4.1,2.25
2674,20231206,46,174,8,17,F763-0057,8,269.19,2153.52,437.16,1716.36,1015.44,700.92,308.94
2675,20241015,31,59,8,4,F969-6808,8,270.11,2160.88,284.59,1876.29,921.72,954.57,337.73
2676,20220322,7,158,8,27,F159-2127,9,2761.44,24852.96,3775.16,21077.8,10585.56,10492.24,3794.0
2677,20230112,58,99,5,16,F503-1977,10,5.4,54.0,10.44,43.56,26.03,17.53,7.84
2678,20230512,35,108,9,28,F109-0115,6,364.55,2187.3,403.12,1784.18,870.79,913.39,321.15
2679,20240107,12,141,6,26,F361-7628,9,191.97,1727.73,5.7,1722.03,1075.51,646.52,309.97
2680,20220713,56,172,5,7,F818-2212,1,6.06,6.06,0.02,6.04,3.69,2.35,1.09
2681,20240803,14,101,10,2,F809-6299,3,225.35,676.05,24.13,651.92,420.39,231.53,117.35
2682,20230622,39,67,7,22,F484-0327,7,128.19,897.33,108.85,788.48,512.03,276.45,141.93
2683,20251112,25,159,2,8,F592-5975,11,1878.85,20667.35,3104.24,17563.11,8663.16,8899.95,3161.36
2684,20230120,45,15,2,27,F417-4886,15,59.43,891.45,184.98,706.47,351.74,354.73,127.16
2685,20250227,53,56,4,12,F048-8564,2,4.43,8.86,0.01,8.85,5.89,2.96,1.59
2686,20221107,50,180,2,20,F552-3640,13,82.22,1068.86,36.77,1032.09,670.56,361.53,185.78
2687,20241118,37,57,1,1,F309-1756,9,134.59,1211.31,227.97,983.34,571.0,412.34,177.0
2688,20230623,48,81,4,2,F151-1654,13,141.89,1844.57,328.52,1516.05,974.53,541.52,272.89
2689,20220106,24,183,9,13,F716-4765,7,464.7,3252.9,340.9,2912.0,1610.18,1301.82,524.16
2690,20220212,26,158,6,8,F318-9011,4,89.11,356.44,18.11,338.33,221.11,117.22,60.9
2691,20250206,6,195,5,30,F511-6892,6,3134.72,18808.32,71.47,18736.85,9437.72,9299.13,3372.63
2692,20221226,17,150,7,28,F983-2004,3,554.86,1664.58,179.61,1484.97,956.4,528.57,267.29
2693,20220521,21,29,3,18,F789-1252,9,623.25,5609.25,415.65,5193.6,3266.21,1927.39,934.85
2694,20231120,58,60,10,12,F784-9221,8,5.64,45.12,3.27,41.85,20.91,20.94,7.53
2695,20230220,32,164,1,25,F688-9807,6,433.8,2602.8,207.44,2395.36,1223.92,1171.44,431.16
2696,20251230,30,75,7,25,F756-6059,12,117.05,1404.6,118.41,1286.19,656.86,629.33,231.51
2697,20240508,50,92,2,15,F105-0448,13,82.56,1073.28,109.26,964.02,489.98,474.04,173.52
2698,20250201,30,99,5,25,F668-7876,14,117.98,1651.72,181.69,1470.03,741.63,728.4,264.61
2699,20241018,35,16,4,4,F499-5211,13,418.6,5441.8,275.36,5166.44,3166.59,1999.85,929.96
2700,20230610,20,114,5,27,F075-4944,9,260.55,2344.95,8.21,2336.74,1208.43,1128.31,420.61
2701,20221204,33,13,3,19,F177-5445,12,1688.47,20261.64,2046.43,18215.21,9402.94,8812.27,3278.74
2702,20230811,17,38,8,6,F569-8458,7,555.04,3885.28,585.9,3299.38,1849.52,1449.86,593.89
2703,20251129,54,35,1,15,F669-6181,1,4.84,4.84,0.48,4.36,2.47,1.89,0.78
2704,20231227,44,181,4,11,F214-8987,8,108.91,871.28,181.23,690.05,449.87,240.18,124.21
2705,20241011,59,33,4,29,F542-7066,7,6.83,47.81,7.28,40.53,22.36,18.17,7.3
2706,20220325,47,172,1,26,F270-8471,8,375.65,3005.2,401.49,2603.71,1461.43,1142.28,468.67
2707,20240323,59,15,6,25,F380-3856,7,7.48,52.36,6.81,45.55,23.99,21.56,8.2
2708,20240303,17,155,3,16,F205-9466,13,483.68,6287.84,35.21,6252.63,3657.57,2595.06,1125.47
2709,20230209,27,110,5,25,F010-5150,15,180.11,2701.65,194.52,2507.13,1631.52,875.61,451.28
2710,20220313,13,189,8,17,F610-7592,12,98.59,1183.08,83.76,1099.32,626.66,472.66,197.88
2711,20250108,32,20,10,23,F884-0453,6,449.37,2696.22,150.99,2545.23,1443.82,1101.41,458.14
2712,20241210,16,123,4,28,F413-2134,9,336.01,3024.09,172.68,2851.41,1850.61,1000.8,513.25
2713,20230911,30,165,3,16,F106-1744,3,129.5,388.5,5.09,383.41,197.54,185.87,69.01
2714,20220727,49,126,7,20,F124-8058,8,240.15,1921.2,350.81,1570.39,958.33,612.06,282.67
2715,20221009,7,140,6,4,F296-4395,1,2759.55,2759.55,473.26,2286.29,1169.49,1116.8,411.53
2716,20230627,54,45,2,27,F436-9480,10,5.06,50.6,6.16,44.44,21.62,22.82,8.0
2717,20230728,1,47,7,19,F814-9005,14,1143.14,16003.96,2839.1,13164.86,6811.97,6352.89,2369.67
2718,20240101,1,69,8,27,F080-0993,15,1119.43,16791.45,983.98,15807.47,9733.0,6074.47,2845.34
2719,20250501,28,195,1,30,F222-1318,14,251.98,3527.72,55.39,3472.33,1989.33,1483.0,625.02
2720,20220403,26,88,1,2,F299-9557,8,92.3,738.4,144.14,594.26,289.92,304.34,106.97
2721,20241014,13,72,7,19,F230-1854,7,90.63,634.41,116.54,517.87,267.59,250.28,93.22
2722,20230707,56,111,4,30,F569-0088,3,5.9,17.7,2.19,15.51,9.87,5.64,2.79
2723,20250928,35,84,5,2,F161-5732,10,366.2,3662.0,26.37,3635.63,2034.28,1601.35,654.41
2724,20250726,40,179,10,8,F756-9908,14,199.77,2796.78,607.18,2189.6,1193.35,996.25,394.13
2725,20231107,15,47,9,28,F090-2623,12,152.38,1828.56,63.63,1764.93,1114.77,650.16,317.69
2726,20230622,58,13,5,25,F577-7033,14,5.77,80.78,6.89,73.89,40.61,33.28,13.3
2727,20251019,4,166,6,27,F176-7433,7,1982.01,13874.07,2193.49,11680.58,6663.92,5016.66,2102.5
2728,20251026,56,151,8,9,F639-9608,11,5.27,57.97,3.87,54.1,36.54,17.56,9.74
2729,20220830,24,112,5,27,F003-6860,12,396.91,4762.92,0.48,4762.44,3104.31,1658.13,857.24
2730,20251001,48,6,3,2,F559-0168,6,143.66,861.96,142.91,719.05,466.88,252.17,129.43
2731,20240610,43,44,10,2,F170-3051,2,179.27,358.54,44.57,313.97,203.6,110.37,56.51
2732,20230424,50,61,10,2,F287-4245,6,79.5,477.0,81.52,395.48,264.54,130.94,71.19
2733,20230723,35,41,6,7,F254-3380,1,389.95,389.95,50.19,339.76,174.86,164.9,61.16
2734,20241205,12,40,6,29,F668-5430,3,166.53,499.59,26.88,472.71,233.26,239.45,85.09
2735,20231016,23,58,6,10,F337-0548,1,357.76,357.76,8.94,348.82,229.16,119.66,62.79
2736,20251116,15,144,5,23,F803-3411,10,173.29,1732.9,192.18,1540.72,910.38,630.34,277.33
2737,20231006,40,76,4,13,F942-2675,13,181.67,2361.71,127.53,2234.18,1463.45,770.73,402.15
2738,20231012,38,145,9,21,F237-2007,1,65.73,65.73,11.74,53.99,26.2,27.79,9.72
2739,20241203,9,42,10,2,F455-5462,13,2348.16,30526.08,1810.2,28715.88,15335.56,13380.32,5168.86
2740,20230922,49,158,3,2,F121-2338,6,264.09,1584.54,316.43,1268.11,763.84,504.27,228.26
2741,20250117,16,80,10,12,F285-2623,7,343.6,2405.2,104.87,2300.33,1325.51,974.82,414.06
2742,20221027,5,69,2,19,F209-7343,7,1033.06,7231.42,289.98,6941.44,4407.64,2533.8,1249.46
2743,20250520,22,102,8,3,F720-3754,13,886.2,11520.6,247.69,11272.91,5709.59,5563.32,2029.12
2744,20251020,7,109,5,16,F327-2477,4,2788.48,11153.92,1773.47,9380.45,4742.96,4637.49,1688.48
2745,20251025,43,27,3,23,F027-6976,11,183.48,2018.28,407.49,1610.79,854.32,756.47,289.94
2746,20250707,8,152,3,22,F760-8734,13,2485.31,32309.03,1625.14,30683.89,14755.94,15927.95,5523.1
2747,20220303,58,43,2,3,F363-3773,14,5.46,76.44,2.31,74.13,36.49,37.64,13.34
2748,20241012,56,185,3,4,F596-1722,1,5.43,5.43,0.38,5.05,2.7,2.35,0.91
2749,20250713,20,125,10,15,F654-2289,14,229.18,3208.52,34.97,3173.55,2063.67,1109.88,571.24
2750,20240201,17,34,3,3,F514-8934,3,526.62,1579.86,130.18,1449.68,910.76,538.92,260.94
2751,20250602,16,180,9,26,F113-9679,5,329.13,1645.65,227.43,1418.22,872.32,545.9,255.28
2752,20240524,12,127,1,14,F505-6263,1,189.97,189.97,12.65,177.32,104.36,72.96,31.92
2753,20220712,54,151,10,18,F441-5805,4,5.08,20.32,3.94,16.38,10.34,6.04,2.95
2754,20251226,7,120,9,22,F297-7100,10,2727.54,27275.4,5656.92,21618.48,11094.3,10524.18,3891.33
2755,20220407,18,92,9,17,F197-8872,9,666.42,5997.78,440.24,5557.54,3227.21,2330.33,1000.36
2756,20220808,11,123,3,13,F808-2817,6,155.76,934.56,143.83,790.73,491.93,298.8,142.33
2757,20220702,2,150,3,12,F313-3551,5,853.87,4269.35,373.57,3895.78,1967.63,1928.15,701.24
2758,20240219,56,150,7,6,F569-2606,14,5.87,82.18,5.77,76.41,42.38,34.03,13.75
2759,20250926,12,47,6,24,F815-6648,6,172.22,1033.32,1.96,1031.36,516.98,514.38,185.64
2760,20250822,11,49,10,25,F258-2954,5,150.29,751.45,73.94,677.51,400.07,277.44,121.95
2761,20240717,42,63,5,3,F295-9335,14,113.8,1593.2,331.54,1261.66,805.68,455.98,227.1
2762,20251121,37,168,7,13,F175-7265,1,135.55,135.55,23.5,112.05,67.35,44.7,20.17
2763,20220123,3,88,1,19,F370-7051,7,676.23,4733.61,0.47,4733.14,3141.44,1591.7,851.97
2764,20250323,13,5,4,20,F077-0818,8,90.24,721.92,132.76,589.16,359.04,230.12,106.05
2765,20221224,48,52,9,20,F182-2204,10,150.38,1503.8,72.63,1431.17,793.08,638.09,257.61
2766,20220318,11,57,7,28,F006-0767,8,138.67,1109.36,22.85,1086.51,727.88,358.63,195.57
2767,20221227,27,169,1,11,F410-4604,15,186.89,2803.35,326.31,2477.04,1417.56,1059.48,445.87
2768,20230301,26,15,8,14,F892-2127,11,80.0,880.0,144.85,735.15,475.05,260.1,132.33
2769,20241121,26,3,1,19,F334-3740,12,82.58,990.96,114.65,876.31,585.27,291.04,157.74
2770,20250127,30,109,3,28,F229-1824,5,117.32,586.6,54.67,531.93,302.64,229.29,95.75
2771,20240703,14,4,10,9,F290-1527,15,229.32,3439.8,149.98,3289.82,1849.12,1440.7,592.17
2772,20230418,28,71,5,4,F938-3222,4,241.11,964.44,151.8,812.64,453.31,359.33,146.28
2773,20230828,30,93,8,14,F916-0519,8,117.44,939.52,136.14,803.38,448.02,355.36,144.61
2774,20230308,28,47,10,2,F839-4546,4,265.73,1062.92,184.74,878.18,527.68,350.5,158.07
2775,20230226,57,26,9,18,F452-0324,2,2.38,4.76,0.5,4.26,2.78,1.48,0.77
2776,20240415,6,45,5,23,F188-0675,8,3576.33,28610.64,3899.63,24711.01,14651.81,10059.2,4447.98
2777,20241125,57,198,5,3,F788-8130,9,2.27,20.43,0.98,19.45,10.53,8.92,3.5
2778,20220903,11,51,9,27,F399-9382,6,136.67,820.02,77.25,742.77,406.33,336.44,133.7
2779,20251107,17,76,9,12,F764-3693,13,524.99,6824.87,1497.38,5327.49,2733.54,2593.95,958.95
2780,20220608,25,72,8,6,F203-8450,3,1891.81,5675.43,522.14,5153.29,3058.81,2094.48,927.59
2781,20240815,28,1,10,11,F233-8207,5,260.24,1301.2,18.09,1283.11,618.99,664.12,230.96
2782,20240206,56,69,3,3,F401-4564,15,5.44,81.6,5.61,75.99,47.75,28.24,13.68
2783,20240409,16,9,10,25,F226-7815,10,307.49,3074.9,408.04,2666.86,1725.58,941.28,480.03
2784,20230330,35,166,7,24,F097-4811,11,356.39,3920.29,368.51,3551.78,1921.32,1630.46,639.32
2785,20231215,15,118,1,13,F746-6147,15,161.81,2427.15,279.12,2148.03,1149.54,998.49,386.65
2786,20250922,6,90,7,9,F918-6785,8,3401.66,27213.28,5048.06,22165.22,14908.41,7256.81,3989.74
2787,20251219,55,104,9,30,F829-1101,11,2.01,22.11,4.27,17.84,11.26,6.58,3.21
2788,20250730,24,133,10,19,F035-0980,15,445.43,6681.45,1020.26,5661.19,3305.53,2355.66,1019.01
2789,20220303,10,29,1,25,F530-5048,15,3061.37,45920.55,7030.44,38890.11,23154.12,15735.99,7000.22
2790,20251107,22,99,1,10,F242-5953,8,797.39,6379.12,912.21,5466.91,3539.96,1926.95,984.04
2791,20241116,27,59,4,15,F274-6961,7,180.43,1263.01,9.22,1253.79,827.36,426.43,225.68
2792,20240718,38,113,4,1,F838-6629,4,66.69,266.76,1.6,265.16,152.89,112.27,47.73
2793,20221130,31,35,3,24,F188-6892,15,298.74,4481.1,891.74,3589.36,2116.28,1473.08,646.08
2794,20240531,27,199,2,20,F017-8387,8,184.54,1476.32,296.0,1180.32,718.19,462.13,212.46
2795,20231007,29,195,6,22,F613-0765,9,47.35,426.15,40.4,385.75,201.98,183.77,69.44
2796,20240621,25,175,3,23,F528-8253,4,1775.08,7100.32,894.64,6205.68,3232.35,2973.33,1117.02
2797,20230419,49,164,6,28,F023-4960,7,258.74,1811.18,9.6,1801.58,1168.81,632.77,324.28
2798,20250323,37,68,9,14,F784-1274,14,134.62,1884.68,48.81,1835.87,1048.43,787.44,330.46
2799,20230201,35,101,4,6,F860-1003,11,409.75,4507.25,717.1,3790.15,1841.82,1948.33,682.23
2800,20221123,49,174,1,16,F197-9507,13,239.91,3118.83,111.65,3007.18,2003.34,1003.84,541.29
2801,20220903,38,173,10,27,F550-2618,14,62.8,879.2,98.47,780.73,470.89,309.84,140.53
2802,20230105,32,197,4,25,F824-3824,3,404.28,1212.84,111.7,1101.14,599.65,501.49,198.21
2803,20230702,30,109,5,20,F269-2812,12,115.5,1386.0,278.86,1107.14,532.77,574.37,199.29
2804,20220428,26,152,9,22,F977-3841,3,87.21,261.63,1.73,259.9,162.07,97.83,46.78
2805,20230620,57,176,10,23,F020-1851,13,2.24,29.12,1.52,27.6,15.05,12.55,4.97
2806,20230927,19,7,7,20,F184-1041,10,836.54,8365.4,1123.47,7241.93,4082.34,3159.59,1303.55
2807,20230527,40,67,10,17,F167-4450,9,186.62,1679.58,162.25,1517.33,728.92,788.41,273.12
2808,20251109,15,63,1,23,F151-1235,9,164.85,1483.65,242.28,1241.37,664.86,576.51,223.45
2809,20250419,30,2,7,21,F386-4442,2,129.41,258.82,23.58,235.24,136.53,98.71,42.34
2810,20240702,43,149,1,4,F389-4139,2,164.27,328.54,24.84,303.7,184.97,118.73,54.67
2811,20250128,57,168,9,3,F337-0025,15,2.53,37.95,6.03,31.92,16.23,15.69,5.75
2812,20231117,13,154,3,14,F646-4889,13,102.93,1338.09,13.65,1324.44,761.81,562.63,238.4
2813,20231103,3,139,1,17,F656-1075,1,715.94,715.94,32.07,683.87,398.45,285.42,123.1
2814,20241113,30,107,9,6,F667-4850,3,117.01,351.03,40.82,310.21,186.17,124.04,55.84
2815,20220624,54,170,1,15,F151-8460,9,4.84,43.56,3.13,40.43,27.06,13.37,7.28
2816,20251028,33,166,8,21,F283-1456,6,1636.07,9816.42,2054.58,7761.84,4011.09,3750.75,1397.13
2817,20241010,5,29,10,29,F916-6306,1,950.27,950.27,88.47,861.8,515.76,346.04,155.12
2818,20240828,55,4,9,2,F544-2187,13,1.89,24.57,2.55,22.02,12.3,9.72,3.96
2819,20240209,54,194,3,30,F432-3189,10,4.59,45.9,1.21,44.69,21.96,22.73,8.04
2820,20230210,44,153,7,21,F667-3013,5,122.95,614.75,37.93,576.82,302.06,274.76,103.83
2821,20230326,42,2,2,6,F012-4838,9,119.07,1071.63,160.42,911.21,596.85,314.36,164.02
2822,20250816,52,96,4,14,F611-0305,11,10.42,114.62,3.6,111.02,56.89,54.13,19.98
2823,20221123,38,94,4,1,F188-9033,15,61.78,926.7,31.88,894.82,469.39,425.43,161.07
2824,20251231,59,181,1,8,F625-6173,8,6.66,53.28,4.75,48.53,31.22,17.31,8.74
2825,20250923,42,63,7,11,F137-5052,1,130.21,130.21,3.78,126.43,79.76,46.67,22.76
2826,20250127,3,129,2,23,F546-7203,4,703.93,2815.72,432.49,2383.23,1346.48,1036.75,428.98
2827,20241017,51,103,5,27,F899-8357,5,21.58,107.9,16.13,91.77,61.87,29.9,16.52
2828,20230418,35,128,4,17,F379-4530,6,361.08,2166.48,416.61,1749.87,1039.41,710.46,314.98
2829,20240714,46,60,7,2,F391-6607,3,283.46,850.38,186.91,663.47,445.95,217.52,119.42
2830,20251118,52,73,10,3,F133-6109,13,10.07,130.91,18.0,112.91,66.14,46.77,20.32
2831,20250609,38,171,3,5,F767-0828,14,64.36,901.04,96.05,804.99,533.12,271.87,144.9
2832,20231128,17,106,10,20,F132-0182,9,500.48,4504.32,383.32,4121.0,2114.72,2006.28,741.78
2833,20220826,25,146,10,14,F182-3099,2,1758.18,3516.36,747.58,2768.78,1854.32,914.46,498.38
2834,20250909,58,154,3,19,F937-9883,10,5.54,55.4,12.01,43.39,28.71,14.68,7.81
2835,20250307,51,142,8,28,F996-6551,9,23.86,214.74,11.7,203.04,110.48,92.56,36.55
2836,20230115,36,96,7,1,F309-1990,12,86.11,1033.32,112.63,920.69,554.42,366.27,165.72
2837,20240526,16,65,10,27,F253-1568,3,303.77,911.31,9.75,901.56,603.6,297.96,162.28
2838,20250302,21,154,2,5,F130-6594,9,593.2,5338.8,876.1,4462.7,3013.26,1449.44,803.29
2839,20250424,1,168,8,30,F409-2406,15,1105.35,16580.25,242.07,16338.18,8814.42,7523.76,2940.87
2840,20220929,54,79,4,28,F035-4658,12,5.12,61.44,12.76,48.68,32.68,16.0,8.76
2841,20251029,47,53,9,26,F589-8122,2,404.2,808.4,38.72,769.68,387.64,382.04,138.54
2842,20230321,21,9,10,20,F554-7124,11,587.92,6467.12,1200.3,5266.82,3023.24,2243.58,948.03
2843,20220511,42,171,3,10,F931-0187,11,120.7,1327.7,112.06,1215.64,622.35,593.29,218.82
2844,20220928,22,47,4,11,F852-3804,12,886.04,10632.48,1518.32,9114.16,4476.17,4637.99,1640.55
2845,20240717,2,27,10,9,F573-6565,8,829.42,6635.36,1449.83,5185.53,2933.05,2252.48,933.4
2846,20251202,9,140,1,21,F878-6063,10,2380.88,23808.8,4923.66,18885.14,12189.54,6695.6,3399.33
2847,20230211,26,94,4,21,F958-0046,15,86.4,1296.0,1.17,1294.83,744.23,550.6,233.07
2848,20230608,29,147,6,16,F157-4758,7,48.25,337.75,7.46,330.29,193.3,136.99,59.45
2849,20230801,55,126,5,4,F728-2677,5,2.15,10.75,0.59,10.16,6.79,3.37,1.83
2850,20250524,21,159,6,28,F415-1589,2,596.0,1192.0,172.24,1019.76,587.82,431.94,183.56
2851,20240820,1,19,8,12,F064-3699,8,1110.13,8881.04,968.92,7912.12,4814.31,3097.81,1424.18
2852,20231008,27,12,3,23,F342-9566,10,160.14,1601.4,268.39,1333.01,687.66,645.35,239.94
2853,20230709,39,54,8,2,F195-4887,10,129.36,1293.6,56.4,1237.2,713.69,523.51,222.7
2854,20250626,47,115,5,18,F624-0002,5,354.48,1772.4,332.15,1440.25,780.76,659.49,259.25
2855,20220102,50,137,7,28,F132-3695,7,82.42,576.94,3.23,573.71,361.41,212.3,103.27
2856,20220724,21,121,7,11,F079-9967,15,679.95,10199.25,2173.46,8025.79,3860.63,4165.16,1444.64
2857,20241128,5,143,6,3,F495-3915,11,1012.68,11139.48,83.55,11055.93,7338.75,3717.18,1990.07
2858,20231229,43,91,7,7,F995-4191,9,162.59,1463.31,190.96,1272.35,630.69,641.66,229.02
2859,20250320,3,1,6,12,F558-1296,2,736.16,1472.32,180.8,1291.52,711.37,580.15,232.47
2860,20220321,47,67,5,23,F820-6430,2,391.03,782.06,55.21,726.85,470.3,256.55,130.83
2861,20230617,43,13,8,27,F485-0045,10,168.65,1686.5,247.24,1439.26,956.19,483.07,259.07
2862,20221018,4,4,5,11,F915-5108,10,2041.68,20416.8,1104.55,19312.25,12471.37,6840.88,3476.2
2863,20250616,8,183,9,5,F183-1335,1,2525.52,2525.52,552.58,1972.94,1045.12,927.82,355.13
2864,20230324,52,197,3,25,F963-0654,11,10.2,112.2,5.16,107.04,59.57,47.47,19.27
2865,20230909,16,176,5,21,F996-0345,15,318.25,4773.75,862.14,3911.61,2311.51,1600.1,704.09
2866,20250902,43,41,10,23,F347-1484,9,171.06,1539.54,4.16,1535.38,857.28,678.1,276.37
2867,20241106,58,53,4,11,F739-6841,12,5.58,66.96,6.44,60.52,36.32,24.2,10.89
2868,20231226,9,77,5,28,F022-8244,15,2101.32,31519.8,1317.53,30202.27,20449.68,9752.59,5436.41
2869,20240526,59,125,1,17,F738-9915,1,6.96,6.96,1.17,5.79,3.75,2.04,1.04
2870,20240121,36,174,2,20,F717-1519,1,85.63,85.63,11.23,74.4,36.32,38.08,13.39
2871,20230711,35,73,4,3,F095-3272,14,408.04,5712.56,870.59,4841.97,3181.88,1660.09,871.55
2872,20221210,44,25,6,18,F283-9070,3,122.04,366.12,65.32,300.8,167.16,133.64,54.14
2873,20221106,22,48,2,4,F609-6608,6,876.84,5261.04,188.87,5072.17,2839.75,2232.42,912.99
2874,20250528,3,41,3,1,F322-3701,8,696.72,5573.76,979.31,4594.45,2823.05,1771.4,827.0
2875,20220625,39,70,6,23,F286-4855,11,133.37,1467.07,2.2,1464.87,843.01,621.86,263.68
2876,20250512,31,174,3,30,F656-3223,13,300.04,3900.52,48.76,3851.76,2258.54,1593.22,693.32
2877,20241103,6,159,10,11,F747-3996,2,3343.1,6686.2,425.24,6260.96,3939.27,2321.69,1126.97
2878,20250301,37,105,3,28,F418-2946,15,138.02,2070.3,361.06,1709.24,1095.25,613.99,307.66
2879,20231016,16,94,4,1,F142-6298,13,307.79,4001.27,507.36,3493.91,2321.95,1171.96,628.9
2880,20230103,5,143,8,1,F222-6362,5,1004.77,5023.85,18.09,5005.76,2777.17,2228.59,901.04
2881,20221226,34,61,1,13,F406-3911,6,2179.95,13079.7,2670.87,10408.83,5104.14,5304.69,1873.59
2882,20240106,28,165,2,21,F649-7028,6,264.43,1586.58,15.39,1571.19,983.86,587.33,282.81
2883,20250614,18,56,10,2,F607-1938,10,765.75,7657.5,918.13,6739.37,3397.56,3341.81,1213.09
2884,20241028,11,94,3,1,F623-4298,12,132.61,1591.32,83.07,1508.25,732.65,775.6,271.49
2885,20230718,22,95,10,15,F713-9789,4,815.28,3261.12,550.48,2710.64,1550.52,1160.12,487.92
2886,20231205,24,101,1,2,F639-8740,2,412.77,825.54,104.35,721.19,465.08,256.11,129.81
2887,20250317,28,127,5,22,F330-4224,14,229.81,3217.34,684.33,2533.01,1392.56,1140.45,455.94
2888,20230409,52,82,5,24,F571-9912,11,9.73,107.03,13.9,93.13,47.26,45.87,16.76
2889,20230416,19,32,9,1,F646-9193,15,887.13,13306.95,964.75,12342.2,7192.53,5149.67,2221.6
2890,20221113,8,136,4,10,F908-4637,10,2604.52,26045.2,2229.47,23815.73,14428.76,9386.97,4286.83
2891,20230125,49,176,6,5,F127-8083,7,251.82,1762.74,60.81,1701.93,874.07,827.86,306.35
2892,20231106,40,61,7,4,F831-6882,6,191.87,1151.22,177.17,974.05,541.55,432.5,175.33
2893,20251008,54,76,8,28,F656-2528,9,4.7,42.3,3.94,38.36,21.85,16.51,6.9
2894,20250414,49,91,2,12,F517-5983,15,256.0,3840.0,342.91,3497.09,1770.28,1726.81,629.48
2895,20240811,2,59,2,14,F509-1539,4,757.37,3029.48,453.82,2575.66,1271.27,1304.39,463.62
2896,20231021,21,96,3,6,F262-4952,6,617.82,3706.92,429.26,3277.66,1948.29,1329.37,589.98
2897,20250309,5,68,1,23,F385-4329,10,914.65,9146.5,656.72,8489.78,4826.16,3663.62,1528.16
2898,20241211,47,178,8,19,F056-5232,4,391.61,1566.44,33.52,1532.92,984.64,548.28,275.93
2899,20221005,47,165,9,21,F590-8709,10,372.76,3727.6,765.65,2961.95,1469.1,1492.85,533.15
2900,20221210,26,104,10,7,F440-5409,12,84.9,1018.8,209.97,808.83,525.35,283.48,145.59
2901,20230816,25,183,10,16,F271-9168,9,1905.36,17148.24,886.56,16261.68,10671.26,5590.42,2927.1
2902,20230620,30,198,3,8,F764-7836,1,122.2,122.2,10.06,112.14,64.34,47.8,20.19
2903,20240904,55,2,2,19,F191-2687,12,2.02,24.24,0.47,23.77,12.67,11.1,4.28
2904,20230817,2,37,10,23,F491-3485,7,834.22,5839.54,628.33,5211.21,2727.56,2483.65,938.02
2905,20220118,51,75,5,2,F191-9187,4,22.81,91.24,11.35,79.89,52.1,27.79,14.38
2906,20221019,59,118,7,20,F881-9728,4,6.5,26.0,4.37,21.63,13.91,7.72,3.89
2907,20220919,42,160,3,8,F739-8765,3,117.62,352.86,34.09,318.77,211.56,107.21,57.38
2908,20220615,56,47,1,19,F097-4119,3,5.44,16.32,0.17,16.15,8.52,7.63,2.91
2909,20240801,45,195,3,17,F286-4807,2,61.87,123.74,11.52,112.22,58.11,54.11,20.2
2910,20240428,9,152,9,5,F911-9964,5,2106.14,10530.7,1145.74,9384.96,4637.3,4747.66,1689.29
2911,20240802,1,22,6,27,F276-5605,8,1268.92,10151.36,740.03,9411.33,5121.8,4289.53,1694.04
2912,20251208,9,112,10,23,F624-1138,1,2373.58,2373.58,477.8,1895.78,1077.78,818.0,341.24
2913,20221230,13,101,5,8,F219-2536,4,96.4,385.6,10.53,375.07,180.32,194.75,67.51
2914,20231213,12,39,3,16,F461-7659,7,191.17,1338.19,292.26,1045.93,653.64,392.29,188.27
2915,20220801,30,180,1,13,F412-4895,2,118.31,236.62,21.56,215.06,134.45,80.61,38.71
2916,20250219,47,143,6,2,F244-6201,15,373.94,5609.1,990.57,4618.53,2220.08,2398.45,831.34
2917,20250830,52,78,3,21,F295-1390,10,9.3,93.0,6.41,86.59,52.37,34.22,15.59
2918,20220624,47,187,1,5,F920-8128,11,396.82,4365.02,453.96,3911.06,2431.16,1479.9,703.99
2919,20221126,18,195,6,17,F172-7013,11,661.48,7276.28,1390.5,5885.78,3382.26,2503.52,1059.44
2920,20240109,30,111,3,1,F863-0656,6,122.74,736.44,92.2,644.24,309.55,334.69,115.96
2921,20230531,16,92,7,29,F979-4299,4,329.04,1316.16,233.09,1083.07,663.35,419.72,194.95
2922,20250706,27,153,8,21,F601-3423,5,179.7,898.5,113.39,785.11,418.82,366.29,141.32
2923,20220427,7,147,8,24,F589-8875,4,2808.73,11234.92,2424.5,8810.42,5460.67,3349.75,1585.88
2924,20240520,46,181,9,14,F036-9655,10,277.24,2772.4,481.57,2290.83,1217.66,1073.17,412.35
2925,20220525,48,73,10,23,F820-3401,6,146.83,880.98,157.78,723.2,349.19,374.01,130.18
2926,20251022,10,33,3,24,F228-9675,13,3262.99,42418.87,8140.18,34278.69,18487.18,15791.51,6170.16
2927,20221211,17,141,10,23,F957-8744,2,566.48,1132.96,32.63,1100.33,562.7,537.63,198.06
2928,20250306,52,158,5,18,F956-5562,11,10.4,114.4,21.82,92.58,46.37,46.21,16.66
2929,20231123,15,116,7,24,F716-2677,1,155.94,155.94,24.01,131.93,68.14,63.79,23.75
2930,20231008,9,78,8,10,F177-2648,14,2378.63,33300.82,4332.44,28968.38,16981.58,11986.8,5214.31
2931,20220922,22,17,9,25,F514-8624,8,851.9,6815.2,1119.06,5696.14,3527.14,2169.0,1025.31
2932,20231231,10,140,8,2,F338-8957,3,3309.46,9928.38,447.77,9480.61,5547.79,3932.82,1706.51
2933,20230710,55,20,4,23,F741-4185,7,1.95,13.65,1.57,12.08,6.73,5.35,2.17
2934,20240526,37,148,10,18,F996-4441,7,147.39,1031.73,69.44,962.29,605.78,356.51,173.21
2935,20230921,26,114,10,9,F581-6338,11,78.69,865.59,61.8,803.79,454.68,349.11,144.68
2936,20230720,13,159,8,5,F207-6472,9,101.99,917.91,48.74,869.17,417.85,451.32,156.45
2937,20250915,52,37,7,3,F394-6567,14,9.45,132.3,15.81,116.49,69.29,47.2,20.97
2938,20221211,9,188,8,22,F519-6658,7,2026.02,14182.14,1006.93,13175.21,8697.93,4477.28,2371.54
2939,20220129,18,83,6,25,F777-5874,11,701.21,7713.31,1572.74,6140.57,4110.52,2030.05,1105.3
2940,20240531,57,121,7,9,F006-0113,2,2.41,4.82,1.05,3.77,1.94,1.83,0.68
2941,20230419,4,107,9,28,F136-4771,8,2079.57,16636.56,1236.1,15400.46,9815.93,5584.53,2772.08
2942,20250128,44,84,2,5,F180-4206,2,105.88,211.76,19.31,192.45,105.96,86.49,34.64
2943,20241031,56,121,5,1,F148-3305,2,5.4,10.8,1.83,8.97,5.36,3.61,1.61
2944,20251017,13,132,4,27,F326-7700,15,96.03,1440.45,169.4,1271.05,718.35,552.7,228.79
2945,20230914,56,105,4,2,F904-4888,2,5.15,10.3,1.03,9.27,6.23,3.04,1.67
2946,20251014,52,106,1,6,F047-5453,3,10.91,32.73,6.6,26.13,15.22,10.91,4.7
2947,20220318,47,156,5,24,F071-3484,10,345.53,3455.3,559.41,2895.89,1519.38,1376.51,521.26
2948,20220609,18,17,10,16,F611-7943,1,744.17,744.17,95.63,648.54,367.5,281.04,116.74
2949,20220922,56,35,5,11,F157-9098,14,5.94,83.16,16.38,66.78,43.78,23.0,12.02
2950,20251118,18,4,5,11,F937-0693,6,673.06,4038.36,345.68,3692.68,1972.11,1720.57,664.68
2951,20251124,30,126,5,17,F998-0233,13,118.01,1534.13,259.88,1274.25,803.23,471.02,229.36
2952,20240712,37,65,1,29,F345-9577,11,139.27,1531.97,215.39,1316.58,690.62,625.96,236.98
2953,20240102,54,111,1,6,F735-4112,9,5.13,46.17,0.46,45.71,27.95,17.76,8.23
2954,20220908,18,60,2,12,F934-8691,14,677.86,9490.04,1688.28,7801.76,3813.96,3987.8,1404.32
2955,20241029,39,5,8,7,F865-5115,3,134.9,404.7,29.58,375.12,201.09,174.03,67.52
2956,20220803,10,118,8,10,F546-7157,2,2837.35,5674.7,703.66,4971.04,2823.57,2147.47,894.79
2957,20241108,30,80,2,17,F921-6970,6,121.47,728.82,153.2,575.62,289.38,286.24,103.61
2958,20221021,48,52,1,17,F535-2116,15,137.89,2068.35,312.53,1755.82,1096.21,659.61,316.05
2959,20221007,54,179,9,26,F961-4530,13,5.11,66.43,9.37,57.06,37.36,19.7,10.27
2960,20251010,7,44,7,1,F755-5908,3,2832.3,8496.9,457.13,8039.77,5091.51,2948.26,1447.16
2961,20250731,47,118,7,27,F493-4793,12,378.6,4543.2,622.42,3920.78,2101.5,1819.28,705.74
2962,20221003,60,180,1,13,F413-2979,2,18.29,36.58,6.83,29.75,16.92,12.83,5.35
2963,20250508,54,23,6,3,F832-8678,11,5.1,56.1,11.93,44.17,29.28,14.89,7.95
2964,20230919,60,39,5,25,F151-6251,13,19.5,253.5,5.04,248.46,146.14,102.32,44.72
2965,20241217,53,141,10,27,F024-6888,6,4.61,27.66,3.43,24.23,13.64,10.59,4.36
2966,20230225,60,168,8,4,F462-8235,3,17.12,51.36,5.2,46.16,23.49,22.67,8.31
2967,20240929,38,174,10,2,F037-7020,3,61.04,183.12,35.62,147.5,77.53,69.97,26.55
2968,20230608,21,164,8,2,F688-9048,14,662.02,9268.28,1630.29,7637.99,4494.43,3143.56,1374.84
2969,20220212,18,19,8,14,F509-5144,8,762.25,6098.0,779.32,5318.68,3301.06,2017.62,957.36
2970,20250624,21,140,9,20,F702-0652,9,593.46,5341.14,90.8,5250.34,3379.69,1870.65,945.06
2971,20220417,54,150,2,11,F506-9872,4,4.98,19.92,2.03,17.89,8.82,9.07,3.22
2972,20230707,4,196,7,6,F415-9011,5,2143.65,10718.25,871.39,9846.86,6671.38,3175.48,1772.43
2973,20231002,14,135,1,28,F160-0277,9,211.54,1903.86,214.37,1689.49,949.84,739.65,304.11
2974,20241219,44,175,2,6,F118-9874,2,114.41,228.82,7.6,221.22,132.45,88.77,39.82
2975,20251003,2,140,2,5,F951-9291,6,838.34,5030.04,816.88,4213.16,2483.39,1729.77,758.37
2976,20250420,42,196,2,17,F786-2193,9,130.83,1177.47,166.73,1010.74,656.44,354.3,181.93
2977,20230519,53,103,7,23,F779-9765,11,4.99,54.89,10.0,44.89,21.61,23.28,8.08
2978,20250520,3,124,3,19,F569-2359,1,770.29,770.29,77.03,693.26,351.06,342.2,124.79
2979,20250917,25,181,9,22,F953-7155,15,1801.03,27015.45,1372.38,25643.07,13718.53,11924.54,4615.75
2980,20250401,43,183,6,2,F431-8042,15,166.76,2501.4,249.89,2251.51,1101.54,1149.97,405.27
2981,20230207,21,187,4,7,F347-5806,10,621.9,6219.0,565.93,5653.07,3299.77,2353.3,1017.55
2982,20220630,45,26,3,27,F825-3573,13,56.39,733.07,78.51,654.56,345.1,309.46,117.82
2983,20241019,7,197,6,15,F693-0537,6,2710.26,16261.56,2261.98,13999.58,8627.51,5372.07,2519.92
2984,20221230,23,173,4,17,F281-4591,2,314.65,629.3,72.68,556.62,335.96,220.66,100.19
2985,20220315,17,27,2,10,F066-5056,6,487.29,2923.74,631.53,2292.21,1346.63,945.58,412.6
2986,20220218,57,193,3,30,F233-5288,1,2.41,2.41,0.35,2.06,1.28,0.78,0.37
2987,20220417,55,84,7,27,F957-8747,7,1.87,13.09,1.54,11.55,6.57,4.98,2.08
2988,20221016,39,116,10,15,F551-0876,1,115.16,115.16,14.76,100.4,56.99,43.41,18.07
2989,20240819,56,200,5,12,F437-8395,4,5.97,23.88,3.36,20.52,11.09,9.43,3.69
2990,20220812,19,195,4,27,F791-6935,8,822.13,6577.04,831.34,5745.7,3095.14,2650.56,1034.23
2991,20241027,47,56,3,20,F327-7861,5,398.94,1994.7,357.45,1637.25,807.62,829.63,294.7
2992,20251224,14,91,10,16,F375-7423,9,220.95,1988.55,289.53,1699.02,1110.68,588.34,305.82
2993,20240517,46,170,8,8,F107-8341,10,309.73,3097.3,620.08,2477.22,1520.7,956.52,445.9
2994,20241231,26,35,10,27,F091-5431,13,92.87,1207.31,197.4,1009.91,628.3,381.61,181.78
2995,20250813,36,59,4,6,F308-1483,12,83.89,1006.68,146.57,860.11,523.38,336.73,154.82
2996,20220622,25,161,5,18,F254-9554,12,1895.73,22748.76,1865.4,20883.36,12321.14,8562.22,3759.0
2997,20220719,28,77,5,26,F394-7716,1,263.02,263.02,54.79,208.23,137.86,70.37,37.48
2998,20221020,46,162,10,12,F558-4644,3,276.06,828.18,132.51,695.67,381.98,313.69,125.22
2999,20220315,42,157,2,14,F066-7241,11,115.33,1268.63,136.0,1132.63,711.46,421.17,203.87
3000,20241123,1,171,2,13,F579-9041,3,1170.61,3511.83,693.59,2818.24,1396.11,1422.13,507.28
3001,20241112,5,196,5,27,F281-7857,5,988.75,4943.75,969.47,3974.28,1986.25,1988.03,715.37
3002,20251103,25,144,4,23,F499-7369,1,1846.85,1846.85,286.63,1560.22,828.52,731.7,280.84
3003,20231104,19,33,9,13,F296-3955,3,786.22,2358.66,306.86,2051.8,1279.9,771.9,369.32
3004,20250207,13,163,6,30,F768-0485,1,100.09,100.09,17.88,82.21,46.44,35.77,14.8
3005,20230422,37,30,9,29,F194-6810,10,149.51,1495.1,126.49,1368.61,881.16,487.45,246.35
3006,20231026,25,107,7,14,F976-1278,2,1769.33,3538.66,467.1,3071.56,1706.28,1365.28,552.88
3007,20220807,1,72,3,26,F973-0526,6,1128.75,6772.5,1112.72,5659.78,3752.74,1907.04,1018.76
3008,20241209,9,57,5,20,F603-8917,14,2333.22,32665.08,921.16,31743.92,19554.57,12189.35,5713.91
3009,20230810,3,142,4,29,F432-8000,4,668.33,2673.32,426.39,2246.93,1515.31,731.62,404.45
3010,20220923,23,158,2,11,F154-4988,1,343.74,343.74,7.08,336.66,219.79,116.87,60.6
3011,20230116,18,43,4,8,F796-5742,2,762.8,1525.6,92.15,1433.45,695.77,737.68,258.02
3012,20230418,5,79,3,28,F829-6176,14,956.89,13396.46,1165.49,12230.97,6752.71,5478.26,2201.57
3013,20220122,53,33,7,7,F069-9300,9,4.36,39.24,3.31,35.93,20.76,15.17,6.47
3014,20230514,38,157,6,12,F597-2588,6,69.9,419.4,67.82,351.58,213.96,137.62,63.28
3015,20230429,41,68,2,10,F623-0737,11,90.19,992.09,95.74,896.35,582.77,313.58,161.34
3016,20241217,2,141,6,1,F997-2932,14,778.34,10896.76,2322.1,8574.66,5692.28,2882.38,1543.44
3017,20231205,48,54,5,25,F296-4192,6,151.42,908.52,12.72,895.8,559.34,336.46,161.24
3018,20240526,57,138,4,19,F001-4927,8,2.43,19.44,0.6,18.84,11.05,7.79,3.39
3019,20240108,31,71,7,24,F757-1372,4,301.5,1206.0,17.49,1188.51,790.4,398.11,213.93
3020,20221008,24,92,2,4,F267-9640,5,447.53,2237.65,285.75,1951.9,1014.2,937.7,351.34
3021,20220828,30,17,3,28,F705-0133,8,125.05,1000.4,129.75,870.65,473.08,397.57,156.72
3022,20240523,19,167,7,14,F098-8419,6,784.43,4706.58,295.57,4411.01,2506.17,1904.84,793.98
3023,20250506,13,16,2,24,F714-8781,9,87.99,791.91,140.17,651.74,378.28,273.46,117.31
3024,20220616,31,84,2,3,F257-3750,2,312.17,624.34,42.83,581.51,346.85,234.66,104.67
3025,20250908,28,4,8,26,F562-1272,7,249.12,1743.84,65.57,1678.27,840.44,837.83,302.09
3026,20251103,36,135,6,14,F309-2112,1,85.22,85.22,11.53,73.69,41.35,32.34,13.26
3027,20251025,22,167,1,5,F885-7010,14,907.42,12703.88,147.37,12556.51,7640.17,4916.34,2260.17
3028,20250813,53,19,6,9,F184-3215,4,4.79,19.16,1.03,18.13,11.63,6.5,3.26
3029,20251210,1,129,7,28,F344-5491,1,1184.95,1184.95,48.11,1136.84,558.01,578.83,204.63
3030,20250817,59,44,5,24,F098-1571,11,7.19,79.09,5.68,73.41,47.44,25.97,13.21
3031,20241110,19,27,6,3,F263-5239,1,901.45,901.45,80.05,821.4,473.19,348.21,147.85
3032,20221111,48,103,7,29,F256-3372,3,146.03,438.09,1.84,436.25,295.18,141.07,78.52
3033,20230208,55,72,1,2,F328-3803,3,2.11,6.33,0.18,6.15,4.0,2.15,1.11
3034,20250930,56,96,7,5,F671-0452,3,6.07,18.21,0.74,17.47,9.0,8.47,3.14
3035,20241126,7,20,2,25,F213-4195,12,3024.67,36296.04,4903.6,31392.44,15359.42,16033.02,5650.64
3036,20220110,35,165,3,12,F186-8471,4,371.93,1487.72,188.49,1299.23,673.64,625.59,233.86
3037,20240716,25,188,10,9,F344-6746,2,1927.42,3854.84,675.75,3179.09,1626.63,1552.46,572.24
3038,20230426,44,103,5,25,F824-4882,3,110.45,331.35,15.77,315.58,163.2,152.38,56.8
3039,20241219,40,132,7,14,F198-4385,13,190.1,2471.3,2.72,2468.58,1315.12,1153.46,444.34
3040,20250830,12,64,7,25,F465-7759,12,190.27,2283.24,407.1,1876.14,1257.3,618.84,337.71
3041,20240821,41,141,6,6,F637-7732,14,102.35,1432.9,76.52,1356.38,830.61,525.77,244.15
3042,20220724,54,177,3,13,F983-6624,7,4.78,33.46,6.15,27.31,13.61,13.7,4.92
3043,20250719,24,196,7,6,F379-4036,10,457.26,4572.6,852.33,3720.27,1984.77,1735.5,669.65
3044,20240629,56,77,2,9,F485-6054,1,5.73,5.73,0.78,4.95,2.79,2.16,0.89
3045,20251120,15,74,8,25,F972-4437,14,155.88,2182.32,279.34,1902.98,1054.58,848.4,342.54
3046,20250716,60,87,4,18,F595-6681,7,19.09,133.63,21.15,112.48,68.99,43.49,20.25
3047,20231228,9,87,4,5,F297-3319,15,2320.89,34813.35,5866.05,28947.3,17087.27,11860.03,5210.51
3048,20231114,57,152,3,10,F106-5551,13,2.59,33.67,7.33,26.34,15.24,11.1,4.74
3049,20250522,31,108,4,24,F641-8963,11,267.28,2940.08,296.07,2644.01,1610.13,1033.88,475.92
3050,20250919,60,106,9,11,F513-7032,5,17.35,86.75,4.06,82.69,50.6,32.09,14.88
3051,20250123,16,188,9,5,F304-9266,1,326.92,326.92,29.72,297.2,148.68,148.52,53.5
3052,20240428,31,195,9,26,F674-1265,4,293.12,1172.48,158.87,1013.61,638.99,374.62,182.45
3053,20250318,27,22,2,13,F919-8443,14,160.45,2246.3,110.97,2135.33,1429.11,706.22,384.36
3054,20240229,42,128,4,16,F134-6219,8,117.83,942.64,18.29,924.35,488.95,435.4,166.38
3055,20220825,4,25,5,18,F629-6941,3,2111.39,6334.17,1079.98,5254.19,3334.59,1919.6,945.75
3056,20230219,53,36,7,24,F282-9402,9,4.71,42.39,8.43,33.96,16.43,17.53,6.11
3057,20251204,14,51,10,25,F305-7243,2,197.11,394.22,84.91,309.31,173.1,136.21,55.68
3058,20250912,26,149,3,13,F863-4859,11,81.1,892.1,54.6,837.5,426.15,411.35,150.75
3059,20230930,23,28,8,5,F767-9586,4,351.66,1406.64,283.86,1122.78,581.88,540.9,202.1
3060,20231120,56,102,10,9,F518-1310,11,5.9,64.9,12.84,52.06,25.11,26.95,9.37
3061,20251124,43,184,5,19,F472-1449,11,160.86,1769.46,161.02,1608.44,1065.12,543.32,289.52
3062,20240607,40,141,4,7,F337-3616,11,188.99,2078.89,11.64,2067.25,1274.22,793.03,372.1
3063,20240628,39,90,10,1,F117-6576,2,115.95,231.9,48.77,183.13,91.84,91.29,32.96
3064,20251126,50,9,2,7,F232-3795,10,89.19,891.9,118.09,773.81,484.62,289.19,139.29
3065,20241218,18,124,4,22,F281-8741,4,782.89,3131.56,328.19,2803.37,1718.96,1084.41,504.61
3066,20251016,51,177,5,3,F746-1018,1,20.54,20.54,3.73,16.81,9.9,6.91,3.03
3067,20221123,5,65,9,3,F107-6562,8,1026.02,8208.16,1084.3,7123.86,3473.16,3650.7,1282.29
3068,20230313,1,169,2,25,F026-0780,10,1306.21,13062.1,1880.94,11181.16,6687.04,4494.12,2012.61
3069,20250303,55,10,3,17,F576-6836,15,1.96,29.4,5.97,23.43,15.43,8.0,4.22
3070,20241128,55,9,2,29,F636-9867,2,2.0,4.0,0.36,3.64,2.14,1.5,0.66
3071,20240817,3,52,5,17,F917-5393,3,690.5,2071.5,55.52,2015.98,1308.63,707.35,362.88
3072,20221226,20,82,4,3,F436-1006,15,242.55,3638.25,124.79,3513.46,1728.56,1784.9,632.42
3073,20220422,45,152,2,7,F943-8906,11,56.71,623.81,13.22,610.59,395.34,215.25,109.91
3074,20230109,25,180,2,26,F508-1901,6,1645.59,9873.54,1710.1,8163.44,4079.89,4083.55,1469.42
3075,20231108,14,80,1,5,F311-7602,13,225.37,2929.81,454.71,2475.1,1476.63,998.47,445.52
3076,20221217,43,168,2,10,F095-1954,3,183.92,551.76,117.8,433.96,253.5,180.46,78.11
3077,20250503,9,35,8,30,F714-1231,8,2351.57,18812.56,3521.71,15290.85,8254.23,7036.62,2752.35
3078,20250921,50,131,6,16,F390-4827,4,92.38,369.52,78.82,290.7,167.24,123.46,52.33
3079,20221019,56,21,1,30,F653-8181,10,5.53,55.3,0.87,54.43,32.16,22.27,9.8
3080,20231125,20,148,5,6,F256-2487,2,245.14,490.28,70.94,419.34,233.07,186.27,75.48
3081,20251113,8,22,6,7,F340-0843,15,2441.03,36615.45,384.46,36230.99,22535.58,13695.41,6521.58
3082,20220613,27,18,7,18,F260-5643,7,175.68,1229.76,261.32,968.44,500.79,467.65,174.32
3083,20241207,22,190,5,29,F077-0034,6,816.68,4900.08,189.14,4710.94,2879.32,1831.62,847.97
3084,20251212,9,182,8,19,F556-9785,5,2270.51,11352.55,1214.72,10137.83,6505.9,3631.93,1824.81
3085,20250613,46,110,7,20,F290-8302,9,294.31,2648.79,306.47,2342.32,1550.53,791.79,421.62
3086,20220811,37,95,2,19,F644-5583,10,155.99,1559.9,75.81,1484.09,729.68,754.41,267.14
3087,20221101,28,94,9,10,F908-2387,11,247.8,2725.8,549.79,2176.01,1135.1,1040.91,391.68
3088,20220422,55,40,7,13,F137-5925,8,2.2,17.6,2.47,15.13,7.52,7.61,2.72
3089,20231231,26,6,1,3,F302-4497,5,83.87,419.35,35.31,384.04,184.95,199.09,69.13
3090,20250805,8,166,7,28,F185-4271,1,2657.74,2657.74,577.0,2080.74,1156.09,924.65,374.53
3091,20230922,3,2,1,21,F833-6748,9,759.39,6834.51,669.1,6165.41,3955.76,2209.65,1109.77
3092,20250717,27,195,2,16,F139-8787,1,174.0,174.0,25.73,148.27,100.48,47.79,26.69
3093,20221004,10,29,2,12,F892-2644,7,2819.31,19735.17,732.17,19003.0,11027.45,7975.55,3420.54
3094,20220318,9,40,5,1,F549-4551,9,2112.76,19014.84,619.88,18394.96,9473.36,8921.6,3311.09
3095,20220429,31,156,10,20,F305-0524,3,279.73,839.19,97.09,742.1,409.33,332.77,133.58
3096,20241230,1,116,10,26,F119-3739,1,1157.07,1157.07,184.9,972.17,574.41,397.76,174.99
3097,20251229,24,89,1,27,F874-5152,2,463.05,926.1,143.55,782.55,522.12,260.43,140.86
3098,20240525,13,43,9,19,F135-0126,13,92.48,1202.24,249.59,952.65,634.02,318.63,171.48
3099,20250209,51,171,6,16,F570-0671,5,23.77,118.85,3.08,115.77,71.78,43.99,20.84
3100,20220521,39,139,1,28,F075-0389,9,130.17,1171.53,61.97,1109.56,560.91,548.65,199.72
3101,20230701,58,85,4,10,F080-5455,10,5.49,54.9,3.48,51.42,33.59,17.83,9.26
3102,20241212,56,25,5,10,F481-9105,13,5.85,76.05,12.75,63.3,40.02,23.28,11.39
3103,20231011,27,141,1,6,F088-8355,5,181.86,909.3,146.58,762.72,462.03,300.69,137.29
3104,20251025,44,194,6,16,F935-9163,10,115.96,1159.6,56.94,1102.66,614.3,488.36,198.48
3105,20230418,42,143,10,25,F119-2391,1,129.1,129.1,19.13,109.97,57.79,52.18,19.79
3106,20220805,7,114,5,30,F940-3925,11,2660.49,29265.39,3994.73,25270.66,16703.41,8567.25,4548.72
3107,20251127,53,85,9,11,F981-5644,10,4.91,49.1,6.22,42.88,23.32,19.56,7.72
3108,20230203,59,197,1,18,F778-4559,6,6.94,41.64,5.43,36.21,19.6,16.61,6.52
3109,20241029,12,111,10,21,F051-4884,12,184.82,2217.84,0.22,2217.62,1250.34,967.28,399.17
3110,20220513,23,4,7,3,F746-0795,9,360.15,3241.35,433.37,2807.98,1652.9,1155.08,505.44
3111,20220830,25,70,6,15,F916-0709,8,1731.34,13850.72,732.7,13118.02,7483.43,5634.59,2361.24
3112,20241210,6,58,7,22,F574-1133,3,3316.5,9949.5,972.07,8977.43,4476.57,4500.86,1615.94
3113,20241114,20,163,1,17,F288-3186,9,244.0,2196.0,28.33,2167.67,1195.56,972.11,390.18
3114,20251202,31,102,5,9,F309-7534,10,299.86,2998.6,404.81,2593.79,1577.1,1016.69,466.88
3115,20221210,50,3,9,10,F692-3018,14,90.99,1273.86,254.9,1018.96,554.95,464.01,183.41
3116,20250831,16,132,1,25,F033-4488,15,331.13,4966.95,273.68,4693.27,2452.32,2240.95,844.79
3117,20240509,6,88,4,28,F408-9837,3,3349.39,10048.17,680.26,9367.91,5845.85,3522.06,1686.22
3118,20250315,7,150,1,13,F179-8176,6,2712.58,16275.48,1129.52,15145.96,8123.65,7022.31,2726.27
3119,20230220,37,116,1,8,F782-3489,1,151.61,151.61,5.41,146.2,74.99,71.21,26.32
3120,20251003,15,75,6,6,F954-3642,10,167.6,1676.0,293.13,1382.87,850.65,532.22,248.92
3121,20250818,55,135,7,8,F048-4580,11,1.88,20.68,2.45,18.23,11.71,6.52,3.28
3122,20221118,2,177,10,20,F093-7252,3,878.7,2636.1,350.86,2285.24,1276.22,1009.02,411.34
3123,20230930,11,34,1,10,F090-6673,5,133.63,668.15,139.84,528.31,317.01,211.3,95.1
3124,20220426,30,176,4,19,F181-6654,13,125.4,1630.2,63.41,1566.79,789.42,777.37,282.02
3125,20240808,25,102,4,5,F840-5816,8,1817.01,14536.08,2745.87,11790.21,7626.41,4163.8,2122.24
3126,20241202,49,41,9,2,F310-8711,4,238.23,952.92,25.35,927.57,488.02,439.55,166.96
3127,20241024,50,108,2,22,F600-0799,6,92.51,555.06,0.94,554.12,282.74,271.38,99.74
3128,20230528,7,58,8,20,F499-1389,11,2835.21,31187.31,1671.64,29515.67,16373.36,13142.31,5312.82
3129,20220618,39,149,6,14,F102-6174,1,114.88,114.88,16.32,98.56,50.93,47.63,17.74
3130,20241213,10,72,8,3,F527-6037,6,2915.3,17491.8,1448.32,16043.48,10004.53,6038.95,2887.83
3131,20251030,23,160,3,8,F001-4681,5,364.66,1823.3,0.91,1822.39,1038.58,783.81,328.03
3132,20251210,51,191,4,3,F986-6309,12,23.19,278.28,49.2,229.08,119.91,109.17,41.23
3133,20250202,42,20,5,11,F386-4746,8,127.28,1018.24,205.18,813.06,477.18,335.88,146.35
3134,20231017,29,190,2,20,F303-5780,14,49.23,689.22,37.15,652.07,314.67,337.4,117.37
3135,20240307,13,172,8,16,F439-6894,12,98.53,1182.36,237.3,945.06,627.52,317.54,170.11
3136,20250504,46,166,7,3,F129-0435,1,284.88,284.88,21.59,263.29,161.07,102.22,47.39
3137,20221010,51,83,8,18,F057-6665,9,22.39,201.51,3.83,197.68,122.57,75.11,35.58
3138,20240620,43,63,2,22,F117-6403,12,159.78,1917.36,263.64,1653.72,845.34,808.38,297.67
3139,20220713,31,162,8,21,F438-3351,11,294.94,3244.34,661.85,2582.49,1252.01,1330.48,464.85
3140,20240815,22,139,6,19,F160-1174,3,828.73,2486.19,108.65,2377.54,1372.46,1005.08,427.96
3141,20251225,56,166,9,12,F425-3616,14,5.24,73.36,10.26,63.1,39.38,23.72,11.36
3142,20220916,59,80,4,1,F042-0474,2,6.95,13.9,0.87,13.03,6.65,6.38,2.35
3143,20240605,48,146,9,19,F930-2434,14,137.32,1922.48,142.46,1780.02,1177.78,602.24,320.4
3144,20231118,56,112,6,20,F675-8229,12,5.34,64.08,1.03,63.05,32.07,30.98,11.35
3145,20221127,55,194,9,23,F265-1693,10,1.98,19.8,0.91,18.89,12.74,6.15,3.4
3146,20250622,32,88,10,3,F904-5585,4,445.43,1781.72,314.12,1467.6,850.31,617.29,264.17
3147,20220919,58,200,5,22,F892-0497,9,5.4,48.6,1.49,47.11,23.5,23.61,8.48
3148,20220213,53,75,3,14,F456-3610,6,4.64,27.84,1.0,26.84,15.18,11.66,4.83
3149,20221102,56,72,6,12,F226-4079,2,5.98,11.96,2.12,9.84,5.68,4.16,1.77
3150,20230422,32,193,7,20,F481-6730,6,467.65,2805.9,415.27,2390.63,1297.64,1092.99,430.31
3151,20220325,17,43,5,27,F822-9466,9,532.49,4792.41,309.59,4482.82,2533.56,1949.26,806.91
3152,20230910,19,161,3,11,F006-6772,14,889.34,12450.76,329.95,12120.81,6561.79,5559.02,2181.75
3153,20250826,38,86,2,5,F839-0889,10,62.24,622.4,57.32,565.08,314.53,250.55,101.71
3154,20251204,56,183,8,6,F612-3792,3,5.52,16.56,2.74,13.82,9.05,4.77,2.49
3155,20231227,48,56,5,22,F899-4413,1,139.21,139.21,18.81,120.4,71.86,48.54,21.67
3156,20250623,56,169,6,29,F005-3049,3,5.24,15.72,1.99,13.73,7.42,6.31,2.47
3157,20250305,10,177,1,10,F933-5651,5,3243.34,16216.7,3186.58,13030.12,7457.06,5573.06,2345.42
3158,20220816,32,30,9,10,F715-0851,8,450.31,3602.48,680.15,2922.33,1482.76,1439.57,526.02
3159,20220921,30,24,5,15,F569-2360,4,114.05,456.2,65.19,391.01,229.11,161.9,70.38
3160,20231119,50,178,1,30,F582-4420,8,82.0,656.0,93.09,562.91,369.36,193.55,101.32
3161,20221220,21,187,8,1,F405-3230,15,578.18,8672.7,752.79,7919.91,4435.47,3484.44,1425.58
3162,20230101,27,134,7,7,F005-1849,11,176.7,1943.7,60.06,1883.64,1229.22,654.42,339.06
3163,20241206,5,13,9,10,F516-4398,15,1046.99,15704.85,2742.07,12962.78,6615.03,6347.75,2333.3
3164,20240620,9,53,4,25,F218-6929,5,2174.64,10873.2,1849.53,9023.67,5900.9,3122.77,1624.26
3165,20251228,55,131,3,23,F554-9917,10,2.01,20.1,1.68,18.42,12.33,6.09,3.32
3166,20240509,26,98,1,28,F344-4149,12,85.87,1030.44,144.67,885.77,548.7,337.07,159.44
3167,20240609,39,35,1,18,F380-6870,15,133.64,2004.6,191.84,1812.76,1202.22,610.54,326.3
3168,20250709,18,38,5,20,F379-1534,14,731.48,10240.72,116.74,10123.98,6615.18,3508.8,1822.32
3169,20220325,59,1,2,4,F921-5437,4,7.03,28.12,2.31,25.81,16.65,9.16,4.65
3170,20240730,19,184,1,18,F899-0800,8,841.49,6731.92,510.95,6220.97,4105.38,2115.59,1119.77
3171,20230407,14,187,1,10,F262-1117,12,228.15,2737.8,306.91,2430.89,1477.46,953.43,437.56
3172,20221227,4,99,9,11,F078-3500,5,2040.48,10202.4,542.77,9659.63,5310.04,4349.59,1738.73
3173,20250127,54,132,4,16,F318-7506,9,4.87,43.83,6.11,37.72,18.88,18.84,6.79
3174,20231211,21,4,2,30,F413-8460,1,609.99,609.99,26.47,583.52,352.97,230.55,105.03
3175,20230413,60,116,9,9,F037-1495,5,17.65,88.25,8.68,79.57,45.94,33.63,14.32
3176,20241024,60,169,2,13,F919-9934,3,18.59,55.77,10.9,44.87,28.63,16.24,8.08
3177,20240117,34,27,7,3,F110-5994,11,2294.32,25237.52,3904.24,21333.28,12303.9,9029.38,3839.99
3178,20220120,34,109,2,3,F583-9360,7,2385.75,16700.25,3603.91,13096.34,7641.35,5454.99,2357.34
3179,20250820,31,183,9,7,F680-3264,7,305.14,2135.98,206.12,1929.86,1149.87,779.99,347.37
3180,20230812,11,8,6,18,F213-6143,8,141.6,1132.8,216.82,915.98,571.46,344.52,164.88
3181,20230912,13,109,6,15,F723-2457,11,91.42,1005.62,119.27,886.35,529.69,356.66,159.54
3182,20221218,35,149,10,25,F780-8343,6,376.19,2257.14,472.65,1784.49,1208.95,575.54,321.21
3183,20230423,11,120,8,11,F573-0710,7,138.27,967.89,85.17,882.72,448.78,433.94,158.89
3184,20221115,5,110,9,16,F620-3409,9,994.83,8953.47,1604.46,7349.01,4893.02,2455.99,1322.82
3185,20230914,1,132,6,7,F162-7570,13,1272.12,16537.56,735.92,15801.64,8063.97,7737.67,2844.3
3186,20231006,12,166,4,9,F325-1141,7,181.71,1271.97,120.33,1151.64,681.81,469.83,207.3
3187,20221005,41,33,9,12,F967-4913,12,93.36,1120.32,174.99,945.33,484.88,460.45,170.16
3188,20250224,28,49,1,18,F939-9246,4,232.61,930.44,0.93,929.51,547.36,382.15,167.31
3189,20251109,60,117,4,18,F886-2735,15,18.15,272.25,43.26,228.99,110.28,118.71,41.22
3190,20251026,31,194,2,4,F900-8213,8,303.45,2427.6,243.49,2184.11,1374.63,809.48,393.14
3191,20220505,19,130,7,7,F002-9873,3,803.51,2410.53,367.61,2042.92,1177.02,865.9,367.73
3192,20231110,4,37,5,5,F199-4837,15,1938.34,29075.1,529.17,28545.93,14119.86,14426.07,5138.27
3193,20220707,44,90,8,28,F842-7325,4,110.59,442.36,86.48,355.88,239.46,116.42,64.06
3194,20241208,31,110,2,22,F594-9545,10,267.89,2678.9,491.58,2187.32,1392.76,794.56,393.72
3195,20250927,41,90,7,13,F789-7459,7,95.11,665.77,53.39,612.38,368.64,243.74,110.23
3196,20230522,27,135,4,7,F295-4359,10,166.53,1665.3,223.32,1441.98,888.62,553.36,259.56
3197,20230713,2,73,3,22,F389-5973,12,749.64,8995.68,725.95,8269.73,4236.54,4033.19,1488.55
3198,20220603,13,33,2,19,F078-4234,10,100.25,1002.5,44.21,958.29,593.1,365.19,172.49
3199,20221010,16,178,5,16,F688-3986,12,344.56,4134.72,11.99,4122.73,1996.43,2126.3,742.09
3200,20251018,27,151,2,3,F930-5387,2,159.04,318.08,23.41,294.67,187.92,106.75,53.04
3201,20241015,3,39,7,1,F032-8257,2,754.01,1508.02,14.48,1493.54,835.48,658.06,268.84
3202,20251112,3,172,5,28,F480-5510,6,676.25,4057.5,500.29,3557.21,2218.11,1339.1,640.3
3203,20251120,39,82,5,17,F513-3392,9,123.51,1111.59,224.65,886.94,461.8,425.14,159.65
3204,20240513,23,147,7,16,F584-1496,2,336.31,672.62,88.79,583.83,292.83,291.0,105.09
3205,20221101,53,106,7,28,F291-3934,4,4.52,18.08,3.86,14.22,8.85,5.37,2.56
3206,20231030,52,127,3,27,F674-6680,15,9.52,142.8,6.53,136.27,91.09,45.18,24.53
3207,20250427,28,138,6,9,F879-9704,13,243.99,3171.87,361.91,2809.96,1523.21,1286.75,505.79
3208,20240909,58,1,1,26,F036-2315,12,5.36,64.32,7.05,57.27,28.96,28.31,10.31
3209,20220210,2,192,7,26,F018-5237,11,825.94,9085.34,99.03,8986.31,4860.15,4126.16,1617.54
3210,20230205,6,37,8,29,F118-6565,9,3429.61,30866.49,5201.0,25665.49,13755.69,11909.8,4619.79
3211,20221214,42,51,4,11,F921-6895,1,117.97,117.97,22.82,95.15,58.92,36.23,17.13
3212,20250204,55,52,1,3,F929-0954,4,2.08,8.32,0.7,7.62,4.74,2.88,1.37
3213,20250905,4,151,4,3,F567-7265,10,2205.17,22051.7,253.59,21798.11,14041.28,7756.83,3923.66
3214,20251005,34,137,1,6,F540-3779,1,2067.66,2067.66,368.25,1699.41,920.99,778.42,305.89
3215,20241116,22,154,3,20,F700-0829,5,897.95,4489.75,63.75,4426.0,2605.81,1820.19,796.68
3216,20220807,40,163,8,14,F435-1451,1,200.14,200.14,40.67,159.47,99.07,60.4,28.7
3217,20251229,16,7,9,26,F831-1350,7,332.6,2328.2,87.31,2240.89,1486.24,754.65,403.36
3218,20220909,9,90,10,10,F799-7519,11,2408.11,26489.21,3700.54,22788.67,13308.19,9480.48,4101.96
3219,20230927,58,89,4,3,F849-1447,5,5.89,29.45,4.98,24.47,15.89,8.58,4.4
3220,20221109,3,200,4,1,F883-7089,11,783.84,8622.24,1040.7,7581.54,3960.73,3620.81,1364.68
3221,20230817,32,36,2,18,F599-2045,10,466.1,4661.0,459.11,4201.89,2440.32,1761.57,756.34
3222,20241225,48,105,6,21,F030-1702,11,138.93,1528.23,141.97,1386.26,729.94,656.32,249.53
3223,20230720,26,131,8,16,F408-2053,7,90.61,634.27,66.85,567.42,370.73,196.69,102.14
3224,20221231,43,61,7,18,F539-5858,13,173.67,2257.71,475.93,1781.78,1001.06,780.72,320.72
3225,20220424,2,164,3,15,F947-6579,11,759.79,8357.69,728.79,7628.9,4845.78,2783.12,1373.2
3226,20220221,12,132,9,1,F584-3191,3,185.34,556.02,51.99,504.03,285.78,218.25,90.73
3227,20240601,29,84,3,6,F564-9867,2,48.48,96.96,20.25,76.71,52.0,24.71,13.81
3228,20220822,44,75,10,19,F248-5210,9,122.76,1104.84,235.11,869.73,417.59,452.14,156.55
3229,20221112,37,123,8,5,F445-5288,3,144.68,434.04,30.9,403.14,243.7,159.44,72.57
3230,20240728,39,49,9,12,F983-8720,7,131.85,922.95,60.18,862.77,508.87,353.9,155.3
3231,20250625,2,75,2,25,F452-1792,15,792.89,11893.35,189.1,11704.25,7281.41,4422.84,2106.76
3232,20230327,58,49,10,3,F977-2279,7,6.14,42.98,3.12,39.86,23.53,16.33,7.17
3233,20220710,38,24,9,18,F452-1316,14,71.95,1007.3,78.07,929.23,519.71,409.52,167.26
3234,20251007,42,167,6,25,F045-0072,5,116.02,580.1,67.06,513.04,250.3,262.74,92.35
3235,20231122,46,47,9,15,F575-8050,5,293.79,1468.95,87.11,1381.84,857.85,523.99,248.73
3236,20250329,23,199,3,19,F201-0296,1,345.06,345.06,47.55,297.51,181.04,116.47,53.55
3237,20231204,8,17,9,13,F856-0592,15,2332.04,34980.6,1154.36,33826.24,20523.19,13303.05,6088.72
3238,20251031,32,170,10,12,F153-2969,10,416.13,4161.3,690.36,3470.94,1681.99,1788.95,624.77
3239,20230608,11,31,9,1,F394-2755,4,136.87,547.48,49.16,498.32,260.2,238.12,89.7
3240,20230212,57,6,3,26,F268-2831,13,2.22,28.86,6.05,22.81,13.86,8.95,4.11
3241,20221107,58,147,8,12,F245-7694,12,5.58,66.96,6.24,60.72,32.3,28.42,10.93
3242,20240407,51,84,8,29,F801-1508,5,23.01,115.05,25.16,89.89,55.68,34.21,16.18
3243,20230513,52,153,6,29,F418-8128,5,10.39,51.95,3.49,48.46,32.43,16.03,8.72
3244,20241212,17,54,6,21,F312-4148,7,487.76,3414.32,407.67,3006.65,1739.62,1267.03,541.2
3245,20231022,24,168,7,29,F563-8790,6,411.83,2470.98,393.87,2077.11,1113.62,963.49,373.88
3246,20231122,43,171,5,17,F204-4861,6,182.56,1095.36,223.45,871.91,508.17,363.74,156.94
3247,20241219,36,168,9,14,F646-2622,4,89.54,358.16,52.11,306.05,203.64,102.41,55.09
3248,20221216,55,77,9,11,F247-2528,8,2.0,16.0,0.76,15.24,10.3,4.94,2.74
3249,20250601,2,121,1,30,F521-9978,13,871.34,11327.42,1148.6,10178.82,5628.72,4550.1,1832.19
3250,20240624,19,157,9,7,F673-4126,13,819.15,10648.95,2070.16,8578.79,4818.73,3760.06,1544.18
3251,20221223,20,87,9,2,F365-0390,12,229.44,2753.28,260.74,2492.54,1494.06,998.48,448.66
3252,20240706,49,185,1,20,F180-8717,5,269.83,1349.15,94.71,1254.44,617.08,637.36,225.8
3253,20221019,18,118,4,9,F177-9888,3,710.17,2130.51,343.44,1787.07,860.72,926.35,321.67
3254,20220109,49,190,8,30,F146-9672,1,245.69,245.69,37.66,208.03,118.45,89.58,37.45
3255,20220109,21,176,1,8,F576-0469,13,600.87,7811.31,1584.91,6226.4,3819.22,2407.18,1120.75
3256,20250425,5,91,1,22,F136-0080,6,950.74,5704.44,701.65,5002.79,2752.7,2250.09,900.5
3257,20240509,20,25,5,7,F352-3719,1,261.13,261.13,37.79,223.34,150.06,73.28,40.2
3258,20240229,57,176,4,27,F230-8053,15,2.23,33.45,3.42,30.03,16.0,14.03,5.41
3259,20231108,40,185,2,4,F146-3916,13,204.16,2654.08,192.95,2461.13,1220.07,1241.06,443.0
3260,20230913,43,103,6,6,F907-7549,1,168.25,168.25,10.16,158.09,103.36,54.73,28.46
3261,20230923,53,47,6,4,F709-0838,9,4.53,40.77,3.89,36.88,22.69,14.19,6.64
3262,20250903,34,174,6,12,F300-5607,4,2165.18,8660.72,1007.24,7653.48,4521.69,3131.79,1377.63
3263,20230901,6,155,2,19,F238-5312,13,3233.5,42035.5,3989.17,38046.33,18574.05,19472.28,6848.34
3264,20231218,7,92,6,25,F701-3604,11,2589.75,28487.25,5651.87,22835.38,12351.37,10484.01,4110.37
3265,20231227,45,122,3,18,F866-1764,1,56.47,56.47,11.47,45.0,25.36,19.64,8.1
3266,20250507,27,36,2,22,F326-7793,4,171.38,685.52,66.7,618.82,344.72,274.1,111.39
3267,20240722,24,43,7,9,F905-1664,12,468.65,5623.8,893.06,4730.74,3093.42,1637.32,851.53
3268,20241107,12,131,8,13,F164-0232,1,190.52,190.52,21.53,168.99,98.88,70.11,30.42
3269,20240316,38,155,7,8,F021-3849,1,68.01,68.01,6.35,61.66,32.48,29.18,11.1
3270,20220831,60,127,1,10,F344-0533,6,18.62,111.72,23.35,88.37,50.12,38.25,15.91
3271,20240802,46,33,7,15,F234-1638,10,279.89,2798.9,505.76,2293.14,1348.3,944.84,412.77
3272,20240909,12,199,9,30,F570-8694,4,196.92,787.68,48.6,739.08,388.63,350.45,133.03
3273,20240314,3,75,3,2,F149-6051,6,698.41,4190.46,783.62,3406.84,1696.91,1709.93,613.23
3274,20251012,39,174,3,18,F180-3892,7,131.41,919.87,60.25,859.62,420.56,439.06,154.73
3275,20230506,7,114,7,15,F190-9935,3,2672.51,8017.53,831.42,7186.11,4551.84,2634.27,1293.5
3276,20220530,40,192,5,21,F265-3180,12,177.28,2127.36,155.08,1972.28,1179.61,792.67,355.01
3277,20230803,58,64,7,29,F630-6104,14,5.28,73.92,11.5,62.42,38.04,24.38,11.24
3278,20221213,15,41,10,16,F496-1945,2,175.02,350.04,68.29,281.75,173.88,107.87,50.71
3279,20250224,44,150,2,22,F959-7663,6,117.72,706.32,2.47,703.85,358.55,345.3,126.69
3280,20240829,39,17,8,7,F878-2650,15,116.29,1744.35,300.2,1444.15,791.32,652.83,259.95
3281,20250717,33,191,1,24,F516-8015,7,1482.39,10376.73,322.72,10054.01,6061.33,3992.68,1809.72
3282,20240224,15,64,7,19,F922-1238,3,172.28,516.84,17.83,499.01,298.78,200.23,89.82
3283,20230922,51,124,2,25,F028-5882,4,21.41,85.64,12.8,72.84,41.3,31.54,13.11
3284,20250201,9,165,5,12,F871-9747,11,2243.89,24682.79,2451.0,22231.79,10675.61,11556.18,4001.72
3285,20220920,48,15,5,9,F326-0838,12,146.79,1761.48,31.35,1730.13,1129.22,600.91,311.42
3286,20250802,1,97,9,8,F574-8100,3,1270.87,3812.61,4.96,3807.65,2418.71,1388.94,685.38
3287,20251122,36,164,6,29,F057-2787,15,87.59,1313.85,61.62,1252.23,836.52,415.71,225.4
3288,20230918,39,61,1,9,F009-9906,7,120.45,843.15,83.98,759.17,424.62,334.55,136.65
3289,20250104,50,118,6,10,F641-1128,4,89.2,356.8,21.44,335.36,206.91,128.45,60.36
3290,20230829,35,130,2,2,F078-3991,3,399.35,1198.05,63.26,1134.79,640.92,493.87,204.26
3291,20241214,54,193,6,4,F250-4007,3,5.06,15.18,1.49,13.69,6.77,6.92,2.46
3292,20231222,18,1,2,8,F549-8961,2,706.91,1413.82,169.66,1244.16,636.93,607.23,223.95
3293,20250508,11,190,4,22,F749-1259,4,140.28,561.12,21.43,539.69,342.27,197.42,97.14
3294,20240111,57,164,7,8,F426-0149,7,2.52,17.64,2.03,15.61,9.75,5.86,2.81
3295,20221225,16,180,8,8,F756-6233,11,319.58,3515.38,516.41,2998.97,1491.06,1507.91,539.81
3296,20251210,39,166,8,14,F494-3018,12,113.8,1365.6,153.36,1212.24,753.15,459.09,218.2
3297,20250723,3,184,2,25,F052-7765,6,664.56,3987.36,113.64,3873.72,2058.48,1815.24,697.27
3298,20240517,59,94,1,26,F670-8735,2,6.35,12.7,1.21,11.49,6.13,5.36,2.07
3299,20241104,54,136,6,3,F784-1805,2,5.11,10.22,0.41,9.81,5.61,4.2,1.77
3300,20250810,57,165,5,12,F266-5954,13,2.53,32.89,0.58,32.31,17.22,15.09,5.82
3301,20220420,27,100,2,20,F191-7431,3,175.95,527.85,71.63,456.22,250.38,205.84,82.12
3302,20240129,28,30,9,17,F426-2317,4,249.87,999.48,96.55,902.93,566.02,336.91,162.53
3303,20241101,55,190,7,25,F850-6254,10,2.0,20.0,1.56,18.44,9.24,9.2,3.32
3304,20230922,60,94,8,7,F470-1613,9,19.13,172.17,8.28,163.89,79.5,84.39,29.5
3305,20250408,13,12,3,24,F144-3563,14,96.28,1347.92,155.55,1192.37,750.58,441.79,214.63
3306,20231213,44,98,2,10,F305-6406,12,117.98,1415.76,237.14,1178.62,633.79,544.83,212.15
3307,20250919,57,1,5,22,F114-1174,8,2.36,18.88,1.76,17.12,10.71,6.41,3.08
3308,20240412,52,161,2,12,F191-4842,13,10.06,130.78,2.79,127.99,69.07,58.92,23.04
3309,20240318,33,108,4,29,F946-6811,10,1514.69,15146.9,1322.32,13824.58,8106.36,5718.22,2488.42
3310,20250620,17,138,10,13,F608-8365,14,527.84,7389.76,407.18,6982.58,3789.02,3193.56,1256.86
3311,20221217,58,200,4,1,F029-4560,1,5.68,5.68,0.27,5.41,3.19,2.22,0.97
3312,20221106,35,103,4,23,F864-1291,11,366.04,4026.44,534.31,3492.13,2123.7,1368.43,628.58
3313,20241027,49,181,10,4,F678-2748,3,252.47,757.41,124.44,632.97,322.18,310.79,113.93
3314,20241011,31,17,1,30,F271-0818,7,310.65,2174.55,157.87,2016.68,1057.97,958.71,363.0
3315,20220304,25,140,8,6,F132-8415,11,1860.61,20466.71,652.89,19813.82,9883.88,9929.94,3566.49
3316,20251003,11,138,2,15,F714-9559,2,138.23,276.46,31.54,244.92,118.56,126.36,44.09
3317,20240413,50,123,6,22,F459-8616,7,93.28,652.96,93.63,559.33,363.34,195.99,100.68
3318,20250811,40,148,8,29,F292-9530,14,199.79,2797.06,447.53,2349.53,1436.11,913.42,422.92
3319,20230911,40,35,2,16,F128-1809,10,190.3,1903.0,23.79,1879.21,962.62,916.59,338.26
3320,20251007,18,92,9,24,F098-9059,7,728.68,5100.76,887.02,4213.74,2855.1,1358.64,758.47
3321,20220921,40,3,7,3,F505-3462,2,193.2,386.4,84.58,301.82,198.68,103.14,54.33
3322,20251126,41,105,4,4,F418-3279,14,100.6,1408.4,296.75,1111.65,690.68,420.97,200.1
3323,20241223,54,91,8,27,F183-6790,10,4.66,46.6,4.73,41.87,28.1,13.77,7.54
3324,20240512,7,144,9,3,F091-9404,5,2757.4,13787.0,1846.08,11940.92,6252.07,5688.85,2149.37
3325,20221215,54,166,10,29,F600-0878,9,5.36,48.24,9.05,39.19,24.38,14.81,7.05
3326,20241206,26,54,1,16,F079-6980,3,86.34,259.02,39.76,219.26,110.24,109.02,39.47
3327,20250723,32,100,4,26,F708-3187,13,421.69,5481.97,823.94,4658.03,2395.85,2262.18,838.45
3328,20230718,27,158,9,11,F275-9477,13,185.54,2412.02,444.54,1967.48,974.64,992.84,354.15
3329,20231219,3,15,4,16,F689-2677,1,755.17,755.17,51.58,703.59,422.44,281.15,126.65
3330,20220525,39,129,4,11,F712-6900,5,121.35,606.75,49.57,557.18,353.98,203.2,100.29
3331,20251230,58,151,9,25,F851-2027,14,6.16,86.24,4.45,81.79,49.04,32.75,14.72
3332,20231126,10,162,3,5,F933-5279,5,3077.15,15385.75,3381.79,12003.96,6284.86,5719.1,2160.71
3333,20220519,50,18,10,23,F758-3019,6,92.86,557.16,12.98,544.18,349.22,194.96,97.95
3334,20240226,21,66,8,28,F432-2941,15,632.65,9489.75,139.5,9350.25,5870.19,3480.06,1683.04
3335,20250815,58,49,7,26,F039-1991,14,6.13,85.82,13.28,72.54,37.46,35.08,13.06
3336,20231217,45,67,2,27,F213-9091,4,57.36,229.44,28.84,200.6,106.76,93.84,36.11
3337,20231215,17,14,10,8,F009-7706,2,512.83,1025.66,70.87,954.79,499.86,454.93,171.86
3338,20250729,39,160,1,21,F602-7023,11,122.29,1345.19,218.06,1127.13,715.77,411.36,202.88
3339,20221117,45,119,3,21,F285-0527,6,58.56,351.36,68.16,283.2,168.75,114.45,50.98
3340,20221027,36,28,8,16,F652-3084,10,93.23,932.3,124.18,808.12,416.32,391.8,145.46
3341,20240801,22,131,2,3,F899-3379,13,890.59,11577.67,2358.37,9219.3,5196.99,4022.31,1659.47
3342,20240216,14,8,8,23,F140-1983,8,228.57,1828.56,77.35,1751.21,990.76,760.45,315.22
3343,20230830,31,47,5,5,F667-2813,12,296.51,3558.12,229.85,3328.27,1605.03,1723.24,599.09
3344,20250912,42,158,9,29,F811-3761,14,117.26,1641.64,341.3,1300.34,648.62,651.72,234.06
3345,20250224,52,188,4,14,F321-5056,7,10.68,74.76,11.08,63.68,33.69,29.99,11.46
3346,20241208,58,80,5,9,F173-4859,15,5.21,78.15,9.35,68.8,41.95,26.85,12.38
3347,20220530,49,172,1,6,F710-4580,14,281.17,3936.38,738.86,3197.52,1634.13,1563.39,575.55
3348,20251101,16,79,8,14,F360-1489,13,334.74,4351.62,352.05,3999.57,2477.9,1521.67,719.92
3349,20250529,8,87,7,9,F009-9437,9,2582.4,23241.6,2177.74,21063.86,10385.01,10678.85,3791.49
3350,20240924,19,159,2,29,F198-7659,8,797.89,6383.12,493.42,5889.7,3558.55,2331.15,1060.15
3351,20240124,3,84,2,22,F649-0915,14,699.86,9798.04,1371.73,8426.31,4550.35,3875.96,1516.74
3352,20241125,33,200,2,1,F659-3271,3,1706.02,5118.06,434.01,4684.05,2319.63,2364.42,843.13
3353,20250516,21,152,3,2,F650-2860,10,613.41,6134.1,360.69,5773.41,3636.5,2136.91,1039.21
3354,20220903,16,109,10,6,F794-2751,12,316.38,3796.56,318.91,3477.65,2074.83,1402.82,625.98
3355,20230502,37,65,2,27,F067-8877,4,139.91,559.64,66.15,493.49,246.08,247.41,88.83
3356,20250223,51,60,5,5,F288-2438,10,23.09,230.9,34.38,196.52,127.18,69.34,35.37
3357,20251013,19,49,5,14,F196-3303,7,782.65,5478.55,811.37,4667.18,2718.53,1948.65,840.09
3358,20231009,52,61,5,7,F484-6078,9,9.78,88.02,10.43,77.59,40.81,36.78,13.97
3359,20241025,7,157,5,24,F039-8319,12,3013.92,36167.04,4191.76,31975.28,18137.53,13837.75,5755.55
3360,20240506,28,64,9,6,F393-2189,6,262.09,1572.54,280.86,1291.68,665.4,626.28,232.5
3361,20240125,36,6,10,28,F356-2673,1,83.31,83.31,8.24,75.07,39.1,35.97,13.51
3362,20251021,49,160,6,20,F279-7858,11,275.71,3032.81,602.92,2429.89,1420.54,1009.35,437.38
3363,20221203,54,155,7,10,F335-3433,1,5.13,5.13,0.28,4.85,2.74,2.11,0.87
3364,20231118,21,12,5,15,F128-9003,14,637.42,8923.88,1691.97,7231.91,4056.9,3175.01,1301.74
3365,20240924,34,88,5,5,F564-8334,1,2101.84,2101.84,352.27,1749.57,1119.08,630.49,314.92
3366,20240518,30,157,7,22,F387-8460,5,118.18,590.9,128.17,462.73,290.55,172.18,83.29
3367,20240829,28,117,1,14,F718-1745,10,246.84,2468.4,292.75,2175.65,1296.42,879.23,391.62
3368,20241204,30,111,10,2,F088-4274,14,128.88,1804.32,254.95,1549.37,1013.96,535.41,278.89
3369,20231222,40,56,9,9,F816-7341,2,190.02,380.04,6.76,373.28,251.1,122.18,67.19
3370,20220219,7,187,6,1,F669-5550,8,2717.07,21736.56,3964.75,17771.81,10019.15,7752.66,3198.93
3371,20240219,5,25,7,16,F679-4793,9,971.31,8741.79,812.11,7929.68,3837.97,4091.71,1427.34
3372,20231229,17,178,4,12,F626-7127,12,535.66,6427.92,966.12,5461.8,2844.95,2616.85,983.12
3373,20221119,37,72,6,25,F932-0273,1,144.22,144.22,28.01,116.21,78.84,37.37,20.92
3374,20220427,42,59,8,11,F319-0747,7,120.87,846.09,76.06,770.03,478.56,291.47,138.61
3375,20220316,9,144,7,3,F483-8800,12,2345.49,28145.88,5581.33,22564.55,14898.2,7666.35,4061.62
3376,20221205,38,9,3,11,F058-3944,6,62.69,376.14,66.31,309.83,156.43,153.4,55.77
3377,20220724,35,45,7,28,F851-4930,12,373.08,4476.96,984.04,3492.92,1975.48,1517.44,628.73
3378,20251228,33,64,9,21,F295-9388,2,1729.41,3458.82,478.7,2980.12,1883.79,1096.33,536.42
3379,20250218,16,172,7,7,F331-8392,7,331.96,2323.72,439.42,1884.3,1231.64,652.66,339.17
3380,20220129,23,21,3,15,F563-9472,12,320.22,3842.64,710.12,3132.52,1517.23,1615.29,563.85
3381,20230702,25,54,1,25,F302-8253,2,1816.06,3632.12,772.55,2859.57,1721.68,1137.89,514.72
3382,20220428,56,118,6,17,F386-7780,15,5.47,82.05,15.67,66.38,41.26,25.12,11.95
3383,20250901,4,50,7,7,F260-4982,7,2268.4,15878.8,1144.86,14733.94,7504.53,7229.41,2652.11
3384,20220228,44,200,10,13,F766-4008,11,110.41,1214.51,158.98,1055.53,591.72,463.81,190.0
3385,20221216,15,57,6,15,F696-6909,2,151.74,303.48,45.01,258.47,131.85,126.62,46.52
3386,20230723,6,57,2,29,F458-4940,14,3362.72,47078.08,7692.56,39385.52,19281.71,20103.81,7089.39
3387,20231129,18,173,7,29,F140-6360,8,769.44,6155.52,624.79,5530.73,3128.19,2402.54,995.53
3388,20251215,16,131,10,29,F932-9082,8,342.27,2738.16,324.2,2413.96,1495.02,918.94,434.51
3389,20220421,59,127,6,20,F280-4700,8,7.42,59.36,10.63,48.73,25.97,22.76,8.77
3390,20231006,42,36,10,12,F869-3118,5,118.77,593.85,109.62,484.23,301.47,182.76,87.16
3391,20221215,29,8,4,16,F399-7631,13,49.37,641.81,35.81,606.0,390.97,215.03,109.08
3392,20230727,27,6,8,14,F479-5812,5,174.49,872.45,4.8,867.65,567.81,299.84,156.18
3393,20250508,6,20,6,25,F483-3403,8,3262.4,26099.2,2014.86,24084.34,12996.14,11088.2,4335.18
3394,20220321,42,9,1,19,F872-4551,1,130.56,130.56,17.86,112.7,55.41,57.29,20.29
3395,20220216,48,130,3,8,F763-4760,7,131.97,923.79,75.75,848.04,467.62,380.42,152.65
3396,20240913,47,86,7,12,F252-5603,4,359.74,1438.96,166.34,1272.62,854.84,417.78,229.07
3397,20240516,12,111,1,21,F700-0221,14,195.68,2739.52,407.91,2331.61,1558.21,773.4,419.69
3398,20221017,56,147,2,3,F062-4023,5,6.05,30.25,3.1,27.15,17.68,9.47,4.89
3399,20220806,53,20,2,20,F706-9796,13,4.57,59.41,8.7,50.71,32.7,18.01,9.13
3400,20250616,33,21,2,18,F105-5215,12,1610.26,19323.12,1696.57,17626.55,9568.95,8057.6,3172.78
3401,20250118,33,110,2,10,F748-5021,8,1511.4,12091.2,2095.4,9995.8,5351.12,4644.68,1799.24
3402,20230925,31,166,7,17,F499-0001,15,285.93,4288.95,87.92,4201.03,2556.61,1644.42,756.19
3403,20250109,18,167,7,18,F907-2413,12,750.87,9010.44,1156.94,7853.5,4397.8,3455.7,1413.63
3404,20231111,46,104,6,20,F601-6143,12,294.34,3532.08,289.63,3242.45,1642.73,1599.72,583.64
3405,20240709,2,180,4,23,F238-0060,10,823.15,8231.5,122.65,8108.85,5057.21,3051.64,1459.59
3406,20231019,47,74,1,11,F285-7884,12,354.26,4251.12,173.87,4077.25,2301.86,1775.39,733.9
3407,20220520,44,18,5,2,F364-1102,9,109.62,986.58,91.65,894.93,593.27,301.66,161.09
3408,20220819,14,125,5,15,F889-3992,9,225.32,2027.88,173.38,1854.5,902.11,952.39,333.81
3409,20230810,14,190,9,11,F172-4279,14,213.26,2985.64,59.41,2926.23,1670.17,1256.06,526.72
3410,20240828,30,84,10,9,F289-1690,5,120.08,600.4,109.33,491.07,235.98,255.09,88.39
3411,20230210,2,185,4,26,F517-7879,12,881.35,10576.2,2032.75,8543.45,4385.32,4158.13,1537.82
3412,20240712,42,192,7,14,F318-8142,6,118.47,710.82,155.17,555.65,326.42,229.23,100.02
3413,20250524,31,94,2,17,F691-3079,4,278.49,1113.96,22.06,1091.9,568.56,523.34,196.54
3414,20240527,1,108,6,18,F835-1287,9,1129.13,10162.17,836.35,9325.82,4975.39,4350.43,1678.65
3415,20231108,23,94,3,23,F122-8012,10,319.58,3195.8,657.7,2538.1,1612.11,925.99,456.86
3416,20250113,36,15,10,17,F311-1245,6,87.43,524.58,101.19,423.39,271.54,151.85,76.21
3417,20240314,59,133,2,13,F472-5656,9,6.55,58.95,12.7,46.25,25.26,20.99,8.32
3418,20231111,49,25,10,8,F319-8725,4,265.11,1060.44,125.56,934.88,624.96,309.92,168.28
3419,20251021,49,11,1,7,F984-8731,2,280.37,560.74,67.57,493.17,307.39,185.78,88.77
3420,20250618,5,181,10,27,F178-5108,14,1018.23,14255.22,1207.42,13047.8,6939.12,6108.68,2348.6
3421,20240503,59,119,4,25,F868-0853,12,6.53,78.36,10.48,67.88,37.61,30.27,12.22
3422,20250512,54,81,3,16,F927-3166,15,5.1,76.5,1.71,74.79,36.85,37.94,13.46
3423,20220918,19,51,4,3,F341-5839,2,796.02,1592.04,103.64,1488.4,833.97,654.43,267.91
3424,20230801,24,10,4,2,F828-5035,1,410.06,410.06,85.91,324.15,176.38,147.77,58.35
3425,20241101,19,26,1,20,F910-6673,8,783.87,6270.96,734.96,5536.0,3401.01,2134.99,996.48
3426,20241122,24,117,7,24,F860-7081,5,441.98,2209.9,322.65,1887.25,1023.97,863.28,339.7
3427,20220715,16,31,9,24,F998-3011,5,331.43,1657.15,118.65,1538.5,1011.21,527.29,276.93
3428,20250925,39,154,5,11,F157-0903,3,126.48,379.44,33.96,345.48,208.25,137.23,62.19
3429,20230217,27,27,1,14,F996-1715,2,166.86,333.72,68.65,265.07,175.87,89.2,47.71
3430,20251207,59,158,2,1,F061-8626,7,7.19,50.33,10.88,39.45,21.94,17.51,7.1
3431,20221124,41,32,7,18,F145-6839,11,89.35,982.85,54.06,928.79,594.44,334.35,167.18
3432,20250822,53,128,6,30,F654-6589,3,4.73,14.19,0.47,13.72,6.82,6.9,2.47
3433,20231018,11,98,3,1,F542-3172,7,147.59,1033.13,189.89,843.24,500.63,342.61,151.78
3434,20250811,41,191,1,1,F354-9318,10,91.68,916.8,161.27,755.53,469.7,285.83,136.0
3435,20221220,15,163,6,16,F133-2174,13,152.72,1985.36,276.96,1708.4,1135.23,573.17,307.51
3436,20240307,36,8,1,21,F677-7591,1,87.81,87.81,13.59,74.22,37.97,36.25,13.36
3437,20240319,59,33,5,26,F196-9118,9,7.37,66.33,4.95,61.38,35.52,25.86,11.05
3438,20240316,30,86,3,29,F735-0733,3,134.12,402.36,54.0,348.36,173.37,174.99,62.7
3439,20220101,22,6,3,30,F647-8455,9,894.57,8051.13,1566.75,6484.38,4153.69,2330.69,1167.19
3440,20240205,26,45,3,9,F014-6857,7,78.56,549.92,5.33,544.59,321.57,223.02,98.03
3441,20241105,51,103,10,11,F043-9496,5,21.55,107.75,21.01,86.74,46.21,40.53,15.61
3442,20220924,2,150,9,11,F447-6425,2,784.24,1568.48,218.96,1349.52,910.13,439.39,242.91
3443,20250224,45,161,6,14,F825-2205,1,54.52,54.52,1.12,53.4,29.79,23.61,9.61
3444,20221211,15,114,7,12,F436-3894,8,163.51,1308.08,152.78,1155.3,768.68,386.62,207.95
3445,20220317,5,33,3,27,F606-0378,11,914.11,10055.21,2121.65,7933.56,4469.28,3464.28,1428.04
3446,20250512,57,143,7,1,F945-4579,2,2.24,4.48,0.79,3.69,2.41,1.28,0.66
3447,20251123,31,21,10,20,F016-3512,5,305.34,1526.7,223.51,1303.19,742.09,561.1,234.57
3448,20231019,33,66,9,19,F817-5287,6,1455.79,8734.74,233.22,8501.52,5306.7,3194.82,1530.27
3449,20220228,47,79,2,19,F729-2000,3,358.58,1075.74,225.04,850.7,505.24,345.46,153.13
3450,20221108,17,60,5,15,F132-9189,10,526.01,5260.1,845.82,4414.28,2963.78,1450.5,794.57
3451,20220508,16,122,4,21,F058-9248,15,322.44,4836.6,99.15,4737.45,2970.78,1766.67,852.74
3452,20230615,22,3,9,9,F886-8365,3,902.49,2707.47,391.77,2315.7,1293.94,1021.76,416.83
3453,20220131,49,106,6,13,F706-2446,14,260.37,3645.18,502.67,3142.51,1978.66,1163.85,565.65
3454,20231214,38,137,3,28,F908-2603,6,71.17,427.02,72.72,354.3,236.62,117.68,63.77
3455,20250929,34,196,2,17,F224-2528,12,2377.3,28527.6,3366.26,25161.34,12085.55,13075.79,4529.04
3456,20230716,16,88,7,18,F745-4883,1,310.41,310.41,29.83,280.58,163.29,117.29,50.5
3457,20240823,44,127,9,1,F626-6541,7,123.78,866.46,92.45,774.01,434.92,339.09,139.32
3458,20240604,18,188,5,19,F334-9419,9,700.37,6303.33,303.19,6000.14,4048.37,1951.77,1080.03
3459,20231005,31,21,8,11,F919-5647,2,280.13,560.26,28.46,531.8,322.93,208.87,95.72
3460,20240618,44,129,10,16,F282-8806,6,120.65,723.9,95.48,628.42,321.58,306.84,113.12
3461,20230915,46,181,5,17,F396-2564,5,286.37,1431.85,27.35,1404.5,866.81,537.69,252.81
3462,20240609,28,31,10,20,F505-6954,13,247.46,3216.98,85.25,3131.73,1971.86,1159.87,563.71
3463,20221008,17,82,2,25,F367-7141,5,514.35,2571.75,346.93,2224.82,1226.14,998.68,400.47
3464,20240617,20,110,4,30,F740-0131,10,256.65,2566.5,227.65,2338.85,1370.28,968.57,420.99
3465,20241121,59,130,3,2,F856-1807,10,7.33,73.3,15.41,57.89,31.85,26.04,10.42
3466,20241027,26,84,10,16,F668-2544,14,90.19,1262.66,10.48,1252.18,791.03,461.15,225.39
3467,20240724,12,139,4,10,F791-9834,3,195.94,587.82,16.34,571.48,306.4,265.08,102.87
3468,20241001,11,134,5,14,F671-0808,7,143.27,1002.89,122.05,880.84,522.82,358.02,158.55
3469,20220414,6,3,4,7,F932-4916,14,3557.64,49806.96,5548.5,44258.46,21541.35,22717.11,7966.52
3470,20230312,36,113,4,12,F814-8635,14,78.4,1097.6,206.35,891.25,582.96,308.29,160.42
3471,20220728,26,84,5,9,F427-0259,12,84.38,1012.56,108.24,904.32,602.01,302.31,162.78
3472,20240502,23,112,8,28,F274-6602,3,321.66,964.98,189.43,775.55,378.61,396.94,139.6
3473,20220217,41,192,4,13,F948-4898,8,98.91,791.28,23.66,767.62,465.04,302.58,138.17
3474,20230715,40,136,6,14,F456-2516,2,194.52,389.04,51.28,337.76,172.47,165.29,60.8
3475,20250105,52,92,6,24,F908-3564,12,10.13,121.56,1.14,120.42,81.43,38.99,21.68
3476,20241205,36,82,9,5,F092-2601,1,82.04,82.04,12.16,69.88,39.89,29.99,12.58
3477,20231128,25,102,8,21,F525-4375,5,1684.45,8422.25,403.43,8018.82,4823.06,3195.76,1443.39
3478,20230325,19,6,8,27,F352-1347,1,895.42,895.42,87.84,807.58,486.08,321.5,145.36
3479,20240414,43,156,9,3,F468-7918,10,181.29,1812.9,277.92,1534.98,1024.8,510.18,276.3
3480,20240616,24,77,2,26,F315-9897,3,423.39,1270.17,160.04,1110.13,685.61,424.52,199.82
3481,20241018,50,71,10,18,F183-8520,4,80.82,323.28,47.81,275.47,155.89,119.58,49.58
3482,20241111,49,170,10,16,F279-7209,4,267.49,1069.96,121.76,948.2,577.28,370.92,170.68
3483,20250912,29,10,8,1,F371-5344,7,46.74,327.18,56.14,271.04,161.67,109.37,48.79
3484,20240827,20,164,5,8,F785-7077,5,249.82,1249.1,178.25,1070.85,665.72,405.13,192.75
3485,20251230,35,145,3,5,F744-0044,8,383.05,3064.4,68.64,2995.76,1953.13,1042.63,539.24
3486,20241003,54,125,7,23,F247-4890,13,5.09,66.17,8.91,57.26,37.76,19.5,10.31
3487,20221219,56,32,1,22,F049-1799,4,5.21,20.84,1.65,19.19,10.99,8.2,3.45
3488,20241116,8,59,5,20,F985-4307,11,2706.75,29774.25,1652.47,28121.78,16056.72,12065.06,5061.92
3489,20251206,16,138,8,5,F178-5774,14,326.61,4572.54,899.88,3672.66,1955.63,1717.03,661.08
3490,20230921,24,58,6,9,F664-7993,9,430.87,3877.83,287.35,3590.48,1906.23,1684.25,646.29
3491,20251029,20,120,4,20,F682-5146,9,223.15,2008.35,145.2,1863.15,1136.04,727.11,335.37
3492,20231114,10,90,9,1,F855-9537,3,2944.44,8833.32,1042.33,7790.99,5246.04,2544.95,1402.38
3493,20230930,51,125,6,30,F514-1602,6,23.92,143.52,15.34,128.18,76.85,51.33,23.07
3494,20250623,42,136,5,21,F656-1927,1,122.48,122.48,4.19,118.29,78.02,40.27,21.29
3495,20220325,50,168,5,15,F002-4925,3,81.25,243.75,12.77,230.98,145.13,85.85,41.58
3496,20231214,2,114,2,9,F748-8073,5,814.24,4071.2,358.67,3712.53,2222.25,1490.28,668.26
3497,20250919,43,63,5,4,F570-5723,12,175.47,2105.64,375.01,1730.63,1114.7,615.93,311.51
3498,20231104,46,56,8,10,F382-6594,6,279.35,1676.1,366.73,1309.37,764.2,545.17,235.69
3499,20230425,3,26,1,3,F472-5701,1,674.74,674.74,28.34,646.4,416.88,229.52,116.35
3500,20230407,40,113,1,13,F472-9385,11,198.05,2178.55,405.65,1772.9,1119.76,653.14,319.12
3501,20221105,51,180,10,6,F967-8668,10,22.67,226.7,1.68,225.02,132.45,92.57,40.5
3502,20241123,21,29,6,19,F830-3873,2,605.74,1211.48,106.0,1105.48,686.2,419.28,198.99
3503,20250606,43,103,4,12,F203-7020,13,174.25,2265.25,460.07,1805.18,1019.65,785.53,324.93
3504,20230505,32,181,9,20,F418-0746,6,471.44,2828.64,547.06,2281.58,1458.2,823.38,410.68
3505,20240429,32,70,2,7,F237-5660,3,399.53,1198.59,35.0,1163.59,683.8,479.79,209.45
3506,20221119,53,49,1,20,F480-5078,4,4.4,17.6,2.37,15.23,7.54,7.69,2.74
3507,20220618,11,104,4,11,F492-9303,5,143.59,717.95,154.07,563.88,296.23,267.65,101.5
3508,20231006,27,69,9,1,F201-0181,14,170.96,2393.44,465.76,1927.68,1291.81,635.87,346.98
3509,20220213,43,94,7,27,F374-9187,8,159.09,1272.72,188.62,1084.1,569.87,514.23,195.14
3510,20230116,53,88,3,22,F426-3888,14,4.44,62.16,0.34,61.82,31.83,29.99,11.13
3511,20221128,58,200,2,5,F908-8300,13,5.92,76.96,10.01,66.95,35.68,31.27,12.05
3512,20230927,56,23,3,22,F132-3214,7,5.86,41.02,3.87,37.15,22.17,14.98,6.69
3513,20251201,51,83,3,26,F387-1354,2,23.28,46.56,2.7,43.86,26.82,17.04,7.89
3514,20230307,60,38,6,26,F634-5016,8,16.98,135.84,23.6,112.24,66.14,46.1,20.2
3515,20250110,26,162,5,13,F937-6100,13,93.1,1210.3,84.84,1125.46,757.16,368.3,202.58
3516,20220107,45,74,2,4,F534-1599,6,54.07,324.42,48.99,275.43,149.67,125.76,49.58
3517,20250510,52,179,6,3,F219-6260,9,10.62,95.58,14.0,81.58,51.63,29.95,14.68
3518,20241205,59,37,1,7,F566-8846,9,6.89,62.01,13.18,48.83,30.15,18.68,8.79
3519,20240219,7,110,9,10,F800-1634,4,2891.18,11564.72,1131.03,10433.69,6993.12,3440.57,1878.06
3520,20240318,35,67,7,22,F138-2717,5,403.93,2019.65,382.93,1636.72,1093.03,543.69,294.61
3521,20230527,2,63,6,9,F999-0978,5,883.67,4418.35,643.31,3775.04,1996.11,1778.93,679.51
3522,20250121,58,100,1,7,F002-8326,3,5.29,15.87,1.55,14.32,8.43,5.89,2.58
3523,20241115,31,124,1,24,F587-0174,7,307.77,2154.39,436.05,1718.34,985.88,732.46,309.3
3524,20250401,27,61,8,13,F148-9892,8,177.65,1421.2,136.15,1285.05,866.46,418.59,231.31
3525,20230107,24,17,7,6,F982-1537,7,395.32,2767.24,398.21,2369.03,1463.61,905.42,426.43
3526,20250805,32,102,9,2,F673-4912,5,406.36,2031.8,243.82,1787.98,1160.6,627.38,321.84
3527,20250409,7,172,3,13,F866-4873,14,2798.03,39172.42,4947.48,34224.94,16734.05,17490.89,6160.49
3528,20240720,42,77,2,19,F628-1366,7,120.72,845.04,47.74,797.3,451.18,346.12,143.51
3529,20240208,26,156,1,13,F804-4099,12,78.88,946.56,188.74,757.82,477.84,279.98,136.41
3530,20240109,51,193,8,21,F016-3760,1,23.26,23.26,4.94,18.32,11.43,6.89,3.3
3531,20240917,20,153,8,22,F055-2022,14,224.65,3145.1,457.93,2687.17,1351.37,1335.8,483.69
3532,20250718,36,49,7,18,F146-9496,14,79.37,1111.18,91.34,1019.84,606.57,413.27,183.57
3533,20250528,26,86,4,3,F613-4080,1,85.35,85.35,8.68,76.67,39.49,37.18,13.8
3534,20231221,41,44,7,26,F004-2304,12,102.29,1227.48,37.44,1190.04,779.39,410.65,214.21
3535,20231117,12,141,9,15,F376-4528,10,169.95,1699.5,274.81,1424.69,899.47,525.22,256.44
3536,20250527,33,51,6,18,F237-8250,14,1454.05,20356.7,3776.17,16580.53,9959.87,6620.66,2984.5
3537,20250418,53,2,7,12,F460-3921,11,4.56,50.16,9.26,40.9,24.86,16.04,7.36
3538,20220811,57,65,7,19,F223-5656,14,2.54,35.56,0.66,34.9,18.93,15.97,6.28
3539,20241023,8,196,2,5,F933-8898,3,2298.61,6895.83,1114.37,5781.46,3126.91,2654.55,1040.66
3540,20240501,16,163,10,23,F494-9278,10,300.11,3001.1,218.18,2782.92,1621.46,1161.46,500.93
3541,20251022,38,155,8,4,F505-8077,4,60.86,243.44,18.16,225.28,142.3,82.98,40.55
3542,20251003,6,106,9,15,F930-0934,12,3588.9,43066.8,254.09,42812.71,20829.74,21982.97,7706.29
3543,20250207,58,179,7,1,F338-1528,2,5.77,11.54,0.33,11.21,7.42,3.79,2.02
3544,20241225,26,143,10,11,F214-3917,13,82.15,1067.95,54.47,1013.48,615.1,398.38,182.43
3545,20241211,29,196,7,15,F476-7137,5,46.33,231.65,5.88,225.77,133.54,92.23,40.64
3546,20230714,55,168,10,26,F734-7456,7,1.87,13.09,0.81,12.28,6.66,5.62,2.21
3547,20240217,44,196,8,25,F243-0731,14,117.57,1645.98,84.44,1561.54,774.53,787.01,281.08
3548,20240530,15,185,8,11,F935-8190,5,155.21,776.05,99.02,677.03,381.87,295.16,121.87
3549,20220430,58,78,9,9,F919-8739,14,6.17,86.38,6.47,79.91,50.81,29.1,14.38
3550,20240418,55,186,4,27,F120-8871,5,1.86,9.3,1.43,7.87,5.33,2.54,1.42
3551,20240920,6,75,3,16,F053-7455,7,3668.49,25679.43,110.42,25569.01,14016.45,11552.56,4602.42
3552,20230502,39,149,5,26,F489-6776,10,130.61,1306.1,256.0,1050.1,579.63,470.47,189.02
3553,20220319,54,148,8,13,F315-7366,2,4.68,9.36,0.11,9.25,6.2,3.05,1.67
3554,20250928,24,39,9,19,F810-7470,12,417.25,5007.0,386.54,4620.46,2533.32,2087.14,831.68
3555,20250729,10,87,5,22,F026-3330,11,2905.62,31961.82,4055.95,27905.87,15047.09,12858.78,5023.06
3556,20230824,38,136,6,24,F427-0187,9,60.84,547.56,31.05,516.51,318.72,197.79,92.97
3557,20231222,54,167,7,3,F224-8510,12,4.96,59.52,7.73,51.79,31.05,20.74,9.32
3558,20221122,9,197,8,29,F452-7475,13,2387.17,31033.21,3739.5,27293.71,13285.32,14008.39,4912.87
3559,20220319,29,146,10,29,F846-6657,8,48.09,384.72,3.46,381.26,232.89,148.37,68.63
3560,20231117,10,191,8,3,F687-1400,8,3019.74,24157.92,2490.68,21667.24,11196.49,10470.75,3900.1
3561,20241006,4,34,9,20,F430-2825,13,2288.89,29755.57,1559.19,28196.38,15550.81,12645.57,5075.35
3562,20230407,12,168,3,10,F207-2687,1,187.55,187.55,16.79,170.76,114.98,55.78,30.74
3563,20230308,15,56,10,19,F952-3765,13,154.25,2005.25,106.68,1898.57,1210.45,688.12,341.74
3564,20240321,17,8,7,19,F998-4237,1,509.25,509.25,88.2,421.05,270.68,150.37,75.79
3565,20231005,46,168,3,7,F350-7171,15,274.64,4119.6,2.06,4117.54,2480.38,1637.16,741.16
3566,20240303,35,24,3,17,F352-3973,6,410.81,2464.86,422.23,2042.63,1225.08,817.55,367.67
3567,20241123,31,68,5,17,F908-9105,1,299.48,299.48,2.19,297.29,165.44,131.85,53.51
3568,20251006,22,28,2,19,F647-8525,8,835.02,6680.16,1146.32,5533.84,3033.26,2500.58,996.09
3569,20221206,51,37,9,26,F007-5309,3,20.19,60.57,4.83,55.74,37.49,18.25,10.03
3570,20250525,16,34,6,11,F820-0490,7,344.02,2408.14,402.64,2005.5,1084.05,921.45,360.99
3571,20230622,31,115,9,13,F029-2957,7,291.44,2040.08,247.05,1793.03,1089.28,703.75,322.75
3572,20230913,3,64,2,30,F493-0561,10,688.24,6882.4,1439.8,5442.6,2796.17,2646.43,979.67
3573,20231111,58,144,7,14,F945-3422,10,6.09,60.9,12.98,47.92,31.66,16.26,8.63
3574,20250415,38,145,9,25,F496-2613,11,69.82,768.02,22.27,745.75,478.94,266.81,134.23
3575,20241004,59,20,5,26,F162-5075,8,7.42,59.36,2.65,56.71,36.27,20.44,10.21
3576,20230702,37,122,10,13,F318-4923,7,140.3,982.1,37.52,944.58,607.82,336.76,170.02
3577,20250218,8,143,9,1,F483-0074,4,2475.83,9903.32,423.86,9479.46,4896.62,4582.84,1706.3
3578,20251217,2,80,6,22,F082-2459,12,793.91,9526.92,86.69,9440.23,5526.44,3913.79,1699.24
3579,20251223,2,1,2,24,F909-8014,3,768.36,2305.08,370.43,1934.65,1182.49,752.16,348.24
3580,20240520,24,128,10,5,F675-1117,5,417.83,2089.15,30.71,2058.44,1101.44,957.0,370.52
3581,20240919,4,120,6,21,F758-0294,5,2259.77,11298.85,1008.99,10289.86,5209.98,5079.88,1852.17
3582,20230523,50,115,5,9,F175-0833,3,79.8,239.4,21.38,218.02,134.32,83.7,39.24
3583,20240704,15,197,6,10,F753-8895,7,173.65,1215.55,14.83,1200.72,704.72,496.0,216.13
3584,20250106,60,96,9,16,F146-3898,4,19.65,78.6,3.49,75.11,44.66,30.45,13.52
3585,20221026,45,110,1,26,F091-4254,7,57.49,402.43,47.37,355.06,216.18,138.88,63.91
3586,20220508,22,125,2,9,F760-8709,10,859.2,8592.0,290.41,8301.59,4208.21,4093.38,1494.29
3587,20241223,22,25,6,2,F740-1751,2,867.56,1735.12,237.02,1498.1,857.0,641.1,269.66
3588,20241120,37,172,3,1,F633-2116,10,142.07,1420.7,306.73,1113.97,752.03,361.94,200.51
3589,20220713,23,40,9,24,F739-5781,3,311.49,934.47,9.53,924.94,600.91,324.03,166.49
3590,20241113,9,1,5,19,F663-3240,12,2116.24,25394.88,835.49,24559.39,14564.22,9995.17,4420.69
3591,20241204,49,27,6,18,F988-6095,6,258.52,1551.12,172.48,1378.64,825.36,553.28,248.16
3592,20240911,59,155,8,3,F290-9856,2,6.73,13.46,0.23,13.23,8.58,4.65,2.38
3593,20230810,11,118,5,23,F880-1814,15,155.78,2336.7,404.95,1931.75,1056.38,875.37,347.71
3594,20230205,51,120,4,19,F422-2597,15,23.9,358.5,14.48,344.02,203.75,140.27,61.92
3595,20250306,25,61,2,6,F308-9423,10,1668.07,16680.7,291.91,16388.79,10900.76,5488.03,2949.98
3596,20240303,51,166,7,23,F809-7555,12,23.71,284.52,28.14,256.38,162.02,94.36,46.15
3597,20221201,31,79,4,21,F905-5614,13,271.86,3534.18,200.39,3333.79,1727.75,1606.04,600.08
3598,20221006,56,155,7,12,F488-1808,15,5.4,81.0,8.24,72.76,42.13,30.63,13.1
3599,20250719,22,133,1,27,F161-9362,13,929.28,12080.64,1889.41,10191.23,5518.32,4672.91,1834.42
3600,20241230,4,5,5,5,F301-7716,4,2220.31,8881.24,527.55,8353.69,4901.85,3451.84,1503.66
3601,20241208,38,146,5,1,F616-1079,1,70.86,70.86,9.76,61.1,38.14,22.96,11.0
3602,20230928,27,74,3,13,F392-2268,8,178.79,1430.32,71.8,1358.52,764.9,593.62,244.53
3603,20231103,9,106,10,8,F055-9756,10,2166.15,21661.5,732.16,20929.34,10184.44,10744.9,3767.28
3604,20241102,49,16,2,22,F341-2430,5,240.59,1202.95,244.2,958.75,580.91,377.84,172.57
3605,20220423,30,47,7,10,F934-1079,12,118.82,1425.84,35.65,1390.19,795.22,594.97,250.23
3606,20250630,17,4,1,21,F068-8548,14,528.98,7405.72,534.69,6871.03,4083.56,2787.47,1236.79
3607,20220707,18,85,10,17,F755-4472,10,675.15,6751.5,1184.21,5567.29,2914.4,2652.89,1002.11
3608,20241115,29,63,6,20,F428-6807,3,49.79,149.37,5.18,144.19,84.75,59.44,25.95
3609,20230528,59,91,4,28,F610-0326,13,7.18,93.34,9.79,83.55,55.72,27.83,15.04
3610,20240522,51,78,8,24,F799-3872,7,20.81,145.67,24.65,121.02,62.05,58.97,21.78
3611,20250207,26,145,1,19,F039-0911,1,83.23,83.23,13.18,70.05,35.63,34.42,12.61
3612,20251205,28,166,5,10,F150-7400,8,241.16,1929.28,172.48,1756.8,1147.07,609.73,316.22
3613,20251105,33,67,1,23,F944-4656,14,1588.17,22234.38,3608.64,18625.74,10150.6,8475.14,3352.63
3614,20220912,12,37,1,24,F444-7257,2,186.92,373.84,32.94,340.9,197.22,143.68,61.36
3615,20241011,24,51,5,8,F701-9414,5,457.06,2285.3,475.57,1809.73,949.98,859.75,325.75
3616,20220914,26,200,10,28,F188-5682,5,87.21,436.05,30.65,405.4,211.78,193.62,72.97
3617,20220528,12,51,4,27,F818-8372,9,182.82,1645.38,251.25,1394.13,762.41,631.72,250.94
3618,20251017,7,71,6,8,F645-3412,4,2990.69,11962.76,51.44,11911.32,6864.26,5047.06,2144.04
3619,20230509,4,46,3,10,F777-7794,4,2002.7,8010.8,745.81,7264.99,3634.63,3630.36,1307.7
3620,20220916,60,183,8,6,F057-3961,11,17.45,191.95,24.07,167.88,93.15,74.73,30.22
3621,20230621,15,33,4,27,F136-5352,6,158.68,952.08,191.84,760.24,425.7,334.54,136.84
3622,20250622,7,92,6,18,F880-8170,8,2954.68,23637.44,3685.08,19952.36,11036.2,8916.16,3591.42
3623,20230514,4,70,3,5,F917-4902,5,2235.67,11178.35,1559.38,9618.97,5960.42,3658.55,1731.41
3624,20230722,22,96,6,28,F090-2157,2,851.22,1702.44,29.45,1672.99,1010.7,662.29,301.14
3625,20250527,21,198,9,3,F601-1494,13,596.78,7758.14,1387.16,6370.98,4257.57,2113.41,1146.78
3626,20230528,55,6,6,23,F761-3658,12,1.94,23.28,4.99,18.29,10.04,8.25,3.29
3627,20220623,47,18,10,23,F896-7708,10,387.86,3878.6,819.94,3058.66,2038.05,1020.61,550.56
3628,20240603,8,128,2,29,F955-6428,8,2434.33,19474.64,3676.81,15797.83,8575.25,7222.58,2843.61
3629,20251213,28,34,5,14,F252-0286,3,263.04,789.12,166.43,622.69,377.57,245.12,112.08
3630,20231122,54,20,9,22,F374-7088,2,5.27,10.54,1.73,8.81,4.47,4.34,1.59
3631,20240709,16,112,2,11,F043-4738,1,307.19,307.19,59.07,248.12,119.14,128.98,44.66
3632,20250228,10,92,7,20,F457-7547,10,2844.89,28448.9,3519.13,24929.77,13887.94,11041.83,4487.36
3633,20251012,57,109,1,30,F956-8277,4,2.23,8.92,1.35,7.57,4.68,2.89,1.36
3634,20251105,3,73,7,24,F099-0821,10,754.0,7540.0,62.58,7477.42,3655.16,3822.26,1345.94
3635,20231226,47,129,9,4,F551-9731,3,356.64,1069.92,114.27,955.65,556.85,398.8,172.02
3636,20230507,14,30,7,8,F569-8569,13,194.14,2523.82,540.6,1983.22,1106.93,876.29,356.98
3637,20240913,8,91,2,17,F837-5788,9,2467.22,22204.98,2311.54,19893.44,11680.06,8213.38,3580.82
3638,20220321,60,10,10,13,F343-6558,10,17.98,179.8,1.82,177.98,97.91,80.07,32.04
3639,20220405,49,135,1,1,F491-2558,13,262.18,3408.34,120.31,3288.03,1893.01,1395.02,591.85
3640,20221202,46,142,2,22,F685-4758,14,287.94,4031.16,1.61,4029.55,2448.61,1580.94,725.32
3641,20230716,29,73,1,15,F529-3659,4,44.41,177.64,17.91,159.73,87.91,71.82,28.75
3642,20250330,47,13,7,20,F455-8527,13,390.23,5072.99,31.96,5041.03,2957.54,2083.49,907.39
3643,20220905,49,165,5,12,F291-9955,11,264.09,2904.99,631.84,2273.15,1259.88,1013.27,409.17
3644,20230927,36,124,5,19,F037-7124,8,81.41,651.28,127.78,523.5,278.52,244.98,94.23
3645,20240507,25,144,6,25,F504-1655,12,1792.73,21512.76,1977.02,19535.74,10832.86,8702.88,3516.43
3646,20231019,6,156,6,27,F412-3396,6,3331.91,19991.46,1895.19,18096.27,9956.91,8139.36,3257.33
3647,20250904,20,161,8,7,F603-2402,13,229.66,2985.58,58.82,2926.76,1433.42,1493.34,526.82
3648,20240909,2,89,7,11,F777-3505,3,851.0,2553.0,196.33,2356.67,1524.72,831.95,424.2
3649,20230424,16,5,4,4,F388-8113,12,332.62,3991.44,418.7,3572.74,2282.7,1290.04,643.09
3650,20250418,45,107,2,12,F290-8971,2,57.51,115.02,14.98,100.04,51.24,48.8,18.01
3651,20221105,31,171,1,5,F977-6144,1,297.34,297.34,55.75,241.59,122.9,118.69,43.49
3652,20241008,53,88,5,19,F033-8312,6,4.55,27.3,0.14,27.16,13.35,13.81,4.89
3653,20220129,48,54,10,28,F508-6578,11,149.36,1642.96,203.73,1439.23,955.19,484.04,259.06
3654,20231213,41,97,2,13,F220-0217,9,94.83,853.47,95.76,757.71,384.17,373.54,136.39
3655,20250915,13,198,1,1,F031-9508,13,100.56,1307.28,81.18,1226.1,717.55,508.55,220.7
3656,20220318,6,58,1,16,F709-4555,6,3252.25,19513.5,675.17,18838.33,10199.88,8638.45,3390.9
3657,20240509,7,81,5,14,F773-6349,10,2766.82,27668.2,3447.46,24220.74,14744.7,9476.04,4359.73
3658,20221202,10,134,10,26,F387-2569,8,3093.55,24748.4,3774.13,20974.27,11574.55,9399.72,3775.37
3659,20250722,10,15,1,6,F131-4093,8,2998.29,23986.32,4106.46,19879.86,12054.5,7825.36,3578.37
3660,20231022,3,98,8,15,F874-1673,15,675.63,10134.45,2127.22,8007.23,3905.85,4101.38,1441.3
3661,20250214,12,12,5,4,F946-8464,11,177.87,1956.57,158.87,1797.7,1065.63,732.07,323.59
3662,20231211,55,4,6,3,F423-6596,13,2.07,26.91,5.1,21.81,14.32,7.49,3.93
3663,20250824,28,56,10,5,F500-8638,9,229.83,2068.47,364.46,1704.01,1107.54,596.47,306.72
3664,20220527,36,150,9,13,F819-3174,5,82.77,413.85,44.24,369.61,222.82,146.79,66.53
3665,20241026,27,142,5,10,F311-2545,3,160.04,480.12,50.03,430.09,259.04,171.05,77.42
3666,20220627,1,39,5,18,F558-6438,13,1129.85,14688.05,3157.93,11530.12,7135.02,4395.1,2075.42
3667,20220721,13,20,5,12,F043-3709,4,99.31,397.24,75.87,321.37,169.34,152.03,57.85
3668,20231205,5,179,3,13,F696-6237,14,1021.37,14299.18,346.04,13953.14,8184.95,5768.19,2511.57
3669,20241024,41,155,4,22,F588-6698,2,97.0,194.0,39.27,154.73,98.66,56.07,27.85
3670,20221106,1,24,9,19,F854-2034,1,1180.49,1180.49,68.47,1112.02,740.76,371.26,200.16
3671,20230627,54,188,6,28,F971-6200,10,4.67,46.7,8.26,38.44,23.18,15.26,6.92
3672,20240101,43,105,9,18,F686-3464,3,178.11,534.33,104.41,429.92,268.81,161.11,77.39
3673,20251201,19,24,4,25,F072-8449,1,791.9,791.9,38.41,753.49,373.5,379.99,135.63
3674,20251117,7,27,5,1,F972-5601,14,2605.76,36480.64,8022.09,28458.55,16860.91,11597.64,5122.54
3675,20250401,59,30,8,28,F602-0037,12,6.44,77.28,3.93,73.35,39.83,33.52,13.2
3676,20251002,20,147,5,26,F049-6331,1,232.32,232.32,25.67,206.65,116.31,90.34,37.2
3677,20241215,30,55,2,1,F203-1714,11,115.71,1272.81,228.98,1043.83,596.81,447.02,187.89
3678,20241214,17,81,8,5,F970-2499,6,558.65,3351.9,562.45,2789.45,1556.36,1233.09,502.1
3679,20240710,30,117,5,1,F228-3520,8,120.72,965.76,127.38,838.38,534.98,303.4,150.91
3680,20230913,55,149,10,30,F993-8606,8,2.2,17.6,1.03,16.57,10.0,6.57,2.98
3681,20250521,29,59,7,24,F993-4734,4,43.15,172.6,9.37,163.23,81.83,81.4,29.38
3682,20250914,6,2,7,1,F230-2750,11,3189.65,35086.15,3122.67,31963.48,17263.22,14700.26,5753.43
3683,20240205,28,180,9,2,F357-8011,8,261.34,2090.72,161.19,1929.53,1289.04,640.49,347.32
3684,20250814,60,21,1,18,F618-6653,4,19.68,78.72,1.52,77.2,49.97,27.23,13.9
3685,20241130,42,58,7,2,F398-4729,7,120.81,845.67,146.39,699.28,358.83,340.45,125.87
3686,20231114,2,119,10,10,F898-9199,8,755.99,6047.92,386.46,5661.46,3307.49,2353.97,1019.06
3687,20251230,25,70,9,9,F530-1137,11,1870.69,20577.59,2644.22,17933.37,10468.88,7464.49,3228.01
3688,20240118,30,7,1,30,F914-7472,11,113.79,1251.69,67.84,1183.85,759.59,424.26,213.09
3689,20241124,52,196,4,21,F493-5132,13,10.08,131.04,2.07,128.97,74.45,54.52,23.21
3690,20230525,37,10,8,17,F106-1813,10,154.11,1541.1,66.88,1474.22,767.18,707.04,265.36
3691,20250321,60,109,1,2,F285-0388,8,19.48,155.84,3.66,152.18,94.46,57.72,27.39
3692,20230405,11,92,6,28,F607-6929,5,154.47,772.35,48.74,723.61,359.8,363.81,130.25
3693,20230411,29,78,10,24,F417-5611,4,45.45,181.8,9.33,172.47,105.62,66.85,31.04
3694,20230207,24,199,1,27,F217-3837,4,466.88,1867.52,233.25,1634.27,820.04,814.23,294.17
3695,20240117,24,80,10,23,F817-9596,1,413.73,413.73,79.77,333.96,210.87,123.09,60.11
3696,20250721,38,185,7,23,F115-7826,11,62.83,691.13,61.44,629.69,346.08,283.61,113.34
3697,20250414,42,146,5,25,F438-2536,4,131.75,527.0,12.02,514.98,293.99,220.99,92.7
3698,20250209,18,51,9,27,F358-8619,12,723.62,8683.44,1380.67,7302.77,4862.32,2440.45,1314.5
3699,20221104,25,123,7,18,F465-1516,11,1896.76,20864.36,1118.33,19746.03,11933.45,7812.58,3554.29
3700,20251014,17,52,2,29,F784-7891,15,548.57,8228.55,1736.22,6492.33,3471.42,3020.91,1168.62
3701,20230909,59,94,6,18,F657-1660,8,7.08,56.64,11.68,44.96,25.45,19.51,8.09
3702,20231212,31,31,2,13,F140-5555,14,307.48,4304.72,302.62,4002.1,2407.28,1594.82,720.38
3703,20240916,2,95,5,13,F310-6565,13,803.87,10450.31,1350.18,9100.13,5482.57,3617.56,1638.02
3704,20230112,14,27,5,22,F644-5369,9,223.23,2009.07,306.78,1702.29,969.58,732.71,306.41
3705,20220529,24,61,5,22,F136-7790,14,432.22,6051.08,1163.62,4887.46,2931.79,1955.67,879.74
3706,20221117,45,102,10,5,F371-5279,2,60.34,120.68,19.22,101.46,68.7,32.76,18.26
3707,20220802,9,160,3,13,F055-0117,14,2259.31,31630.34,4513.65,27116.69,14801.74,12314.95,4881.0
3708,20241218,4,171,1,3,F838-5353,13,2184.39,28397.07,5988.94,22408.13,14426.43,7981.7,4033.46
3709,20231118,28,144,5,26,F259-8426,2,231.17,462.34,86.04,376.3,215.22,161.08,67.73
3710,20221028,6,173,9,17,F144-3166,2,3161.99,6323.98,1190.17,5133.81,2465.47,2668.34,924.09
3711,20221202,34,160,1,25,F697-9187,11,2356.77,25924.47,5540.06,20384.41,13177.33,7207.08,3669.19
3712,20231126,55,19,1,9,F682-4300,3,1.99,5.97,0.26,5.71,3.81,1.9,1.03
3713,20220712,34,161,4,21,F423-5945,11,2071.92,22791.12,4457.94,18333.18,12389.65,5943.53,3299.97
3714,20240626,21,19,9,18,F140-2289,2,651.07,1302.14,173.58,1128.56,570.25,558.31,203.14
3715,20220324,2,102,5,4,F493-6299,13,806.39,10483.07,188.7,10294.37,6438.58,3855.79,1852.99
3716,20230708,5,8,3,7,F424-4290,11,987.48,10862.28,2328.87,8533.41,4477.21,4056.2,1536.01
3717,20220116,49,130,4,11,F935-9986,11,242.04,2662.44,255.59,2406.85,1270.21,1136.64,433.23
3718,20250403,38,63,3,8,F801-9461,14,61.5,861.0,87.56,773.44,413.62,359.82,139.22
3719,20250221,43,88,3,26,F922-8744,10,159.58,1595.8,257.72,1338.08,818.53,519.55,240.85
3720,20240419,10,27,3,13,F910-9872,11,3296.69,36263.59,6422.28,29841.31,19128.54,10712.77,5371.44
3721,20220131,16,83,3,30,F191-5129,5,315.31,1576.55,209.84,1366.71,826.76,539.95,246.01
3722,20240825,12,176,9,9,F779-4069,7,195.46,1368.22,229.31,1138.91,605.48,533.43,205.0
3723,20230810,52,139,7,17,F116-1903,11,10.89,119.79,11.31,108.48,67.33,41.15,19.53
3724,20250626,5,7,10,23,F533-0402,4,931.62,3726.48,181.11,3545.37,2003.9,1541.47,638.17
3725,20231103,21,180,6,20,F692-0915,8,633.12,5064.96,94.71,4970.25,2717.68,2252.57,894.64
3726,20220226,50,124,9,16,F952-9991,7,88.01,616.07,94.69,521.38,267.67,253.71,93.85
3727,20241105,4,5,5,13,F977-3857,6,1999.32,11995.92,1523.48,10472.44,6467.98,4004.46,1885.04
3728,20240424,30,102,7,24,F024-3545,7,117.21,820.47,32.24,788.23,492.56,295.67,141.88
3729,20231222,10,2,3,20,F328-5648,9,2918.59,26267.31,1715.26,24552.05,14412.97,10139.08,4419.37
3730,20220711,43,59,8,30,F816-9360,10,176.36,1763.6,369.12,1394.48,799.99,594.49,251.01
3731,20250701,13,81,6,3,F578-2393,6,97.25,583.5,125.39,458.11,298.02,160.09,82.46
3732,20230115,17,123,4,13,F987-7472,5,550.3,2751.5,413.0,2338.5,1156.85,1181.65,420.93
3733,20241112,1,101,8,28,F442-1706,9,1145.5,10309.5,966.0,9343.5,6281.26,3062.24,1681.83
3734,20250924,7,53,4,1,F816-0237,9,2630.13,23671.17,1519.69,22151.48,14399.18,7752.3,3987.27
3735,20241021,35,131,3,19,F988-2722,7,354.03,2478.21,521.42,1956.79,951.81,1004.98,352.22
3736,20231109,41,58,3,26,F114-0645,11,91.37,1005.07,123.52,881.55,513.29,368.26,158.68
3737,20220330,57,44,8,8,F734-6993,12,2.4,28.8,3.31,25.49,13.27,12.22,4.59
3738,20250303,23,1,8,5,F007-1050,5,352.36,1761.8,211.06,1550.74,790.67,760.07,279.13
3739,20230328,40,121,5,27,F690-1137,1,190.32,190.32,23.05,167.27,84.9,82.37,30.11
3740,20230923,28,196,4,21,F406-5346,3,257.94,773.82,83.42,690.4,427.8,262.6,124.27
3741,20241126,5,24,1,1,F980-5955,12,905.79,10869.48,1746.73,9122.75,5023.87,4098.88,1642.1
3742,20220130,57,138,5,23,F132-2111,9,2.23,20.07,0.51,19.56,10.58,8.98,3.52
3743,20240530,28,108,1,15,F138-2114,4,266.54,1066.16,161.84,904.32,436.4,467.92,162.78
3744,20221202,16,1,4,22,F279-2333,3,307.54,922.62,151.4,771.22,451.77,319.45,138.82
3745,20251102,57,53,10,4,F446-9391,5,2.55,12.75,0.55,12.2,6.97,5.23,2.2
3746,20221030,10,107,7,8,F127-6915,9,3277.06,29493.54,194.66,29298.88,17615.33,11683.55,5273.8
3747,20230609,54,121,5,1,F255-3381,7,5.37,37.59,5.06,32.53,21.05,11.48,5.86
3748,20240321,55,5,7,4,F447-6406,6,1.85,11.1,0.68,10.42,5.53,4.89,1.88
3749,20220622,17,75,6,18,F029-1636,1,537.28,537.28,3.6,533.68,314.51,219.17,96.06
3750,20250722,22,149,7,27,F710-2785,2,902.51,1805.02,194.58,1610.44,869.42,741.02,289.88
3751,20220220,34,2,6,27,F019-9992,3,2024.52,6073.56,395.39,5678.17,2860.68,2817.49,1022.07
3752,20251111,52,188,4,4,F338-2662,10,9.97,99.7,21.46,78.24,44.06,34.18,14.08
3753,20231207,46,35,9,30,F050-5315,3,279.97,839.91,129.01,710.9,440.23,270.67,127.96
3754,20231202,33,163,5,8,F359-4441,4,1685.88,6743.52,1459.97,5283.55,3220.77,2062.78,951.04
3755,20221113,48,104,3,11,F765-3252,12,132.57,1590.84,297.81,1293.03,699.8,593.23,232.75
3756,20250813,39,85,3,27,F333-5233,13,121.51,1579.63,36.96,1542.67,776.21,766.46,277.68
3757,20221007,33,140,9,18,F182-6585,14,1643.38,23007.32,917.99,22089.33,12570.25,9519.08,3976.08
3758,20220609,3,61,1,9,F931-5878,8,687.27,5498.16,334.29,5163.87,3085.48,2078.39,929.5
3759,20220418,52,195,10,16,F121-8906,15,10.85,162.75,28.56,134.19,64.6,69.59,24.15
3760,20251204,28,34,3,20,F915-3608,15,230.89,3463.35,647.3,2816.05,1526.02,1290.03,506.89
3761,20230623,24,170,6,20,F901-2967,6,468.19,2809.14,593.01,2216.13,1404.21,811.92,398.9
3762,20240107,3,83,8,16,F614-9950,13,700.63,9108.19,706.8,8401.39,4716.15,3685.24,1512.25
3763,20220426,55,152,9,8,F019-5005,11,1.88,20.68,0.86,19.82,11.29,8.53,3.57
3764,20240327,49,65,6,25,F889-1706,7,251.87,1763.09,376.77,1386.32,788.03,598.29,249.54
3765,20221216,6,92,9,19,F476-0639,1,3672.36,3672.36,443.99,3228.37,2181.67,1046.7,581.11
3766,20241011,52,43,3,4,F796-3361,15,10.59,158.85,12.18,146.67,97.63,49.04,26.4
3767,20231110,13,2,9,7,F279-7513,9,93.5,841.5,110.15,731.35,406.04,325.31,131.64
3768,20241229,28,148,9,19,F633-3724,2,257.89,515.78,14.75,501.03,291.36,209.67,90.19
3769,20220413,1,28,2,24,F253-9376,15,1244.96,18674.4,2037.38,16637.02,9284.84,7352.18,2994.66
3770,20250912,39,153,3,15,F108-5380,8,130.08,1040.64,132.16,908.48,592.38,316.1,163.53
3771,20221225,45,57,4,17,F694-7959,1,55.87,55.87,11.21,44.66,29.09,15.57,8.04
3772,20220520,48,38,9,12,F752-9189,9,144.82,1303.38,194.07,1109.31,728.27,381.04,199.68
3773,20220809,56,198,5,25,F241-9428,7,5.71,39.97,4.51,35.46,17.76,17.7,6.38
3774,20250412,30,146,1,21,F005-7705,4,122.2,488.8,5.52,483.28,319.87,163.41,86.99
3775,20250604,16,187,5,26,F284-5123,5,317.29,1586.45,214.81,1371.64,927.29,444.35,246.9
3776,20230130,30,80,5,4,F871-0709,11,128.52,1413.72,205.13,1208.59,790.31,418.28,217.55
3777,20250326,29,35,7,21,F790-5626,15,46.48,697.2,127.03,570.17,358.5,211.67,102.63
3778,20251203,19,146,2,23,F401-0508,5,881.19,4405.95,745.05,3660.9,2365.19,1295.71,658.96
3779,20250612,60,132,4,30,F626-8450,5,19.2,96.0,5.27,90.73,54.07,36.66,16.33
3780,20230113,22,14,8,26,F621-9377,11,937.04,10307.44,1611.05,8696.39,5161.64,3534.75,1565.35
3781,20221201,28,58,8,11,F427-9047,14,243.94,3415.16,235.99,3179.17,1848.61,1330.56,572.25
3782,20250603,5,79,1,16,F862-3450,9,943.39,8490.51,578.2,7912.31,5101.56,2810.75,1424.22
3783,20221018,4,120,8,13,F097-3168,11,2307.48,25382.28,3741.35,21640.93,13877.77,7763.16,3895.37
3784,20220315,21,137,4,13,F598-2568,11,643.67,7080.37,975.67,6104.7,3530.87,2573.83,1098.85
3785,20221031,10,4,4,29,F194-6698,12,2918.85,35026.2,5485.1,29541.1,16079.5,13461.6,5317.4
3786,20231208,38,175,1,24,F192-3674,6,67.62,405.72,11.6,394.12,232.87,161.25,70.94
3787,20250612,6,101,6,7,F163-7514,3,3534.15,10602.45,2168.2,8434.25,5201.19,3233.06,1518.16
3788,20220308,16,73,10,15,F160-4301,11,307.06,3377.66,528.27,2849.39,1828.66,1020.73,512.89
3789,20230314,39,69,8,16,F077-4785,4,128.65,514.6,15.8,498.8,252.19,246.61,89.78
3790,20241205,28,182,6,11,F377-5648,6,262.8,1576.8,307.48,1269.32,757.82,511.5,228.48
3791,20240116,45,11,7,4,F482-4121,1,56.45,56.45,11.34,45.11,23.0,22.11,8.12
3792,20251213,5,93,10,9,F819-7703,5,912.16,4560.8,266.35,4294.45,2862.98,1431.47,773.0
3793,20230702,52,64,10,3,F980-2417,13,9.94,129.22,4.55,124.67,73.58,51.09,22.44
3794,20241014,31,84,1,15,F753-6640,13,297.53,3867.89,668.76,3199.13,2074.79,1124.34,575.84
3795,20230328,7,139,4,21,F728-0433,3,2997.69,8993.07,1719.47,7273.6,4809.82,2463.78,1309.25
3796,20241102,24,64,1,30,F263-6079,5,424.6,2123.0,195.74,1927.26,1192.96,734.3,346.91
3797,20250912,24,105,4,23,F341-7024,6,419.84,2519.04,321.68,2197.36,1077.17,1120.19,395.52
3798,20230101,1,173,5,30,F813-3546,8,1205.23,9641.84,1629.47,8012.37,4816.58,3195.79,1442.23
3799,20221116,15,148,10,2,F270-6735,8,167.28,1338.24,120.71,1217.53,824.55,392.98,219.16
3800,20230625,3,103,10,13,F739-2329,3,662.84,1988.52,303.65,1684.87,1086.68,598.19,303.28
3801,20250401,28,48,3,2,F578-7277,10,267.1,2671.0,10.15,2660.85,1781.14,879.71,478.95
3802,20250517,24,198,10,2,F443-7574,11,467.55,5143.05,26.23,5116.82,2562.69,2554.13,921.03
3803,20231021,2,45,1,2,F213-9569,2,879.57,1759.14,370.12,1389.02,855.14,533.88,250.02
3804,20231114,55,154,8,29,F168-1877,5,1.92,9.6,1.29,8.31,4.75,3.56,1.5
3805,20220726,25,61,4,19,F753-1189,2,1684.43,3368.86,408.64,2960.22,1535.55,1424.67,532.84
3806,20230925,48,157,3,4,F003-5525,10,146.22,1462.2,295.95,1166.25,742.48,423.77,209.92
3807,20220320,15,11,1,29,F573-2064,2,149.44,298.88,10.49,288.39,191.47,96.92,51.91
3808,20240115,57,72,3,15,F799-0888,4,2.26,9.04,1.3,7.74,4.4,3.34,1.39
3809,20240801,21,138,8,26,F171-8971,9,602.68,5424.12,386.74,5037.38,3158.78,1878.6,906.73
3810,20230916,60,170,9,27,F711-0423,7,17.1,119.7,5.1,114.6,58.65,55.95,20.63
3811,20220717,6,14,5,9,F426-6867,3,3662.56,10987.68,1018.56,9969.12,5935.46,4033.66,1794.44
3812,20240714,24,126,7,1,F865-9304,6,433.53,2601.18,78.56,2522.62,1655.36,867.26,454.07
3813,20230319,27,68,8,5,F712-4212,14,182.43,2554.02,10.98,2543.04,1437.62,1105.42,457.75
3814,20230507,59,116,9,15,F712-4106,6,7.34,44.04,1.71,42.33,24.22,18.11,7.62
3815,20241129,31,1,10,9,F427-5212,15,288.27,4324.05,510.24,3813.81,1841.38,1972.43,686.49
3816,20221212,31,23,3,29,F630-8421,13,286.91,3729.83,712.02,3017.81,2048.49,969.32,543.21
3817,20240825,33,103,9,2,F815-9810,15,1621.19,24317.85,819.51,23498.34,12718.78,10779.56,4229.7
3818,20241208,9,19,7,9,F123-7169,3,2223.48,6670.44,1311.41,5359.03,3308.68,2050.35,964.63
3819,20251012,2,133,7,2,F343-6344,4,747.31,2989.24,569.45,2419.79,1197.57,1222.22,435.56
3820,20221206,47,20,7,13,F313-7733,9,389.75,3507.75,397.78,3109.97,1987.21,1122.76,559.79
3821,20220114,56,150,9,7,F920-2019,6,5.67,34.02,4.76,29.26,14.89,14.37,5.27
3822,20240125,57,176,6,8,F383-4425,13,2.27,29.51,6.47,23.04,11.67,11.37,4.15
3823,20240130,6,22,10,18,F698-4288,13,3577.86,46512.18,186.05,46326.13,27580.73,18745.4,8338.7
3824,20220105,36,121,1,23,F527-6560,8,78.62,628.96,0.38,628.58,390.03,238.55,113.14
3825,20221127,32,120,2,24,F972-0899,2,461.7,923.4,74.52,848.88,414.15,434.73,152.8
3826,20230131,31,141,10,12,F750-7253,1,305.16,305.16,19.13,286.03,150.16,135.87,51.49
3827,20250826,39,106,2,22,F055-5367,12,121.84,1462.08,48.83,1413.25,936.14,477.11,254.38
3828,20241120,5,14,8,2,F835-1739,15,894.67,13420.05,2446.48,10973.57,7297.76,3675.81,1975.24
3829,20231210,32,96,1,5,F357-4736,6,437.5,2625.0,16.27,2608.73,1344.34,1264.39,469.57
3830,20240416,37,181,10,6,F034-1342,11,143.12,1574.32,264.17,1310.15,793.09,517.06,235.83
3831,20220623,1,94,10,26,F618-7756,3,1309.28,3927.84,535.76,3392.08,2229.07,1163.01,610.57
3832,20231207,18,86,4,28,F614-6919,11,741.68,8158.48,1243.35,6915.13,4237.05,2678.08,1244.72
3833,20251218,21,66,3,12,F155-6285,12,636.77,7641.24,1660.44,5980.8,3765.71,2215.09,1076.54
3834,20230329,43,167,3,2,F289-1367,10,178.16,1781.6,299.31,1482.29,787.96,694.33,266.81
3835,20250824,26,75,1,26,F806-6003,6,82.62,495.72,84.92,410.8,214.54,196.26,73.94
3836,20230907,6,157,4,28,F455-6943,4,3614.74,14458.96,757.65,13701.31,9145.44,4555.87,2466.24
3837,20240916,51,156,8,13,F547-1888,12,23.08,276.96,34.95,242.01,154.08,87.93,43.56
3838,20251002,48,136,6,11,F509-1449,7,148.24,1037.68,175.16,862.52,414.84,447.68,155.25
3839,20240424,52,93,9,10,F631-6406,5,10.66,53.3,7.02,46.28,22.64,23.64,8.33
3840,20240307,34,132,1,7,F979-5529,5,2222.11,11110.55,666.63,10443.92,6291.99,4151.93,1879.91
3841,20230910,33,114,5,9,F339-0440,5,1563.47,7817.35,1263.28,6554.07,4029.23,2524.84,1179.73
3842,20230216,37,96,4,11,F149-7232,9,146.75,1320.75,126.92,1193.83,616.65,577.18,214.89
3843,20230719,48,15,9,12,F820-1161,2,146.09,292.18,57.94,234.24,116.68,117.56,42.16
3844,20240730,35,142,6,20,F228-2719,11,368.1,4049.1,377.78,3671.32,2137.94,1533.38,660.84
3845,20250318,5,171,4,2,F839-7438,14,920.35,12884.9,1635.09,11249.81,5664.92,5584.89,2024.97
3846,20221219,47,137,1,29,F778-0654,11,388.24,4270.64,258.37,4012.27,2677.78,1334.49,722.21
3847,20241222,57,89,10,16,F679-2200,11,2.27,24.97,4.72,20.25,10.79,9.46,3.65
3848,20250306,1,148,9,28,F906-7935,6,1170.24,7021.44,457.8,6563.64,4235.17,2328.47,1181.46
3849,20221125,59,17,5,16,F996-4185,14,7.31,102.34,2.29,100.05,60.23,39.82,18.01
3850,20241005,39,76,3,19,F254-7466,5,129.5,647.5,63.65,583.85,325.39,258.46,105.09
3851,20221205,7,47,2,9,F441-1287,9,2788.56,25097.04,5072.11,20024.93,12344.14,7680.79,3604.49
3852,20241122,30,89,3,20,F853-2965,6,117.54,705.24,83.08,622.16,399.26,222.9,111.99
3853,20231213,28,133,10,15,F604-8877,14,247.56,3465.84,326.14,3139.7,2084.44,1055.26,565.15
3854,20220711,34,132,5,29,F463-4832,8,2203.3,17626.4,1281.44,16344.96,8756.91,7588.05,2942.09
3855,20240224,5,35,10,23,F219-6815,1,919.13,919.13,23.35,895.78,539.33,356.45,161.24
3856,20230123,57,47,8,11,F680-1049,12,2.59,31.08,2.24,28.84,17.32,11.52,5.19
3857,20250625,45,155,1,4,F157-4568,5,57.75,288.75,23.94,264.81,140.31,124.5,47.67
3858,20251212,54,63,7,24,F808-5726,5,5.44,27.2,4.71,22.49,12.95,9.54,4.05
3859,20221201,27,142,7,5,F723-2168,15,161.14,2417.1,37.22,2379.88,1313.76,1066.12,428.38
3860,20240105,45,120,1,22,F429-5494,14,61.16,856.24,168.85,687.39,462.76,224.63,123.73
3861,20250222,40,27,7,2,F135-2139,1,183.66,183.66,35.01,148.65,100.12,48.53,26.76
3862,20240122,29,113,3,26,F907-8062,5,48.42,242.1,12.86,229.24,112.46,116.78,41.26
3863,20230813,5,117,6,14,F193-1027,11,970.3,10673.3,1523.08,9150.22,4912.33,4237.89,1647.04
3864,20220411,52,179,1,16,F558-3048,3,10.68,32.04,4.41,27.63,14.42,13.21,4.97
3865,20220201,36,102,7,3,F327-4896,9,92.0,828.0,138.11,689.89,337.7,352.19,124.18
3866,20250521,23,60,6,14,F334-4858,9,344.06,3096.54,225.74,2870.8,1608.42,1262.38,516.74
3867,20240415,6,175,9,6,F347-2286,1,3390.15,3390.15,123.4,3266.75,2126.34,1140.41,588.01
3868,20220302,5,98,7,19,F043-5179,15,1038.44,15576.6,2271.07,13305.53,8262.45,5043.08,2395.0
3869,20250109,54,156,9,25,F318-2878,5,5.42,27.1,2.33,24.77,16.46,8.31,4.46
3870,20241214,35,74,8,29,F037-5380,3,385.14,1155.42,252.57,902.85,585.17,317.68,162.51
3871,20231004,10,43,10,18,F569-7542,2,2839.3,5678.6,837.03,4841.57,3137.08,1704.49,871.48
3872,20251126,6,41,1,7,F889-7088,13,3550.62,46158.06,8783.88,37374.18,19506.39,17867.79,6727.35
3873,20250116,25,192,8,18,F399-2232,5,1791.5,8957.5,249.91,8707.59,4950.29,3757.3,1567.37
3874,20251231,28,121,3,17,F474-6205,12,269.52,3234.24,471.88,2762.36,1512.63,1249.73,497.22
3875,20220419,2,124,8,18,F232-4402,3,851.38,2554.14,3.58,2550.56,1731.29,819.27,459.1
3876,20241223,29,138,4,27,F228-4358,12,51.2,614.4,0.98,613.42,316.77,296.65,110.42
3877,20240315,41,163,6,16,F249-5606,14,97.78,1368.92,262.01,1106.91,698.85,408.06,199.24
3878,20221202,58,116,8,21,F731-0599,4,5.62,22.48,4.72,17.76,8.98,8.78,3.2
3879,20250703,4,150,8,7,F063-2062,4,2030.33,8121.32,606.66,7514.66,4142.76,3371.9,1352.64
3880,20220424,50,44,9,12,F836-7343,12,85.31,1023.72,143.22,880.5,567.91,312.59,158.49
3881,20220130,60,11,3,11,F351-5534,5,19.56,97.8,15.26,82.54,52.64,29.9,14.86
3882,20251031,19,176,4,19,F815-7371,9,919.58,8276.22,1099.08,7177.14,4578.65,2598.49,1291.89
3883,20220830,58,27,7,16,F995-9141,8,6.11,48.88,6.98,41.9,22.57,19.33,7.54
3884,20240812,35,164,5,13,F891-7541,2,409.03,818.06,64.71,753.35,449.57,303.78,135.6
3885,20241029,15,98,10,1,F305-4564,14,163.88,2294.32,397.15,1897.17,1242.17,655.0,341.49
3886,20220614,33,128,4,7,F192-2922,15,1639.28,24589.2,1431.09,23158.11,14224.31,8933.8,4168.46
3887,20250303,40,85,6,18,F477-7172,12,203.81,2445.72,87.8,2357.92,1388.51,969.41,424.43
3888,20250131,2,174,10,9,F963-5125,14,748.65,10481.1,975.79,9505.31,4869.91,4635.4,1710.96
3889,20241026,38,108,5,2,F500-6760,11,70.58,776.38,143.79,632.59,424.96,207.63,113.87
3890,20230609,2,33,1,8,F881-4014,10,838.94,8389.4,596.49,7792.91,3832.8,3960.11,1402.72
3891,20230115,37,130,8,3,F888-6160,12,144.08,1728.96,44.61,1684.35,1051.49,632.86,303.18
3892,20250810,10,14,6,29,F909-8981,4,3111.13,12444.52,974.41,11470.11,6766.73,4703.38,2064.62
3893,20231220,50,30,6,27,F224-3387,1,93.42,93.42,11.12,82.3,39.78,42.52,14.81
3894,20230908,30,6,3,21,F672-7371,13,119.66,1555.58,67.67,1487.91,834.33,653.58,267.82
3895,20240428,32,98,6,20,F442-6031,13,407.77,5301.01,537.52,4763.49,3237.25,1526.24,857.43
3896,20220915,30,127,6,19,F352-9340,10,128.8,1288.0,189.21,1098.79,592.43,506.36,197.78
3897,20241007,24,167,4,23,F645-6337,1,469.64,469.64,92.05,377.59,205.73,171.86,67.97
3898,20241222,9,132,6,29,F912-4690,11,2243.21,24675.31,451.56,24223.75,12183.25,12040.5,4360.27
3899,20221204,58,177,6,5,F757-6013,4,5.27,21.08,2.89,18.19,12.16,6.03,3.27
3900,20240215,10,199,9,21,F513-2688,1,3255.08,3255.08,674.78,2580.3,1700.02,880.28,464.45
3901,20241102,50,18,10,21,F727-3031,7,89.81,628.67,89.9,538.77,268.98,269.79,96.98
3902,20240124,6,76,6,5,F062-3351,15,3257.19,48857.85,4021.0,44836.85,24170.62,20666.23,8070.63
3903,20231115,3,196,10,29,F269-7590,11,759.65,8356.15,249.01,8107.14,4914.02,3193.12,1459.29
3904,20241225,13,15,4,27,F747-5938,12,87.55,1050.6,179.02,871.58,443.02,428.56,156.88
3905,20230910,44,44,5,29,F293-0158,3,122.08,366.24,58.31,307.93,153.45,154.48,55.43
3906,20230218,48,60,5,21,F856-0362,10,148.91,1489.1,65.67,1423.43,903.28,520.15,256.22
3907,20231208,37,142,1,12,F736-2700,3,137.47,412.41,72.34,340.07,169.26,170.81,61.21
3908,20231104,23,7,5,30,F837-7839,6,335.49,2012.94,258.26,1754.68,863.7,890.98,315.84
3909,20230409,39,61,3,11,F310-6663,2,133.54,267.08,8.01,259.07,171.55,87.52,46.63
3910,20240817,1,30,4,26,F310-3822,15,1117.45,16761.75,2192.44,14569.31,9775.46,4793.85,2622.48
3911,20220624,17,55,10,25,F703-7085,12,557.88,6694.56,540.25,6154.31,3038.58,3115.73,1107.78
3912,20230604,45,48,8,8,F298-2105,8,53.68,429.44,40.41,389.03,219.1,169.93,70.03
3913,20250104,8,23,4,17,F086-3667,3,2626.45,7879.35,44.91,7834.44,4019.73,3814.71,1410.2
3914,20251102,3,42,10,17,F974-9869,10,670.87,6708.7,1267.94,5440.76,3221.46,2219.3,979.34
3915,20221223,4,98,7,10,F829-5906,11,2142.99,23572.89,2739.17,20833.72,10292.84,10540.88,3750.07
3916,20230426,11,152,1,17,F158-1149,14,135.89,1902.46,239.52,1662.94,1023.07,639.87,299.33
3917,20230519,43,179,4,4,F453-2484,6,164.12,984.72,85.08,899.64,532.87,366.77,161.94
3918,20231118,15,14,5,30,F729-1134,15,170.57,2558.55,485.61,2072.94,1160.3,912.64,373.13
3919,20230801,59,141,10,3,F634-1887,1,6.93,6.93,1.31,5.62,2.94,2.68,1.01
3920,20241119,57,8,2,8,F740-3375,13,2.42,31.46,3.32,28.14,13.71,14.43,5.07
3921,20241220,51,68,10,12,F441-0456,13,20.77,270.01,52.71,217.3,115.13,102.17,39.11
3922,20250904,32,89,1,27,F733-8126,15,400.97,6014.55,686.86,5327.69,3377.7,1949.99,958.98
3923,20250403,30,168,8,5,F232-1233,12,121.12,1453.44,49.13,1404.31,872.77,531.54,252.78
3924,20250423,53,51,8,21,F516-1259,12,4.63,55.56,2.56,53.0,29.62,23.38,9.54
3925,20251113,6,15,6,25,F911-7201,14,3467.14,48539.96,7174.21,41365.75,27935.14,13430.61,7445.84
3926,20241201,55,98,4,2,F435-6537,4,2.19,8.76,1.46,7.3,4.34,2.96,1.31
3927,20221024,56,104,10,28,F858-6503,1,5.56,5.56,0.42,5.14,3.09,2.05,0.93
3928,20221228,26,197,4,7,F707-7557,4,88.71,354.84,67.24,287.6,145.92,141.68,51.77
3929,20241225,4,3,1,19,F508-1077,2,1946.07,3892.14,635.59,3256.55,1770.44,1486.11,586.18
3930,20220528,18,56,5,7,F865-0502,9,742.64,6683.76,618.92,6064.84,3213.94,2850.9,1091.67
3931,20230206,52,76,5,29,F713-8876,6,10.58,63.48,12.42,51.06,32.46,18.6,9.19
3932,20230410,45,63,8,11,F615-0086,4,57.2,228.8,31.37,197.43,120.48,76.95,35.54
3933,20240709,54,84,9,27,F710-2317,3,5.09,15.27,0.48,14.79,9.62,5.17,2.66
3934,20230703,44,29,4,20,F788-1874,6,112.28,673.68,110.08,563.6,310.66,252.94,101.45
3935,20240924,58,80,9,28,F170-3854,7,5.77,40.39,6.95,33.44,22.5,10.94,6.02
3936,20241118,28,126,4,13,F900-9218,9,249.74,2247.66,449.53,1798.13,1060.11,738.02,323.66
3937,20231222,54,9,5,23,F242-6738,3,5.14,15.42,3.23,12.19,7.15,5.04,2.19
3938,20240212,17,71,9,14,F756-7858,9,524.09,4716.81,323.1,4393.71,2479.01,1914.7,790.87
3939,20250721,46,34,1,13,F234-1731,7,276.63,1936.41,98.37,1838.04,1164.11,673.93,330.85
3940,20240716,30,103,1,4,F267-5872,15,120.82,1812.3,67.24,1745.06,991.98,753.08,314.11
3941,20220624,33,69,5,26,F082-6060,9,1535.75,13821.75,315.14,13506.61,8507.26,4999.35,2431.19
3942,20250516,29,180,7,29,F071-1191,2,44.6,89.2,13.87,75.33,46.88,28.45,13.56
3943,20241210,27,8,4,29,F385-1248,2,173.92,347.84,7.79,340.05,189.52,150.53,61.21
3944,20220426,6,86,6,11,F727-4418,3,3386.29,10158.87,892.96,9265.91,5834.45,3431.46,1667.86
3945,20250629,25,129,4,13,F519-4186,15,1932.44,28986.6,1646.44,27340.16,17177.92,10162.24,4921.23
3946,20221219,60,128,8,3,F274-0448,13,19.36,251.68,53.76,197.92,134.26,63.66,35.63
3947,20220526,13,81,5,11,F868-9284,13,92.0,1196.0,178.08,1017.92,617.24,400.68,183.23
3948,20250414,23,2,2,3,F616-6778,13,347.14,4512.82,421.05,4091.77,1971.31,2120.46,736.52
3949,20240522,42,57,9,13,F820-9619,3,135.0,405.0,44.23,360.77,183.98,176.79,64.94
3950,20221104,31,187,8,24,F894-3403,11,309.23,3401.53,94.22,3307.31,1652.98,1654.33,595.32
3951,20220912,25,15,10,11,F858-7389,4,1877.91,7511.64,884.12,6627.52,4053.55,2573.97,1192.95
3952,20251216,2,184,10,19,F088-6659,10,888.54,8885.4,378.52,8506.88,4133.28,4373.6,1531.24
3953,20220605,44,49,7,26,F710-4254,6,123.31,739.86,5.4,734.46,369.21,365.25,132.2
3954,20251001,55,136,5,18,F279-3094,13,2.17,28.21,5.88,22.33,11.79,10.54,4.02
3955,20230129,56,177,7,6,F830-7980,8,5.84,46.72,8.35,38.37,18.68,19.69,6.91
3956,20231222,60,182,2,10,F831-2970,12,18.46,221.52,32.21,189.31,103.57,85.74,34.08
3957,20221114,39,110,10,11,F301-2265,5,134.46,672.3,42.15,630.15,396.85,233.3,113.43
3958,20221130,54,179,6,28,F446-2137,12,4.65,55.8,9.22,46.58,26.79,19.79,8.38
3959,20230503,31,107,2,21,F458-3354,9,280.54,2524.86,4.29,2520.57,1215.91,1304.66,453.7
3960,20230211,18,193,6,19,F189-3838,10,698.09,6980.9,1017.12,5963.78,3202.03,2761.75,1073.48
3961,20230805,21,59,3,14,F286-8428,14,645.5,9037.0,813.33,8223.67,4297.46,3926.21,1480.26
3962,20251005,39,12,1,3,F456-0210,2,124.19,248.38,37.53,210.85,130.03,80.82,37.95
3963,20220718,30,73,6,15,F415-1228,2,125.72,251.44,6.94,244.5,152.18,92.32,44.01
3964,20240414,48,200,10,10,F573-4618,1,149.82,149.82,28.23,121.59,79.62,41.97,21.89
3965,20241229,6,164,4,11,F731-5745,14,3494.82,48927.48,3106.89,45820.59,27726.16,18094.43,8247.71
3966,20251223,50,164,4,16,F174-8764,15,80.59,1208.85,216.38,992.47,583.93,408.54,178.64
3967,20250104,52,147,9,4,F676-3410,6,10.08,60.48,11.44,49.04,30.0,19.04,8.83
3968,20251014,4,164,8,23,F484-1571,7,2278.41,15948.87,3106.84,12842.03,7135.95,5706.08,2311.57
3969,20240509,53,187,2,27,F538-7680,9,4.38,39.42,4.86,34.56,22.7,11.86,6.22
3970,20251018,3,185,1,16,F746-9452,9,745.09,6705.81,1166.14,5539.67,2966.6,2573.07,997.14
3971,20220720,8,103,5,9,F391-1339,7,2338.37,16368.59,428.86,15939.73,8609.68,7330.05,2869.15
3972,20221215,7,148,8,12,F820-4972,14,3043.63,42610.82,4734.06,37876.76,18638.02,19238.74,6817.82
3973,20251002,12,188,9,30,F560-5513,5,189.82,949.1,182.32,766.78,443.12,323.66,138.02
3974,20220111,46,75,9,22,F859-8120,8,272.51,2180.08,479.62,1700.46,1043.78,656.68,306.08
3975,20240526,30,162,3,11,F249-2828,8,113.62,908.96,112.07,796.89,523.93,272.96,143.44
3976,20230903,22,198,9,27,F032-9022,3,933.47,2800.41,53.21,2747.2,1675.68,1071.52,494.5
3977,20221031,11,16,10,14,F682-6650,7,150.24,1051.68,111.79,939.89,633.78,306.11,169.18
3978,20241201,27,185,4,18,F221-9357,3,179.67,539.01,64.2,474.81,262.15,212.66,85.47
3979,20241104,42,195,9,5,F999-1777,8,135.39,1083.12,15.06,1068.06,578.34,489.72,192.25
3980,20230726,50,191,8,1,F852-9728,14,89.17,1248.38,3.87,1244.51,767.33,477.18,224.01
3981,20240427,54,134,1,17,F647-8391,8,5.45,43.6,0.45,43.15,22.83,20.32,7.77
3982,20220606,49,193,10,8,F169-0600,15,270.25,4053.75,636.44,3417.31,2162.28,1255.03,615.12
3983,20221119,32,132,4,9,F517-4446,13,456.23,5930.99,981.58,4949.41,2410.48,2538.93,890.89
3984,20251102,39,78,9,15,F886-6708,12,116.91,1402.92,213.38,1189.54,687.96,501.58,214.12
3985,20231120,60,122,5,22,F885-4408,10,18.83,188.3,16.98,171.32,84.26,87.06,30.84
3986,20230204,52,102,6,22,F283-1472,6,9.85,59.1,5.74,53.36,30.17,23.19,9.6
3987,20230530,50,151,5,16,F489-9461,3,87.37,262.11,28.96,233.15,132.74,100.41,41.97
3988,20220828,23,86,3,25,F153-1000,15,307.33,4609.95,817.81,3792.14,1967.23,1824.91,682.59
3989,20230316,12,58,1,7,F129-6373,3,180.38,541.14,47.3,493.84,334.99,158.85,88.89
3990,20231203,43,96,8,8,F248-0166,5,186.49,932.45,70.87,861.58,577.78,283.8,155.08
3991,20240217,40,193,5,25,F779-0643,13,205.92,2676.96,19.54,2657.42,1803.33,854.09,478.34
3992,20240623,47,38,3,9,F477-6549,6,367.52,2205.12,41.9,2163.22,1261.13,902.09,389.38
3993,20230928,48,52,8,25,F649-9417,2,143.24,286.48,7.88,278.6,173.18,105.42,50.15
3994,20231209,38,54,7,24,F947-6688,1,72.26,72.26,11.45,60.81,33.54,27.27,10.95
3995,20241221,39,56,5,5,F154-8730,4,133.93,535.72,16.02,519.7,294.62,225.08,93.55
3996,20230719,23,60,8,5,F917-3590,3,348.48,1045.44,177.83,867.61,550.2,317.41,156.17
3997,20220117,32,27,1,8,F830-3759,3,446.58,1339.74,99.27,1240.47,739.25,501.22,223.28
3998,20240613,46,14,1,18,F710-9570,13,287.09,3732.17,602.0,3130.17,1949.71,1180.46,563.43
3999,20221109,20,53,8,1,F274-3237,4,225.16,900.64,49.72,850.92,560.95,289.97,153.17
4000,20251222,13,161,9,29,F831-8432,13,91.05,1183.65,51.25,1132.4,571.59,560.81,203.83
4001,20240803,14,22,3,12,F662-7977,6,212.58,1275.48,111.86,1163.62,736.81,426.81,209.45
4002,20240914,58,113,2,19,F537-6090,15,5.74,86.1,0.24,85.86,49.19,36.67,15.45
4003,20231114,49,147,7,18,F017-6327,11,279.49,3074.39,76.86,2997.53,2008.03,989.5,539.56
4004,20250806,19,177,3,4,F377-8020,12,838.17,10058.04,788.55,9269.49,5010.07,4259.42,1668.51
4005,20221217,43,41,7,10,F031-5296,13,178.72,2323.36,113.61,2209.75,1335.01,874.74,397.75
4006,20250329,14,155,7,17,F543-5942,11,219.28,2412.08,437.31,1974.77,1026.18,948.59,355.46
4007,20230515,40,143,4,21,F823-9375,12,182.03,2184.36,461.99,1722.37,1007.99,714.38,310.03
4008,20220605,3,174,9,28,F223-3461,8,687.25,5498.0,742.23,4755.77,2860.3,1895.47,856.04
4009,20230214,6,131,6,25,F596-6892,1,3491.57,3491.57,182.96,3308.61,1650.73,1657.88,595.55
4010,20230323,23,8,3,11,F012-6491,13,354.46,4607.98,82.02,4525.96,2792.47,1733.49,814.67
4011,20220507,28,164,1,13,F662-7500,15,247.05,3705.75,600.33,3105.42,1816.05,1289.37,558.98
4012,20230725,15,77,10,19,F695-8715,8,177.18,1417.44,130.26,1287.18,641.95,645.23,231.69
4013,20251109,28,23,1,8,F541-5488,9,238.78,2149.02,275.93,1873.09,1170.37,702.72,337.16
4014,20250814,12,27,6,12,F580-6561,14,176.29,2468.06,254.95,2213.11,1137.05,1076.06,398.36
4015,20230714,16,107,4,20,F619-4214,8,340.28,2722.24,176.67,2545.57,1513.47,1032.1,458.2
4016,20221123,40,145,6,11,F807-4686,10,186.51,1865.1,118.62,1746.48,908.54,837.94,314.37
4017,20230503,27,20,8,2,F526-8038,13,168.54,2191.02,319.45,1871.57,1036.1,835.47,336.88
4018,20241212,14,170,3,24,F827-7664,3,193.89,581.67,94.46,487.21,242.73,244.48,87.7
4019,20240405,14,43,6,24,F400-7557,7,206.87,1448.09,70.52,1377.57,865.91,511.66,247.96
4020,20230127,14,53,5,30,F518-7406,14,219.52,3073.28,125.7,2947.58,1973.15,974.43,530.56
4021,20251206,18,101,1,26,F099-9507,10,730.97,7309.7,1575.24,5734.46,3241.21,2493.25,1032.2
4022,20221123,8,102,1,24,F453-3406,1,2301.87,2301.87,153.07,2148.8,1254.64,894.16,386.78
4023,20241027,55,115,9,29,F585-3240,7,2.11,14.77,1.01,13.76,9.15,4.61,2.48
4024,20250909,43,72,2,16,F442-0955,6,171.79,1030.74,139.25,891.49,540.26,351.23,160.47
4025,20251023,51,25,7,10,F938-5993,11,23.33,256.63,1.31,255.32,132.66,122.66,45.96
4026,20250420,41,126,4,23,F279-6857,2,103.1,206.2,0.66,205.54,113.05,92.49,37.0
4027,20251126,28,55,4,18,F452-8997,14,270.25,3783.5,249.71,3533.79,2342.31,1191.48,636.08
4028,20251007,57,84,3,17,F967-9382,13,2.22,28.86,4.99,23.87,15.97,7.9,4.3
4029,20220201,2,23,9,7,F454-8886,7,842.26,5895.82,566.59,5329.23,3536.89,1792.34,959.26
4030,20240319,52,136,9,17,F243-7292,12,10.84,130.08,12.86,117.22,58.39,58.83,21.1
4031,20220402,18,104,9,11,F634-3512,5,690.38,3451.9,269.25,3182.65,1913.56,1269.09,572.88
4032,20250727,33,62,1,17,F882-9350,3,1462.49,4387.47,720.86,3666.61,1802.33,1864.28,659.99
4033,20241229,42,156,3,9,F953-3643,11,126.5,1391.5,119.39,1272.11,710.67,561.44,228.98
4034,20220201,20,153,6,6,F115-3059,4,251.91,1007.64,79.4,928.24,543.65,384.59,167.08
4035,20231008,53,130,8,3,F006-8538,6,4.4,26.4,2.26,24.14,15.56,8.58,4.35
4036,20250321,35,75,7,14,F001-4910,6,354.17,2125.02,405.67,1719.35,969.58,749.77,309.48
4037,20231224,38,71,8,14,F753-9550,4,70.13,280.52,29.43,251.09,133.56,117.53,45.2
4038,20250401,8,46,2,26,F347-0726,15,2577.43,38661.45,695.91,37965.54,18838.99,19126.55,6833.8
4039,20231212,49,81,6,18,F808-6698,10,247.59,2475.9,444.67,2031.23,1139.54,891.69,365.62
4040,20241028,46,164,1,2,F807-4960,15,288.67,4330.05,668.56,3661.49,2225.07,1436.42,659.07
4041,20221108,8,34,9,14,F732-6572,10,2425.79,24257.9,1183.79,23074.11,12075.49,10998.62,4153.34
4042,20240214,1,1,1,6,F601-5550,4,1120.44,4481.76,508.23,3973.53,2158.15,1815.38,715.24
4043,20240307,51,8,2,6,F877-4822,4,23.48,93.92,16.32,77.6,37.43,40.17,13.97
4044,20251026,52,96,9,2,F395-1485,8,9.87,78.96,1.64,77.32,45.49,31.83,13.92
4045,20221127,39,103,6,2,F899-5837,10,119.99,1199.9,203.5,996.4,501.38,495.02,179.35
4046,20220928,22,152,4,27,F951-9444,2,809.58,1619.16,239.31,1379.85,866.46,513.39,248.37
4047,20221026,27,127,2,16,F008-8787,2,173.72,347.44,38.36,309.08,197.5,111.58,55.63
4048,20240909,1,53,3,25,F856-9151,10,1235.44,12354.4,2575.89,9778.51,5862.11,3916.4,1760.13
4049,20231217,59,5,8,30,F934-1662,13,7.21,93.73,17.47,76.26,51.69,24.57,13.73
4050,20250313,39,36,2,25,F200-4579,3,122.79,368.37,78.02,290.35,152.14,138.21,52.26
4051,20220730,37,198,5,2,F682-0855,3,140.06,420.18,3.91,416.27,272.37,143.9,74.93
4052,20230122,53,121,8,12,F535-9105,14,4.49,62.86,9.35,53.51,35.7,17.81,9.63
4053,20241114,23,100,7,4,F070-2971,12,329.98,3959.76,391.22,3568.54,2098.94,1469.6,642.34
4054,20240607,58,59,1,13,F607-6072,12,5.61,67.32,1.95,65.37,31.81,33.56,11.77
4055,20230420,5,31,9,14,F050-1040,8,952.03,7616.24,1128.73,6487.51,3332.01,3155.5,1167.75
4056,20240320,35,172,4,28,F696-9973,2,356.67,713.34,104.72,608.62,308.18,300.44,109.55
4057,20241124,60,191,9,25,F508-9516,1,17.34,17.34,0.7,16.64,9.18,7.46,3.0
4058,20251116,47,30,5,27,F679-5585,1,402.85,402.85,38.03,364.82,186.11,178.71,65.67
4059,20231207,39,27,1,29,F597-6340,11,122.96,1352.56,204.64,1147.92,711.97,435.95,206.63
4060,20250616,41,74,6,1,F353-2676,13,88.93,1156.09,102.89,1053.2,620.88,432.32,189.58
4061,20231001,6,109,1,17,F126-6635,13,3117.84,40531.92,437.74,40094.18,20986.52,19107.66,7216.95
4062,20230630,51,197,1,9,F262-6670,2,21.22,42.44,8.79,33.65,22.14,11.51,6.06
4063,20251206,54,128,2,9,F040-9041,9,4.61,41.49,6.4,35.09,21.7,13.39,6.32
4064,20240711,54,145,6,1,F840-6619,7,4.78,33.46,4.15,29.31,15.61,13.7,5.28
4065,20240920,1,129,1,14,F848-2158,13,1224.53,15918.89,2975.24,12943.65,7073.49,5870.16,2329.86
4066,20251217,45,143,4,22,F634-8952,5,61.39,306.95,22.99,283.96,160.85,123.11,51.11
4067,20221215,59,37,10,9,F081-4998,10,7.36,73.6,10.58,63.02,36.39,26.63,11.34
4068,20240822,10,117,8,30,F442-2936,11,3176.85,34945.35,122.31,34823.04,21035.19,13787.85,6268.15
4069,20220906,21,117,7,25,F400-9910,11,664.68,7311.48,1223.94,6087.54,3571.75,2515.79,1095.76
4070,20241111,6,101,5,16,F143-8593,13,3601.46,46818.98,3558.24,43260.74,21153.6,22107.14,7786.93
4071,20231015,41,97,9,11,F597-0235,8,93.87,750.96,163.41,587.55,361.03,226.52,105.76
4072,20241217,9,115,7,3,F124-6394,11,2400.7,26407.7,2249.94,24157.76,14536.93,9620.83,4348.4
4073,20240628,25,197,4,10,F612-8554,12,1670.22,20042.64,2381.07,17661.57,10015.47,7646.1,3179.08
4074,20220810,9,162,7,16,F667-0754,7,2128.67,14900.69,2871.36,12029.33,7204.36,4824.97,2165.28
4075,20251112,8,126,5,2,F162-1031,7,2462.01,17234.07,596.3,16637.77,9642.04,6995.73,2994.8
4076,20230625,58,23,3,11,F152-4482,15,5.56,83.4,9.12,74.28,37.62,36.66,13.37
4077,20240430,12,100,1,1,F534-5260,6,197.2,1183.2,39.4,1143.8,738.39,405.41,205.88
4078,20220105,48,17,8,6,F111-5931,14,152.32,2132.48,290.44,1842.04,1105.3,736.74,331.57
4079,20250614,55,188,4,11,F204-1437,13,1.87,24.31,0.8,23.51,14.23,9.28,4.23
4080,20230314,13,5,6,20,F984-3768,9,99.22,892.98,53.49,839.49,557.18,282.31,151.11
4081,20251224,19,183,2,1,F620-1396,4,882.65,3530.6,116.16,3414.44,2134.44,1280.0,614.6
4082,20220719,57,191,4,24,F112-4542,15,2.26,33.9,4.32,29.58,19.62,9.96,5.32
4083,20240718,59,138,8,17,F228-4346,13,7.19,93.47,1.54,91.93,59.98,31.95,16.55
4084,20221114,45,120,8,19,F781-8913,14,61.02,854.28,36.99,817.29,530.07,287.22,147.11
4085,20230903,10,30,7,30,F544-2413,5,3189.91,15949.55,157.9,15791.65,8049.28,7742.37,2842.5
4086,20241021,15,175,9,3,F515-1787,8,151.38,1211.04,165.91,1045.13,619.94,425.19,188.12
4087,20231119,42,39,5,6,F997-6692,1,113.86,113.86,20.14,93.72,55.61,38.11,16.87
4088,20250922,23,112,4,22,F341-5925,9,366.06,3294.54,559.74,2734.8,1725.56,1009.24,492.26
4089,20240604,33,33,7,7,F786-4924,5,1583.85,7919.25,1352.61,6566.64,4295.82,2270.82,1182.0
4090,20230307,33,127,3,11,F319-4841,9,1597.64,14378.76,454.37,13924.39,8769.54,5154.85,2506.39
4091,20241213,48,18,8,17,F696-9128,11,135.82,1494.02,105.78,1388.24,757.13,631.11,249.88
4092,20230504,49,65,6,12,F236-9078,1,245.25,245.25,17.85,227.4,153.95,73.45,40.93
4093,20250826,48,68,8,13,F485-7130,9,144.48,1300.32,275.28,1025.04,524.58,500.46,184.51
4094,20250516,25,140,8,10,F329-8202,12,1914.76,22977.12,222.88,22754.24,11506.84,11247.4,4095.76
4095,20230203,29,81,4,3,F701-3525,11,43.78,481.58,13.73,467.85,283.12,184.73,84.21
4096,20250115,46,96,3,13,F132-1562,9,309.44,2784.96,220.57,2564.39,1328.14,1236.25,461.59
4097,20241216,43,22,5,26,F978-4315,8,177.45,1419.6,262.77,1156.83,719.98,436.85,208.23
4098,20221123,15,21,5,30,F294-5825,14,148.83,2083.62,55.84,2027.78,1299.92,727.86,365.0
4099,20250518,10,91,8,10,F278-3355,14,3136.46,43910.44,5774.22,38136.22,25409.2,12727.02,6864.52
4100,20220516,14,32,6,8,F233-3982,13,195.29,2538.77,341.97,2196.8,1264.84,931.96,395.42
4101,20230529,57,111,10,15,F030-1512,10,2.32,23.2,4.76,18.44,9.46,8.98,3.32
4102,20240927,2,58,5,10,F615-9825,12,855.37,10264.44,464.98,9799.46,5944.71,3854.75,1763.9
4103,20240422,32,142,7,21,F071-8695,12,422.93,5075.16,605.97,4469.19,2463.37,2005.82,804.45
4104,20220120,34,14,3,4,F376-9383,14,2221.11,31095.54,6380.8,24714.74,14392.56,10322.18,4448.65
4105,20251204,38,57,9,5,F503-4727,10,62.52,625.2,35.07,590.13,337.12,253.01,106.22
4106,20241027,38,43,3,8,F892-9865,15,70.9,1063.5,49.24,1014.26,510.68,503.58,182.57
4107,20250814,21,75,8,7,F703-1928,1,600.25,600.25,122.75,477.5,271.12,206.38,85.95
4108,20240628,20,56,7,18,F475-5074,15,250.1,3751.5,608.87,3142.63,2076.1,1066.53,565.67
4109,20250617,30,5,4,13,F395-6736,14,123.86,1734.04,189.36,1544.68,743.42,801.26,278.04
4110,20230103,56,173,8,13,F986-2282,13,6.09,79.17,6.15,73.02,35.23,37.79,13.14
4111,20230912,11,47,9,5,F124-9520,9,152.77,1374.93,257.8,1117.13,563.07,554.06,201.08
4112,20250904,54,138,3,16,F569-4286,14,5.4,75.6,14.24,61.36,34.55,26.81,11.04
4113,20230822,49,154,4,7,F871-0182,7,256.86,1798.02,103.39,1694.63,1081.32,613.31,305.03
4114,20220410,59,111,10,6,F679-0602,13,6.7,87.1,6.9,80.2,47.9,32.3,14.44
4115,20240621,58,70,9,12,F238-1549,11,5.6,61.6,13.1,48.5,23.59,24.91,8.73
4116,20230407,12,88,9,26,F745-4541,11,172.82,1901.02,382.3,1518.72,791.43,727.29,273.37
4117,20220129,38,169,5,28,F818-7095,9,71.02,639.18,12.85,626.33,421.72,204.61,112.74
4118,20221215,23,100,4,15,F571-1448,5,312.94,1564.7,62.43,1502.27,729.83,772.44,270.41
4119,20240624,31,58,7,9,F641-8668,1,301.61,301.61,20.36,281.25,174.96,106.29,50.62
4120,20220601,7,93,9,26,F641-6100,7,2592.11,18144.77,2901.35,15243.42,9083.2,6160.22,2743.82
4121,20251224,37,147,4,30,F107-3418,3,154.73,464.19,7.47,456.72,241.76,214.96,82.21
4122,20220506,49,148,8,6,F501-6550,4,275.74,1102.96,220.7,882.26,492.99,389.27,158.81
4123,20230115,30,54,6,26,F573-6966,8,122.9,983.2,103.04,880.16,486.92,393.24,158.43
4124,20230507,5,153,2,19,F355-3606,13,914.55,11889.15,807.27,11081.88,6395.41,4686.47,1994.74
4125,20250530,50,140,5,6,F443-8051,9,90.64,815.76,4.24,811.52,478.43,333.09,146.07
4126,20230302,55,126,7,4,F373-0452,4,1.89,7.56,1.01,6.55,3.16,3.39,1.18
4127,20251217,3,79,9,1,F316-4638,2,671.09,1342.18,66.17,1276.01,639.6,636.41,229.68
4128,20250831,12,41,2,9,F600-9892,7,190.4,1332.8,284.95,1047.85,607.63,440.22,188.61
4129,20220421,1,25,7,25,F839-4098,14,1117.6,15646.4,2498.73,13147.67,8810.94,4336.73,2366.58
4130,20230812,53,169,10,19,F979-1468,10,4.7,47.0,0.19,46.81,30.33,16.48,8.43
4131,20231229,22,7,7,15,F628-9377,8,941.08,7528.64,371.16,7157.48,4382.5,2774.98,1288.35
4132,20231214,25,10,10,22,F404-1937,4,1772.27,7089.08,603.99,6485.09,3348.26,3136.83,1167.32
4133,20220803,3,79,4,22,F178-0937,13,761.11,9894.43,421.5,9472.93,4890.31,4582.62,1705.13
4134,20220510,24,41,5,30,F372-7684,7,433.97,3037.79,379.42,2658.37,1509.33,1149.04,478.51
4135,20250307,7,175,8,20,F201-2572,13,2878.64,37422.32,5313.97,32108.35,17736.09,14372.26,5779.5
4136,20230104,50,86,5,22,F634-1571,8,91.58,732.64,1.17,731.47,368.02,363.45,131.66
4137,20231229,54,47,7,1,F837-9605,11,5.43,59.73,6.56,53.17,32.17,21.0,9.57
4138,20220927,28,165,9,14,F773-1030,7,250.29,1752.03,195.88,1556.15,961.03,595.12,280.11
4139,20241026,3,52,6,17,F388-7846,9,777.27,6995.43,528.15,6467.28,3886.77,2580.51,1164.11
4140,20230515,56,55,4,28,F421-4487,15,5.92,88.8,16.22,72.58,39.1,33.48,13.06
4141,20241203,18,126,7,27,F505-6952,1,771.64,771.64,28.55,743.09,386.52,356.57,133.76
4142,20250122,57,68,6,17,F456-6345,14,2.54,35.56,2.74,32.82,18.34,14.48,5.91
4143,20240501,25,114,2,12,F363-3910,14,1821.7,25503.8,3272.14,22231.66,11849.82,10381.84,4001.7
4144,20220712,18,10,3,9,F025-5973,15,767.82,11517.3,640.36,10876.94,5916.44,4960.5,1957.85
4145,20250403,16,186,5,22,F852-8589,3,314.28,942.84,124.55,818.29,393.69,424.6,147.29
4146,20250722,40,86,1,8,F452-5725,15,188.6,2829.0,141.17,2687.83,1625.46,1062.37,483.81
4147,20221122,18,2,6,8,F545-3538,1,729.66,729.66,124.04,605.62,349.08,256.54,109.01
4148,20220303,13,48,10,4,F254-6670,6,99.4,596.4,121.37,475.03,283.15,191.88,85.51
4149,20230730,39,71,1,16,F227-7514,12,121.85,1462.2,168.88,1293.32,800.99,492.33,232.8
4150,20230820,14,1,7,7,F181-4220,13,194.78,2532.14,487.69,2044.45,1017.06,1027.39,368.0
4151,20220626,54,37,7,12,F529-3776,2,4.6,9.2,0.09,9.11,5.72,3.39,1.64
4152,20231218,56,75,7,15,F288-6997,11,5.63,61.93,7.92,54.01,28.15,25.86,9.72
4153,20221124,18,111,1,8,F224-2237,13,747.19,9713.47,2038.86,7674.61,4288.72,3385.89,1381.43
4154,20220918,58,68,2,11,F609-2403,14,5.68,79.52,13.71,65.81,39.74,26.07,11.85
4155,20240422,51,18,1,29,F091-0347,13,20.36,264.68,33.51,231.17,148.79,82.38,41.61
4156,20230818,12,29,10,11,F118-6419,7,186.51,1305.57,12.93,1292.64,828.37,464.27,232.68
4157,20221228,20,145,8,7,F531-3217,5,260.47,1302.35,169.57,1132.78,648.29,484.49,203.9
4158,20251215,16,56,6,15,F883-6082,1,337.79,337.79,31.75,306.04,163.03,143.01,55.09
4159,20220516,18,88,1,26,F934-5636,8,748.99,5991.92,696.26,5295.66,2764.73,2530.93,953.22
4160,20231209,43,48,8,1,F744-6611,11,180.57,1986.27,299.93,1686.34,947.69,738.65,303.54
4161,20231229,56,124,2,21,F867-8877,6,5.62,33.72,3.21,30.51,17.52,12.99,5.49
4162,20240816,44,185,7,30,F098-3579,3,123.78,371.34,48.98,322.36,170.15,152.21,58.02
4163,20240606,37,154,10,17,F989-4876,4,133.9,535.6,57.95,477.65,253.49,224.16,85.98
4164,20221210,44,64,8,14,F958-8201,12,106.79,1281.48,272.31,1009.17,667.91,341.26,181.65
4165,20251212,29,3,8,19,F068-0736,15,43.19,647.85,98.86,548.99,348.99,200.0,98.82
4166,20241112,41,8,7,9,F042-8126,7,100.63,704.41,130.95,573.46,316.94,256.52,103.22
4167,20251128,3,166,5,15,F544-4406,9,782.07,7038.63,317.44,6721.19,3949.16,2772.03,1209.81
4168,20240928,33,197,6,15,F219-7092,13,1722.76,22395.88,51.51,22344.37,11861.76,10482.61,4021.99
4169,20251123,60,75,5,20,F133-7852,11,19.41,213.51,13.37,200.14,123.22,76.92,36.03
4170,20220107,12,116,9,28,F839-8292,10,182.84,1828.4,4.02,1824.38,918.64,905.74,328.39
4171,20230322,16,63,2,14,F505-8508,13,333.81,4339.53,372.33,3967.2,2686.61,1280.59,714.1
4172,20250716,21,69,1,18,F576-9381,9,653.44,5880.96,1072.1,4808.86,3220.17,1588.69,865.59
4173,20251204,58,48,1,15,F642-6091,12,5.51,66.12,8.55,57.57,27.91,29.66,10.36
4174,20241108,28,159,10,25,F056-2035,12,228.14,2737.68,496.89,2240.79,1144.83,1095.96,403.34
4175,20250106,48,34,10,20,F675-6590,4,140.28,561.12,102.85,458.27,279.45,178.82,82.49
4176,20230929,25,43,4,12,F871-6547,1,1688.68,1688.68,356.48,1332.2,858.61,473.59,239.8
4177,20250416,23,153,10,4,F823-5788,1,322.83,322.83,69.51,253.32,123.08,130.24,45.6
4178,20230824,18,119,4,30,F168-0422,14,761.63,10662.82,140.75,10522.07,5429.39,5092.68,1893.97
4179,20230103,8,143,6,1,F023-4788,11,2351.61,25867.71,3466.27,22401.44,11715.96,10685.48,4032.26
4180,20250705,9,10,7,30,F530-2070,11,2101.47,23116.17,4817.41,18298.76,9295.89,9002.87,3293.78
4181,20251007,52,178,1,19,F244-0917,5,10.86,54.3,6.31,47.99,24.23,23.76,8.64
4182,20231126,59,56,9,12,F455-7954,5,7.51,37.55,4.39,33.16,20.62,12.54,5.97
4183,20230820,39,192,3,9,F851-5399,4,123.32,493.28,63.68,429.6,251.35,178.25,77.33
4184,20230615,41,22,9,6,F498-2382,4,98.56,394.24,45.65,348.59,174.64,173.95,62.75
4185,20251107,56,71,3,19,F364-1614,13,5.77,75.01,8.5,66.51,33.76,32.75,11.97
4186,20240423,33,176,7,25,F541-8618,14,1547.36,21663.04,1726.54,19936.5,12147.39,7789.11,3588.57
4187,20241024,43,63,1,30,F526-2031,6,179.55,1077.3,214.6,862.7,516.2,346.5,155.29
4188,20250825,37,78,5,24,F514-7430,12,141.84,1702.08,319.14,1382.94,835.45,547.49,248.93
4189,20240225,25,196,5,17,F568-4616,13,1659.59,21574.67,1607.31,19967.36,12877.18,7090.18,3594.12
4190,20250512,38,8,9,19,F140-4183,15,69.39,1040.85,163.31,877.54,478.32,399.22,157.96
4191,20230814,19,7,8,30,F872-6767,5,843.86,4219.3,37.97,4181.33,2774.27,1407.06,752.64
4192,20220515,39,199,4,12,F882-5450,6,133.92,803.52,138.53,664.99,399.17,265.82,119.7
4193,20251005,33,35,3,15,F450-5403,14,1594.31,22320.34,303.56,22016.78,13899.78,8117.0,3963.02
4194,20250210,20,127,5,12,F589-2948,14,238.04,3332.56,331.26,3001.3,1738.74,1262.56,540.23
4195,20240226,24,115,3,28,F296-9615,12,416.79,5001.48,129.04,4872.44,2550.06,2322.38,877.04
4196,20220530,52,5,8,2,F728-4670,8,10.69,85.52,11.21,74.31,44.82,29.49,13.38
4197,20220603,56,80,10,23,F755-6817,6,5.43,32.58,4.3,28.28,15.18,13.1,5.09
4198,20221107,30,112,7,5,F203-9235,15,133.18,1997.7,316.24,1681.46,1107.28,574.18,302.66
4199,20220218,22,85,6,19,F227-5629,11,911.56,10027.16,1865.05,8162.11,4109.48,4052.63,1469.18
4200,20230129,58,68,10,24,F811-0342,3,5.22,15.66,2.67,12.99,7.35,5.64,2.34
4201,20241102,25,40,8,5,F696-7909,13,1721.77,22383.01,763.26,21619.75,13732.04,7887.71,3891.55
4202,20231209,26,95,2,23,F643-3309,13,83.77,1089.01,15.03,1073.98,576.3,497.68,193.32
4203,20250204,18,15,6,10,F984-5973,15,672.26,10083.9,2061.15,8022.75,5165.25,2857.5,1444.1
4204,20240923,22,87,6,30,F446-3070,13,876.05,11388.65,726.6,10662.05,5876.17,4785.88,1919.17
4205,20251123,8,53,6,26,F994-7925,9,2474.44,22269.96,4685.6,17584.36,10774.16,6810.2,3165.18
4206,20241212,45,144,10,12,F777-0128,13,61.65,801.45,73.09,728.36,423.76,304.6,131.1
4207,20241025,20,107,1,10,F206-1302,12,260.96,3131.52,399.9,2731.62,1327.55,1404.07,491.69
4208,20220805,31,83,3,3,F641-9488,15,267.63,4014.45,291.05,3723.4,2138.39,1585.01,670.21
4209,20251023,30,12,10,22,F989-3975,4,126.31,505.24,43.45,461.79,257.1,204.69,83.12
4210,20240917,56,133,9,18,F359-0401,11,5.17,56.87,5.26,51.61,30.18,21.43,9.29
4211,20241024,6,153,2,3,F111-6053,6,3098.99,18593.94,3231.63,15362.31,9069.5,6292.81,2765.22
4212,20231205,54,9,10,23,F195-3889,1,4.76,4.76,0.17,4.59,2.46,2.13,0.83
4213,20230813,46,11,3,30,F003-3870,10,274.16,2741.6,261.55,2480.05,1438.32,1041.73,446.41
4214,20250119,35,17,9,18,F630-3462,8,389.14,3113.12,355.21,2757.91,1844.29,913.62,496.42
4215,20251225,34,106,8,14,F414-4071,8,2139.26,17114.08,1956.14,15157.94,9557.66,5600.28,2728.43
4216,20240910,48,3,9,8,F307-8397,15,153.46,2301.9,427.0,1874.9,950.62,924.28,337.48
4217,20230509,45,112,5,16,F285-2440,5,52.85,264.25,10.83,253.42,160.46,92.96,45.62
4218,20220411,47,119,9,7,F785-2728,5,396.29,1981.45,119.88,1861.57,904.72,956.85,335.08
4219,20230223,49,153,6,17,F096-9006,14,259.35,3630.9,346.75,3284.15,1733.78,1550.37,591.15
4220,20220605,31,44,5,13,F540-7306,14,285.67,3999.38,265.96,3733.42,2247.06,1486.36,672.02
4221,20250930,43,157,4,26,F583-5488,15,160.21,2403.15,502.26,1900.89,1058.42,842.47,342.16
4222,20231223,16,80,3,7,F630-4574,6,294.66,1767.96,128.53,1639.43,930.27,709.16,295.1
4223,20241204,1,195,1,28,F569-9263,11,1299.04,14289.44,1190.31,13099.13,8367.53,4731.6,2357.84
4224,20251007,52,108,9,3,F982-1995,13,9.91,128.83,27.07,101.76,56.75,45.01,18.32
4225,20241202,43,38,4,22,F791-2235,3,187.53,562.59,103.97,458.62,273.02,185.6,82.55
4226,20230724,18,58,8,7,F236-7963,8,707.98,5663.84,171.05,5492.79,3628.88,1863.91,988.7
4227,20230904,46,183,2,7,F528-6778,5,291.48,1457.4,17.05,1440.35,802.8,637.55,259.26
4228,20240215,32,84,8,17,F251-0844,12,465.34,5584.08,1084.99,4499.09,2628.21,1870.88,809.84
4229,20230125,60,84,8,22,F409-6093,6,17.49,104.94,7.57,97.37,54.24,43.13,17.53
4230,20220130,53,14,6,11,F069-2159,9,4.98,44.82,3.8,41.02,25.24,15.78,7.38
4231,20240926,59,164,5,20,F271-3520,12,6.82,81.84,8.63,73.21,41.35,31.86,13.18
4232,20250104,27,28,5,14,F364-3161,3,185.38,556.14,57.12,499.02,276.22,222.8,89.82
4233,20220916,57,39,2,22,F523-7067,5,2.31,11.55,0.45,11.1,5.46,5.64,2.0
4234,20241108,29,13,4,11,F085-9412,12,45.2,542.4,11.88,530.52,293.77,236.75,95.49
4235,20240821,6,6,6,14,F384-1660,9,3419.15,30772.35,2354.08,28418.27,19006.46,9411.81,5115.29
4236,20231214,16,140,2,21,F270-3073,15,302.04,4530.6,849.49,3681.11,2002.16,1678.95,662.6
4237,20221209,59,122,7,14,F728-3356,3,6.56,19.68,3.07,16.61,9.64,6.97,2.99
4238,20241025,12,200,5,5,F213-3350,11,193.77,2131.47,277.09,1854.38,1155.9,698.48,333.79
4239,20250808,36,130,10,3,F755-8046,7,79.77,558.39,4.97,553.42,374.3,179.12,99.62
4240,20240710,3,69,6,15,F922-4842,3,663.98,1991.94,55.58,1936.36,961.02,975.34,348.54
4241,20231222,38,86,3,16,F020-2953,7,70.48,493.36,39.27,454.09,272.33,181.76,81.74
4242,20230511,23,75,4,11,F926-8255,7,343.69,2405.83,50.76,2355.07,1183.69,1171.38,423.91
4243,20241115,53,124,8,24,F919-6002,5,4.47,22.35,4.63,17.72,8.53,9.19,3.19
4244,20231202,8,40,3,4,F412-9008,7,2384.69,16692.83,282.11,16410.72,9831.13,6579.59,2953.93
4245,20230811,38,118,2,10,F458-3920,6,66.07,396.42,70.09,326.33,169.77,156.56,58.74
4246,20220102,54,114,5,8,F820-1426,5,4.71,23.55,1.27,22.28,13.41,8.87,4.01
4247,20251207,12,45,4,7,F412-1417,7,179.61,1257.27,97.19,1160.08,755.42,404.66,208.81
4248,20250216,58,196,3,9,F465-5339,6,5.61,33.66,2.51,31.15,15.09,16.06,5.61
4249,20220513,22,14,4,13,F645-7751,7,842.83,5899.81,592.93,5306.88,2694.67,2612.21,955.24
4250,20230910,48,2,6,29,F767-7154,8,132.58,1060.64,168.96,891.68,448.11,443.57,160.5
4251,20240513,36,20,2,6,F086-8562,7,85.69,599.83,76.42,523.41,284.65,238.76,94.21
4252,20230406,6,47,4,12,F819-3075,8,3584.36,28674.88,5485.5,23189.38,13908.19,9281.19,4174.09
4253,20241204,37,162,6,9,F543-4619,13,151.47,1969.11,301.67,1667.44,877.52,789.92,300.14
4254,20250103,47,108,6,16,F838-0919,6,380.86,2285.16,486.74,1798.42,1176.48,621.94,323.72
4255,20230904,58,181,9,8,F033-2424,5,5.64,28.2,1.17,27.03,17.63,9.4,4.87
4256,20251014,18,86,6,24,F114-9397,11,681.61,7497.71,437.12,7060.59,4448.0,2612.59,1270.91
4257,20250316,2,168,2,11,F728-4994,1,767.71,767.71,51.44,716.27,466.46,249.81,128.93
4258,20251223,35,57,4,10,F401-5981,13,385.34,5009.42,348.15,4661.27,2283.93,2377.34,839.03
4259,20250130,47,81,8,23,F791-6035,7,358.71,2510.97,112.24,2398.73,1265.63,1133.1,431.77
4260,20250326,45,148,9,29,F289-1959,8,54.96,439.68,67.75,371.93,182.46,189.47,66.95
4261,20240222,26,9,3,4,F806-7577,5,89.99,449.95,23.08,426.87,284.22,142.65,76.84
4262,20240826,1,48,6,23,F717-2780,12,1275.03,15300.36,907.31,14393.05,7085.66,7307.39,2590.75
4263,20241001,36,161,10,24,F482-1517,14,91.91,1286.74,227.88,1058.86,690.93,367.93,190.59
4264,20240617,29,28,8,13,F620-7282,14,48.47,678.58,80.48,598.1,332.63,265.47,107.66
4265,20220205,24,61,10,8,F032-1134,10,397.93,3979.3,82.77,3896.53,2612.11,1284.42,701.38
4266,20220218,4,22,7,20,F788-8982,12,2191.43,26297.16,2101.14,24196.02,15607.92,8588.1,4355.28
4267,20250113,13,97,5,21,F512-0458,11,91.28,1004.08,16.27,987.81,590.48,397.33,177.81
4268,20240621,34,99,6,23,F735-4850,14,2258.46,31618.44,1792.77,29825.67,16105.73,13719.94,5368.62
4269,20220124,60,86,10,7,F954-6040,6,19.82,118.92,21.67,97.25,65.72,31.53,17.5
4270,20230129,30,95,1,19,F268-6422,8,113.99,911.92,170.98,740.94,502.43,238.51,133.37
4271,20230701,12,109,3,21,F965-2987,8,194.25,1554.0,183.99,1370.01,835.17,534.84,246.6
4272,20220210,29,195,3,30,F851-6276,11,44.04,484.44,87.25,397.19,223.27,173.92,71.49
4273,20221225,51,6,2,1,F621-3610,2,23.03,46.06,1.23,44.83,25.43,19.4,8.07
4274,20230808,28,147,1,27,F570-1102,10,264.84,2648.4,378.46,2269.94,1357.23,912.71,408.59
4275,20240614,42,128,7,22,F173-8641,1,123.77,123.77,23.75,100.02,67.91,32.11,18.0
4276,20251209,2,135,8,15,F844-8044,14,796.87,11156.18,1969.07,9187.11,5635.33,3551.78,1653.68
4277,20220101,55,119,3,23,F395-8299,1,2.02,2.02,0.04,1.98,1.22,0.76,0.36
4278,20240516,9,166,10,30,F411-5013,2,2367.42,4734.84,109.37,4625.47,2530.92,2094.55,832.58
4279,20220520,28,153,6,13,F713-9224,8,229.16,1833.28,181.31,1651.97,1002.99,648.98,297.35
4280,20251209,44,91,2,7,F378-6575,10,106.99,1069.9,192.37,877.53,447.42,430.11,157.96
4281,20220116,16,170,8,26,F290-8695,12,337.37,4048.44,742.89,3305.55,2203.98,1101.57,595.0
4282,20231201,51,92,2,14,F479-4353,3,22.76,68.28,5.28,63.0,30.85,32.15,11.34
4283,20230111,57,93,9,4,F565-2142,9,2.54,22.86,2.09,20.77,11.93,8.84,3.74
4284,20240131,47,73,8,15,F622-3912,12,349.79,4197.48,458.78,3738.7,2175.62,1563.08,672.97
4285,20230225,24,86,9,10,F222-8799,10,461.02,4610.2,941.86,3668.34,2249.92,1418.42,660.3
4286,20251007,16,32,3,12,F149-0592,10,310.37,3103.7,395.1,2708.6,1554.56,1154.04,487.55
4287,20221019,54,66,7,21,F592-2017,4,4.65,18.6,0.25,18.35,10.2,8.15,3.3
4288,20230611,10,108,10,19,F194-3455,8,3022.6,24180.8,594.85,23585.95,11741.31,11844.64,4245.47
4289,20251004,24,196,9,16,F571-3552,1,413.36,413.36,19.35,394.01,195.14,198.87,70.92
4290,20220823,3,189,8,12,F238-3858,7,699.98,4899.86,571.81,4328.05,2523.77,1804.28,779.05
4291,20220525,22,35,10,22,F284-8993,3,919.97,2759.91,257.22,2502.69,1287.22,1215.47,450.48
4292,20221127,32,41,7,19,F876-9655,9,414.48,3730.32,101.84,3628.48,1876.87,1751.61,653.13
4293,20221214,13,43,3,5,F593-3622,6,92.01,552.06,14.85,537.21,282.65,254.56,96.7
4294,20240317,6,3,4,19,F667-4537,8,3341.14,26729.12,3004.35,23724.77,12980.52,10744.25,4270.46
4295,20241119,44,165,1,11,F334-7903,14,119.31,1670.34,161.52,1508.82,976.66,532.16,271.59
4296,20230713,45,21,8,10,F209-1216,12,58.54,702.48,74.6,627.88,407.5,220.38,113.02
4297,20221020,59,53,6,8,F515-1254,5,6.49,32.45,1.51,30.94,18.82,12.12,5.57
4298,20240818,5,37,8,6,F052-4452,8,996.29,7970.32,616.9,7353.42,4790.09,2563.33,1323.62
4299,20241106,33,96,8,21,F361-6844,13,1460.83,18990.79,786.22,18204.57,10891.88,7312.69,3276.82
4300,20221116,12,105,9,13,F912-7547,5,194.66,973.3,42.24,931.06,554.28,376.78,167.59
4301,20221110,1,147,5,8,F793-9490,9,1270.38,11433.42,793.48,10639.94,5142.44,5497.5,1915.19
4302,20240613,42,184,2,1,F308-2391,5,133.61,668.05,117.84,550.21,270.75,279.46,99.04
4303,20230818,55,50,6,9,F862-9578,12,2.02,24.24,3.16,21.08,11.22,9.86,3.79
4304,20220912,10,19,9,18,F899-6811,1,2877.51,2877.51,67.62,2809.89,1643.54,1166.35,505.78
4305,20230415,40,40,10,8,F379-7345,10,205.35,2053.5,289.75,1763.75,922.13,841.62,317.47
4306,20240328,21,20,2,3,F333-8184,5,594.3,2971.5,520.61,2450.89,1611.58,839.31,441.16
4307,20250820,3,165,2,28,F858-6751,5,768.0,3840.0,387.07,3452.93,1930.62,1522.31,621.53
4308,20240807,19,78,6,30,F332-4651,15,909.51,13642.65,2062.77,11579.88,6448.48,5131.4,2084.38
4309,20250913,27,60,6,23,F257-6380,1,187.62,187.62,37.64,149.98,100.83,49.15,27.0
4310,20250611,40,73,1,16,F857-1366,3,199.11,597.33,18.94,578.39,306.54,271.85,104.11
4311,20251019,49,99,1,30,F975-5580,11,257.06,2827.66,183.52,2644.14,1415.25,1228.89,475.95
4312,20230822,54,13,7,2,F816-4094,8,5.39,43.12,6.5,36.62,22.86,13.76,6.59
4313,20221229,60,148,6,4,F401-3112,14,18.47,258.58,56.06,202.52,99.29,103.23,36.45
4314,20220701,22,190,3,1,F935-2793,5,811.52,4057.6,564.41,3493.19,2192.42,1300.77,628.77
4315,20250731,11,99,9,2,F928-9952,2,138.49,276.98,29.72,247.26,138.43,108.83,44.51
4316,20220727,22,86,5,4,F197-3578,11,857.77,9435.47,1722.92,7712.55,4517.67,3194.88,1388.26
4317,20250502,44,36,9,11,F963-9786,7,108.71,760.97,60.19,700.78,449.01,251.77,126.14
4318,20220521,52,82,9,4,F450-1621,6,10.88,65.28,13.0,52.28,32.38,19.9,9.41
4319,20230502,43,181,6,6,F756-4982,8,168.88,1351.04,163.07,1187.97,704.66,483.31,213.83
4320,20220803,38,165,2,21,F290-2622,2,62.81,125.62,22.51,103.11,67.29,35.82,18.56
4321,20220901,37,29,5,1,F770-1378,10,145.88,1458.8,86.8,1372.0,689.54,682.46,246.96
4322,20230114,14,148,10,7,F595-1983,6,223.08,1338.48,204.12,1134.36,634.51,499.85,204.18
4323,20220226,19,31,3,27,F728-0501,7,911.49,6380.43,451.1,5929.33,2852.86,3076.47,1067.28
4324,20240918,7,130,5,23,F315-7141,15,2773.0,41595.0,395.15,41199.85,20201.45,20998.4,7415.97
4325,20240812,40,94,10,10,F557-1215,9,208.26,1874.34,396.05,1478.29,825.18,653.11,266.09
4326,20231128,45,32,4,22,F395-7489,8,57.36,458.88,18.86,440.02,281.55,158.47,79.2
4327,20240325,57,80,5,23,F655-9449,10,2.48,24.8,5.19,19.61,12.99,6.62,3.53
4328,20251217,8,30,9,21,F027-1559,6,2727.25,16363.5,688.9,15674.6,7992.58,7682.02,2821.43
4329,20240408,7,27,6,13,F849-8743,9,2645.1,23805.9,1647.37,22158.53,11244.98,10913.55,3988.54
4330,20220513,50,184,1,24,F129-2418,4,80.9,323.6,20.65,302.95,178.33,124.62,54.53
4331,20250113,57,101,8,27,F084-3977,12,2.51,30.12,6.1,24.02,13.42,10.6,4.32
4332,20220711,50,194,5,6,F248-8797,3,80.71,242.13,16.68,225.45,150.48,74.97,40.58
4333,20251125,28,8,5,25,F138-3243,1,247.34,247.34,44.27,203.07,116.73,86.34,36.55
4334,20251028,42,138,8,21,F724-6990,15,135.29,2029.35,295.07,1734.28,1037.11,697.17,312.17
4335,20240203,46,180,8,16,F884-2197,8,283.2,2265.6,150.66,2114.94,1426.04,688.9,380.69
4336,20220825,5,177,1,1,F247-3583,11,885.87,9744.57,725.0,9019.57,5760.78,3258.79,1623.52
4337,20221111,45,177,10,23,F884-8079,13,52.28,679.64,55.39,624.25,308.76,315.49,112.36
4338,20231106,59,89,5,6,F443-5675,13,6.51,84.63,8.6,76.03,51.31,24.72,13.69
4339,20220722,19,137,10,22,F213-9725,7,916.12,6412.84,1051.06,5361.78,3288.3,2073.48,965.12
4340,20220223,12,193,4,19,F565-5228,14,181.92,2546.88,243.48,2303.4,1439.13,864.27,414.61
4341,20251215,45,44,9,19,F196-6248,9,53.78,484.02,70.04,413.98,265.36,148.62,74.52
4342,20251024,42,118,9,21,F437-8454,11,117.72,1294.92,178.44,1116.48,709.43,407.05,200.97
4343,20220519,2,167,4,12,F926-7482,12,816.12,9793.44,1979.25,7814.19,4179.34,3634.85,1406.55
4344,20240310,50,149,4,3,F841-1322,2,88.16,176.32,20.21,156.11,93.73,62.38,28.1
4345,20221002,47,167,4,11,F256-5120,10,370.52,3705.2,483.53,3221.67,1980.98,1240.69,579.9
4346,20230804,46,168,1,16,F491-6144,1,286.89,286.89,21.86,265.03,170.42,94.61,47.71
4347,20230523,1,145,5,22,F592-9985,9,1252.68,11274.12,2278.5,8995.62,5941.4,3054.22,1619.21
4348,20241208,40,97,9,14,F722-6793,7,201.93,1413.51,61.49,1352.02,742.67,609.35,243.36
4349,20231004,9,84,10,12,F075-4215,4,2323.55,9294.2,1118.09,8176.11,3943.31,4232.8,1471.7
4350,20220423,36,95,10,11,F345-1652,6,82.55,495.3,30.26,465.04,239.15,225.89,83.71
4351,20220301,13,84,10,3,F360-4820,14,100.87,1412.18,58.75,1353.43,659.0,694.43,243.62
4352,20220324,7,192,2,1,F611-6730,4,2837.87,11351.48,1647.1,9704.38,5345.92,4358.46,1746.79
4353,20240308,32,110,4,13,F775-5825,2,418.68,837.36,123.93,713.43,481.9,231.53,128.42
4354,20220120,47,17,8,8,F509-2333,14,382.36,5353.04,394.52,4958.52,2410.28,2548.24,892.53
4355,20220208,10,129,8,28,F984-0648,3,2944.15,8832.45,816.12,8016.33,4973.43,3042.9,1442.94
4356,20240807,46,140,2,5,F529-1314,14,273.22,3825.08,571.08,3254.0,1702.8,1551.2,585.72
4357,20230209,29,168,10,25,F236-5789,13,43.65,567.45,109.01,458.44,294.87,163.57,82.52
4358,20231217,56,82,3,27,F123-1157,8,5.41,43.28,7.06,36.22,23.55,12.67,6.52
4359,20220106,58,63,8,29,F837-3563,12,5.35,64.2,4.48,59.72,35.61,24.11,10.75
4360,20240323,5,27,1,18,F516-6599,10,894.01,8940.1,1654.81,7285.29,3796.87,3488.42,1311.35
4361,20231225,11,86,10,29,F266-0432,1,155.79,155.79,27.98,127.81,80.06,47.75,23.01
4362,20230727,2,5,4,23,F428-4880,15,781.02,11715.3,1373.03,10342.27,6018.02,4324.25,1861.61
4363,20250628,36,12,3,3,F513-2508,12,92.72,1112.64,22.7,1089.94,531.33,558.61,196.19
4364,20240728,20,12,3,17,F269-6925,5,222.33,1111.65,5.78,1105.87,550.11,555.76,199.06
4365,20230120,5,162,4,6,F778-1053,9,951.23,8561.07,886.07,7675.0,4368.02,3306.98,1381.5
4366,20220711,19,3,4,22,F132-0338,10,868.14,8681.4,913.28,7768.12,5149.89,2618.23,1398.26
4367,20220125,18,186,4,10,F313-2126,5,683.02,3415.1,498.95,2916.15,1548.95,1367.2,524.91
4368,20240327,7,6,5,27,F405-0032,6,2572.5,15435.0,225.35,15209.65,7437.47,7772.18,2737.74
4369,20250414,5,87,6,11,F984-7459,5,881.16,4405.8,107.06,4298.74,2168.25,2130.49,773.77
4370,20231020,37,38,3,22,F238-9778,1,138.81,138.81,22.02,116.79,73.81,42.98,21.02
4371,20220205,23,169,2,16,F387-1258,14,332.23,4651.22,1018.62,3632.6,2080.94,1551.66,653.87
4372,20220306,46,150,9,16,F733-9073,13,289.69,3765.97,497.11,3268.86,2064.94,1203.92,588.39
4373,20240720,58,113,6,28,F066-3568,8,6.04,48.32,5.22,43.1,24.79,18.31,7.76
4374,20231219,33,156,9,3,F546-9401,11,1585.79,17443.69,293.05,17150.64,10941.54,6209.1,3087.12
4375,20240726,15,72,9,16,F231-0637,11,166.38,1830.18,256.04,1574.14,806.19,767.95,283.35
4376,20240114,18,129,7,30,F523-1385,10,705.12,7051.2,392.05,6659.15,3651.32,3007.83,1198.65
4377,20220929,42,30,9,18,F921-0502,8,129.67,1037.36,189.01,848.35,445.1,403.25,152.7
4378,20251002,32,187,1,8,F642-1753,10,468.54,4685.4,677.51,4007.89,2548.1,1459.79,721.42
4379,20230704,23,50,10,4,F786-8837,13,359.12,4668.56,327.73,4340.83,2371.35,1969.48,781.35
4380,20240325,41,93,5,27,F314-9846,11,92.59,1018.49,87.69,930.8,472.89,457.91,167.54
4381,20250707,13,145,6,9,F032-6727,10,100.03,1000.3,40.21,960.09,476.43,483.66,172.82
4382,20231125,15,36,1,24,F480-1224,14,163.56,2289.84,211.81,2078.03,1187.01,891.02,374.05
4383,20250407,50,15,6,12,F699-5706,8,83.69,669.52,82.35,587.17,314.62,272.55,105.69
4384,20231127,47,195,1,15,F778-8457,4,364.58,1458.32,216.12,1242.2,662.58,579.62,223.6
4385,20220618,46,129,9,18,F996-9631,7,293.29,2053.03,205.92,1847.11,1144.67,702.44,332.48
4386,20240313,60,28,1,24,F040-7464,11,19.45,213.95,33.7,180.25,112.83,67.42,32.45
4387,20220525,50,197,10,10,F507-1115,11,80.44,884.84,1.77,883.07,472.84,410.23,158.95
4388,20221031,8,94,8,18,F710-0256,5,2632.76,13163.8,1166.31,11997.49,7409.85,4587.64,2159.55
4389,20220501,58,178,5,18,F438-6699,2,6.14,12.28,2.55,9.73,4.72,5.01,1.75
4390,20240315,31,111,3,25,F300-4926,7,267.28,1870.96,105.9,1765.06,943.75,821.31,317.71
4391,20230925,53,141,7,16,F085-1884,8,5.1,40.8,0.53,40.27,21.41,18.86,7.25
4392,20240807,52,4,4,8,F161-5347,2,9.27,18.54,2.05,16.49,9.45,7.04,2.97
4393,20250305,30,194,1,15,F251-2206,12,130.55,1566.6,98.38,1468.22,791.01,677.21,264.28
4394,20251109,20,158,8,22,F914-4201,11,254.68,2801.48,260.82,2540.66,1488.88,1051.78,457.32
4395,20231215,39,199,1,9,F818-3729,11,131.31,1444.41,19.07,1425.34,745.11,680.23,256.56
4396,20230422,33,190,9,30,F605-9395,13,1726.58,22445.54,2291.69,20153.85,12190.37,7963.48,3627.69
4397,20230705,10,6,5,28,F541-1986,14,2957.13,41399.82,5224.66,36175.16,19416.15,16759.01,6511.53
4398,20230806,7,110,5,8,F140-4055,11,3009.0,33099.0,1396.78,31702.22,15808.28,15893.94,5706.4
4399,20240602,6,96,2,17,F807-2044,15,3563.35,53450.25,4201.19,49249.06,27372.19,21876.87,8864.83
4400,20240429,11,15,1,8,F278-3966,10,142.87,1428.7,25.29,1403.41,902.92,500.49,252.61
4401,20230511,58,91,7,26,F700-7685,5,5.95,29.75,1.29,28.46,18.46,10.0,5.12
4402,20250421,19,85,4,13,F142-5165,14,786.6,11012.4,1923.87,9088.53,5784.02,3304.51,1635.94
4403,20230817,6,87,5,4,F653-1089,11,3599.8,39597.8,1350.28,38247.52,19303.31,18944.21,6884.55
4404,20250404,8,8,7,1,F501-1679,15,2548.63,38229.45,7577.08,30652.37,18637.12,12015.25,5517.43
4405,20240414,16,9,6,28,F132-2893,11,330.74,3638.14,466.77,3171.37,1555.72,1615.65,570.85
4406,20240806,5,109,8,21,F969-4004,5,1045.17,5225.85,304.67,4921.18,2998.7,1922.48,885.81
4407,20221121,48,35,6,25,F435-1965,14,150.22,2103.08,92.54,2010.54,1071.82,938.72,361.9
4408,20221020,8,196,10,19,F733-5097,2,2654.95,5309.9,1125.17,4184.73,2270.36,1914.37,753.25
4409,20220610,18,71,6,11,F215-7186,7,752.65,5268.55,918.31,4350.24,2162.31,2187.93,783.04
4410,20240918,49,103,9,5,F738-6042,15,272.11,4081.65,284.49,3797.16,2560.22,1236.94,683.49
4411,20251204,4,169,5,2,F188-3138,5,2134.69,10673.45,1999.14,8674.31,5170.81,3503.5,1561.38
4412,20231021,9,90,9,2,F711-3380,9,2099.27,18893.43,1539.81,17353.62,9127.97,8225.65,3123.65
4413,20230904,43,131,9,1,F345-0460,11,179.94,1979.34,145.09,1834.25,1117.0,717.25,330.16
4414,20250109,60,171,9,3,F600-7391,6,19.22,115.32,1.15,114.17,66.15,48.02,20.55
4415,20241005,52,34,6,6,F288-7756,5,9.62,48.1,8.34,39.76,25.62,14.14,7.16
4416,20251113,32,145,7,9,F814-9623,5,432.42,2162.1,135.78,2026.32,1341.32,685.0,364.74
4417,20250501,16,112,1,13,F582-8718,7,291.42,2039.94,126.68,1913.26,938.6,974.66,344.39
4418,20241204,56,33,8,12,F826-5981,3,5.61,16.83,1.44,15.39,9.07,6.32,2.77
4419,20220928,52,144,6,29,F668-4756,8,9.61,76.88,10.04,66.84,42.58,24.26,12.03
4420,20250224,42,6,5,1,F480-2575,1,131.16,131.16,16.81,114.35,58.08,56.27,20.58
4421,20250628,56,155,7,2,F095-7113,13,5.46,70.98,15.27,55.71,34.89,20.82,10.03
4422,20230730,4,37,5,15,F032-7215,10,2149.51,21495.1,4041.08,17454.02,11220.35,6233.67,3141.72
4423,20230429,37,27,8,10,F207-2038,3,134.75,404.25,32.06,372.19,248.48,123.71,66.99
4424,20240915,44,167,4,24,F697-9577,1,112.7,112.7,5.4,107.3,59.48,47.82,19.31
4425,20220428,20,67,5,5,F471-9123,11,229.56,2525.16,331.81,2193.35,1462.71,730.64,394.8
4426,20230627,37,128,10,30,F271-9338,11,140.18,1541.98,313.64,1228.34,694.6,533.74,221.1
4427,20221229,27,179,6,23,F639-5801,6,179.61,1077.66,219.63,858.03,464.42,393.61,154.45
4428,20230829,54,186,4,24,F112-8078,9,4.98,44.82,8.64,36.18,18.62,17.56,6.51
4429,20231125,46,37,8,24,F110-8669,11,307.55,3383.05,541.63,2841.42,1738.24,1103.18,511.46
4430,20240531,15,7,3,7,F615-3419,3,152.53,457.59,93.81,363.78,194.98,168.8,65.48
4431,20251214,26,119,7,30,F836-4434,15,91.37,1370.55,39.06,1331.49,742.3,589.19,239.67
4432,20230205,46,187,7,11,F680-6007,11,264.67,2911.37,177.3,2734.07,1334.46,1399.61,492.13
4433,20250416,7,32,1,12,F007-2226,9,2590.93,23318.37,1937.76,21380.61,12420.6,8960.01,3848.51
4434,20220413,46,10,8,25,F666-4784,3,307.31,921.93,107.87,814.06,488.94,325.12,146.53
4435,20240217,44,135,3,15,F799-6882,10,117.59,1175.9,92.19,1083.71,692.09,391.62,195.07
4436,20231102,32,82,5,7,F933-3756,5,431.87,2159.35,86.81,2072.54,1253.87,818.67,373.06
4437,20240719,53,35,8,17,F987-3539,15,4.84,72.6,7.3,65.3,40.9,24.4,11.75
4438,20221018,39,89,2,2,F013-2261,12,122.69,1472.28,187.42,1284.86,637.24,647.62,231.27
4439,20241215,25,50,5,23,F535-6314,8,1627.56,13020.48,2166.61,10853.87,5356.85,5497.02,1953.7
4440,20241128,57,88,4,28,F509-1119,13,2.44,31.72,2.67,29.05,18.53,10.52,5.23
4441,20230605,24,92,3,1,F574-9303,8,464.02,3712.16,203.06,3509.1,2364.85,1144.25,631.64
4442,20230105,36,146,6,2,F488-3434,9,81.26,731.34,72.91,658.43,320.04,338.39,118.52
4443,20230608,54,27,3,20,F488-3159,8,4.78,38.24,7.15,31.09,20.55,10.54,5.6
4444,20240927,57,14,3,22,F707-7437,2,2.6,5.2,0.85,4.35,2.54,1.81,0.78
4445,20251124,43,179,1,17,F153-6750,6,185.29,1111.74,148.31,963.43,622.27,341.16,173.42
4446,20220520,35,45,1,18,F671-7825,1,399.7,399.7,53.4,346.3,198.92,147.38,62.33
4447,20250405,6,193,5,12,F185-4020,13,3597.46,46766.98,1248.68,45518.3,27168.45,18349.85,8193.29
4448,20240811,39,10,3,8,F215-1236,12,135.36,1624.32,115.49,1508.83,849.03,659.8,271.59
4449,20240829,53,133,8,12,F118-7541,10,4.59,45.9,9.16,36.74,24.2,12.54,6.61
4450,20230414,24,4,9,17,F552-0929,10,429.12,4291.2,27.89,4263.31,2189.08,2074.23,767.4
4451,20241112,51,18,8,11,F013-2774,1,21.84,21.84,4.26,17.58,9.43,8.15,3.16
4452,20241110,51,13,8,17,F641-8950,2,23.01,46.02,9.59,36.43,24.28,12.15,6.56
4453,20220223,28,84,6,22,F555-5540,6,249.65,1497.9,169.86,1328.04,845.0,483.04,239.05
4454,20231110,1,12,5,20,F849-7172,10,1223.91,12239.1,2028.02,10211.08,5521.46,4689.62,1837.99
4455,20250821,12,101,3,15,F183-8220,7,195.28,1366.96,123.98,1242.98,669.04,573.94,223.74
4456,20240822,28,197,3,2,F316-3703,2,269.99,539.98,64.15,475.83,240.28,235.55,85.65
4457,20230526,42,175,5,30,F411-2396,13,125.66,1633.58,238.01,1395.57,924.79,470.78,251.2
4458,20241218,7,76,10,28,F207-9405,7,2791.13,19537.91,1121.48,18416.43,9552.16,8864.27,3314.96
4459,20231026,58,184,7,15,F263-0550,7,5.48,38.36,6.62,31.74,21.08,10.66,5.71
4460,20220926,29,108,10,17,F754-5897,11,47.75,525.25,64.66,460.59,301.87,158.72,82.91
4461,20251022,35,23,1,13,F662-7156,5,372.46,1862.3,254.2,1608.1,1079.92,528.18,289.46
4462,20251108,30,115,10,8,F669-9488,7,127.58,893.06,56.89,836.17,416.69,419.48,150.51
4463,20250303,29,14,2,6,F286-9421,15,47.6,714.0,49.77,664.23,379.21,285.02,119.56
4464,20251215,14,174,10,17,F151-4239,2,225.44,450.88,42.79,408.09,217.59,190.5,73.46
4465,20230318,16,1,5,2,F495-9654,8,344.7,2757.6,331.46,2426.14,1295.76,1130.38,436.71
4466,20240409,13,96,7,26,F594-2924,2,93.67,187.34,33.05,154.29,99.92,54.37,27.77
4467,20220806,28,199,4,22,F993-2606,15,267.54,4013.1,520.5,3492.6,2205.12,1287.48,628.67
4468,20221215,31,94,7,29,F496-3025,6,311.55,1869.3,319.28,1550.02,780.53,769.49,279.0
4469,20220730,5,88,8,22,F519-9439,4,905.32,3621.28,3.98,3617.3,2136.06,1481.24,651.11
4470,20230810,23,79,3,11,F795-6363,2,353.85,707.7,57.18,650.52,330.71,319.81,117.09
4471,20221020,25,1,6,30,F503-8810,10,1633.32,16333.2,1938.75,14394.45,8993.59,5400.86,2591.0
4472,20250819,14,8,4,29,F932-4402,10,207.88,2078.8,21.2,2057.6,1380.13,677.47,370.37
4473,20240810,5,168,4,5,F603-8448,4,1018.58,4074.32,736.64,3337.68,1872.88,1464.8,600.78
4474,20240720,21,174,10,28,F455-7229,15,618.97,9284.55,1094.65,8189.9,4941.02,3248.88,1474.18
4475,20230203,53,12,1,16,F279-6183,12,5.12,61.44,6.73,54.71,26.74,27.97,9.85
4476,20220403,7,9,1,26,F285-9688,13,2960.94,38492.22,2028.54,36463.68,23860.95,12602.73,6563.46
4477,20251113,6,73,4,13,F574-7171,11,3513.09,38643.99,4150.36,34493.63,18687.77,15805.86,6208.85
4478,20240620,6,62,9,30,F720-7511,11,3471.9,38190.9,6939.29,31251.61,20646.21,10605.4,5625.29
4479,20240827,28,182,8,26,F309-0102,2,236.13,472.26,94.17,378.09,248.94,129.15,68.06
4480,20230531,48,32,9,5,F298-8835,6,139.35,836.1,153.26,682.84,387.46,295.38,122.91
4481,20230507,47,93,4,21,F066-4108,2,375.35,750.7,45.27,705.43,407.6,297.83,126.98
4482,20240904,7,108,4,23,F265-9371,10,2908.81,29088.1,3220.05,25868.05,14848.91,11019.14,4656.25
4483,20250825,12,148,10,27,F821-8588,3,168.96,506.88,15.21,491.67,306.19,185.48,88.5
4484,20230507,58,7,1,15,F716-2014,15,6.04,90.6,3.17,87.43,47.46,39.97,15.74
4485,20231126,14,184,5,17,F265-5753,3,224.78,674.34,98.18,576.16,277.33,298.83,103.71
4486,20240511,27,171,5,4,F752-7613,13,171.32,2227.16,236.75,1990.41,1100.05,890.36,358.27
4487,20220131,42,141,10,27,F237-9450,7,128.78,901.46,1.44,900.02,488.83,411.19,162.0
4488,20250420,6,95,8,21,F411-8054,7,3609.67,25267.69,3810.37,21457.32,13469.14,7988.18,3862.32
4489,20251109,59,103,6,27,F486-7095,11,7.3,80.3,16.71,63.59,40.09,23.5,11.45
4490,20231123,25,144,6,5,F009-8195,5,1753.13,8765.65,926.53,7839.12,4380.58,3458.54,1411.04
4491,20231206,43,112,5,11,F902-5254,6,179.96,1079.76,201.92,877.84,445.89,431.95,158.01
4492,20250807,60,160,9,17,F507-8671,8,17.23,137.84,11.03,126.81,68.16,58.65,22.83
4493,20230428,9,93,5,24,F283-2323,9,2254.99,20294.91,2177.64,18117.27,9216.59,8900.68,3261.11
4494,20220717,11,178,1,14,F912-9951,2,131.25,262.5,39.66,222.84,131.65,91.19,40.11
4495,20230716,11,166,9,14,F804-4516,9,146.19,1315.71,135.25,1180.46,727.03,453.43,212.48
4496,20250302,3,111,4,19,F039-4027,13,666.98,8670.74,913.9,7756.84,4196.9,3559.94,1396.23
4497,20230904,11,23,9,23,F195-9285,2,151.39,302.78,17.11,285.67,140.3,145.37,51.42
4498,20250812,53,28,2,26,F890-8329,4,5.06,20.24,3.66,16.58,10.93,5.65,2.98
4499,20230801,17,83,6,17,F511-5240,7,545.52,3818.64,297.09,3521.55,2043.74,1477.81,633.88
4500,20241228,24,27,6,3,F284-3160,5,405.3,2026.5,158.47,1868.03,1109.43,758.6,336.25
4501,20230928,27,134,4,11,F075-7424,15,176.04,2640.6,146.82,2493.78,1423.86,1069.92,448.88
4502,20250726,37,23,4,11,F358-6512,4,153.4,613.6,87.74,525.86,300.4,225.46,94.65
4503,20241104,28,53,9,23,F825-9424,7,268.16,1877.12,401.89,1475.23,781.12,694.11,265.54
4504,20230205,23,18,8,21,F547-2308,12,349.28,4191.36,495.42,3695.94,2265.09,1430.85,665.27
4505,20250716,21,154,10,24,F598-1817,7,675.33,4727.31,940.26,3787.05,2342.29,1444.76,681.67
4506,20230924,50,109,10,10,F650-7710,12,90.76,1089.12,103.58,985.54,525.04,460.5,177.4
4507,20240903,27,176,9,10,F141-7072,3,178.93,536.79,69.89,466.9,260.84,206.06,84.04
4508,20240826,34,118,4,14,F493-9251,14,2359.24,33029.36,848.85,32180.51,21664.57,10515.94,5792.49
4509,20240626,47,2,3,21,F953-8102,15,397.77,5966.55,1295.34,4671.21,2326.69,2344.52,840.82
4510,20250819,53,159,6,28,F738-2085,13,4.38,56.94,0.73,56.21,35.82,20.39,10.12
4511,20250527,54,26,3,4,F795-5986,9,4.58,41.22,8.66,32.56,18.59,13.97,5.86
4512,20230809,41,188,7,6,F847-4993,1,88.39,88.39,12.33,76.06,50.18,25.88,13.69
4513,20240123,53,10,2,13,F345-6964,5,5.13,25.65,2.35,23.3,12.04,11.26,4.19
4514,20220820,27,174,6,2,F535-2551,13,164.13,2133.69,110.74,2022.95,1056.84,966.11,364.13
4515,20231228,19,173,9,3,F978-4531,3,810.82,2432.46,205.06,2227.4,1213.06,1014.34,400.93
4516,20220313,1,153,9,27,F291-1074,11,1149.02,12639.22,1375.15,11264.07,6112.72,5151.35,2027.53
4517,20220212,44,136,5,7,F772-5678,3,110.26,330.78,4.47,326.31,214.33,111.98,58.74
4518,20251106,4,154,4,24,F888-4043,6,2117.5,12705.0,40.66,12664.34,8497.17,4167.17,2279.58
4519,20221114,12,145,10,26,F477-0401,14,182.88,2560.32,329.0,2231.32,1490.64,740.68,401.64
4520,20240209,9,23,1,30,F635-0198,1,2126.69,2126.69,141.42,1985.27,1265.7,719.57,357.35
4521,20240409,30,85,4,30,F133-8012,11,124.14,1365.54,167.42,1198.12,631.56,566.56,215.66
4522,20241208,31,66,8,13,F067-7170,4,295.12,1180.48,127.14,1053.34,580.31,473.03,189.6
4523,20241011,9,80,9,30,F110-4721,8,2196.58,17572.64,3660.38,13912.26,7617.11,6295.15,2504.21
4524,20230522,30,28,6,29,F700-4048,3,134.08,402.24,80.45,321.79,180.61,141.18,57.92
4525,20220309,38,156,5,6,F474-0836,13,63.27,822.51,104.46,718.05,469.6,248.45,129.25
4526,20220913,54,26,4,29,F261-3647,2,4.7,9.4,0.72,8.68,5.79,2.89,1.56
4527,20240628,41,190,9,20,F660-5416,1,91.32,91.32,8.78,82.54,47.42,35.12,14.86
4528,20251029,33,56,10,3,F852-2157,5,1501.84,7509.2,1341.89,6167.31,3543.93,2623.38,1110.12
4529,20230907,39,29,10,4,F152-7236,14,132.49,1854.86,17.62,1837.24,1047.2,790.04,330.7
4530,20230910,23,119,2,10,F822-2962,10,342.69,3426.9,525.34,2901.56,1603.19,1298.37,522.28
4531,20251203,6,46,1,27,F949-6416,2,3548.9,7097.8,657.97,6439.83,3958.36,2481.47,1159.17
4532,20231011,55,1,5,27,F258-3107,11,2.08,22.88,1.64,21.24,10.57,10.67,3.82
4533,20241207,26,54,3,24,F797-9232,4,82.12,328.48,28.35,300.13,161.48,138.65,54.02
4534,20240505,52,177,1,21,F058-7593,10,10.66,106.6,2.17,104.43,53.2,51.23,18.8
4535,20231101,41,184,9,8,F327-2576,15,89.65,1344.75,263.03,1081.72,614.73,466.99,194.71
4536,20251004,30,115,9,11,F685-7904,14,124.67,1745.38,240.86,1504.52,993.72,510.8,270.81
4537,20220915,7,96,4,2,F015-0715,15,2578.9,38683.5,1856.81,36826.69,21657.09,15169.6,6628.8
4538,20230117,38,36,6,17,F749-6949,1,61.23,61.23,8.96,52.27,27.3,24.97,9.41
4539,20250103,42,104,6,18,F424-1976,15,134.51,2017.65,197.93,1819.72,993.82,825.9,327.55
4540,20221210,31,8,4,10,F281-6901,11,271.54,2986.94,203.11,2783.83,1593.75,1190.08,501.09
4541,20240111,41,91,7,28,F885-8657,3,90.77,272.31,42.64,229.67,147.91,81.76,41.34
4542,20230430,19,106,4,11,F124-7628,13,924.12,12013.56,171.79,11841.77,6386.71,5455.06,2131.52
4543,20240414,21,132,6,4,F807-8188,6,625.74,3754.44,803.45,2950.99,1862.84,1088.15,531.18
4544,20220305,26,93,10,14,F336-6748,7,86.93,608.51,48.07,560.44,360.59,199.85,100.88
4545,20220507,1,59,4,15,F762-5158,15,1107.99,16619.85,2341.74,14278.11,9049.84,5228.27,2570.06
4546,20240806,10,66,3,3,F009-9240,14,2914.28,40799.92,3545.51,37254.41,19909.11,17345.3,6705.79
4547,20241222,11,68,6,12,F492-9632,15,135.78,2036.7,57.23,1979.47,986.8,992.67,356.3
4548,20230815,41,59,8,13,F424-0739,12,93.32,1119.84,48.83,1071.01,651.43,419.58,192.78
4549,20230425,18,15,3,20,F867-7732,3,668.04,2004.12,412.65,1591.47,861.59,729.88,286.46
4550,20241221,3,152,9,5,F125-0265,4,728.53,2914.12,506.47,2407.65,1230.43,1177.22,433.38
4551,20231209,40,172,4,20,F157-2723,6,201.48,1208.88,169.73,1039.15,529.68,509.47,187.05
4552,20230218,39,171,5,19,F404-2181,1,127.51,127.51,2.44,125.07,84.78,40.29,22.51
4553,20230326,36,171,10,26,F337-3247,8,82.26,658.08,116.61,541.47,333.21,208.26,97.46
4554,20250106,39,169,5,25,F511-6601,9,114.71,1032.39,106.23,926.16,617.53,308.63,166.71
4555,20230628,30,130,3,10,F311-6542,1,128.59,128.59,1.43,127.16,85.88,41.28,22.89
4556,20220719,28,57,7,30,F701-0080,7,271.09,1897.63,253.71,1643.92,1015.23,628.69,295.91
4557,20250909,44,130,3,29,F699-5833,11,124.3,1367.3,92.98,1274.32,743.7,530.62,229.38
4558,20231224,58,86,7,6,F585-7811,9,5.92,53.28,3.83,49.45,29.47,19.98,8.9
4559,20230716,51,54,3,11,F459-2603,7,20.87,146.09,18.17,127.92,83.16,44.76,23.03
4560,20220803,32,139,10,23,F170-7760,5,413.82,2069.1,326.71,1742.39,1143.69,598.7,313.63
4561,20220325,4,173,4,9,F654-4120,5,2207.14,11035.7,1135.57,9900.13,5133.09,4767.04,1782.02
4562,20220725,57,91,2,30,F980-4887,7,2.57,17.99,1.65,16.34,8.19,8.15,2.94
4563,20231101,39,97,9,13,F173-8228,7,129.5,906.5,17.31,889.19,435.38,453.81,160.05
4564,20240608,53,134,8,20,F991-2776,13,4.77,62.01,10.08,51.93,30.33,21.6,9.35
4565,20230420,18,5,4,22,F958-5902,10,782.87,7828.7,1539.91,6288.79,3339.12,2949.67,1131.98
4566,20220220,6,23,4,22,F307-4475,7,3388.52,23719.64,3242.47,20477.17,11156.0,9321.17,3685.89
4567,20231124,4,26,9,8,F558-0454,9,2252.91,20276.19,1015.84,19260.35,11771.06,7489.29,3466.86
4568,20240403,8,150,2,26,F139-3334,12,2461.66,29539.92,1237.72,28302.2,16239.33,12062.87,5094.4
4569,20241109,32,157,9,26,F003-1492,10,468.82,4688.2,999.99,3688.21,1953.06,1735.15,663.88
4570,20240928,50,20,7,7,F099-8212,3,88.51,265.53,9.35,256.18,163.94,92.24,46.11
4571,20221116,49,149,2,12,F156-3544,1,253.51,253.51,0.33,253.18,129.29,123.89,45.57
4572,20220610,5,195,4,22,F069-4770,4,1036.75,4147.0,742.31,3404.69,1903.21,1501.48,612.84
4573,20250422,50,12,3,8,F126-9000,9,78.39,705.51,27.51,678.0,348.22,329.78,122.04
4574,20241020,39,47,10,12,F619-0298,8,133.59,1068.72,44.03,1024.69,662.72,361.97,184.44
4575,20241013,58,125,6,13,F926-9426,4,6.04,24.16,0.52,23.64,15.0,8.64,4.26
4576,20220120,45,168,10,21,F770-1298,1,58.83,58.83,9.05,49.78,30.77,19.01,8.96
4577,20230509,30,194,3,10,F871-5062,6,121.77,730.62,135.46,595.16,390.85,204.31,107.13
4578,20231104,34,200,8,4,F382-1192,4,2116.32,8465.28,1460.26,7005.02,4077.36,2927.66,1260.9
4579,20220406,21,30,8,21,F060-9052,8,602.53,4820.24,322.96,4497.28,2715.28,1782.0,809.51
4580,20241127,29,9,5,2,F048-3890,8,43.21,345.68,10.68,335.0,225.61,109.39,60.3
4581,20230521,43,140,4,10,F643-9305,12,187.68,2252.16,257.42,1994.74,1300.99,693.75,359.05
4582,20231201,42,171,1,1,F384-9836,14,116.02,1624.28,73.26,1551.02,779.62,771.4,279.18
4583,20220903,56,60,3,22,F754-5740,3,5.8,17.4,1.02,16.38,8.11,8.27,2.95
4584,20231212,12,11,3,3,F226-1831,7,189.18,1324.26,46.61,1277.65,650.98,626.67,229.98
4585,20220328,7,136,4,6,F912-6329,10,2766.32,27663.2,2107.94,25555.26,13749.41,11805.85,4599.95
4586,20240203,32,115,9,4,F116-7095,2,447.0,894.0,147.33,746.67,370.86,375.81,134.4
4587,20220524,60,35,10,1,F184-5241,14,18.14,253.96,41.45,212.51,119.49,93.02,38.25
4588,20250625,7,44,7,15,F240-0258,9,2715.28,24437.52,2133.4,22304.12,11850.58,10453.54,4014.74
4589,20220326,11,176,6,7,F657-0380,10,135.45,1354.5,170.8,1183.7,587.98,595.72,213.07
4590,20240802,19,156,9,9,F799-1217,1,925.2,925.2,73.46,851.74,442.46,409.28,153.31
4591,20240229,4,1,9,9,F514-5242,1,2183.62,2183.62,214.87,1968.75,1258.18,710.57,354.38
4592,20220812,11,60,8,17,F257-7147,7,144.99,1014.93,207.45,807.48,459.71,347.77,145.35
4593,20250909,29,186,4,1,F667-7365,1,48.2,48.2,7.78,40.42,23.92,16.5,7.28
4594,20240121,26,131,4,11,F336-0128,5,82.44,412.2,75.35,336.85,184.58,152.27,60.63
4595,20240820,6,153,8,8,F953-2254,3,3375.08,10125.24,984.17,9141.07,5218.75,3922.32,1645.39
4596,20240903,36,61,3,1,F370-1769,1,81.16,81.16,2.1,79.06,48.85,30.21,14.23
4597,20250704,6,110,4,28,F393-8752,2,3526.08,7052.16,1282.08,5770.08,3064.63,2705.45,1038.61
4598,20241203,2,46,5,2,F411-5158,10,757.66,7576.6,994.05,6582.55,3638.67,2943.88,1184.86
4599,20230920,5,122,2,24,F091-7552,8,890.35,7122.8,1000.04,6122.76,3957.66,2165.1,1102.1
4600,20240419,4,113,10,14,F935-8360,5,2184.95,10924.75,1300.05,9624.7,6427.68,3197.02,1732.45
4601,20230709,36,66,1,15,F756-9899,4,84.46,337.84,46.89,290.95,144.87,146.08,52.37
4602,20230217,2,64,9,22,F534-1974,5,791.56,3957.8,472.96,3484.84,1728.65,1756.19,627.27
4603,20230731,37,71,6,23,F417-8190,2,132.7,265.4,5.84,259.56,163.68,95.88,46.72
4604,20240209,51,150,6,5,F275-9249,8,22.86,182.88,17.67,165.21,109.11,56.1,29.74
4605,20220802,26,25,8,14,F314-5425,2,89.48,178.96,19.06,159.9,94.92,64.98,28.78
4606,20250805,5,11,3,29,F157-3370,8,1037.4,8299.2,1588.47,6710.73,3847.53,2863.2,1207.93
4607,20231123,36,79,8,17,F895-2657,12,78.38,940.56,203.82,736.74,494.68,242.06,132.61
4608,20250909,29,39,1,20,F940-5789,3,46.96,140.88,10.0,130.88,67.79,63.09,23.56
4609,20241224,41,145,9,16,F803-3863,12,97.02,1164.24,46.8,1117.44,596.22,521.22,201.14
4610,20220924,24,44,10,20,F898-3116,8,449.22,3593.76,138.0,3455.76,1975.71,1480.05,622.04
4611,20220622,14,161,1,6,F717-4177,6,216.12,1296.72,199.82,1096.9,722.14,374.76,197.44
4612,20231206,2,171,7,7,F732-9936,10,876.19,8761.9,467.89,8294.01,4815.55,3478.46,1492.92
4613,20241204,52,69,3,22,F466-4071,13,10.18,132.34,11.18,121.16,71.09,50.07,21.81
4614,20231219,38,174,6,5,F728-3929,6,67.26,403.56,64.17,339.39,189.58,149.81,61.09
4615,20231221,39,104,3,26,F995-2549,12,115.22,1382.64,168.13,1214.51,743.65,470.86,218.61
4616,20240501,31,80,1,13,F646-2590,14,275.77,3860.78,191.88,3668.9,1933.27,1735.63,660.4
4617,20250613,4,200,1,4,F269-2183,7,2253.66,15775.62,1471.87,14303.75,7569.1,6734.65,2574.67
4618,20230504,6,88,3,28,F426-3470,12,3301.82,39621.84,1711.66,37910.18,24886.05,13024.13,6823.83
4619,20250821,26,56,4,12,F471-0527,14,80.91,1132.74,131.62,1001.12,564.55,436.57,180.2
4620,20250929,19,190,5,7,F278-4760,6,824.02,4944.12,395.04,4549.08,2835.53,1713.55,818.83
4621,20230603,60,148,5,10,F582-5447,2,17.11,34.22,0.79,33.43,18.32,15.11,6.02
4622,20250427,31,142,9,23,F307-2944,3,295.73,887.19,149.4,737.79,366.1,371.69,132.8
4623,20230102,55,94,2,6,F640-1823,5,2.07,10.35,0.86,9.49,5.51,3.98,1.71
4624,20230911,8,157,3,29,F258-6348,7,2719.54,19036.78,1144.11,17892.67,10345.97,7546.7,3220.68
4625,20220623,19,45,5,15,F746-3348,10,809.23,8092.3,1564.24,6528.06,4426.93,2101.13,1175.05
4626,20250201,21,127,6,25,F661-9338,15,594.78,8921.7,1220.49,7701.21,4510.31,3190.9,1386.22
4627,20230731,52,81,2,9,F378-1234,4,9.45,37.8,7.1,30.7,15.11,15.59,5.53
4628,20250128,52,46,4,2,F348-7628,14,10.18,142.52,8.72,133.8,87.86,45.94,24.08
4629,20241016,53,20,1,24,F516-1504,3,5.05,15.15,0.87,14.28,8.97,5.31,2.57
4630,20241216,9,123,9,21,F697-6291,5,2121.22,10606.1,2109.55,8496.55,4483.82,4012.73,1529.38
4631,20221007,11,19,5,21,F426-0218,12,138.94,1667.28,17.34,1649.94,1061.89,588.05,296.99
4632,20250129,28,7,7,26,F886-9748,12,246.44,2957.28,384.15,2573.13,1293.89,1279.24,463.16
4633,20250829,41,27,3,26,F879-1047,12,94.07,1128.84,110.74,1018.1,551.71,466.39,183.26
4634,20250807,34,99,6,1,F435-1271,10,2379.89,23798.9,5004.91,18793.99,11384.75,7409.24,3382.92
4635,20220328,55,27,2,29,F169-5218,8,2.12,16.96,0.31,16.65,9.93,6.72,3.0
4636,20240805,1,66,1,6,F933-7875,4,1128.59,4514.36,80.81,4433.55,2167.21,2266.34,798.04
4637,20251207,11,131,4,21,F137-1849,13,145.25,1888.25,257.93,1630.32,918.07,712.25,293.46
4638,20240713,60,192,10,18,F303-2311,9,17.19,154.71,13.31,141.4,70.13,71.27,25.45
4639,20220605,24,159,10,27,F652-7417,8,397.92,3183.36,433.26,2750.1,1739.64,1010.46,495.02
4640,20231104,33,18,5,3,F285-4419,3,1696.44,5089.32,36.13,5053.19,2487.84,2565.35,909.57
4641,20230116,9,126,3,8,F723-8737,1,2123.72,2123.72,299.87,1823.85,956.73,867.12,328.29
4642,20221206,59,44,9,23,F949-5277,12,6.85,82.2,17.71,64.49,38.42,26.07,11.61
4643,20240709,48,83,8,23,F448-3496,14,146.29,2048.06,270.14,1777.92,1015.89,762.03,320.03
4644,20220115,58,44,10,8,F030-5571,8,5.95,47.6,7.35,40.25,24.22,16.03,7.25
4645,20251210,21,165,9,28,F852-3424,10,626.17,6261.7,646.21,5615.49,3617.27,1998.22,1010.79
4646,20250304,25,26,1,12,F601-3579,1,1766.55,1766.55,182.31,1584.24,988.53,595.71,285.16
4647,20240407,39,198,5,27,F868-3767,11,119.5,1314.5,154.85,1159.65,630.03,529.62,208.74
4648,20230928,37,190,1,28,F137-8696,4,132.53,530.12,39.76,490.36,314.66,175.7,88.26
4649,20230807,23,99,7,23,F016-6868,11,352.66,3879.26,349.91,3529.35,2140.71,1388.64,635.28
4650,20250830,14,5,8,11,F866-1342,11,206.02,2266.22,233.42,2032.8,1348.66,684.14,365.9
4651,20250530,52,100,3,22,F141-6221,1,9.55,9.55,0.19,9.36,5.04,4.32,1.68
4652,20221024,20,34,5,12,F597-4807,5,254.61,1273.05,256.26,1016.79,595.11,421.68,183.02
4653,20240225,4,104,6,8,F345-2581,13,2122.67,27594.71,3681.13,23913.58,12598.31,11315.27,4304.44
4654,20241028,52,187,10,11,F039-7328,4,9.73,38.92,4.03,34.89,19.91,14.98,6.28
4655,20230104,47,199,6,15,F918-3662,15,401.47,6022.05,903.31,5118.74,2828.13,2290.61,921.37
4656,20240127,32,187,6,24,F943-2535,5,461.95,2309.75,284.56,2025.19,1275.66,749.53,364.53
4657,20221211,22,191,9,27,F298-6870,3,802.74,2408.22,499.71,1908.51,1274.2,634.31,343.53
4658,20251017,30,126,6,25,F174-2586,14,130.91,1832.74,258.05,1574.69,781.77,792.92,283.44
4659,20240313,55,71,10,22,F780-7015,13,2.02,26.26,3.67,22.59,11.63,10.96,4.07
4660,20241212,21,66,10,30,F578-0865,4,667.92,2671.68,462.2,2209.48,1236.16,973.32,397.71
4661,20221112,10,10,8,1,F061-9180,4,2847.87,11391.48,1666.57,9724.91,5328.12,4396.79,1750.48
4662,20231229,17,33,5,5,F425-9245,6,554.01,3324.06,417.17,2906.89,1443.07,1463.82,523.24
4663,20251020,48,140,6,3,F725-3305,15,139.22,2088.3,147.02,1941.28,1256.85,684.43,349.43
4664,20220726,44,86,3,20,F292-6836,14,123.77,1732.78,183.85,1548.93,962.02,586.91,278.81
4665,20240630,5,70,1,17,F363-2306,12,932.16,11185.92,1069.37,10116.55,5195.01,4921.54,1820.98
4666,20250606,2,20,2,17,F614-8163,4,804.54,3218.16,144.82,3073.34,2019.27,1054.07,553.2
4667,20231103,34,98,6,20,F915-3090,8,2216.98,17735.84,562.23,17173.61,8860.07,8313.54,3091.25
4668,20250118,43,157,2,16,F088-6302,9,164.17,1477.53,13.3,1464.23,732.82,731.41,263.56
4669,20250207,4,174,4,2,F517-6123,4,2306.1,9224.4,1999.85,7224.55,4534.11,2690.44,1300.42
4670,20221006,19,168,7,2,F681-2962,9,824.84,7423.56,1061.57,6361.99,3371.6,2990.39,1145.16
4671,20230218,44,121,9,18,F050-2595,10,105.04,1050.4,212.18,838.22,416.96,421.26,150.88
4672,20220201,44,125,7,16,F963-7499,1,123.1,123.1,15.72,107.38,71.51,35.87,19.33
4673,20250508,51,117,7,10,F366-5712,4,21.96,87.84,16.49,71.35,39.13,32.22,12.84
4674,20230616,20,130,2,20,F339-4098,15,233.12,3496.8,44.76,3452.04,1829.72,1622.32,621.37
4675,20221002,13,13,3,13,F640-3348,12,93.15,1117.8,177.51,940.29,471.63,468.66,169.25
4676,20241225,37,159,3,7,F708-4088,4,139.1,556.4,28.77,527.63,258.47,269.16,94.97
4677,20230526,13,191,2,10,F998-8521,15,98.11,1471.65,26.64,1445.01,799.16,645.85,260.1
4678,20220805,21,97,5,1,F443-2272,13,608.23,7906.99,49.81,7857.18,3807.33,4049.85,1414.29
4679,20240723,52,28,6,21,F127-4866,1,10.66,10.66,0.9,9.76,5.23,4.53,1.76
4680,20240815,20,108,5,18,F251-4178,8,253.62,2028.96,194.98,1833.98,919.69,914.29,330.12
4681,20230524,43,117,4,2,F179-9555,12,161.65,1939.8,374.96,1564.84,1030.13,534.71,281.67
4682,20241101,19,44,6,6,F683-0551,10,790.43,7904.3,569.11,7335.19,4222.11,3113.08,1320.33
4683,20230626,11,159,4,15,F474-1830,13,136.92,1779.96,303.48,1476.48,815.38,661.1,265.77
4684,20230903,11,197,9,20,F916-1387,3,140.6,421.8,49.81,371.99,218.04,153.95,66.96
4685,20240529,38,77,10,12,F975-1353,14,68.58,960.12,151.7,808.42,542.24,266.18,145.52
4686,20220726,25,181,10,9,F322-6449,6,1840.46,11042.76,1518.38,9524.38,4699.75,4824.63,1714.39
4687,20250216,43,37,4,27,F599-0097,5,187.94,939.7,89.46,850.24,538.62,311.62,153.04
4688,20240903,2,189,9,13,F508-8821,6,784.33,4705.98,176.0,4529.98,2965.35,1564.63,815.4
4689,20241010,24,129,10,16,F781-7997,8,420.33,3362.64,658.74,2703.9,1723.72,980.18,486.7
4690,20230408,39,78,7,15,F962-0713,13,128.6,1671.8,16.55,1655.25,1090.24,565.01,297.94
4691,20241014,48,37,6,29,F046-2101,11,154.76,1702.36,282.25,1420.11,801.94,618.17,255.62
4692,20230401,59,171,2,15,F496-0532,1,6.95,6.95,0.09,6.86,4.24,2.62,1.23
4693,20220203,54,11,4,4,F424-1602,4,5.14,20.56,1.22,19.34,12.57,6.77,3.48
4694,20240706,15,33,2,13,F907-4395,1,167.79,167.79,27.55,140.24,83.79,56.45,25.24
4695,20230309,23,166,3,23,F515-3297,14,335.68,4699.52,183.28,4516.24,2479.7,2036.54,812.92
4696,20220703,56,129,6,30,F093-5818,9,5.23,47.07,7.81,39.26,22.69,16.57,7.07
4697,20250813,44,131,2,12,F368-7670,15,105.78,1586.7,308.77,1277.93,746.58,531.35,230.03
4698,20220530,8,21,7,14,F574-9540,6,2593.12,15558.72,2861.25,12697.47,7814.89,4882.58,2285.54
4699,20250504,58,192,4,13,F257-6674,1,5.49,5.49,0.68,4.81,2.71,2.1,0.87
4700,20231223,41,179,7,4,F885-1176,10,87.36,873.6,169.65,703.95,382.05,321.9,126.71
4701,20230916,15,34,5,30,F381-1223,6,154.67,928.02,84.82,843.2,436.42,406.78,151.78
4702,20220720,33,33,2,5,F657-7040,7,1492.77,10449.39,1394.99,9054.4,4468.12,4586.28,1629.79
4703,20221127,58,195,7,19,F498-9068,14,5.76,80.64,13.11,67.53,36.63,30.9,12.16
4704,20220111,20,156,7,24,F203-1398,10,241.37,2413.7,400.19,2013.51,1170.84,842.67,362.43
4705,20250829,37,161,1,9,F726-3357,4,141.88,567.52,7.32,560.2,287.05,273.15,100.84
4706,20230705,25,89,10,24,F081-6914,14,1806.51,25291.14,5503.35,19787.79,10212.21,9575.58,3561.8
4707,20220619,17,73,7,19,F939-0164,1,495.55,495.55,102.63,392.92,199.14,193.78,70.73
4708,20231021,8,24,10,27,F515-6968,4,2502.67,10010.68,2143.29,7867.39,4961.41,2905.98,1416.13
4709,20241109,16,93,6,8,F832-6363,11,315.62,3471.82,497.51,2974.31,1925.48,1048.83,535.38
4710,20221120,1,49,6,14,F482-3377,3,1188.31,3564.93,136.18,3428.75,1654.08,1774.67,617.17
4711,20231004,42,188,5,6,F785-9962,8,129.68,1037.44,103.85,933.59,521.24,412.35,168.05
4712,20230603,34,3,1,7,F876-2611,2,2144.04,4288.08,1.72,4286.36,2312.89,1973.47,771.54
4713,20241129,31,135,3,23,F456-4991,4,273.45,1093.8,181.02,912.78,494.46,418.32,164.3
4714,20240618,56,33,4,26,F350-6770,7,5.79,40.53,1.84,38.69,24.71,13.98,6.96
4715,20220521,6,63,9,1,F704-7034,9,3148.08,28332.72,4303.74,24028.98,12260.77,11768.21,4325.22
4716,20220906,55,171,7,5,F678-1100,12,2.14,25.68,4.07,21.61,11.8,9.81,3.89
4717,20230115,36,17,2,4,F672-2681,15,83.39,1250.85,178.75,1072.1,657.12,414.98,192.98
4718,20241017,33,54,7,14,F395-6443,8,1664.76,13318.08,1419.71,11898.37,7145.91,4752.46,2141.71
4719,20231113,15,45,9,3,F666-4035,12,159.99,1919.88,396.46,1523.42,823.78,699.64,274.22
4720,20221014,11,87,1,7,F206-8051,14,141.61,1982.54,142.35,1840.19,1072.99,767.2,331.23
4721,20230624,40,8,4,16,F370-3584,3,176.79,530.37,77.91,452.46,271.59,180.87,81.44
4722,20251115,23,52,3,23,F257-5619,4,344.67,1378.68,202.11,1176.57,590.09,586.48,211.78
4723,20230720,9,116,2,19,F647-5609,8,2353.54,18828.32,3946.42,14881.9,8125.58,6756.32,2678.74
4724,20241215,4,95,7,17,F466-9101,14,2239.15,31348.1,5404.41,25943.69,13747.69,12196.0,4669.86
4725,20220326,4,102,6,5,F291-4786,2,2105.62,4211.24,116.65,4094.59,2668.14,1426.45,737.03
4726,20250503,51,186,10,17,F244-8318,2,22.26,44.52,4.9,39.62,20.29,19.33,7.13
4727,20240509,33,84,2,9,F602-7649,15,1703.27,25549.05,22.99,25526.06,15892.74,9633.32,4594.69
4728,20231115,29,186,2,14,F878-5768,5,47.26,236.3,29.87,206.43,109.25,97.18,37.16
4729,20251204,29,43,3,23,F970-6337,6,46.57,279.42,8.47,270.95,178.95,92.0,48.77
4730,20230929,7,145,1,29,F878-2147,11,2964.94,32614.34,2351.49,30262.85,16153.67,14109.18,5447.31
4731,20220514,37,49,5,24,F879-5241,14,138.84,1943.76,112.74,1831.02,1164.05,666.97,329.58
4732,20231124,30,20,4,30,F556-8783,13,124.05,1612.65,350.11,1262.54,824.05,438.49,227.26
4733,20251027,55,9,10,28,F093-6022,11,2.0,22.0,1.65,20.35,12.93,7.42,3.66
4734,20220701,39,37,4,19,F714-5974,7,121.12,847.84,138.96,708.88,413.36,295.52,127.6
4735,20250822,60,30,10,25,F292-1425,13,19.06,247.78,10.26,237.52,152.35,85.17,42.75
4736,20250124,10,199,6,22,F236-6714,1,3161.6,3161.6,288.65,2872.95,1439.97,1432.98,517.13
4737,20231024,3,113,3,1,F685-2292,8,748.95,5991.6,705.21,5286.39,3589.72,1696.67,951.55
4738,20231010,2,55,9,18,F103-1093,15,877.36,13160.4,647.49,12512.91,7592.55,4920.36,2252.32
4739,20230427,11,123,7,8,F454-2686,15,131.41,1971.15,250.53,1720.62,972.81,747.81,309.71
4740,20231120,2,129,4,29,F385-5925,8,775.89,6207.12,305.39,5901.73,3746.83,2154.9,1062.31
4741,20240202,27,179,1,12,F416-5341,8,172.22,1377.76,194.13,1183.63,705.28,478.35,213.05
4742,20221014,32,105,8,16,F035-5205,14,456.61,6392.54,1212.03,5180.51,2687.43,2493.08,932.49
4743,20250929,17,101,5,24,F612-0093,8,519.62,4156.96,184.15,3972.81,2100.81,1872.0,715.11
4744,20230211,38,141,9,16,F765-3950,6,71.82,430.92,25.64,405.28,229.04,176.24,72.95
4745,20240502,46,110,9,4,F060-2636,13,296.72,3857.36,300.1,3557.26,2396.25,1161.01,640.31
4746,20220127,22,46,7,27,F904-6875,2,823.57,1647.14,49.58,1597.56,955.28,642.28,287.56
4747,20221220,9,176,1,19,F336-8449,8,2146.71,17173.68,2936.7,14236.98,9380.99,4855.99,2562.66
4748,20240116,4,32,6,20,F807-7649,14,2049.46,28692.44,570.98,28121.46,15151.17,12970.29,5061.86
4749,20250414,50,172,1,29,F948-0573,1,89.42,89.42,0.5,88.92,58.98,29.94,16.01
4750,20250618,29,113,4,21,F317-8129,9,44.87,403.83,83.35,320.48,170.34,150.14,57.69
4751,20231216,19,147,1,18,F619-4527,7,819.2,5734.4,950.19,4784.21,2518.39,2265.82,861.16
4752,20220527,7,97,8,3,F537-3589,10,2654.94,26549.4,3100.97,23448.43,15693.17,7755.26,4220.72
4753,20251213,10,170,9,21,F260-2870,1,2874.51,2874.51,221.34,2653.17,1340.3,1312.87,477.57
4754,20230810,23,168,1,7,F774-5790,2,344.51,689.02,13.09,675.93,446.52,229.41,121.67
4755,20251012,39,170,10,10,F065-2973,12,120.1,1441.2,4.61,1436.59,773.98,662.61,258.59
4756,20221206,21,10,4,25,F791-2286,10,633.43,6334.3,870.97,5463.33,3518.86,1944.47,983.4
4757,20231104,16,120,7,28,F441-0595,12,320.72,3848.64,379.09,3469.55,1955.95,1513.6,624.52
4758,20231016,41,82,2,29,F207-5075,3,93.64,280.92,52.0,228.92,133.85,95.07,41.21
4759,20231229,2,141,4,18,F473-4699,10,840.6,8406.0,1131.45,7274.55,4908.54,2366.01,1309.42
4760,20241007,19,131,4,14,F245-2640,11,883.44,9717.84,415.92,9301.92,5447.29,3854.63,1674.35
4761,20240607,45,176,8,23,F009-2956,11,59.5,654.5,29.45,625.05,377.97,247.08,112.51
4762,20231029,25,121,2,12,F956-5062,4,1863.53,7454.12,836.35,6617.77,4337.89,2279.88,1191.2
4763,20240705,36,27,2,27,F482-8346,6,79.53,477.18,12.31,464.87,243.9,220.97,83.68
4764,20220813,27,116,8,3,F608-2238,8,159.24,1273.92,232.36,1041.56,584.52,457.04,187.48
4765,20230429,46,35,1,28,F234-0968,14,302.88,4240.32,620.36,3619.96,2137.71,1482.25,651.59
4766,20241218,59,9,6,17,F640-3043,8,6.53,52.24,3.67,48.57,27.57,21.0,8.74
4767,20221106,16,113,8,17,F494-1815,1,327.53,327.53,15.07,312.46,150.79,161.67,56.24
4768,20230629,39,170,3,13,F332-5597,3,132.64,397.92,23.32,374.6,224.54,150.06,67.43
4769,20250226,49,148,7,16,F971-4240,2,276.98,553.96,23.1,530.86,297.8,233.06,95.55
4770,20221012,45,116,6,25,F182-5824,12,55.57,666.84,109.3,557.54,302.9,254.64,100.36
4771,20220621,29,133,9,5,F877-5295,13,49.11,638.43,41.75,596.68,383.17,213.51,107.4
4772,20221104,9,13,2,27,F534-5986,11,2304.64,25351.04,4705.15,20645.89,12402.17,8243.72,3716.26
4773,20230814,7,111,8,29,F256-3805,2,2926.61,5853.22,1054.75,4798.47,2605.26,2193.21,863.72
4774,20240312,35,189,7,16,F038-6034,2,409.77,819.54,57.61,761.93,430.92,331.01,137.15
4775,20250127,4,3,10,18,F208-8258,13,2182.23,28368.99,5401.46,22967.53,15571.55,7395.98,4134.16
4776,20240529,48,112,6,23,F062-2908,2,136.43,272.86,51.6,221.26,116.09,105.17,39.83
4777,20251013,49,161,5,24,F764-5638,9,258.89,2330.01,488.6,1841.41,902.89,938.52,331.45
4778,20220427,25,148,3,8,F308-5892,4,1690.85,6763.4,1270.84,5492.56,3490.44,2002.12,988.66
4779,20250225,9,82,6,24,F482-8692,6,2132.12,12792.72,1272.88,11519.84,6310.57,5209.27,2073.57
4780,20221018,41,164,4,26,F171-4413,4,89.37,357.48,42.11,315.37,151.85,163.52,56.77
4781,20221106,44,29,9,24,F688-6385,15,119.67,1795.05,57.44,1737.61,864.87,872.74,312.77
4782,20250222,50,97,10,30,F474-4112,15,80.75,1211.25,183.38,1027.87,680.3,347.57,185.02
4783,20251031,31,56,8,1,F215-9118,13,284.37,3696.81,146.39,3550.42,2337.79,1212.63,639.08
4784,20241106,23,193,3,14,F540-1573,5,345.77,1728.85,178.59,1550.26,978.97,571.29,279.05
4785,20251128,37,40,3,24,F586-4597,4,156.22,624.88,126.23,498.65,318.79,179.86,89.76
4786,20231123,6,180,4,5,F523-0016,12,3538.27,42459.24,8997.11,33462.13,22306.92,11155.21,6023.18
4787,20250528,56,176,10,9,F889-1554,14,6.03,84.42,7.28,77.14,42.4,34.74,13.89
4788,20240802,59,139,10,6,F326-8828,5,6.95,34.75,2.61,32.14,17.22,14.92,5.79
4789,20250209,58,197,1,2,F912-3806,15,5.72,85.8,17.3,68.5,34.05,34.45,12.33
4790,20241109,23,130,3,14,F487-3126,1,330.99,330.99,14.8,316.19,209.62,106.57,56.91
4791,20220820,21,115,10,27,F774-8957,14,644.79,9027.06,1215.94,7811.12,4231.05,3580.07,1406.0
4792,20250709,25,150,7,21,F143-1514,2,1740.37,3480.74,326.84,3153.9,2014.21,1139.69,567.7
4793,20220209,13,107,3,28,F553-6682,12,89.61,1075.32,187.75,887.57,436.63,450.94,159.76
4794,20230825,59,77,8,13,F052-8583,7,6.99,48.93,3.15,45.78,27.7,18.08,8.24
4795,20251203,53,44,6,18,F450-2902,9,5.04,45.36,1.75,43.61,21.11,22.5,7.85
4796,20240208,34,171,4,13,F215-1279,11,2256.83,24825.13,3495.38,21329.75,11923.59,9406.16,3839.36
4797,20250518,26,11,2,16,F162-6458,1,81.38,81.38,15.25,66.13,35.62,30.51,11.9
4798,20251224,58,180,7,10,F624-0805,13,5.34,69.42,0.22,69.2,46.29,22.91,12.46
4799,20240719,33,73,10,3,F647-1480,5,1682.5,8412.5,1448.63,6963.87,4272.32,2691.55,1253.5
4800,20251227,28,57,1,8,F966-1557,4,263.45,1053.8,58.91,994.89,607.28,387.61,179.08
4801,20240414,4,197,7,14,F184-2355,12,2201.78,26421.36,568.06,25853.3,14540.15,11313.15,4653.59
4802,20250811,34,193,1,18,F651-5428,14,2130.25,29823.5,2087.64,27735.86,13714.66,14021.2,4992.45
4803,20250625,30,42,10,12,F078-1706,15,127.01,1905.15,357.79,1547.36,859.83,687.53,278.52
4804,20241023,41,98,7,24,F045-0986,5,87.15,435.75,50.55,385.2,191.04,194.16,69.34
4805,20250628,12,5,2,15,F269-5497,15,194.15,2912.25,3.79,2908.46,1639.7,1268.76,523.52
4806,20221209,13,185,7,29,F841-2198,11,95.72,1052.92,144.57,908.35,601.15,307.2,163.5
4807,20231013,58,161,8,18,F558-4717,2,5.51,11.02,2.34,8.68,4.89,3.79,1.56
4808,20250607,21,38,2,14,F358-0918,14,679.99,9519.86,1947.76,7572.1,4919.4,2652.7,1362.98
4809,20240928,56,199,9,19,F200-5678,11,5.28,58.08,3.5,54.58,35.99,18.59,9.82
4810,20241230,18,18,1,22,F476-2811,14,753.67,10551.38,1939.34,8612.04,4927.66,3684.38,1550.17
4811,20220216,40,7,6,21,F953-0499,1,192.57,192.57,7.16,185.41,113.52,71.89,33.37
4812,20250623,54,60,4,22,F204-2000,8,4.95,39.6,0.82,38.78,22.81,15.97,6.98
4813,20240823,32,92,5,24,F830-1082,5,453.43,2267.15,226.94,2040.21,1289.56,750.65,367.24
4814,20220519,11,75,10,6,F161-0095,13,145.38,1889.94,360.22,1529.72,946.9,582.82,275.35
4815,20220916,53,19,6,26,F670-2966,9,4.96,44.64,9.41,35.23,23.26,11.97,6.34
4816,20240320,4,29,8,28,F402-8971,14,2125.4,29755.6,6543.26,23212.34,12786.36,10425.98,4178.22
4817,20230331,1,43,6,2,F872-5368,14,1124.64,15744.96,546.35,15198.61,9141.29,6057.32,2735.75
4818,20221227,49,72,10,3,F238-9844,12,239.33,2871.96,144.17,2727.79,1698.02,1029.77,491.0
4819,20250801,19,44,6,2,F760-2759,4,818.38,3273.52,589.23,2684.29,1657.82,1026.47,483.17
4820,20241112,32,62,9,8,F518-4616,7,414.25,2899.75,519.35,2380.4,1517.9,862.5,428.47
4821,20220129,19,174,4,16,F658-6439,15,789.46,11841.9,2427.59,9414.31,6350.73,3063.58,1694.58
4822,20250704,23,188,9,25,F365-8595,10,322.36,3223.6,414.23,2809.37,1497.97,1311.4,505.69
4823,20231221,2,25,5,18,F422-4028,1,774.7,774.7,89.09,685.61,416.93,268.68,123.41
4824,20251217,54,6,6,2,F773-4463,11,4.69,51.59,0.53,51.06,27.77,23.29,9.19
4825,20230514,60,150,1,27,F323-1932,14,18.79,263.06,28.67,234.39,117.47,116.92,42.19
4826,20251210,36,16,10,2,F495-4148,4,80.22,320.88,32.95,287.93,148.02,139.91,51.83
4827,20250514,19,178,2,16,F128-7937,10,821.18,8211.8,1248.19,6963.61,4133.6,2830.01,1253.45
4828,20250619,17,92,7,17,F696-8260,1,562.83,562.83,3.66,559.17,347.81,211.36,100.65
4829,20220722,45,125,4,16,F301-4557,9,54.7,492.3,42.88,449.42,276.32,173.1,80.9
4830,20250604,39,57,7,13,F748-0952,7,121.82,852.74,177.37,675.37,383.95,291.42,121.57
4831,20240818,50,38,1,18,F109-8901,15,82.74,1241.1,217.07,1024.03,545.46,478.57,184.33
4832,20250312,1,40,6,27,F879-2176,9,1140.09,10260.81,1341.09,8919.72,5175.35,3744.37,1605.55
4833,20240308,51,56,10,8,F793-5981,10,22.23,222.3,30.57,191.73,92.21,99.52,34.51
4834,20220720,8,85,8,15,F383-2170,3,2464.8,7394.4,644.05,6750.35,4285.33,2465.02,1215.06
4835,20230926,45,14,4,22,F759-1617,7,61.13,427.91,52.76,375.15,251.14,124.01,67.53
4836,20240107,28,39,5,27,F664-9069,8,236.56,1892.48,217.82,1674.66,957.88,716.78,301.44
4837,20220715,5,41,10,27,F901-8441,4,921.32,3685.28,395.06,3290.22,2162.6,1127.62,592.24
4838,20240927,15,196,6,8,F614-6008,4,170.44,681.76,1.7,680.06,456.5,223.56,122.41
4839,20250823,9,168,9,12,F193-2963,15,2312.53,34687.95,6479.71,28208.24,13775.59,14432.65,5077.48
4840,20240401,39,181,1,3,F087-4161,14,131.19,1836.66,189.18,1647.48,868.8,778.68,296.55
4841,20250909,40,85,5,24,F502-3305,8,202.51,1620.08,297.93,1322.15,715.17,606.98,237.99
4842,20250111,44,195,10,20,F041-9436,8,122.31,978.48,184.35,794.13,387.05,407.08,142.94
4843,20240226,27,100,6,19,F491-7385,2,171.48,342.96,45.51,297.45,164.47,132.98,53.54
4844,20231107,15,52,5,1,F352-7703,2,166.23,332.46,57.05,275.41,133.92,141.49,49.57
4845,20230428,14,149,2,30,F053-8502,7,226.54,1585.78,188.87,1396.91,907.69,489.22,251.44
4846,20230408,56,128,6,14,F640-4554,5,5.84,29.2,5.21,23.99,14.9,9.09,4.32
4847,20231016,57,27,9,22,F813-8295,8,2.29,18.32,3.45,14.87,9.85,5.02,2.68
4848,20220314,30,148,10,4,F397-5248,13,128.03,1664.39,24.97,1639.42,1022.64,616.78,295.1
4849,20251115,33,18,2,2,F271-8816,4,1580.8,6323.2,570.35,5752.85,3115.98,2636.87,1035.51
4850,20231216,55,29,3,13,F336-7817,9,1.97,17.73,3.58,14.15,7.98,6.17,2.55
4851,20230113,45,198,10,27,F121-2724,14,53.52,749.28,11.01,738.27,497.42,240.85,132.89
4852,20230816,55,131,6,30,F665-2697,9,2.02,18.18,2.49,15.69,10.19,5.5,2.82
4853,20220404,17,104,1,21,F543-4788,11,537.01,5907.11,756.7,5150.41,3115.5,2034.91,927.07
4854,20230613,7,86,6,7,F477-3718,6,2905.49,17432.94,2597.51,14835.43,8783.34,6052.09,2670.38
4855,20240320,4,53,2,17,F329-6037,5,2199.1,10995.5,518.99,10476.51,6912.82,3563.69,1885.77
4856,20250928,37,112,10,27,F262-4183,8,141.34,1130.72,5.43,1125.29,725.04,400.25,202.55
4857,20230214,36,1,1,2,F765-4453,14,89.06,1246.84,26.18,1220.66,768.95,451.71,219.72
4858,20221207,3,199,2,2,F745-6928,6,758.99,4553.94,411.22,4142.72,2111.96,2030.76,745.69
4859,20240222,20,125,3,19,F421-8587,1,260.14,260.14,25.44,234.7,159.21,75.49,42.25
4860,20230118,48,85,5,5,F465-3378,12,135.21,1622.52,200.54,1421.98,870.74,551.24,255.96
4861,20231229,48,190,10,5,F918-6142,10,137.89,1378.9,215.8,1163.1,692.21,470.89,209.36
4862,20240806,8,50,7,14,F647-5271,11,2639.24,29031.64,5873.1,23158.54,13341.36,9817.18,4168.54
4863,20250131,18,144,4,22,F496-1097,6,715.83,4294.98,480.61,3814.37,2468.52,1345.85,686.59
4864,20220618,59,191,3,12,F664-9669,12,6.41,76.92,5.46,71.46,48.22,23.24,12.86
4865,20230207,4,143,6,7,F732-6575,12,2232.72,26792.64,4753.01,22039.63,12604.86,9434.77,3967.13
4866,20240125,1,180,1,9,F063-2586,2,1262.16,2524.32,264.04,2260.28,1504.62,755.66,406.85
4867,20230503,23,52,2,14,F699-6502,13,329.49,4283.37,55.68,4227.69,2277.47,1950.22,760.98
4868,20231204,55,1,8,4,F160-7339,6,2.02,12.12,0.39,11.73,7.45,4.28,2.11
4869,20221214,37,111,4,24,F981-5338,12,156.27,1875.24,284.1,1591.14,796.39,794.75,286.41
4870,20251008,1,179,8,6,F584-9954,13,1186.27,15421.51,2581.56,12839.95,6621.43,6218.52,2311.19
4871,20251227,59,26,8,30,F737-6672,5,6.36,31.8,1.47,30.33,17.88,12.45,5.46
4872,20220426,30,113,1,5,F756-5698,15,122.24,1833.6,348.75,1484.85,964.61,520.24,267.27
4873,20221127,20,60,10,3,F327-8361,2,229.56,459.12,40.04,419.08,283.63,135.45,75.43
4874,20230926,20,108,1,27,F290-6291,5,261.26,1306.3,254.6,1051.7,531.34,520.36,189.31
4875,20241207,52,12,4,14,F636-0352,15,10.07,151.05,17.02,134.03,90.63,43.4,24.13
4876,20241212,26,90,1,22,F833-3028,2,88.82,177.64,12.52,165.12,105.53,59.59,29.72
4877,20250724,26,121,4,3,F886-2213,4,92.09,368.36,20.85,347.51,215.57,131.94,62.55
4878,20230919,10,111,7,15,F446-6652,11,3246.36,35709.96,435.66,35274.3,22673.9,12600.4,6349.37
4879,20250419,21,46,5,6,F643-1867,1,602.73,602.73,43.03,559.7,351.03,208.67,100.75
4880,20230421,45,180,3,17,F764-7117,10,60.57,605.7,37.01,568.69,311.07,257.62,102.36
4881,20250619,59,18,4,17,F033-5455,9,6.43,57.87,8.47,49.4,27.33,22.07,8.89
4882,20251117,29,114,9,25,F958-9177,2,44.99,89.98,4.43,85.55,54.34,31.21,15.4
4883,20240331,25,29,6,4,F031-7217,6,1720.35,10322.1,1889.98,8432.12,4272.36,4159.76,1517.78
4884,20250602,1,3,6,6,F638-6120,6,1309.94,7859.64,1150.65,6708.99,4537.66,2171.33,1207.62
4885,20240628,3,75,2,5,F791-3129,9,730.7,6576.3,712.87,5863.43,3750.07,2113.36,1055.42
4886,20250222,22,179,9,19,F445-2840,10,933.01,9330.1,1196.12,8133.98,5288.5,2845.48,1464.12
4887,20251031,60,103,4,11,F442-0409,9,19.63,176.67,15.44,161.23,82.24,78.99,29.02
4888,20250308,3,94,2,16,F820-9624,3,707.87,2123.61,156.3,1967.31,1080.38,886.93,354.12
4889,20250123,56,150,4,16,F899-8536,12,5.85,70.2,14.71,55.49,27.47,28.02,9.99
4890,20250318,17,117,4,9,F784-4116,4,537.99,2151.96,31.63,2120.33,1433.03,687.3,381.66
4891,20240401,52,160,8,14,F705-2614,9,10.79,97.11,13.81,83.3,51.13,32.17,14.99
4892,20230724,8,71,7,3,F328-2437,5,2374.32,11871.6,1088.63,10782.97,5368.15,5414.82,1940.93
4893,20251202,45,37,3,28,F692-4288,7,59.99,419.93,71.14,348.79,184.74,164.05,62.78
4894,20230607,58,25,1,4,F277-8652,8,6.07,48.56,0.42,48.14,29.62,18.52,8.67
4895,20231102,45,143,9,9,F045-9103,10,53.0,530.0,84.0,446.0,220.53,225.47,80.28
4896,20230727,39,78,9,22,F783-1957,11,132.81,1460.91,80.64,1380.27,786.05,594.22,248.45
4897,20251108,52,154,4,1,F746-0233,7,9.48,66.36,7.53,58.83,33.97,24.86,10.59
4898,20250310,34,156,1,11,F874-8321,6,2355.98,14135.88,1601.6,12534.28,8038.05,4496.23,2256.17
4899,20250925,3,183,1,11,F035-9059,5,728.71,3643.55,12.75,3630.8,1900.09,1730.71,653.54
4900,20241117,54,97,4,11,F981-8491,12,5.23,62.76,9.97,52.79,25.85,26.94,9.5
4901,20220422,47,10,3,4,F797-3866,7,396.78,2777.46,495.22,2282.24,1365.38,916.86,410.8
4902,20221021,5,6,3,21,F077-2634,12,895.63,10747.56,981.25,9766.31,5280.57,4485.74,1757.94
4903,20240719,59,109,5,5,F518-1881,5,7.51,37.55,7.48,30.07,20.22,9.85,5.41
4904,20251205,10,49,7,25,F163-0845,12,3198.88,38386.56,6141.85,32244.71,19127.45,13117.26,5804.05
4905,20250202,30,68,10,29,F707-5260,5,131.46,657.3,89.92,567.38,365.8,201.58,102.13
4906,20240629,39,39,1,8,F230-1295,3,115.16,345.48,29.54,315.94,206.12,109.82,56.87
4907,20230305,47,176,6,16,F733-1966,12,398.1,4777.2,454.79,4322.41,2435.46,1886.95,778.03
4908,20220218,49,132,2,7,F024-4677,6,255.91,1535.46,165.83,1369.63,893.17,476.46,246.53
4909,20220718,37,129,10,22,F772-6490,14,146.92,2056.88,25.92,2030.96,1070.37,960.59,365.57
4910,20241014,19,99,3,29,F742-9234,7,880.44,6163.08,366.7,5796.38,2828.01,2968.37,1043.35
4911,20230325,57,58,1,16,F152-4444,13,2.34,30.42,5.94,24.48,15.51,8.97,4.41
4912,20251015,58,25,3,14,F102-3565,9,5.92,53.28,10.75,42.53,23.69,18.84,7.66
4913,20230510,43,93,8,9,F329-8915,6,183.88,1103.28,197.71,905.57,603.55,302.02,163.0
4914,20231110,26,130,4,19,F252-5117,12,80.11,961.32,2.79,958.53,522.0,436.53,172.54
4915,20240410,57,72,3,22,F655-7764,9,2.61,23.49,1.13,22.36,11.95,10.41,4.02
4916,20241024,33,151,3,1,F444-6277,10,1599.81,15998.1,1921.37,14076.73,8192.51,5884.22,2533.81
4917,20231101,24,154,7,26,F146-7512,4,424.19,1696.76,66.34,1630.42,999.22,631.2,293.48
4918,20220813,28,22,3,16,F349-3780,3,258.23,774.69,40.9,733.79,431.3,302.49,132.08
4919,20251212,58,181,6,11,F651-7706,9,5.45,49.05,2.22,46.83,29.4,17.43,8.43
4920,20231118,54,35,9,1,F091-7445,12,5.07,60.84,10.43,50.41,24.53,25.88,9.07
4921,20240730,32,93,1,5,F767-6334,1,401.28,401.28,37.12,364.16,215.88,148.28,65.55
4922,20250730,43,94,4,9,F098-4619,5,180.6,903.0,53.1,849.9,445.89,404.01,152.98
4923,20231218,45,62,2,27,F542-7065,2,54.39,108.78,0.73,108.05,56.55,51.5,19.45
4924,20251101,54,164,1,29,F435-6915,7,5.16,36.12,7.68,28.44,18.52,9.92,5.12
4925,20250524,41,163,3,25,F053-1599,12,95.31,1143.72,64.62,1079.1,622.01,457.09,194.24
4926,20220625,6,131,5,8,F760-7673,1,3472.82,3472.82,225.73,3247.09,1916.63,1330.46,584.48
4927,20231018,55,140,8,16,F729-7794,7,2.05,14.35,0.06,14.29,7.1,7.19,2.57
4928,20231105,51,192,5,5,F137-5317,6,22.57,135.42,19.2,116.22,60.16,56.06,20.92
4929,20241207,14,93,8,16,F462-2974,10,214.74,2147.4,61.2,2086.2,1111.39,974.81,375.52
4930,20220321,30,43,2,22,F824-8539,6,123.52,741.12,72.7,668.42,366.17,302.25,120.32
4931,20241104,34,73,9,10,F443-0571,3,2365.98,7097.94,145.51,6952.43,4638.22,2314.21,1251.44
4932,20230630,15,102,9,16,F556-8283,4,169.15,676.6,79.09,597.51,356.41,241.1,107.55
4933,20251023,56,171,5,15,F340-9632,13,5.4,70.2,12.1,58.1,36.7,21.4,10.46
4934,20240521,50,80,8,25,F487-0918,6,86.8,520.8,75.98,444.82,283.94,160.88,80.07
4935,20221117,57,175,10,6,F539-5577,12,2.36,28.32,5.93,22.39,14.46,7.93,4.03
4936,20240428,16,82,5,14,F084-6877,11,296.84,3265.24,39.18,3226.06,2187.77,1038.29,580.69
4937,20231229,46,106,8,21,F464-8608,11,296.93,3266.23,340.67,2925.56,1960.27,965.29,526.6
4938,20231213,43,112,4,23,F425-1285,9,181.65,1634.85,357.38,1277.47,758.69,518.78,229.94
4939,20220618,56,200,6,26,F600-2213,10,5.33,53.3,3.82,49.48,30.86,18.62,8.91
4940,20220103,46,113,3,8,F976-5443,2,312.55,625.1,97.95,527.15,288.38,238.77,94.89
4941,20250410,41,125,10,14,F141-6571,10,87.99,879.9,54.38,825.52,431.54,393.98,148.59
4942,20250607,44,91,5,25,F983-9220,15,108.7,1630.5,280.45,1350.05,750.38,599.67,243.01
4943,20221208,40,123,9,21,F647-2519,11,204.82,2253.02,230.26,2022.76,1005.67,1017.09,364.1
4944,20230812,52,166,2,1,F808-0495,3,10.78,32.34,0.15,32.19,18.99,13.2,5.79
4945,20251007,7,107,10,2,F405-2986,3,2916.97,8750.91,971.35,7779.56,4368.69,3410.87,1400.32
4946,20221113,21,65,10,25,F773-0701,8,580.59,4644.72,330.24,4314.48,2364.5,1949.98,776.61
4947,20250510,37,172,1,22,F524-0130,8,148.83,1190.64,25.72,1164.92,721.62,443.3,209.69
4948,20240115,1,124,3,9,F161-2859,11,1250.55,13756.05,2844.75,10911.3,6360.95,4550.35,1964.03
4949,20250207,31,185,10,13,F434-5728,15,306.72,4600.8,648.71,3952.09,2589.86,1362.23,711.38
4950,20220110,46,12,6,4,F468-2037,10,296.63,2966.3,194.0,2772.3,1616.96,1155.34,499.01
4951,20230616,38,56,5,7,F778-3851,12,66.17,794.04,57.96,736.08,379.82,356.26,132.49
4952,20220430,21,175,8,16,F455-3485,7,596.72,4177.04,425.64,3751.4,2307.5,1443.9,675.25
4953,20230718,17,197,6,18,F875-7899,13,567.42,7376.46,1332.19,6044.27,3370.29,2673.98,1087.97
4954,20220713,21,166,10,15,F614-1510,11,576.43,6340.73,97.01,6243.72,3371.05,2872.67,1123.87
4955,20241220,17,176,3,28,F523-0489,15,483.21,7248.15,761.06,6487.09,3930.59,2556.5,1167.68
4956,20220310,51,124,5,13,F403-6756,11,21.76,239.36,52.2,187.16,112.16,75.0,33.69
4957,20240817,39,192,2,15,F123-2790,14,130.25,1823.5,268.24,1555.26,894.14,661.12,279.95
4958,20251224,19,63,1,7,F158-5706,6,898.39,5390.34,462.49,4927.85,2858.6,2069.25,887.01
4959,20220619,49,96,3,29,F372-5340,15,245.74,3686.1,802.1,2884.0,1913.33,970.67,519.12
4960,20231218,35,82,1,16,F993-9179,12,381.34,4576.08,895.54,3680.54,2127.07,1553.47,662.5
4961,20220101,49,177,4,21,F610-4875,1,241.0,241.0,35.07,205.93,106.09,99.84,37.07
4962,20240615,52,192,2,6,F697-6208,7,10.06,70.42,4.15,66.27,41.43,24.84,11.93
4963,20220701,6,169,7,22,F955-3876,12,3233.96,38807.52,5456.34,33351.18,20060.7,13290.48,6003.21
4964,20231119,7,113,6,13,F715-4885,7,2931.06,20517.42,794.02,19723.4,13262.29,6461.11,3550.21
4965,20250505,17,17,10,27,F345-6443,14,503.93,7055.02,1183.13,5871.89,3503.25,2368.64,1056.94
4966,20250815,57,101,4,13,F149-1936,4,2.62,10.48,2.3,8.18,4.03,4.15,1.47
4967,20221229,51,15,8,17,F474-0909,6,24.01,144.06,21.51,122.55,68.35,54.2,22.06
4968,20220404,56,190,6,25,F885-3202,15,5.4,81.0,8.93,72.07,35.9,36.17,12.97
4969,20240216,56,172,4,20,F426-5979,12,6.02,72.24,7.57,64.67,39.21,25.46,11.64
4970,20250724,60,153,6,19,F768-8915,15,17.15,257.25,35.58,221.67,113.64,108.03,39.9
4971,20220305,26,77,9,19,F599-0606,8,84.99,679.92,104.23,575.69,314.86,260.83,103.62
4972,20240407,31,99,10,25,F616-1575,3,267.65,802.95,122.45,680.5,451.84,228.66,122.49
4973,20251129,21,123,1,2,F673-2086,9,603.39,5430.51,218.85,5211.66,3358.49,1853.17,938.1
4974,20230302,37,33,7,17,F586-3196,13,137.38,1785.94,273.25,1512.69,757.82,754.87,272.28
4975,20250720,31,112,9,28,F549-4705,7,304.57,2131.99,9.17,2122.82,1046.27,1076.55,382.11
4976,20240222,5,156,2,17,F273-2831,8,940.21,7521.68,138.4,7383.28,3743.92,3639.36,1328.99
4977,20220213,45,106,2,16,F447-5974,6,58.19,349.14,4.85,344.29,205.92,138.37,61.97
4978,20250801,22,93,3,23,F560-5295,3,876.4,2629.2,89.66,2539.54,1570.82,968.72,457.12
4979,20220122,36,50,1,26,F683-2480,1,85.74,85.74,16.4,69.34,45.74,23.6,12.48
4980,20220828,50,58,4,12,F974-2355,13,80.56,1047.28,200.34,846.94,436.57,410.37,152.45
4981,20240714,35,186,4,12,F823-9808,9,409.04,3681.36,495.88,3185.48,1595.21,1590.27,573.39
4982,20240629,42,171,5,28,F756-8173,8,122.51,980.08,203.37,776.71,436.59,340.12,139.81
4983,20240612,18,176,3,29,F533-4021,11,711.63,7827.93,619.97,7207.96,3508.59,3699.37,1297.43
4984,20220806,7,91,1,17,F560-0805,15,2924.78,43871.7,9313.96,34557.74,23490.35,11067.39,6220.39
4985,20240412,60,90,1,24,F694-5545,6,18.37,110.22,9.78,100.44,54.45,45.99,18.08
4986,20250513,35,1,9,29,F658-9111,1,358.66,358.66,25.25,333.41,160.74,172.67,60.01
4987,20230828,57,67,5,16,F446-1301,7,2.49,17.43,1.87,15.56,9.0,6.56,2.8
4988,20250405,38,110,7,7,F850-6294,9,63.21,568.89,101.55,467.34,292.54,174.8,84.12
4989,20220613,51,57,4,10,F837-7278,7,22.62,158.34,26.57,131.77,69.63,62.14,23.72
4990,20251230,29,123,10,29,F882-2424,10,45.42,454.2,40.83,413.37,217.34,196.03,74.41
4991,20221110,10,44,9,4,F631-1217,15,3246.49,48697.35,7416.61,41280.74,27409.4,13871.34,7430.53
4992,20251217,23,164,8,8,F296-5132,4,307.15,1228.6,131.09,1097.51,572.18,525.33,197.55
4993,20240625,4,82,1,9,F485-2140,3,2055.92,6167.76,156.66,6011.1,3233.72,2777.38,1082.0
4994,20230326,49,145,7,6,F610-1246,10,255.78,2557.8,269.08,2288.72,1514.74,773.98,411.97
4995,20231212,18,105,7,1,F586-8727,10,704.37,7043.7,754.38,6289.32,3316.03,2973.29,1132.08
4996,20220310,49,24,8,25,F306-7942,6,270.63,1623.78,207.36,1416.42,851.69,564.73,254.96
4997,20221001,47,166,9,17,F359-8585,7,357.65,2503.55,201.04,2302.51,1387.95,914.56,414.45
4998,20231213,29,89,6,15,F120-4010,9,49.84,448.56,73.79,374.77,231.08,143.69,67.46
4999,20230803,8,68,10,30,F400-1058,10,2640.49,26404.9,3107.86,23297.04,15651.84,7645.2,4193.47
5000,20241102,59,123,5,16,F489-7920,14,6.87,96.18,11.95,84.23,43.48,40.75,15.16
5001,20231202,18,130,5,17,F467-7281,11,689.3,7582.3,263.11,7319.19,3720.5,3598.69,1317.45
5002,20250812,24,159,2,30,F562-9221,14,424.39,5941.46,95.06,5846.4,3808.58,2037.82,1052.35
5003,20230702,54,172,9,28,F997-3620,6,5.03,30.18,2.48,27.7,16.58,11.12,4.99
5004,20251109,9,8,1,11,F604-0202,14,2308.61,32320.54,4227.53,28093.01,17076.34,11016.67,5056.74
5005,20220809,21,83,9,12,F292-0532,12,602.75,7233.0,180.1,7052.9,3709.99,3342.91,1269.52
5006,20240224,21,48,5,14,F129-7690,2,651.59,1303.18,163.94,1139.24,610.01,529.23,205.06
5007,20240307,7,15,7,11,F243-3313,4,3034.43,12137.72,1628.88,10508.84,5563.3,4945.54,1891.59
5008,20221008,24,121,6,30,F929-9590,4,462.08,1848.32,356.54,1491.78,825.98,665.8,268.52
5009,20250404,43,129,3,24,F721-1967,10,174.0,1740.0,151.55,1588.45,1019.96,568.49,285.92
5010,20231128,39,196,6,21,F482-8262,1,122.37,122.37,14.15,108.22,64.07,44.15,19.48
5011,20240329,42,49,8,28,F962-6962,3,132.37,397.11,67.99,329.12,209.77,119.35,59.24
5012,20220830,16,165,9,24,F254-7166,15,292.17,4382.55,451.84,3930.71,2059.29,1871.42,707.53
5013,20241102,55,128,9,26,F334-5489,1,1.99,1.99,0.25,1.74,1.06,0.68,0.31
5014,20241110,1,72,6,22,F048-7270,13,1267.07,16471.91,200.96,16270.95,9901.15,6369.8,2928.77
5015,20230522,46,187,1,22,F084-0283,7,270.26,1891.82,65.46,1826.36,1099.39,726.97,328.74
5016,20241227,60,38,7,12,F152-7351,4,18.05,72.2,11.28,60.92,37.65,23.27,10.97
5017,20221001,34,160,5,22,F081-5755,5,2085.0,10425.0,885.08,9539.92,4609.12,4930.8,1717.19
5018,20220218,28,150,9,27,F790-7247,2,249.93,499.86,50.44,449.42,244.44,204.98,80.9
5019,20250517,11,152,9,15,F687-0562,11,138.16,1519.76,105.62,1414.14,704.4,709.74,254.55
5020,20250811,33,81,4,23,F564-0037,5,1639.29,8196.45,13.11,8183.34,4467.01,3716.33,1473.0
5021,20250417,24,37,7,17,F223-6078,7,410.07,2870.49,213.85,2656.64,1608.15,1048.49,478.2
5022,20251205,3,22,4,28,F047-6697,12,757.09,9085.08,1395.47,7689.61,3727.98,3961.63,1384.13
5023,20251115,39,28,6,13,F561-3971,3,122.63,367.89,5.26,362.63,183.38,179.25,65.27
5024,20221212,36,134,6,8,F461-9326,1,85.13,85.13,15.5,69.63,35.97,33.66,12.53
5025,20251201,57,186,10,6,F318-1384,13,2.55,33.15,1.13,32.02,17.22,14.8,5.76
5026,20220727,15,110,4,19,F037-8671,8,162.31,1298.48,68.95,1229.53,804.31,425.22,221.32
5027,20221007,24,129,4,28,F436-8453,1,435.63,435.63,39.12,396.51,211.01,185.5,71.37
5028,20250917,60,109,6,22,F424-0753,8,17.03,136.24,4.85,131.39,77.15,54.24,23.65
5029,20241223,60,145,6,15,F804-3990,8,17.91,143.28,11.71,131.57,87.73,43.84,23.68
5030,20240415,48,1,6,24,F776-7241,13,154.27,2005.51,144.4,1861.11,930.73,930.38,335.0
5031,20220118,31,11,3,11,F705-8736,3,308.88,926.64,72.09,854.55,412.22,442.33,153.82
5032,20251007,42,139,6,26,F334-8661,9,127.0,1143.0,137.85,1005.15,487.66,517.49,180.93
5033,20240831,29,93,8,21,F153-0762,6,44.38,266.28,28.39,237.89,128.08,109.81,42.82
5034,20221012,34,74,2,12,F061-7650,5,2031.44,10157.2,2103.56,8053.64,3892.19,4161.45,1449.66
5035,20221116,48,104,7,1,F536-1948,13,155.18,2017.34,134.56,1882.78,995.88,886.9,338.9
5036,20241211,28,94,7,14,F092-3785,14,261.67,3663.38,92.32,3571.06,1959.28,1611.78,642.79
5037,20221030,42,92,1,2,F043-5110,12,119.76,1437.12,87.09,1350.03,827.18,522.85,243.01
5038,20231111,22,36,3,21,F490-0379,1,875.48,875.48,182.8,692.68,409.2,283.48,124.68
5039,20230624,26,167,7,10,F622-5043,10,91.55,915.5,125.52,789.98,385.06,404.92,142.2
5040,20220225,40,167,9,2,F943-3691,7,183.31,1283.17,183.24,1099.93,690.56,409.37,197.99
5041,20230927,51,125,3,28,F169-4988,4,22.7,90.8,11.23,79.57,44.61,34.96,14.32
5042,20221214,24,10,9,24,F227-3862,9,419.94,3779.46,761.94,3017.52,1507.12,1510.4,543.15
5043,20220317,23,171,3,9,F279-6668,13,310.95,4042.35,687.2,3355.15,2195.06,1160.09,603.93
5044,20250816,26,187,1,9,F366-3469,11,88.95,978.45,130.72,847.73,537.53,310.2,152.59
5045,20220305,38,186,9,28,F779-8909,12,71.36,856.32,103.36,752.96,402.57,350.39,135.53
5046,20230130,52,27,5,1,F704-9427,8,10.55,84.4,11.73,72.67,47.12,25.55,13.08
5047,20220623,25,115,4,3,F510-0228,8,1661.54,13292.32,148.87,13143.45,7832.31,5311.14,2365.82
5048,20230316,38,137,9,4,F229-0292,2,66.6,133.2,26.01,107.19,72.24,34.95,19.29
5049,20221006,15,174,3,18,F099-5978,9,173.37,1560.33,100.95,1459.38,876.43,582.95,262.69
5050,20251221,4,99,3,12,F450-3796,5,1972.93,9864.65,706.31,9158.34,6094.84,3063.5,1648.5
5051,20240902,8,113,7,19,F513-7413,6,2355.51,14133.06,681.21,13451.85,6747.46,6704.39,2421.33
5052,20221104,26,150,6,30,F511-9575,14,80.93,1133.02,40.34,1092.68,689.68,403.0,196.68
5053,20230811,20,145,9,20,F803-7395,6,239.79,1438.74,11.8,1426.94,702.03,724.91,256.85
5054,20230617,8,87,8,4,F956-6952,4,2493.12,9972.48,1430.05,8542.43,4253.36,4289.07,1537.64
5055,20250828,3,22,5,27,F931-4137,3,772.93,2318.79,195.24,2123.55,1420.12,703.43,382.24
5056,20231215,29,68,2,12,F190-7048,7,43.85,306.95,22.5,284.45,184.79,99.66,51.2
5057,20251107,17,163,3,20,F925-6785,6,509.62,3057.72,458.96,2598.76,1507.4,1091.36,467.78
5058,20240908,48,169,10,26,F905-1877,12,146.22,1754.64,380.58,1374.06,730.16,643.9,247.33
5059,20220428,54,66,10,17,F497-7022,12,4.77,57.24,10.3,46.94,27.77,19.17,8.45
5060,20241109,9,114,4,20,F402-5330,4,2031.3,8125.2,1448.72,6676.48,4283.6,2392.88,1201.77
5061,20221005,48,107,1,23,F821-7961,15,135.29,2029.35,77.52,1951.83,1122.39,829.44,351.33
5062,20220403,19,196,5,1,F816-2792,2,882.05,1764.1,120.66,1643.44,874.81,768.63,295.82
5063,20250711,28,84,6,11,F395-1415,4,258.47,1033.88,80.13,953.75,511.67,442.08,171.67
5064,20220602,36,23,4,18,F262-2014,14,81.31,1138.34,236.55,901.79,562.69,339.1,162.32
5065,20240712,56,171,6,9,F953-2172,6,5.78,34.68,0.55,34.13,16.44,17.69,6.14
5066,20241231,56,87,1,12,F412-8867,6,6.06,36.36,6.18,30.18,19.72,10.46,5.43
5067,20221223,33,135,3,23,F014-7187,9,1630.14,14671.26,2919.58,11751.68,7162.02,4589.66,2115.3
5068,20231011,11,9,3,22,F634-3472,3,143.05,429.15,36.95,392.2,204.38,187.82,70.6
5069,20241016,32,105,8,6,F463-4055,2,435.54,871.08,140.51,730.57,386.94,343.63,131.5
5070,20220812,16,185,7,15,F299-7118,7,298.17,2087.19,57.61,2029.58,1155.71,873.87,365.32
5071,20240607,57,32,10,21,F865-4799,15,2.46,36.9,4.11,32.79,19.08,13.71,5.9
5072,20230704,49,76,10,22,F155-9424,8,254.32,2034.56,286.47,1748.09,999.14,748.95,314.66
5073,20241220,19,107,8,12,F653-8109,10,822.9,8229.0,351.38,7877.62,3896.15,3981.47,1417.97
5074,20241010,11,105,9,9,F727-9889,14,156.15,2186.1,349.99,1836.11,1206.13,629.98,330.5
5075,20240814,57,109,8,21,F514-3429,11,2.2,24.2,1.76,22.44,12.59,9.85,4.04
5076,20240321,49,183,4,28,F110-7925,4,245.26,981.04,16.29,964.75,486.9,477.85,173.66
5077,20221024,29,54,9,22,F547-3631,6,48.09,288.54,15.44,273.1,133.34,139.76,49.16
5078,20251004,13,187,2,17,F017-1727,11,90.48,995.28,69.87,925.41,624.24,301.17,166.57
5079,20231206,26,109,3,18,F060-1954,9,84.41,759.69,136.67,623.02,318.68,304.34,112.14
5080,20230918,56,158,6,7,F074-1808,9,5.69,51.21,5.96,45.25,27.99,17.26,8.14
5081,20230308,23,124,9,30,F097-5890,15,323.5,4852.5,713.32,4139.18,2186.29,1952.89,745.05
5082,20230919,32,22,1,22,F387-6985,13,413.9,5380.7,102.23,5278.47,2868.87,2409.6,950.12
5083,20221113,1,91,1,10,F407-0621,14,1205.31,16874.34,680.04,16194.3,10091.4,6102.9,2914.97
5084,20220505,10,127,9,21,F620-2160,11,3038.31,33421.41,1283.38,32138.03,16348.95,15789.08,5784.85
5085,20220223,10,179,3,28,F982-6984,6,3322.57,19935.42,458.51,19476.91,12394.41,7082.5,3505.84
5086,20250116,42,107,3,3,F062-8674,13,115.7,1504.1,256.9,1247.2,682.8,564.4,224.5
5087,20221219,19,149,8,30,F668-0290,6,787.33,4723.98,900.39,3823.59,2481.01,1342.58,688.25
5088,20231211,26,145,10,16,F658-5797,10,80.38,803.8,156.34,647.46,319.11,328.35,116.54
5089,20241221,12,96,1,18,F220-6861,7,194.19,1359.33,158.77,1200.56,676.73,523.83,216.1
5090,20220928,36,42,2,10,F043-7251,7,79.73,558.11,68.42,489.69,314.33,175.36,88.14
5091,20250209,15,117,2,30,F288-3239,4,162.25,649.0,7.72,641.28,395.79,245.49,115.43
5092,20241125,38,40,1,30,F054-5592,10,60.93,609.3,1.34,607.96,400.48,207.48,109.43
5093,20220903,55,11,8,1,F648-2905,11,2.13,23.43,2.02,21.41,11.98,9.43,3.85
5094,20230709,42,168,8,20,F536-8754,8,134.04,1072.32,67.34,1004.98,648.28,356.7,180.9
5095,20250407,54,59,9,4,F912-5410,3,5.04,15.12,0.21,14.91,7.66,7.25,2.68
5096,20240303,12,148,8,22,F696-2862,13,171.23,2225.99,404.68,1821.31,937.22,884.09,327.84
5097,20241229,50,174,4,18,F701-4846,1,83.28,83.28,2.06,81.22,48.61,32.61,14.62
5098,20221210,32,130,9,13,F807-5101,6,453.96,2723.76,174.87,2548.89,1550.18,998.71,458.8
5099,20240710,24,162,10,6,F755-4418,8,440.93,3527.44,423.65,3103.79,1525.47,1578.32,558.68
5100,20220815,49,134,4,16,F863-5741,7,256.32,1794.24,162.2,1632.04,978.78,653.26,293.77
5101,20250720,24,87,9,8,F553-8075,11,469.78,5167.58,415.47,4752.11,2297.23,2454.88,855.38
5102,20250723,24,9,10,19,F056-3085,14,398.07,5572.98,909.51,4663.47,2935.82,1727.65,839.42
5103,20251223,8,59,6,19,F724-8198,3,2483.2,7449.6,155.7,7293.9,4783.07,2510.83,1312.9
5104,20240710,1,96,7,19,F431-4336,4,1159.16,4636.64,241.11,4395.53,2818.58,1576.95,791.2
5105,20250618,2,159,4,30,F941-3421,2,763.79,1527.58,104.94,1422.64,691.69,730.95,256.08
5106,20230528,21,45,7,2,F704-9291,14,591.6,8282.4,1705.35,6577.05,3375.84,3201.21,1183.87
5107,20240505,14,99,7,27,F960-3715,7,195.6,1369.2,223.86,1145.34,579.65,565.69,206.16
5108,20241230,15,40,4,4,F008-1046,2,152.08,304.16,19.59,284.57,188.05,96.52,51.22
5109,20230327,31,76,6,15,F944-4097,8,267.48,2139.84,56.92,2082.92,1330.55,752.37,374.93
5110,20251210,3,93,1,18,F076-9798,2,701.71,1403.42,186.37,1217.05,739.2,477.85,219.07
5111,20240922,58,86,7,25,F452-3814,1,5.9,5.9,1.09,4.81,3.04,1.77,0.87
5112,20240322,41,154,6,3,F484-7082,13,93.15,1210.95,111.17,1099.78,577.57,522.21,197.96
5113,20231012,16,8,3,23,F191-8639,5,309.74,1548.7,37.32,1511.38,922.59,588.79,272.05
5114,20251209,51,107,6,24,F434-0356,8,23.1,184.8,40.42,144.38,70.87,73.51,25.99
5115,20251019,11,115,8,15,F295-1330,3,138.59,415.77,88.43,327.34,181.11,146.23,58.92
5116,20230415,43,87,4,5,F132-8127,1,166.68,166.68,13.47,153.21,76.16,77.05,27.58
5117,20230923,56,178,6,6,F404-2000,15,5.78,86.7,11.79,74.91,48.48,26.43,13.48
5118,20220107,21,135,10,26,F732-1890,15,629.26,9438.9,1085.47,8353.43,5184.37,3169.06,1503.62
5119,20251110,26,28,6,28,F981-1857,9,90.66,815.94,154.7,661.24,330.44,330.8,119.02
5120,20230721,6,75,9,10,F374-5003,3,3118.79,9356.37,1488.6,7867.77,3959.08,3908.69,1416.2
5121,20231013,27,114,2,30,F759-7700,2,170.9,341.8,68.84,272.96,182.08,90.88,49.13
5122,20221021,58,1,7,13,F612-5263,12,6.04,72.48,4.2,68.28,40.6,27.68,12.29
5123,20231223,20,122,1,7,F261-0122,6,257.42,1544.52,222.41,1322.11,778.13,543.98,237.98
5124,20230404,58,23,8,1,F397-1709,13,5.31,69.03,1.38,67.65,39.14,28.51,12.18
5125,20241105,14,116,4,18,F227-1483,1,216.93,216.93,5.4,211.53,129.97,81.56,38.08
5126,20240220,43,42,1,8,F988-5209,11,186.5,2051.5,373.78,1677.72,834.78,842.94,301.99
5127,20230509,31,4,1,3,F584-1046,6,292.96,1757.76,369.31,1388.45,783.61,604.84,249.92
5128,20251209,43,75,3,25,F409-0938,11,181.09,1991.99,407.56,1584.43,1049.19,535.24,285.2
5129,20251124,46,75,2,4,F432-4591,8,308.58,2468.64,300.43,2168.21,1456.72,711.49,390.28
5130,20221202,14,182,2,27,F126-4153,12,202.82,2433.84,92.49,2341.35,1573.57,767.78,421.44
5131,20240221,57,112,3,9,F932-8654,6,2.62,15.72,3.04,12.68,7.76,4.92,2.28
5132,20241104,10,76,3,24,F076-1299,14,2884.15,40378.1,553.18,39824.92,22504.5,17320.42,7168.49
5133,20221022,28,153,6,4,F643-5537,5,268.45,1342.25,118.25,1224.0,642.43,581.57,220.32
5134,20231013,40,82,3,3,F866-8115,5,180.15,900.75,182.22,718.53,405.62,312.91,129.34
5135,20240428,19,26,7,25,F887-4430,6,846.5,5079.0,210.27,4868.73,3238.13,1630.6,876.37
5136,20220327,38,166,5,4,F099-3493,1,70.02,70.02,6.62,63.4,40.31,23.09,11.41
5137,20250818,31,165,5,21,F436-3967,15,312.95,4694.25,674.56,4019.69,2678.2,1341.49,723.54
5138,20250120,41,154,1,21,F496-8775,11,88.89,977.79,2.54,975.25,564.94,410.31,175.54
5139,20241210,28,97,1,4,F571-8633,11,253.31,2786.41,459.48,2326.93,1327.69,999.24,418.85
5140,20231025,15,163,5,21,F291-8003,5,176.99,884.95,20.71,864.24,531.28,332.96,155.56
5141,20220128,20,96,10,16,F255-7079,4,254.58,1018.32,53.36,964.96,598.69,366.27,173.69
5142,20240207,49,198,6,5,F857-5945,1,264.29,264.29,5.44,258.85,146.33,112.52,46.59
5143,20221030,54,82,1,9,F005-9233,11,4.79,52.69,9.37,43.32,26.88,16.44,7.8
5144,20251219,14,84,10,13,F571-9377,2,210.36,420.72,84.4,336.32,169.21,167.11,60.54
5145,20220309,45,44,10,1,F336-5805,11,56.41,620.51,2.42,618.09,373.35,244.74,111.26
5146,20221027,3,18,9,9,F458-2512,8,735.39,5883.12,1193.1,4690.02,2394.88,2295.14,844.2
5147,20240810,25,156,10,21,F914-2817,1,1752.29,1752.29,152.97,1599.32,833.4,765.92,287.88
5148,20250712,19,69,1,26,F707-6247,11,793.95,8733.45,182.53,8550.92,5125.13,3425.79,1539.17
5149,20251013,12,7,9,18,F754-0884,9,190.09,1710.81,243.11,1467.7,966.47,501.23,264.19
5150,20230708,26,171,2,15,F960-9545,4,85.92,343.68,6.74,336.94,170.0,166.94,60.65
5151,20230709,22,42,4,8,F979-1333,15,883.23,13248.45,1616.31,11632.14,7394.57,4237.57,2093.79
5152,20220407,12,177,4,17,F872-5637,8,176.9,1415.2,155.11,1260.09,692.1,567.99,226.82
5153,20220208,49,180,2,9,F095-3105,2,277.51,555.02,51.84,503.18,310.87,192.31,90.57
5154,20240929,18,37,4,11,F667-8060,8,759.86,6078.88,872.93,5205.95,3013.79,2192.16,937.07
5155,20230727,15,26,5,24,F155-0195,14,168.82,2363.48,132.35,2231.13,1476.21,754.92,401.6
5156,20250113,39,124,5,4,F379-8327,1,119.06,119.06,11.5,107.56,56.76,50.8,19.36
5157,20231209,30,13,6,19,F140-5407,12,114.96,1379.52,187.06,1192.46,606.6,585.86,214.64
5158,20240316,15,197,10,12,F368-8969,15,176.08,2641.2,372.41,2268.79,1500.57,768.22,408.38
5159,20250529,32,102,5,22,F803-2985,13,432.86,5627.18,1198.03,4429.15,2663.58,1765.57,797.25
5160,20250602,32,134,2,14,F984-1171,10,411.21,4112.1,314.99,3797.11,1935.74,1861.37,683.48
5161,20250330,9,169,2,8,F672-3400,2,2250.97,4501.94,237.25,4264.69,2135.47,2129.22,767.64
5162,20230507,4,196,1,6,F890-4263,8,1975.08,15800.64,1140.81,14659.83,8130.21,6529.62,2638.77
5163,20241207,26,74,2,6,F217-2285,5,93.06,465.3,97.71,367.59,237.63,129.96,66.17
5164,20221106,53,9,9,16,F805-4085,3,4.92,14.76,0.74,14.02,7.21,6.81,2.52
5165,20221005,34,16,10,10,F213-9581,15,2317.26,34758.9,5384.15,29374.75,18831.15,10543.6,5287.45
5166,20241027,54,91,9,29,F451-8507,4,5.31,21.24,2.24,19.0,12.86,6.14,3.42
5167,20220412,14,29,7,27,F970-9075,3,210.58,631.74,17.25,614.49,411.69,202.8,110.61
5168,20240531,12,153,4,15,F070-6102,11,170.84,1879.24,22.36,1856.88,893.73,963.15,334.24
5169,20220717,7,78,5,23,F613-8921,2,2858.94,5717.88,1164.16,4553.72,2953.04,1600.68,819.67
5170,20220620,36,114,5,21,F449-3790,13,90.22,1172.86,63.57,1109.29,533.15,576.14,199.67
5171,20240813,35,172,5,19,F273-6483,4,359.48,1437.92,250.92,1187.0,675.49,511.51,213.66
5172,20251216,11,125,1,1,F329-3812,6,138.88,833.28,57.41,775.87,377.25,398.62,139.66
5173,20230914,59,53,5,18,F741-1657,11,6.77,74.47,15.45,59.02,34.45,24.57,10.62
5174,20241209,43,46,10,21,F764-3807,9,161.3,1451.7,8.71,1442.99,852.92,590.07,259.74
5175,20240728,34,137,5,16,F493-9693,1,2410.99,2410.99,427.47,1983.52,1006.15,977.37,357.03
5176,20220320,36,57,8,3,F381-6983,6,89.88,539.28,61.15,478.13,299.91,178.22,86.06
5177,20251116,50,61,4,24,F035-7312,6,82.78,496.68,96.6,400.08,256.6,143.48,72.01
5178,20220922,50,16,7,7,F784-3817,7,78.56,549.92,50.32,499.6,328.91,170.69,89.93
5179,20220126,6,179,2,4,F987-9672,13,3138.53,40800.89,8857.87,31943.02,19923.72,12019.3,5749.74
5180,20251210,22,53,2,27,F195-4189,4,842.62,3370.48,18.87,3351.61,1772.94,1578.67,603.29
5181,20221230,44,120,1,25,F971-3522,8,105.87,846.96,91.81,755.15,374.13,381.02,135.93
5182,20240902,32,138,10,5,F901-0834,11,438.8,4826.8,224.45,4602.35,2590.36,2011.99,828.42
5183,20230227,58,123,3,26,F099-6409,15,5.21,78.15,6.38,71.77,36.31,35.46,12.92
5184,20231001,12,77,7,18,F277-7835,8,192.93,1543.44,330.6,1212.84,654.59,558.25,218.31
5185,20241206,16,197,7,11,F855-2203,15,297.77,4466.55,775.84,3690.71,2008.68,1682.03,664.33
5186,20221223,37,99,8,20,F651-1961,1,147.85,147.85,10.91,136.94,90.14,46.8,24.65
5187,20240407,9,192,1,20,F354-7811,8,2032.59,16260.72,3530.2,12730.52,8418.76,4311.76,2291.49
5188,20231204,36,179,6,1,F943-8801,10,90.62,906.2,4.53,901.67,475.03,426.64,162.3
5189,20250222,7,107,9,28,F820-4310,13,2831.23,36805.99,6496.26,30309.73,20411.94,9897.79,5455.75
5190,20220626,18,191,9,25,F082-7328,6,700.1,4200.6,879.19,3321.41,1891.01,1430.4,597.85
5191,20250826,17,15,6,29,F087-6061,3,510.6,1531.8,11.34,1520.46,825.49,694.97,273.68
5192,20220908,60,72,1,19,F806-2856,6,18.85,113.1,10.45,102.65,65.65,37.0,18.48
5193,20220504,4,154,10,22,F249-0581,7,1978.87,13852.09,1968.38,11883.71,7602.94,4280.77,2139.07
5194,20220919,60,161,2,10,F895-0546,2,19.78,39.56,1.95,37.61,19.99,17.62,6.77
5195,20231110,23,5,10,3,F864-4176,9,350.89,3158.01,36.32,3121.69,1891.79,1229.9,561.9
5196,20230703,51,2,1,1,F042-4814,7,23.21,162.47,12.85,149.62,87.35,62.27,26.93
5197,20231109,3,65,10,15,F395-8658,12,661.98,7943.76,720.5,7223.26,4694.04,2529.22,1300.19
5198,20221216,51,90,3,12,F417-0311,12,20.97,251.64,53.57,198.07,127.15,70.92,35.65
5199,20221105,19,73,7,14,F138-5182,9,932.47,8392.23,1072.53,7319.7,3721.29,3598.41,1317.55
5200,20240628,29,179,8,20,F340-1297,2,46.64,93.28,19.83,73.45,43.05,30.4,13.22
5201,20230415,6,99,6,6,F698-6110,2,3666.66,7333.32,275.0,7058.32,4647.83,2410.49,1270.5
5202,20230617,4,6,5,8,F112-5542,2,2143.3,4286.6,347.21,3939.39,2150.83,1788.56,709.09
5203,20250324,2,128,5,3,F648-7092,14,810.51,11347.14,2320.49,9026.65,4460.32,4566.33,1624.8
5204,20220916,44,185,7,29,F194-1664,13,110.27,1433.51,152.67,1280.84,811.09,469.75,230.55
5205,20250828,41,180,4,4,F598-7514,15,87.79,1316.85,66.24,1250.61,806.14,444.47,225.11
5206,20230728,26,26,7,17,F261-4793,3,85.46,256.38,20.43,235.95,158.72,77.23,42.47
5207,20221006,18,165,9,20,F925-2950,7,707.47,4952.29,308.03,4644.26,2936.18,1708.08,835.97
5208,20221110,17,48,9,29,F792-1103,2,546.88,1093.76,226.52,867.24,510.33,356.91,156.1
5209,20241202,56,162,3,9,F965-4572,13,5.19,67.47,11.8,55.67,36.34,19.33,10.02
5210,20250710,50,200,10,15,F767-5319,12,85.78,1029.36,134.95,894.41,556.37,338.04,160.99
5211,20220623,37,136,10,10,F021-0082,14,133.46,1868.44,109.49,1758.95,1137.84,621.11,316.61
5212,20250524,37,140,5,29,F415-3845,7,147.85,1034.95,77.31,957.64,605.37,352.27,172.38
5213,20230326,57,144,9,16,F574-0300,10,2.61,26.1,0.89,25.21,15.88,9.33,4.54
5214,20250219,42,164,8,14,F823-4173,13,134.52,1748.76,93.91,1654.85,925.82,729.03,297.87
5215,20240908,55,83,4,9,F878-2426,15,2.05,30.75,1.39,29.36,17.21,12.15,5.28
5216,20230325,23,109,3,28,F552-9366,2,313.74,627.48,118.03,509.45,290.85,218.6,91.7
5217,20250910,29,178,7,25,F059-1338,7,45.67,319.69,56.74,262.95,148.96,113.99,47.33
5218,20231203,38,65,3,11,F591-3451,4,62.13,248.52,48.88,199.64,102.36,97.28,35.94
5219,20250509,8,4,9,26,F364-6889,14,2485.2,34792.8,4436.08,30356.72,19704.31,10652.41,5464.21
5220,20251020,49,96,7,24,F806-3483,6,275.93,1655.58,209.43,1446.15,701.72,744.43,260.31
5221,20221102,51,107,8,2,F678-4965,10,23.62,236.2,33.89,202.31,130.46,71.85,36.42
5222,20250618,55,29,5,2,F364-7378,8,1.95,15.6,1.64,13.96,8.04,5.92,2.51
5223,20240619,55,192,1,23,F088-5898,15,2.15,32.25,0.39,31.86,21.47,10.39,5.73
5224,20221205,24,159,10,29,F552-5255,5,468.6,2343.0,318.41,2024.59,986.29,1038.3,364.43
5225,20220808,30,56,8,9,F973-4377,3,131.33,393.99,32.07,361.92,245.63,116.29,65.15
5226,20240216,60,182,8,13,F965-6718,5,19.03,95.15,7.47,87.68,54.93,32.75,15.78
5227,20250707,14,1,6,1,F579-5595,6,201.73,1210.38,183.74,1026.64,692.28,334.36,184.8
5228,20241204,14,188,8,5,F541-2342,11,221.77,2439.47,241.02,2198.45,1262.1,936.35,395.72
5229,20241023,31,128,1,23,F569-9521,6,282.9,1697.4,251.05,1446.35,949.02,497.33,260.34
5230,20220903,18,110,7,1,F241-6714,14,766.27,10727.78,372.25,10355.53,6796.13,3559.4,1864.0
5231,20230518,60,48,8,14,F698-5018,10,17.99,179.9,21.39,158.51,101.06,57.45,28.53
5232,20230901,17,74,4,23,F370-0757,11,533.61,5869.71,1168.07,4701.64,2821.05,1880.59,846.3
5233,20250408,4,111,6,8,F490-8123,10,2294.19,22941.9,4193.78,18748.12,12006.18,6741.94,3374.66
5234,20250707,56,126,2,14,F295-9245,11,5.87,64.57,7.46,57.11,29.01,28.1,10.28
5235,20231213,5,149,6,1,F876-7713,7,978.71,6850.97,291.17,6559.8,4041.3,2518.5,1180.76
5236,20240224,52,100,10,3,F358-6998,10,9.55,95.5,3.7,91.8,44.73,47.07,16.52
5237,20240503,40,54,1,16,F686-0755,1,191.24,191.24,20.21,171.03,99.53,71.5,30.79
5238,20220913,2,79,10,1,F145-3417,4,822.73,3290.92,156.32,3134.6,2037.47,1097.13,564.23
5239,20230906,50,147,3,25,F799-4567,4,85.59,342.36,13.39,328.97,222.86,106.11,59.21
5240,20220221,40,173,10,21,F361-1931,9,184.64,1661.76,1.33,1660.43,1028.37,632.06,298.88
5241,20221229,8,68,1,8,F070-1753,3,2572.04,7716.12,971.46,6744.66,3642.83,3101.83,1214.04
5242,20221226,35,68,7,30,F366-9669,8,361.68,2893.44,632.51,2260.93,1494.78,766.15,406.97
5243,20251211,23,49,4,19,F834-0976,2,312.81,625.62,89.96,535.66,260.06,275.6,96.42
5244,20220906,24,166,10,9,F158-3553,7,441.13,3087.91,668.53,2419.38,1490.33,929.05,435.49
5245,20220812,37,54,8,12,F902-4703,5,155.12,775.6,141.16,634.44,375.29,259.15,114.2
5246,20221007,57,185,8,8,F314-9010,9,2.27,20.43,1.35,19.08,10.08,9.0,3.43
5247,20250813,41,188,3,28,F460-7781,1,100.21,100.21,16.2,84.01,40.49,43.52,15.12
5248,20230215,51,53,2,13,F163-5862,13,20.68,268.84,4.7,264.14,150.77,113.37,47.55
5249,20221011,3,114,10,20,F150-4554,6,779.93,4679.58,363.14,4316.44,2208.24,2108.2,776.96
5250,20231119,56,131,4,23,F478-2353,11,5.93,65.23,4.38,60.85,38.63,22.22,10.95
5251,20240616,26,151,4,24,F523-8627,12,92.76,1113.12,112.98,1000.14,621.57,378.57,180.03
5252,20241225,37,135,7,15,F170-8298,14,152.2,2130.8,278.71,1852.09,1185.83,666.26,333.38
5253,20230228,32,158,2,2,F302-0296,8,431.77,3454.16,599.3,2854.86,1589.33,1265.53,513.87
5254,20250915,29,97,10,26,F391-5137,14,46.28,647.92,122.13,525.79,269.77,256.02,94.64
5255,20240818,12,57,2,22,F527-0823,5,193.14,965.7,21.34,944.36,513.12,431.24,169.98
5256,20231105,10,3,8,26,F105-9287,1,2825.04,2825.04,164.13,2660.91,1652.09,1008.82,478.96
5257,20240604,5,177,4,15,F058-2950,13,901.99,11725.87,2075.48,9650.39,5113.46,4536.93,1737.07
5258,20240115,28,102,4,26,F367-5208,9,243.97,2195.73,445.95,1749.78,941.77,808.01,314.96
5259,20221227,2,170,2,1,F904-1865,4,758.51,3034.04,246.97,2787.07,1840.94,946.13,501.67
5260,20240404,47,58,2,27,F225-7818,5,363.7,1818.5,147.84,1670.66,949.91,720.75,300.72
5261,20230331,4,171,8,9,F581-3123,12,2194.71,26336.52,4040.02,22296.5,10994.87,11301.63,4013.37
5262,20220504,6,128,4,1,F190-1699,8,3617.55,28940.4,2289.19,26651.21,17864.7,8786.51,4797.22
5263,20231022,46,55,4,27,F610-7882,14,310.56,4347.84,933.05,3414.79,1784.64,1630.15,614.66
5264,20230712,52,2,2,22,F903-4742,1,10.37,10.37,0.19,10.18,6.69,3.49,1.83
5265,20240807,37,142,10,28,F162-2610,3,135.47,406.41,6.87,399.54,255.62,143.92,71.92
5266,20221021,47,20,4,17,F391-5483,5,387.11,1935.55,6.58,1928.97,925.94,1003.03,347.21
5267,20251226,18,44,6,28,F088-4438,10,766.9,7669.0,719.35,6949.65,3895.78,3053.87,1250.94
5268,20240502,16,121,2,3,F850-9128,12,308.61,3703.32,33.7,3669.62,1964.53,1705.09,660.53
5269,20231102,46,14,2,29,F324-3972,13,306.5,3984.5,28.69,3955.81,2138.38,1817.43,712.05
5270,20250826,60,161,7,2,F851-2476,2,16.86,33.72,4.25,29.47,16.08,13.39,5.3
5271,20250705,31,71,8,16,F622-7161,13,283.77,3689.01,154.57,3534.44,2324.73,1209.71,636.2
5272,20220720,27,86,7,5,F325-7737,6,159.03,954.18,53.91,900.27,522.59,377.68,162.05
5273,20230416,23,67,1,13,F605-4317,5,307.61,1538.05,57.22,1480.83,802.5,678.33,266.55
5274,20230830,43,187,8,11,F874-4225,9,180.23,1622.07,148.09,1473.98,739.83,734.15,265.32
5275,20250211,57,28,2,10,F576-9144,9,2.25,20.25,0.71,19.54,12.42,7.12,3.52
5276,20240924,53,6,2,19,F512-5412,7,4.97,34.79,0.42,34.37,23.13,11.24,6.19
5277,20220110,23,189,9,13,F871-5343,1,361.14,361.14,44.24,316.9,177.56,139.34,57.04
5278,20251020,57,77,5,24,F141-4270,5,2.22,11.1,1.79,9.31,4.64,4.67,1.68
5279,20220921,50,136,9,2,F717-5678,7,80.51,563.57,61.2,502.37,304.35,198.02,90.43
5280,20231002,55,172,9,22,F426-2897,6,1.86,11.16,2.01,9.15,4.81,4.34,1.65
5281,20251101,27,12,5,5,F261-1029,15,173.03,2595.45,352.46,2242.99,1522.52,720.47,403.74
5282,20230309,27,2,8,13,F676-8831,11,179.6,1975.6,219.49,1756.11,946.48,809.63,316.1
5283,20240524,6,68,4,14,F369-9450,1,3340.33,3340.33,32.4,3307.93,1941.67,1366.26,595.43
5284,20220718,31,120,7,14,F755-1717,15,270.96,4064.4,201.59,3862.81,2432.21,1430.6,695.31
5285,20251029,44,22,6,2,F030-8099,5,105.68,528.4,14.11,514.29,294.07,220.22,92.57
5286,20241115,28,194,2,23,F761-8797,12,228.53,2742.36,501.85,2240.51,1280.3,960.21,403.29
5287,20250102,57,65,3,17,F291-6025,15,2.2,33.0,3.26,29.74,17.09,12.65,5.35
5288,20220823,24,124,8,26,F047-7102,2,429.97,859.94,100.18,759.76,429.7,330.06,136.76
5289,20240308,28,46,9,25,F239-4906,12,249.41,2992.92,60.76,2932.16,1833.26,1098.9,527.79
5290,20241210,38,152,3,4,F372-2596,5,70.86,354.3,16.01,338.29,226.7,111.59,60.89
5291,20231208,29,57,4,14,F977-7600,12,51.05,612.6,49.01,563.59,325.22,238.37,101.45
5292,20230820,59,174,10,4,F175-0737,13,7.53,97.89,14.82,83.07,54.75,28.32,14.95
5293,20230510,23,120,7,19,F753-8740,13,342.3,4449.9,262.1,4187.8,2250.17,1937.63,753.8
5294,20241002,56,88,7,26,F133-0997,2,5.64,11.28,0.44,10.84,6.88,3.96,1.95
5295,20231129,35,139,1,5,F367-8043,2,365.78,731.56,119.61,611.95,398.95,213.0,110.15
5296,20231004,53,167,3,23,F049-6525,13,4.86,63.18,0.97,62.21,34.88,27.33,11.2
5297,20231007,46,87,10,12,F907-1731,1,275.37,275.37,13.71,261.66,145.05,116.61,47.1
5298,20241022,21,112,7,5,F587-6650,8,584.72,4677.76,925.26,3752.5,2366.53,1385.97,675.45
5299,20230327,57,192,4,13,F877-0891,6,2.54,15.24,1.82,13.42,7.51,5.91,2.42
5300,20230304,9,125,4,30,F148-0994,4,2328.18,9312.72,2009.68,7303.04,4054.23,3248.81,1314.55
5301,20251123,40,141,1,13,F630-4395,6,180.13,1080.78,207.62,873.16,481.91,391.25,157.17
5302,20240412,2,53,9,16,F934-1588,9,835.53,7519.77,1324.98,6194.79,3547.24,2647.55,1115.06
5303,20251206,53,31,1,2,F656-0074,15,5.01,75.15,3.31,71.84,47.25,24.59,12.93
5304,20251214,28,62,10,8,F978-0448,9,245.07,2205.63,142.04,2063.59,1109.05,954.54,371.45
5305,20230714,49,81,7,1,F726-8744,7,236.99,1658.93,22.56,1636.37,1015.06,621.31,294.55
5306,20240514,39,71,10,28,F870-4014,11,128.79,1416.69,154.7,1261.99,615.38,646.61,227.16
5307,20251222,31,157,1,21,F851-5160,13,282.08,3667.04,4.4,3662.64,1965.12,1697.52,659.28
5308,20251101,48,33,8,21,F543-9453,4,145.16,580.64,7.37,573.27,329.04,244.23,103.19
5309,20241109,2,49,1,22,F967-0783,8,770.18,6161.44,576.71,5584.73,3092.07,2492.66,1005.25
5310,20220702,21,160,9,30,F974-5371,13,672.75,8745.75,96.2,8649.55,5629.57,3019.98,1556.92
5311,20250903,59,131,1,18,F290-2949,5,6.94,34.7,3.68,31.02,20.49,10.53,5.58
5312,20220319,32,84,1,15,F168-5644,7,418.59,2930.13,103.14,2826.99,1450.03,1376.96,508.86
5313,20230816,21,138,6,3,F328-6059,1,595.8,595.8,48.56,547.24,278.0,269.24,98.5
5314,20240607,58,21,2,26,F449-9059,4,5.25,21.0,1.52,19.48,10.34,9.14,3.51
5315,20240911,33,185,6,4,F214-1973,13,1583.99,20591.87,4441.67,16150.2,8868.16,7282.04,2907.04
5316,20241102,57,192,2,27,F297-1669,5,2.43,12.15,0.23,11.92,5.78,6.14,2.15
5317,20250504,9,67,1,9,F753-6123,12,2031.74,24380.88,5022.46,19358.42,9304.59,10053.83,3484.52
5318,20230511,5,56,3,16,F417-2383,10,935.37,9353.7,1242.17,8111.53,5252.8,2858.73,1460.08
5319,20220524,51,68,8,8,F524-7627,9,23.17,208.53,26.23,182.3,120.95,61.35,32.81
5320,20230503,54,95,3,28,F209-9876,1,5.12,5.12,0.64,4.48,2.29,2.19,0.81
5321,20241223,4,12,8,3,F153-4943,1,2075.48,2075.48,167.49,1907.99,991.66,916.33,343.44
5322,20231112,54,77,10,3,F141-5128,2,5.29,10.58,0.47,10.11,5.27,4.84,1.82
5323,20250413,35,100,10,10,F891-3108,2,418.17,836.34,104.38,731.96,482.15,249.81,131.75
5324,20221218,28,22,5,29,F757-5163,7,241.02,1687.14,129.91,1557.23,963.41,593.82,280.3
5325,20250310,45,142,2,12,F033-8898,13,61.64,801.32,49.36,751.96,504.16,247.8,135.35
5326,20241107,38,60,2,18,F459-9021,2,64.47,128.94,25.99,102.95,57.27,45.68,18.53
5327,20221112,38,173,1,5,F204-0129,7,66.34,464.38,79.78,384.6,203.06,181.54,69.23
5328,20221204,18,178,9,17,F647-3921,14,678.94,9505.16,439.14,9066.02,5825.71,3240.31,1631.88
5329,20251009,7,7,10,24,F731-2516,7,2877.08,20139.56,18.13,20121.43,10242.52,9878.91,3621.86
5330,20220518,32,199,9,30,F446-6219,1,396.35,396.35,2.1,394.25,213.71,180.54,70.97
5331,20241109,28,40,7,2,F756-2625,8,250.6,2004.8,17.64,1987.16,1152.41,834.75,357.69
5332,20221014,30,110,4,14,F516-0475,12,120.42,1445.04,160.98,1284.06,723.82,560.24,231.13
5333,20220604,23,143,9,5,F207-3112,8,319.29,2554.32,108.81,2445.51,1202.16,1243.35,440.19
5334,20240714,57,149,9,6,F302-7605,10,2.56,25.6,2.59,23.01,11.47,11.54,4.14
5335,20220816,32,178,7,5,F107-0053,11,398.97,4388.67,450.72,3937.95,1968.4,1969.55,708.83
5336,20240523,37,106,4,13,F472-8641,11,143.96,1583.56,305.31,1278.25,781.3,496.95,230.08
5337,20250528,60,109,9,19,F397-0185,3,19.8,59.4,6.61,52.79,32.2,20.59,9.5
5338,20230517,1,130,9,3,F897-2616,15,1179.47,17692.05,3497.72,14194.33,9236.31,4958.02,2554.98
5339,20230703,32,44,9,22,F273-6184,5,440.0,2200.0,351.78,1848.22,947.56,900.66,332.68
5340,20231204,21,174,8,20,F138-2569,1,626.68,626.68,58.22,568.46,361.11,207.35,102.32
5341,20240707,41,155,8,1,F223-2021,11,91.92,1011.12,136.0,875.12,557.66,317.46,157.52
5342,20220214,3,2,10,18,F937-5665,9,730.12,6571.08,306.87,6264.21,3706.86,2557.35,1127.56
5343,20251117,57,142,10,2,F967-4452,5,2.51,12.55,2.51,10.04,6.8,3.24,1.81
5344,20240720,58,82,9,13,F940-7502,4,6.14,24.56,1.04,23.52,13.25,10.27,4.23
5345,20231222,59,56,2,22,F517-0485,3,7.24,21.72,1.85,19.87,10.26,9.61,3.58
5346,20220310,28,82,10,29,F592-7808,12,258.88,3106.56,497.05,2609.51,1407.91,1201.6,469.71
5347,20241004,41,186,9,1,F863-3468,4,98.63,394.52,55.59,338.93,198.69,140.24,61.01
5348,20250314,29,181,4,15,F110-2077,15,47.49,712.35,152.87,559.48,355.38,204.1,100.71
5349,20231229,27,74,2,11,F806-5244,14,179.88,2518.32,291.37,2226.95,1290.07,936.88,400.85
5350,20241102,32,113,4,23,F080-4649,11,436.38,4800.18,104.16,4696.02,2847.42,1848.6,845.28
5351,20250728,53,100,3,9,F493-9736,2,4.45,8.9,1.65,7.25,4.45,2.8,1.3
5352,20250301,39,29,8,18,F163-7366,12,119.56,1434.72,79.48,1355.24,703.75,651.49,243.94
5353,20220729,15,123,7,14,F139-0525,1,169.47,169.47,13.12,156.35,102.07,54.28,28.14
5354,20241122,34,71,7,9,F919-0223,1,2143.85,2143.85,434.56,1709.29,971.06,738.23,307.67
5355,20220805,49,99,3,4,F615-7960,8,241.98,1935.84,191.26,1744.58,979.16,765.42,314.02
5356,20220118,33,81,6,22,F875-4927,14,1636.76,22914.64,2153.98,20760.66,12585.64,8175.02,3736.92
5357,20230614,10,45,10,6,F587-9947,9,2958.18,26623.62,4616.54,22007.08,12332.33,9674.75,3961.27
5358,20240531,4,121,10,9,F045-7102,3,2306.7,6920.1,206.22,6713.88,4187.6,2526.28,1208.5
5359,20221218,43,59,9,6,F449-3824,6,158.23,949.38,206.59,742.79,395.13,347.66,133.7
5360,20240422,36,158,3,26,F208-8789,9,84.48,760.32,87.89,672.43,455.78,216.65,121.04
5361,20250813,43,166,5,14,F665-8209,9,180.36,1623.24,139.44,1483.8,758.26,725.54,267.08
5362,20250401,48,23,1,8,F370-6578,10,141.79,1417.9,128.6,1289.3,729.93,559.37,232.07
5363,20240425,24,80,4,16,F668-1298,11,433.07,4763.77,581.18,4182.59,2475.73,1706.86,752.87
5364,20240811,46,124,4,21,F375-0067,13,278.64,3622.32,461.85,3160.47,1776.45,1384.02,568.88
5365,20220206,42,110,7,28,F293-6396,1,122.27,122.27,19.62,102.65,52.32,50.33,18.48
5366,20230715,41,155,1,19,F929-1370,10,101.05,1010.5,177.75,832.75,412.29,420.46,149.89
5367,20231115,1,171,10,28,F331-5062,2,1109.09,2218.18,209.62,2008.56,1106.96,901.6,361.54
5368,20220216,22,25,8,29,F532-4404,15,935.2,14028.0,2223.44,11804.56,5757.66,6046.9,2124.82
5369,20240510,55,77,3,26,F842-0070,11,1.99,21.89,3.54,18.35,10.61,7.74,3.3
5370,20231005,59,171,9,19,F519-7500,3,7.13,21.39,3.87,17.52,8.87,8.65,3.15
5371,20230504,44,51,3,4,F422-6502,4,123.55,494.2,6.13,488.07,309.8,178.27,87.85
5372,20230513,24,12,8,2,F643-8720,15,457.78,6866.7,604.27,6262.43,4116.46,2145.97,1127.24
5373,20221222,44,127,2,7,F686-4143,13,118.23,1536.99,306.94,1230.05,803.11,426.94,221.41
5374,20221209,1,70,3,5,F470-6890,6,1234.87,7409.22,54.83,7354.39,3563.12,3791.27,1323.79
5375,20230519,59,79,7,11,F144-7063,4,7.3,29.2,1.99,27.21,16.19,11.02,4.9
5376,20230506,44,50,5,16,F911-8034,6,118.59,711.54,9.53,702.01,381.88,320.13,126.36
5377,20230528,44,41,9,12,F718-9389,2,121.91,243.82,4.39,239.43,134.62,104.81,43.1
5378,20251001,57,141,9,24,F511-5626,12,2.35,28.2,5.2,23.0,15.19,7.81,4.14
5379,20251010,23,145,3,2,F267-1143,15,342.69,5140.35,634.32,4506.03,2994.74,1511.29,811.09
5380,20240605,44,136,3,25,F234-0815,6,111.68,670.08,24.12,645.96,412.04,233.92,116.27
5381,20240409,52,60,1,30,F675-4033,7,10.78,75.46,15.33,60.13,32.15,27.98,10.82
5382,20230907,41,181,5,10,F659-4707,3,103.38,310.14,41.16,268.98,155.74,113.24,48.42
5383,20230125,15,80,6,22,F468-8607,12,155.27,1863.24,399.85,1463.39,876.03,587.36,263.41
5384,20251223,28,73,1,10,F878-7741,15,269.69,4045.35,444.18,3601.17,2192.07,1409.1,648.21
5385,20220928,30,71,10,16,F154-8355,11,116.36,1279.96,179.19,1100.77,614.97,485.8,198.14
5386,20220622,14,105,8,21,F920-1221,5,217.35,1086.75,24.56,1062.19,678.76,383.43,191.19
5387,20220111,2,45,10,17,F170-9486,10,751.77,7517.7,731.47,6786.23,3653.13,3133.1,1221.52
5388,20230303,37,33,9,5,F434-5825,7,137.39,961.73,134.55,827.18,418.74,408.44,148.89
5389,20220622,33,197,3,10,F529-9702,10,1548.86,15488.6,1601.52,13887.08,8817.79,5069.29,2499.67
5390,20230619,5,146,2,12,F786-8664,11,879.42,9673.62,773.89,8899.73,5275.32,3624.41,1601.95
5391,20231003,48,97,6,4,F667-2415,5,137.73,688.65,102.82,585.83,322.29,263.54,105.45
5392,20220420,50,184,8,23,F028-8424,4,81.69,326.76,66.07,260.69,139.48,121.21,46.92
5393,20240302,50,188,4,19,F337-4792,14,78.62,1100.68,157.95,942.73,465.92,476.81,169.69
5394,20251127,16,69,6,20,F022-7743,8,307.57,2460.56,292.31,2168.25,1380.49,787.76,390.28
5395,20241202,14,42,2,21,F104-1170,12,229.83,2757.96,505.26,2252.7,1151.6,1101.1,405.49
5396,20221126,12,131,2,11,F263-4303,11,178.96,1968.56,65.95,1902.61,1283.17,619.44,342.47
5397,20240401,50,119,8,2,F500-0955,9,85.82,772.38,85.81,686.57,359.41,327.16,123.58
5398,20220928,24,166,1,21,F412-2133,8,460.44,3683.52,20.26,3663.26,2030.2,1633.06,659.39
5399,20220508,25,66,4,5,F438-5484,3,1837.32,5511.96,537.97,4973.99,2565.89,2408.1,895.32
5400,20220630,29,66,8,2,F493-8412,13,44.39,577.07,62.96,514.11,300.78,213.33,92.54
5401,20231108,40,155,9,16,F507-5388,12,208.91,2506.92,467.54,2039.38,1077.45,961.93,367.09
5402,20220925,11,112,4,13,F580-1784,11,148.86,1637.46,68.77,1568.69,937.74,630.95,282.36
5403,20250606,52,174,10,18,F690-3679,6,10.17,61.02,3.72,57.3,28.74,28.56,10.31
5404,20250110,33,40,9,6,F410-2406,8,1707.48,13659.84,2924.57,10735.27,7064.44,3670.83,1932.35
5405,20220423,48,27,6,20,F741-9459,2,146.44,292.88,27.03,265.85,176.41,89.44,47.85
5406,20231031,21,140,8,4,F370-5432,15,589.43,8841.45,552.59,8288.86,5391.51,2897.35,1491.99
5407,20240420,48,147,4,3,F813-3493,4,136.79,547.16,8.48,538.68,328.34,210.34,96.96
5408,20221221,42,17,10,27,F434-1553,8,120.07,960.56,69.64,890.92,495.87,395.05,160.37
5409,20231027,55,6,1,26,F045-2811,6,2.01,12.06,1.67,10.39,5.28,5.11,1.87
5410,20250315,32,92,9,22,F938-7604,5,435.45,2177.25,317.44,1859.81,1179.53,680.28,334.77
5411,20230416,4,84,4,17,F920-0876,6,2222.39,13334.34,353.36,12980.98,6556.01,6424.97,2336.58
5412,20241219,56,1,6,29,F221-8126,7,5.74,40.18,1.71,38.47,23.19,15.28,6.92
5413,20241015,54,120,10,30,F848-2749,10,5.37,53.7,2.46,51.24,32.08,19.16,9.22
5414,20220925,46,99,3,6,F405-8448,8,307.39,2459.12,155.17,2303.95,1494.13,809.82,414.71
5415,20250903,44,90,3,22,F267-3382,6,117.08,702.48,30.07,672.41,333.07,339.34,121.03
5416,20250614,35,115,10,7,F751-1590,14,384.49,5382.86,777.28,4605.58,2620.09,1985.49,829.0
5417,20250101,20,30,10,23,F579-6154,5,255.57,1277.85,70.54,1207.31,726.49,480.82,217.32
5418,20231112,43,196,7,6,F649-4305,11,165.74,1823.14,230.44,1592.7,1074.18,518.52,286.69
5419,20221123,43,184,3,25,F505-7320,5,163.68,818.4,1.15,817.25,486.21,331.04,147.1
5420,20250306,43,171,7,17,F340-0091,6,159.79,958.74,95.01,863.73,574.11,289.62,155.47
5421,20250612,42,40,6,3,F662-1943,6,123.27,739.62,109.69,629.93,415.21,214.72,113.39
5422,20250902,51,116,3,1,F489-5819,4,20.27,81.08,1.6,79.48,46.6,32.88,14.31
5423,20220103,38,110,2,20,F418-6594,5,61.96,309.8,56.48,253.32,140.51,112.81,45.6
5424,20220616,47,185,6,2,F734-4429,7,372.68,2608.76,457.05,2151.71,1449.66,702.05,387.31
5425,20220513,16,48,7,21,F381-5607,1,304.74,304.74,51.53,253.21,121.59,131.62,45.58
5426,20250308,30,165,7,12,F764-7504,5,121.82,609.1,61.82,547.28,308.58,238.7,98.51
5427,20250326,57,78,2,25,F061-5531,3,2.28,6.84,0.88,5.96,3.43,2.53,1.07
5428,20240216,1,186,3,8,F250-0894,6,1191.11,7146.66,965.51,6181.15,3946.38,2234.77,1112.61
5429,20220505,40,48,2,10,F720-7951,15,201.62,3024.3,580.36,2443.94,1544.94,899.0,439.91
5430,20230104,41,86,4,28,F858-7584,7,87.51,612.57,112.9,499.67,323.56,176.11,89.94
5431,20241123,15,76,3,18,F611-0002,13,172.75,2245.75,6.29,2239.46,1166.24,1073.22,403.1
5432,20251110,32,39,10,7,F064-9430,2,449.26,898.52,125.52,773.0,499.69,273.31,139.14
5433,20240209,52,29,1,14,F408-1995,2,10.4,20.8,1.61,19.19,9.43,9.76,3.45
5434,20221029,26,15,6,19,F061-4411,4,87.46,349.84,33.37,316.47,206.98,109.49,56.96
5435,20241207,8,175,8,15,F624-7058,11,2339.97,25739.67,4756.69,20982.98,12756.75,8226.23,3776.94
5436,20231013,44,114,1,19,F953-6345,10,108.82,1088.2,137.77,950.43,510.4,440.03,171.08
5437,20250208,44,18,3,5,F620-8377,8,105.71,845.68,50.49,795.19,448.52,346.67,143.13
5438,20220109,15,80,8,15,F870-9228,11,149.25,1641.75,271.22,1370.53,806.16,564.37,246.7
5439,20231224,35,117,6,20,F413-8701,9,385.61,3470.49,116.96,3353.53,2131.29,1222.24,603.64
5440,20220925,48,65,9,6,F962-3840,11,141.04,1551.44,147.08,1404.36,723.8,680.56,252.78
5441,20231202,1,84,5,16,F834-5456,1,1284.42,1284.42,161.07,1123.35,638.12,485.23,202.2
5442,20231206,38,195,4,13,F464-2481,1,72.31,72.31,1.84,70.47,47.84,22.63,12.68
5443,20250718,47,196,9,3,F284-0292,2,385.82,771.64,141.83,629.81,350.41,279.4,113.37
5444,20230701,35,104,5,20,F658-1951,9,361.93,3257.37,130.95,3126.42,1684.38,1442.04,562.76
5445,20220623,42,146,5,22,F656-2748,2,118.78,237.56,21.95,215.61,117.55,98.06,38.81
5446,20240916,43,146,7,21,F242-7688,4,182.18,728.72,105.88,622.84,345.51,277.33,112.11
5447,20250206,35,157,2,12,F109-8400,4,356.94,1427.76,37.12,1390.64,849.31,541.33,250.32
5448,20250819,47,6,1,9,F925-7211,4,347.25,1389.0,116.54,1272.46,758.44,514.02,229.04
5449,20221111,39,68,1,25,F356-8952,7,114.58,802.06,129.45,672.61,360.71,311.9,121.07
5450,20230725,5,40,8,18,F579-1526,10,934.93,9349.3,1564.14,7785.16,4696.36,3088.8,1401.33
5451,20251029,56,112,9,20,F056-0346,2,5.8,11.6,1.59,10.01,6.18,3.83,1.8
5452,20221115,40,109,9,3,F914-4776,7,192.05,1344.35,283.12,1061.23,520.0,541.23,191.02
5453,20220603,20,185,7,4,F106-7814,7,255.53,1788.71,352.73,1435.98,811.8,624.18,258.48
5454,20231122,49,1,7,29,F887-7681,3,258.06,774.18,142.29,631.89,338.48,293.41,113.74
5455,20230726,4,89,9,5,F287-0191,1,2143.39,2143.39,161.4,1981.99,1157.04,824.95,356.76
5456,20231223,17,180,6,23,F496-2895,8,541.27,4330.16,461.6,3868.56,2386.26,1482.3,696.34
5457,20240924,19,94,2,24,F806-8519,1,933.22,933.22,47.31,885.91,460.19,425.72,159.46
5458,20230728,56,112,3,25,F156-5081,8,5.51,44.08,3.37,40.71,24.09,16.62,7.33
5459,20220801,40,26,10,9,F604-5673,15,185.4,2781.0,286.44,2494.56,1329.09,1165.47,449.02
5460,20250603,56,154,10,2,F085-0165,4,5.6,22.4,0.89,21.51,11.89,9.62,3.87
5461,20241226,9,160,3,5,F454-7968,13,2359.58,30674.54,2723.9,27950.64,14602.82,13347.82,5031.12
5462,20220413,45,174,3,14,F519-2824,1,59.54,59.54,6.96,52.58,31.31,21.27,9.46
5463,20240418,16,51,5,9,F552-2980,12,324.03,3888.36,308.35,3580.01,1983.85,1596.16,644.4
5464,20221216,6,166,6,16,F416-9864,11,3222.5,35447.5,31.9,35415.6,17854.53,17561.07,6374.81
5465,20240906,18,27,4,20,F559-5940,11,758.27,8340.97,1771.62,6569.35,4296.48,2272.87,1182.48
5466,20221130,24,121,6,1,F517-3535,4,456.64,1826.56,63.2,1763.36,1176.19,587.17,317.4
5467,20231008,40,82,3,22,F735-3611,2,191.86,383.72,39.06,344.66,227.28,117.38,62.04
5468,20220425,10,53,10,12,F817-7907,5,2966.72,14833.6,2279.92,12553.68,6266.81,6286.87,2259.66
5469,20240913,51,142,1,16,F203-3649,7,22.39,156.73,11.24,145.49,82.56,62.93,26.19
5470,20220928,24,84,6,24,F536-0726,7,396.57,2775.99,433.33,2342.66,1525.86,816.8,421.68
5471,20240703,58,11,8,28,F696-8865,9,5.5,49.5,1.86,47.64,31.37,16.27,8.58
5472,20230728,11,113,3,19,F194-7403,3,144.28,432.84,34.8,398.04,218.71,179.33,71.65
5473,20241007,2,93,9,15,F742-3565,15,857.7,12865.5,2130.53,10734.97,6505.47,4229.5,1932.29
5474,20250820,25,174,3,14,F148-3324,1,1633.24,1633.24,131.97,1501.27,882.29,618.98,270.23
5475,20221127,60,96,1,3,F087-6064,2,18.9,37.8,8.08,29.72,20.17,9.55,5.35
5476,20230220,13,199,4,27,F308-1564,11,101.43,1115.73,230.96,884.77,556.92,327.85,159.26
5477,20230508,54,87,7,28,F715-8927,5,5.38,26.9,5.55,21.35,12.14,9.21,3.84
5478,20230410,33,61,8,19,F602-8801,7,1646.4,11524.8,535.9,10988.9,6346.21,4642.69,1978.0
5479,20230331,31,86,4,17,F189-8842,1,263.52,263.52,49.96,213.56,131.99,81.57,38.44
5480,20230928,60,181,3,21,F802-3654,12,18.51,222.12,48.69,173.43,110.93,62.5,31.22
5481,20220109,43,177,6,28,F200-7975,7,183.96,1287.72,226.9,1060.82,579.23,481.59,190.95
5482,20230919,51,41,6,30,F393-2535,5,23.11,115.55,20.5,95.05,51.94,43.11,17.11
5483,20230320,11,72,7,27,F263-4405,9,135.0,1215.0,257.82,957.18,585.18,372.0,172.29
5484,20251210,52,32,4,17,F059-7333,10,10.99,109.9,13.68,96.22,60.31,35.91,17.32
5485,20240805,5,187,7,19,F607-3317,15,974.06,14610.9,3030.3,11580.6,5661.44,5919.16,2084.51
5486,20220530,39,169,9,7,F532-2490,6,126.65,759.9,12.39,747.51,501.01,246.5,134.55
5487,20250317,40,188,7,1,F314-3040,7,179.89,1259.23,40.42,1218.81,726.95,491.86,219.39
5488,20230311,32,193,1,8,F432-3124,12,433.81,5205.72,567.42,4638.3,2967.37,1670.93,834.89
5489,20230129,41,167,7,30,F181-5177,7,87.33,611.31,80.51,530.8,323.93,206.87,95.54
5490,20230910,41,36,4,11,F173-8964,10,87.7,877.0,73.93,803.07,433.67,369.4,144.55
5491,20250104,34,174,9,29,F527-8504,10,2236.63,22366.3,3321.4,19044.9,12276.13,6768.77,3428.08
5492,20240708,60,1,8,4,F290-9763,1,17.86,17.86,2.06,15.8,7.87,7.93,2.84
5493,20240519,48,200,7,17,F031-8317,4,135.54,542.16,83.98,458.18,222.28,235.9,82.47
5494,20250524,42,198,5,7,F822-7995,9,120.84,1087.56,158.46,929.1,499.15,429.95,167.24
5495,20221119,9,183,8,16,F875-6827,14,2327.8,32589.2,1420.89,31168.31,17650.82,13517.49,5610.3
5496,20231003,14,19,10,3,F701-8263,13,224.89,2923.57,612.78,2310.79,1467.71,843.08,415.94
5497,20250929,4,62,1,25,F606-7684,4,2234.57,8938.28,1007.34,7930.94,4278.01,3652.93,1427.57
5498,20230814,37,184,5,6,F121-9099,6,155.65,933.9,196.96,736.94,409.12,327.82,132.65
5499,20220510,8,192,8,9,F474-2722,1,2532.84,2532.84,36.73,2496.11,1460.53,1035.58,449.3
5500,20220922,39,41,7,12,F634-7222,12,115.53,1386.36,271.73,1114.63,558.38,556.25,200.63
5501,20230208,20,28,3,3,F502-8648,4,235.53,942.12,11.87,930.25,574.16,356.09,167.44
5502,20251227,8,63,3,16,F877-5157,13,2484.96,32304.48,119.53,32184.95,16592.85,15592.1,5793.29
5503,20221213,34,157,3,1,F425-3583,2,2235.9,4471.8,858.59,3613.21,2119.55,1493.66,650.38
5504,20241016,2,117,3,29,F406-1466,2,870.82,1741.64,145.95,1595.69,807.51,788.18,287.22
5505,20220518,36,25,1,1,F997-1138,2,91.76,183.52,0.39,183.13,100.51,82.62,32.96
5506,20230316,30,58,7,28,F653-2784,14,126.72,1774.08,70.61,1703.47,928.0,775.47,306.62
5507,20230913,10,115,1,6,F031-9269,11,2921.15,32132.65,128.53,32004.12,16740.26,15263.86,5760.74
5508,20250410,42,80,1,3,F887-4543,15,132.98,1994.7,371.81,1622.89,1049.21,573.68,292.12
5509,20230906,25,104,1,30,F477-8116,2,1820.79,3641.58,693.36,2948.22,1554.43,1393.79,530.68
5510,20230120,10,94,1,23,F731-9362,3,3301.57,9904.71,79.24,9825.47,6176.27,3649.2,1768.58
5511,20220312,36,176,6,8,F247-3389,12,78.43,941.16,174.4,766.76,399.44,367.32,138.02
5512,20230309,24,84,2,2,F320-9441,7,397.2,2780.4,434.58,2345.82,1323.61,1022.21,422.25
5513,20240606,18,93,2,26,F747-5537,2,707.23,1414.46,151.06,1263.4,615.4,648.0,227.41
5514,20220728,7,114,4,2,F886-9610,11,2653.11,29184.21,805.48,28378.73,16980.03,11398.7,5108.17
5515,20250104,54,123,5,3,F654-3302,13,5.4,70.2,2.32,67.88,45.83,22.05,12.22
5516,20240601,22,61,10,2,F228-6290,11,877.78,9655.58,891.21,8764.37,4798.38,3965.99,1577.59
5517,20230417,15,72,4,8,F620-1658,9,167.71,1509.39,317.42,1191.97,658.42,533.55,214.55
5518,20220330,38,142,5,4,F402-2321,9,64.47,580.23,2.49,577.74,278.66,299.08,103.99
5519,20220705,44,111,9,8,F664-1988,6,112.35,674.1,6.47,667.63,415.72,251.91,120.17
5520,20240810,18,58,10,9,F787-6065,1,708.95,708.95,150.51,558.44,355.34,203.1,100.52
5521,20221220,56,75,7,28,F761-4712,9,5.93,53.37,8.42,44.95,28.11,16.84,8.09
5522,20240725,42,154,1,5,F219-2772,2,117.06,234.12,25.85,208.27,131.74,76.53,37.49
5523,20250219,1,155,1,13,F762-0260,6,1119.27,6715.62,155.13,6560.49,3834.35,2726.14,1180.89
5524,20241028,54,117,6,4,F942-9477,14,5.1,71.4,7.65,63.75,35.05,28.7,11.47
5525,20240913,60,91,1,9,F411-1543,14,17.15,240.1,47.73,192.37,110.54,81.83,34.63
5526,20240101,57,132,5,7,F751-9898,3,2.37,7.11,1.04,6.07,3.73,2.34,1.09
5527,20240509,44,163,9,27,F777-8177,7,113.44,794.08,93.94,700.14,440.17,259.97,126.03
5528,20231021,51,143,8,3,F912-0490,1,23.88,23.88,0.75,23.13,11.12,12.01,4.16
5529,20240929,54,125,7,25,F303-1449,13,4.78,62.14,9.21,52.93,27.81,25.12,9.53
5530,20231105,17,192,8,4,F703-9537,3,510.32,1530.96,243.42,1287.54,801.03,486.51,231.76
5531,20250414,60,76,6,19,F378-5819,5,18.04,90.2,6.69,83.51,41.16,42.35,15.03
5532,20250222,1,5,7,24,F597-5736,1,1302.36,1302.36,14.2,1288.16,780.14,508.02,231.87
5533,20231114,20,35,8,23,F143-9724,6,239.04,1434.24,133.96,1300.28,862.71,437.57,234.05
5534,20220303,17,157,1,19,F534-2614,11,502.08,5522.88,112.67,5410.21,3629.1,1781.11,973.84
5535,20230712,17,111,5,15,F043-2472,11,513.3,5646.3,647.63,4998.67,2663.41,2335.26,899.76
5536,20250922,54,16,7,1,F172-2842,1,4.75,4.75,0.46,4.29,2.16,2.13,0.77
5537,20241002,24,169,2,7,F261-1529,6,408.08,2448.48,489.21,1959.27,1019.66,939.61,352.67
5538,20220909,29,89,5,30,F071-8058,3,46.63,139.89,16.8,123.09,81.42,41.67,22.16
5539,20241120,24,115,10,2,F360-9001,1,415.42,415.42,8.81,406.61,215.29,191.32,73.19
5540,20230817,18,53,4,25,F869-6654,9,729.72,6567.48,164.19,6403.29,3314.25,3089.04,1152.59
5541,20231210,40,196,9,6,F821-9586,2,196.45,392.9,2.28,390.62,259.15,131.47,70.31
5542,20231008,28,16,7,10,F396-4552,6,256.62,1539.72,147.04,1392.68,698.87,693.81,250.68
5543,20240711,47,92,7,6,F339-0783,8,369.35,2954.8,244.36,2710.44,1552.29,1158.15,487.88
5544,20250804,36,167,5,8,F814-9398,6,82.28,493.68,6.32,487.36,300.26,187.1,87.72
5545,20251102,38,149,10,29,F175-8432,6,67.34,404.04,41.66,362.38,175.07,187.31,65.23
5546,20231122,28,196,2,9,F245-8663,3,233.2,699.6,80.17,619.43,375.21,244.22,111.5
5547,20220406,44,64,3,30,F689-8873,6,122.08,732.48,110.16,622.32,316.26,306.06,112.02
5548,20250308,49,32,10,26,F875-8669,14,255.44,3576.16,444.16,3132.0,1839.56,1292.44,563.76
5549,20231026,3,155,1,28,F882-5552,3,758.3,2274.9,265.25,2009.65,1047.09,962.56,361.74
5550,20220714,13,188,9,8,F832-0870,7,87.37,611.59,65.81,545.78,359.08,186.7,98.24
5551,20251122,15,111,8,15,F811-6584,9,164.87,1483.83,94.52,1389.31,695.93,693.38,250.08
5552,20221123,38,166,2,24,F018-5381,12,62.39,748.68,143.45,605.23,360.92,244.31,108.94
5553,20220818,1,155,6,16,F301-5023,15,1278.45,19176.75,427.64,18749.11,10717.74,8031.37,3374.84
5554,20230309,23,30,5,8,F523-7449,5,362.67,1813.35,9.79,1803.56,1023.16,780.4,324.64
5555,20240517,52,30,6,24,F821-6106,4,10.01,40.04,4.86,35.18,19.03,16.15,6.33
5556,20250105,27,160,3,19,F387-2951,10,172.59,1725.9,119.43,1606.47,1064.99,541.48,289.16
5557,20231123,48,68,4,16,F775-0703,3,141.48,424.44,66.85,357.59,187.27,170.32,64.37
5558,20230828,13,11,6,14,F416-5262,11,98.5,1083.5,146.81,936.69,556.58,380.11,168.6
5559,20230104,44,176,4,10,F196-0346,2,121.02,242.04,49.21,192.83,102.8,90.03,34.71
5560,20230504,58,148,9,15,F394-8968,9,5.64,50.76,7.28,43.48,22.88,20.6,7.83
5561,20230426,6,185,2,19,F106-7714,12,3460.37,41524.44,3940.67,37583.77,25050.39,12533.38,6765.08
5562,20231011,51,110,4,15,F257-3523,11,20.18,221.98,13.1,208.88,136.43,72.45,37.6
5563,20250803,30,135,5,7,F295-1230,1,118.99,118.99,1.76,117.23,79.01,38.22,21.1
5564,20220123,13,112,9,5,F424-2038,11,92.92,1022.12,108.24,913.88,460.47,453.41,164.5
5565,20231005,5,44,1,15,F210-4184,5,897.57,4487.85,455.52,4032.33,2681.66,1350.67,725.82
5566,20241023,30,89,5,4,F288-5303,15,125.33,1879.95,327.3,1552.65,816.37,736.28,279.48
5567,20230503,60,50,2,21,F101-6496,15,17.75,266.25,24.47,241.78,130.82,110.96,43.52
5568,20251213,33,122,1,1,F559-8564,10,1600.76,16007.6,619.49,15388.11,8624.8,6763.31,2769.86
5569,20240421,57,77,9,22,F375-7765,4,2.46,9.84,1.19,8.65,4.23,4.42,1.56
5570,20240708,33,111,1,17,F543-0774,15,1657.39,24860.85,569.31,24291.54,13474.63,10816.91,4372.48
5571,20221014,57,159,1,25,F973-2128,5,2.49,12.45,2.46,9.99,5.81,4.18,1.8
5572,20251009,19,135,3,14,F068-7657,7,825.29,5777.03,1024.85,4752.18,2456.48,2295.7,855.39
5573,20220910,14,140,8,7,F783-7110,7,202.49,1417.43,10.63,1406.8,939.56,467.24,253.22
5574,20220828,54,133,2,7,F463-2191,5,4.75,23.75,2.95,20.8,12.85,7.95,3.74
5575,20221123,49,2,5,11,F007-3756,12,243.66,2923.92,129.53,2794.39,1757.35,1037.04,502.99
5576,20250524,1,71,10,4,F671-1326,11,1263.94,13903.34,1604.45,12298.89,7719.85,4579.04,2213.8
5577,20230908,26,123,4,18,F708-6671,7,82.65,578.55,32.46,546.09,282.32,263.77,98.3
5578,20231014,36,122,3,29,F716-2644,4,90.57,362.28,69.96,292.32,194.44,97.88,52.62
5579,20221104,41,20,6,12,F920-3401,12,95.32,1143.84,196.51,947.33,474.28,473.05,170.52
5580,20230825,43,9,3,3,F205-6514,6,175.16,1050.96,159.12,891.84,523.5,368.34,160.53
5581,20220329,32,80,2,30,F744-7759,1,399.96,399.96,57.35,342.61,181.2,161.41,61.67
5582,20220504,49,80,10,1,F484-2620,7,260.55,1823.85,5.29,1818.56,1058.73,759.83,327.34
5583,20241118,27,1,6,23,F032-4067,11,185.31,2038.41,112.52,1925.89,1120.41,805.48,346.66
5584,20250415,38,131,4,15,F625-3628,8,61.75,494.0,58.34,435.66,224.25,211.41,78.42
5585,20230725,39,194,1,25,F570-2544,6,127.73,766.38,152.74,613.64,364.17,249.47,110.46
5586,20220825,51,71,7,19,F357-4095,8,20.87,166.96,23.74,143.22,83.55,59.67,25.78
5587,20231227,38,187,3,8,F970-2857,14,64.43,902.02,153.61,748.41,447.56,300.85,134.71
5588,20220828,3,26,2,11,F443-2610,11,714.98,7864.78,519.86,7344.92,4277.21,3067.71,1322.09
5589,20220912,15,8,2,22,F590-4579,14,177.26,2481.64,379.44,2102.2,1218.56,883.64,378.4
5590,20240506,25,39,9,29,F001-4184,2,1781.52,3563.04,216.99,3346.05,2264.36,1081.69,602.29
5591,20240621,19,144,4,25,F430-2100,15,848.44,12726.6,2419.33,10307.27,5024.07,5283.2,1855.31
5592,20220102,19,55,8,18,F663-9113,5,865.21,4326.05,479.33,3846.72,2156.24,1690.48,692.41
5593,20230902,28,34,8,15,F993-6673,8,258.86,2070.88,422.25,1648.63,1056.11,592.52,296.75
5594,20240516,2,176,6,21,F068-3936,13,848.66,11032.58,456.75,10575.83,6929.29,3646.54,1903.65
5595,20220303,27,198,8,10,F077-6765,14,174.48,2442.72,312.91,2129.81,1204.04,925.77,383.37
5596,20230401,38,104,4,22,F253-7793,11,67.16,738.76,35.61,703.15,462.35,240.8,126.57
5597,20220401,48,130,5,12,F227-5615,6,152.25,913.5,83.68,829.82,412.52,417.3,149.37
5598,20230815,31,145,3,23,F625-4532,12,286.14,3433.68,374.61,3059.07,1789.3,1269.77,550.63
5599,20240917,22,132,4,15,F299-5113,7,868.31,6078.17,98.47,5979.7,4033.86,1945.84,1076.35
5600,20241028,35,97,1,10,F134-4402,15,410.55,6158.25,225.39,5932.86,3747.89,2184.97,1067.91
5601,20220419,18,128,1,5,F124-7855,3,700.43,2101.29,162.43,1938.86,1259.19,679.67,348.99
5602,20240812,52,143,9,30,F074-6521,10,10.16,101.6,7.44,94.16,63.27,30.89,16.95
5603,20250131,49,106,4,25,F166-9652,1,241.68,241.68,51.19,190.49,108.13,82.36,34.29
5604,20220222,19,186,1,10,F220-8043,14,782.71,10957.94,1909.97,9047.97,6139.66,2908.31,1628.63
5605,20250814,17,141,1,17,F749-6150,3,491.52,1474.56,141.71,1332.85,877.53,455.32,239.91
5606,20230222,21,27,10,27,F608-7578,2,606.32,1212.64,4.0,1208.64,680.03,528.61,217.56
5607,20220329,59,129,4,20,F810-3386,14,7.54,105.56,11.52,94.04,58.78,35.26,16.93
5608,20220901,44,174,8,26,F376-9635,3,106.34,319.02,43.67,275.35,133.95,141.4,49.56
5609,20240922,19,104,6,15,F374-5979,15,809.77,12146.55,114.18,12032.37,7910.92,4121.45,2165.83
5610,20220430,21,143,2,1,F702-8117,9,623.5,5611.5,466.88,5144.62,3122.37,2022.25,926.03
5611,20250801,43,87,6,16,F216-8575,1,180.29,180.29,31.1,149.19,83.38,65.81,26.85
5612,20250217,46,104,1,25,F030-7072,14,294.92,4128.88,257.64,3871.24,1897.52,1973.72,696.82
5613,20220601,60,173,2,22,F352-3174,2,17.85,35.7,3.21,32.49,21.92,10.57,5.85
5614,20240323,6,76,5,23,F384-6171,7,3341.15,23388.05,107.59,23280.46,14400.89,8879.57,4190.48
5615,20230113,39,55,4,25,F708-6342,10,123.67,1236.7,24.86,1211.84,602.19,609.65,218.13
5616,20250518,56,93,5,13,F805-0274,8,5.72,45.76,3.3,42.46,23.2,19.26,7.64
5617,20250909,25,6,6,7,F242-8600,5,1802.07,9010.35,1536.26,7474.09,3857.61,3616.48,1345.34
5618,20221213,35,112,10,13,F387-0823,11,361.8,3979.8,271.82,3707.98,2302.23,1405.75,667.44
5619,20240405,35,30,9,15,F776-5247,14,398.89,5584.46,1151.52,4432.94,2848.48,1584.46,797.93
5620,20231122,34,50,7,8,F961-5011,5,2240.41,11202.05,266.61,10935.44,6647.49,4287.95,1968.38
5621,20250522,34,100,2,30,F578-3951,6,2197.01,13182.06,305.82,12876.24,8245.93,4630.31,2317.72
5622,20220927,56,191,10,7,F901-0361,1,5.55,5.55,1.06,4.49,2.3,2.19,0.81
5623,20220821,39,18,3,3,F811-3233,5,127.7,638.5,41.31,597.19,399.37,197.82,107.49
5624,20230129,18,156,10,20,F032-0671,12,785.64,9427.68,671.25,8756.43,5659.1,3097.33,1576.16
5625,20250701,31,194,9,16,F135-4089,7,272.55,1907.85,162.55,1745.3,1135.12,610.18,314.15
5626,20231103,4,135,4,15,F715-1208,4,2077.77,8311.08,1721.22,6589.86,3622.39,2967.47,1186.17
5627,20220324,42,26,4,13,F498-7462,2,128.45,256.9,54.54,202.36,99.26,103.1,36.42
5628,20230622,31,169,4,24,F132-2173,8,311.63,2493.04,332.57,2160.47,1384.66,775.81,388.88
5629,20230830,18,151,7,16,F322-5382,7,769.93,5389.51,568.59,4820.92,2765.2,2055.72,867.77
5630,20231115,50,155,5,11,F271-0392,2,85.15,170.3,30.31,139.99,68.04,71.95,25.2
5631,20250101,60,77,4,18,F948-8657,12,17.16,205.92,28.29,177.63,109.7,67.93,31.97
5632,20220107,9,31,4,22,F398-6339,10,2170.49,21704.9,2133.59,19571.31,11630.93,7940.38,3522.84
5633,20221017,32,155,10,13,F617-0134,9,415.69,3741.21,428.74,3312.47,2147.26,1165.21,596.24
5634,20250617,34,21,5,4,F553-3922,9,2322.5,20902.5,1950.2,18952.3,11238.13,7714.17,3411.41
5635,20231209,21,157,1,22,F289-4769,12,635.56,7626.72,1216.46,6410.26,3875.93,2534.33,1153.85
5636,20240418,17,93,5,9,F352-2467,3,526.66,1579.98,159.26,1420.72,810.59,610.13,255.73
5637,20230906,31,118,3,18,F487-4543,2,291.62,583.24,7.82,575.42,314.64,260.78,103.58
5638,20231104,58,63,10,4,F954-4138,6,5.25,31.5,6.79,24.71,16.17,8.54,4.45
5639,20240319,25,144,1,8,F322-6782,4,1877.91,7511.64,741.4,6770.24,3477.66,3292.58,1218.64
5640,20221021,34,5,9,21,F663-6097,10,2394.27,23942.7,3629.71,20312.99,12496.41,7816.58,3656.34
5641,20221119,35,92,1,4,F196-9433,8,384.68,3077.44,0.31,3077.13,1919.87,1157.26,553.88
5642,20220501,42,45,6,13,F992-7404,4,128.26,513.04,94.6,418.44,251.12,167.32,75.32
5643,20220303,54,174,7,27,F251-1508,8,5.12,40.96,6.23,34.73,18.79,15.94,6.25
5644,20231126,49,47,7,14,F749-7204,13,281.65,3661.45,388.48,3272.97,1910.61,1362.36,589.13
5645,20231015,48,60,4,25,F576-6428,9,150.5,1354.5,122.58,1231.92,690.8,541.12,221.75
5646,20230206,14,37,7,5,F311-8450,2,222.17,444.34,23.64,420.7,280.9,139.8,75.73
5647,20230724,27,71,10,16,F464-0497,10,166.75,1667.5,92.71,1574.79,880.78,694.01,283.46
5648,20230716,50,64,5,19,F666-5513,7,83.05,581.35,37.96,543.39,365.57,177.82,97.81
5649,20241222,19,13,9,21,F033-1250,2,797.91,1595.82,229.16,1366.66,759.94,606.72,246.0
5650,20240403,45,130,3,18,F010-0387,9,53.69,483.21,65.47,417.74,275.44,142.3,75.19
5651,20241128,51,99,6,1,F296-5815,3,22.78,68.34,12.37,55.97,30.84,25.13,10.07
5652,20221029,26,21,10,6,F898-3580,10,86.26,862.6,79.45,783.15,382.09,401.06,140.97
5653,20220214,13,4,5,29,F976-2013,15,88.63,1329.45,92.53,1236.92,793.15,443.77,222.65
5654,20250418,60,178,3,15,F434-8475,8,17.64,141.12,10.16,130.96,80.92,50.04,23.57
5655,20220125,27,115,10,24,F871-3234,2,187.22,374.44,53.69,320.75,165.16,155.59,57.73
5656,20241214,52,158,5,29,F159-0327,4,9.67,38.68,7.06,31.62,17.93,13.69,5.69
5657,20251228,6,97,2,14,F890-2872,5,3407.12,17035.6,2984.64,14050.96,8002.72,6048.24,2529.17
5658,20221109,57,14,7,10,F067-0228,14,2.44,34.16,6.87,27.29,17.31,9.98,4.91
5659,20240311,14,125,4,22,F185-6684,5,195.62,978.1,13.6,964.5,588.46,376.04,173.61
5660,20220328,24,95,6,10,F440-1042,4,458.2,1832.8,103.0,1729.8,1175.97,553.83,311.36
5661,20240704,9,139,5,24,F422-7455,13,2342.9,30457.7,411.18,30046.52,18994.47,11052.05,5408.37
5662,20230102,44,155,9,20,F178-8359,5,108.23,541.15,36.04,505.11,247.69,257.42,90.92
5663,20230624,58,86,4,11,F898-4296,15,5.8,87.0,5.74,81.26,42.42,38.84,14.63
5664,20220921,53,33,9,22,F885-6928,11,4.46,49.06,7.72,41.34,26.61,14.73,7.44
5665,20250804,52,22,4,26,F981-8304,1,10.58,10.58,1.16,9.42,6.39,3.03,1.7
5666,20230622,19,63,5,25,F045-7590,8,928.74,7429.92,1299.49,6130.43,3980.87,2149.56,1103.48
5667,20230908,44,5,6,23,F898-8777,2,110.25,220.5,24.41,196.09,122.96,73.13,35.3
5668,20241023,57,172,6,25,F276-6844,11,2.61,28.71,1.65,27.06,17.09,9.97,4.87
5669,20231215,46,170,7,4,F099-5715,3,280.98,842.94,11.04,831.9,501.94,329.96,149.74
5670,20230822,50,62,1,8,F122-5171,4,87.27,349.08,49.08,300.0,153.33,146.67,54.0
5671,20250530,35,65,5,29,F854-2093,5,369.63,1848.15,92.59,1755.56,1110.86,644.7,316.0
5672,20220806,36,150,3,25,F933-3453,6,78.57,471.42,26.35,445.07,215.13,229.94,80.11
5673,20241004,7,144,8,8,F016-5608,15,2834.49,42517.35,8652.28,33865.07,22729.14,11135.93,6095.71
5674,20251106,44,70,4,6,F764-2607,1,108.54,108.54,20.28,88.26,46.6,41.66,15.89
5675,20241215,57,197,6,23,F355-6269,1,2.37,2.37,0.47,1.9,1.17,0.73,0.34
5676,20220103,53,99,6,24,F947-7252,9,4.44,39.96,2.65,37.31,21.62,15.69,6.72
5677,20251207,35,63,10,19,F792-4740,14,398.02,5572.28,1206.4,4365.88,2295.96,2069.92,785.86
5678,20230906,14,139,9,17,F362-7290,10,195.39,1953.9,293.08,1660.82,823.58,837.24,298.95
5679,20241203,36,4,10,11,F494-2951,15,84.98,1274.7,52.39,1222.31,802.0,420.31,220.02
5680,20230622,47,51,1,22,F875-1167,9,399.79,3598.11,191.78,3406.33,1938.68,1467.65,613.14
5681,20241219,36,151,9,10,F414-0291,7,87.44,612.08,109.56,502.52,304.64,197.88,90.45
5682,20250823,54,172,6,22,F765-6180,5,4.97,24.85,1.87,22.98,12.96,10.02,4.14
5683,20251220,41,26,9,26,F655-8317,15,94.99,1424.85,65.54,1359.31,695.03,664.28,244.68
5684,20250811,29,149,9,28,F033-2166,8,46.09,368.72,66.74,301.98,148.18,153.8,54.36
5685,20241003,3,12,5,13,F813-9592,15,720.96,10814.4,2334.83,8479.57,5607.13,2872.44,1526.32
5686,20240710,59,6,7,27,F266-8733,8,6.39,51.12,11.03,40.09,20.91,19.18,7.22
5687,20251122,17,39,5,21,F814-4185,8,527.92,4223.36,176.54,4046.82,2078.24,1968.58,728.43
5688,20241206,53,163,2,19,F496-1323,5,5.06,25.3,0.07,25.23,14.52,10.71,4.54
5689,20241114,59,18,3,2,F776-3209,10,7.0,70.0,11.54,58.46,28.07,30.39,10.52
5690,20220801,49,167,2,24,F405-4140,15,254.9,3823.5,151.41,3672.09,2262.84,1409.25,660.98
5691,20230511,60,101,7,22,F431-4499,7,17.03,119.21,2.17,117.04,71.13,45.91,21.07
5692,20230924,31,89,3,15,F350-6887,1,266.49,266.49,28.65,237.84,141.43,96.41,42.81
5693,20230109,24,28,4,1,F668-0085,12,405.44,4865.28,757.04,4108.24,2418.69,1689.55,739.48
5694,20230304,5,46,2,11,F163-9319,2,1004.2,2008.4,280.77,1727.63,1010.63,717.0,310.97
5695,20221011,60,190,7,29,F387-4388,14,16.78,234.92,49.33,185.59,100.04,85.55,33.41
5696,20221013,14,38,9,28,F680-3853,9,228.07,2052.63,170.57,1882.06,1205.59,676.47,338.77
5697,20231020,7,77,7,27,F758-4131,3,2747.18,8241.54,384.88,7856.66,5108.88,2747.78,1414.2
5698,20250103,18,16,7,15,F983-3882,1,719.5,719.5,60.29,659.21,420.67,238.54,118.66
5699,20251023,32,19,5,4,F557-1932,9,464.42,4179.78,489.03,3690.75,2228.15,1462.6,664.33
5700,20220728,3,170,5,16,F636-8734,3,666.76,2000.28,354.85,1645.43,798.17,847.26,296.18
5701,20240516,47,189,6,25,F401-4448,2,345.39,690.78,99.61,591.17,337.69,253.48,106.41
5702,20231123,30,162,6,15,F775-5975,11,127.51,1402.61,132.27,1270.34,693.87,576.47,228.66
5703,20220908,29,103,8,28,F746-5247,15,48.06,720.9,35.76,685.14,429.1,256.04,123.33
5704,20221028,41,155,2,27,F997-0340,12,97.03,1164.36,236.02,928.34,588.24,340.1,167.1
5705,20230213,53,161,4,24,F845-7915,10,4.8,48.0,7.56,40.44,24.13,16.31,7.28
5706,20240507,34,56,1,18,F005-4736,12,2133.47,25601.64,4805.43,20796.21,11290.21,9506.0,3743.32
5707,20220726,21,68,10,27,F558-2853,4,663.73,2654.92,154.52,2500.4,1306.23,1194.17,450.07
5708,20251218,2,101,8,12,F346-4291,14,860.78,12050.92,85.56,11965.36,5799.5,6165.86,2153.76
5709,20220304,29,75,2,14,F216-8668,13,46.01,598.13,93.31,504.82,304.51,200.31,90.87
5710,20220521,9,163,4,2,F198-5718,2,2156.59,4313.18,446.85,3866.33,2488.83,1377.5,695.94
5711,20220809,33,100,4,22,F255-0479,8,1497.05,11976.4,2111.44,9864.96,5081.0,4783.96,1775.69
5712,20251203,35,67,9,30,F997-0214,1,403.12,403.12,69.42,333.7,210.14,123.56,60.07
5713,20241013,35,21,2,6,F791-6019,9,411.42,3702.78,581.34,3121.44,2048.0,1073.44,561.86
5714,20240715,33,102,6,22,F849-7610,5,1456.92,7284.6,1125.47,6159.13,3241.75,2917.38,1108.64
5715,20221026,60,180,7,17,F109-0013,2,18.19,36.38,0.8,35.58,20.25,15.33,6.4
5716,20241122,37,117,7,29,F440-3818,2,144.57,289.14,61.36,227.78,148.1,79.68,41.0
5717,20241102,59,124,4,27,F670-7400,2,6.79,13.58,1.0,12.58,8.38,4.2,2.26
5718,20230120,8,137,7,17,F661-7097,8,2319.24,18553.92,3122.62,15431.3,10295.75,5135.55,2777.63
5719,20230809,18,122,4,12,F896-9944,12,712.49,8549.88,1563.77,6986.11,3494.24,3491.87,1257.5
5720,20220908,54,120,5,6,F352-2825,9,4.85,43.65,5.46,38.19,19.79,18.4,6.87
5721,20240908,21,146,8,23,F494-3623,15,621.8,9327.0,779.74,8547.26,5099.2,3448.06,1538.51
5722,20230408,44,99,1,8,F743-2640,6,121.5,729.0,14.22,714.78,432.65,282.13,128.66
5723,20230627,43,26,5,22,F742-0279,11,177.32,1950.52,206.17,1744.35,1126.4,617.95,313.98
5724,20230909,57,113,2,12,F660-1600,12,2.46,29.52,4.2,25.32,12.47,12.85,4.56
5725,20240115,40,57,3,8,F060-5030,7,195.75,1370.25,219.51,1150.74,697.62,453.12,207.13
5726,20221219,32,20,2,12,F654-9972,3,464.65,1393.95,103.29,1290.66,772.08,518.58,232.32
5727,20221013,46,200,9,25,F299-1502,11,280.63,3086.93,427.23,2659.7,1398.97,1260.73,478.75
5728,20240620,26,175,1,14,F190-8971,13,80.22,1042.86,226.72,816.14,524.99,291.15,146.91
5729,20241202,48,105,7,2,F678-3163,2,150.47,300.94,21.25,279.69,173.16,106.53,50.34
5730,20231107,2,22,9,7,F270-3278,10,887.18,8871.8,1044.21,7827.59,4307.3,3520.29,1408.97
5731,20230329,18,136,1,23,F956-8558,4,762.98,3051.92,273.45,2778.47,1512.45,1266.02,500.12
5732,20241203,32,64,5,16,F149-4830,11,428.93,4718.23,954.03,3764.2,2534.03,1230.17,677.56
5733,20241027,58,37,2,26,F550-8041,2,5.9,11.8,1.83,9.97,5.71,4.26,1.79
5734,20220512,48,78,3,20,F656-3294,1,138.47,138.47,18.8,119.67,64.29,55.38,21.54
5735,20220716,9,7,10,24,F973-2823,4,2175.87,8703.48,1396.91,7306.57,4270.68,3035.89,1315.18
5736,20250424,38,182,10,2,F570-5115,2,70.67,141.34,13.07,128.27,65.9,62.37,23.09
5737,20230325,23,123,4,8,F105-3068,13,322.83,4196.79,142.69,4054.1,2059.37,1994.73,729.74
5738,20220326,22,144,8,13,F413-3653,3,870.78,2612.34,385.32,2227.02,1492.55,734.47,400.86
5739,20221129,18,191,5,9,F943-7662,13,660.01,8580.13,196.48,8383.65,4765.81,3617.84,1509.06
5740,20240715,28,103,10,13,F529-5425,3,242.94,728.82,136.29,592.53,299.71,292.82,106.66
5741,20220607,49,19,8,4,F254-6088,10,241.97,2419.7,94.85,2324.85,1337.56,987.29,418.47
5742,20241121,45,165,8,1,F729-5360,11,58.51,643.61,78.33,565.28,308.38,256.9,101.75
5743,20221001,1,175,6,23,F540-0714,6,1231.96,7391.76,1309.82,6081.94,3454.08,2627.86,1094.75
5744,20240604,32,30,4,18,F683-4092,5,426.87,2134.35,251.0,1883.35,1098.99,784.36,339.0
5745,20240815,8,61,4,12,F622-4689,7,2366.12,16562.84,168.94,16393.9,9625.76,6768.14,2950.9
5746,20221013,35,66,6,5,F294-8866,15,363.09,5446.35,1046.79,4399.56,2224.02,2175.54,791.92
5747,20240415,35,94,4,10,F111-7983,14,359.17,5028.38,17.1,5011.28,2594.84,2416.44,902.03
5748,20240406,28,68,2,4,F661-9482,6,258.75,1552.5,106.35,1446.15,724.99,721.16,260.31
5749,20221119,42,119,4,19,F657-1303,11,115.92,1275.12,28.05,1247.07,766.59,480.48,224.47
5750,20250626,41,81,9,9,F289-9176,10,89.97,899.7,100.23,799.47,488.04,311.43,143.9
5751,20220731,58,19,3,29,F454-8026,11,5.9,64.9,1.41,63.49,36.3,27.19,11.43
5752,20230513,45,87,4,27,F854-9857,6,52.97,317.82,26.92,290.9,168.83,122.07,52.36
5753,20220701,1,125,10,30,F967-4136,2,1276.0,2552.0,382.54,2169.46,1163.6,1005.86,390.5
5754,20251113,1,194,9,20,F752-2622,1,1292.8,1292.8,186.81,1105.99,537.24,568.75,199.08
5755,20240816,11,25,10,20,F783-6375,1,145.46,145.46,27.59,117.87,62.74,55.13,21.22
5756,20230802,21,63,8,14,F258-5275,5,632.45,3162.25,22.77,3139.48,1943.05,1196.43,565.11
5757,20220913,9,34,9,1,F952-2763,11,2344.16,25785.76,1810.16,23975.6,13678.87,10296.73,4315.61
5758,20240630,16,106,1,1,F568-0134,7,320.29,2242.03,158.06,2083.97,1074.67,1009.3,375.11
5759,20251230,24,135,9,17,F014-0114,1,439.36,439.36,64.67,374.69,188.85,185.84,67.44
5760,20220625,45,138,3,18,F996-6510,1,54.4,54.4,3.98,50.42,26.17,24.25,9.08
5761,20240713,56,168,3,2,F931-3124,8,5.62,44.96,6.23,38.73,24.68,14.05,6.97
5762,20231005,1,196,7,19,F756-2787,1,1195.58,1195.58,259.08,936.5,551.11,385.39,168.57
5763,20230502,11,166,7,6,F116-6002,12,136.31,1635.72,212.48,1423.24,790.88,632.36,256.18
5764,20240414,18,149,9,2,F457-0043,14,667.92,9350.88,2011.37,7339.51,3622.43,3717.08,1321.11
5765,20230406,54,159,3,27,F842-9738,15,5.26,78.9,2.2,76.7,48.07,28.63,13.81
5766,20220309,20,56,6,18,F788-3895,15,255.05,3825.75,130.08,3695.67,2186.81,1508.86,665.22
5767,20240913,20,150,9,16,F661-4413,12,243.83,2925.96,567.64,2358.32,1226.44,1131.88,424.5
5768,20231226,40,198,4,8,F369-5952,10,186.07,1860.7,36.28,1824.42,1098.07,726.35,328.4
5769,20240625,55,132,4,9,F410-3532,6,2.04,12.24,1.23,11.01,7.41,3.6,1.98
5770,20240519,42,170,10,1,F359-5263,10,124.83,1248.3,26.71,1221.59,692.56,529.03,219.89
5771,20240408,59,39,10,14,F089-4455,6,7.02,42.12,1.93,40.19,24.9,15.29,7.23
5772,20240123,47,174,10,10,F067-7023,11,381.02,4191.22,699.1,3492.12,2361.17,1130.95,628.58
5773,20250927,30,48,8,20,F800-8324,11,125.94,1385.34,200.74,1184.6,723.1,461.5,213.23
5774,20231031,40,68,9,3,F830-1164,12,198.2,2378.4,50.18,2328.22,1270.42,1057.8,419.08
5775,20221012,36,72,6,26,F529-4930,2,92.73,185.46,19.31,166.15,85.13,81.02,29.91
5776,20241125,35,12,10,28,F179-6896,5,401.22,2006.1,258.99,1747.11,853.61,893.5,314.48
5777,20251025,12,189,9,27,F023-8082,13,184.08,2393.04,272.09,2120.95,1186.81,934.14,381.77
5778,20250619,43,170,1,12,F468-0339,1,163.16,163.16,29.73,133.43,78.92,54.51,24.02
5779,20231231,6,196,6,15,F330-2407,8,3418.08,27344.64,1714.51,25630.13,13380.58,12249.55,4613.42
5780,20240424,43,179,6,28,F652-6909,3,185.14,555.42,40.32,515.1,349.7,165.4,92.72
5781,20250719,33,154,1,1,F107-5562,12,1457.99,17495.88,2106.5,15389.38,8692.99,6696.39,2770.09
5782,20241229,45,40,5,23,F192-4808,2,58.47,116.94,3.29,113.65,59.35,54.3,20.46
5783,20220110,40,10,1,5,F997-5652,11,196.96,2166.56,136.06,2030.5,1170.99,859.51,365.49
5784,20230825,8,36,5,23,F276-6963,1,2539.91,2539.91,219.7,2320.21,1415.73,904.48,417.64
5785,20240327,4,125,3,27,F295-8728,6,2167.45,13004.7,2313.54,10691.16,6143.22,4547.94,1924.41
5786,20241019,31,14,9,7,F342-7201,8,287.74,2301.92,195.66,2106.26,1412.31,693.95,379.13
5787,20241020,9,173,1,2,F734-6842,10,2284.73,22847.3,148.51,22698.79,13700.86,8997.93,4085.78
5788,20220622,16,21,9,1,F840-4328,8,304.46,2435.68,164.65,2271.03,1439.98,831.05,408.79
5789,20250724,57,4,6,25,F889-9236,1,2.53,2.53,0.38,2.15,1.1,1.05,0.39
5790,20220719,31,111,9,25,F669-3068,8,307.63,2461.04,134.86,2326.18,1574.4,751.78,418.71
5791,20240901,60,93,6,12,F143-5438,8,18.24,145.92,12.14,133.78,89.83,43.95,24.08
5792,20220909,33,93,1,24,F980-6983,6,1567.07,9402.42,1946.3,7456.12,4886.44,2569.68,1342.1
5793,20251202,49,103,5,28,F997-8359,9,254.3,2288.7,240.08,2048.62,1052.09,996.53,368.75
5794,20250519,31,91,5,13,F657-4343,1,268.79,268.79,3.04,265.75,136.9,128.85,47.84
5795,20230422,22,90,3,19,F272-8335,4,920.8,3683.2,231.67,3451.53,2085.9,1365.63,621.28
5796,20240528,19,179,5,12,F037-5390,1,825.82,825.82,52.11,773.71,389.68,384.03,139.27
5797,20240215,43,110,10,30,F343-1736,4,180.2,720.8,121.31,599.49,345.59,253.9,107.91
5798,20221112,55,51,9,21,F452-5964,2,1.87,3.74,0.49,3.25,1.98,1.27,0.58
5799,20221204,42,148,9,4,F682-3129,6,127.05,762.3,94.53,667.77,342.37,325.4,120.2
5800,20241219,16,171,10,15,F868-7570,11,338.99,3728.89,124.54,3604.35,1785.28,1819.07,648.78
5801,20240902,47,178,7,15,F714-7550,9,348.08,3132.72,4.07,3128.65,1569.3,1559.35,563.16
5802,20241008,19,140,10,1,F887-9718,4,924.51,3698.04,308.42,3389.62,2189.57,1200.05,610.13
5803,20240411,34,58,7,19,F789-4446,3,2152.81,6458.43,623.24,5835.19,3961.83,1873.36,1050.33
5804,20250409,31,199,8,13,F714-8467,10,275.97,2759.7,124.74,2634.96,1599.88,1035.08,474.29
5805,20240116,35,162,2,23,F945-8626,12,390.62,4687.44,521.24,4166.2,2067.68,2098.52,749.92
5806,20231114,43,81,9,22,F058-8842,8,172.14,1377.12,116.09,1261.03,849.32,411.71,226.99
5807,20251018,19,42,2,29,F711-7325,13,810.89,10541.57,1433.65,9107.92,5527.56,3580.36,1639.43
5808,20250403,54,83,4,22,F067-2199,1,5.07,5.07,0.71,4.36,2.12,2.24,0.78
5809,20231001,27,16,3,30,F644-8709,6,158.12,948.72,145.44,803.28,464.31,338.97,144.59
5810,20220114,49,196,8,14,F587-5260,15,279.23,4188.45,309.53,3878.92,2146.87,1732.05,698.21
5811,20220809,24,133,2,8,F036-8127,14,438.27,6135.78,127.01,6008.77,3089.19,2919.58,1081.58
5812,20240530,34,178,4,12,F596-5031,14,2117.61,29646.54,1366.71,28279.83,17993.28,10286.55,5090.37
5813,20230408,7,84,10,23,F177-3307,4,2635.42,10541.68,1774.16,8767.52,5942.72,2824.8,1578.15
5814,20251210,12,47,5,12,F327-8192,12,192.37,2308.44,262.24,2046.2,1376.94,669.26,368.32
5815,20240811,5,180,8,9,F790-3403,13,1034.86,13453.18,1134.1,12319.08,6354.52,5964.56,2217.43
5816,20250315,22,106,4,5,F508-0897,13,806.81,10488.53,653.44,9835.09,4967.82,4867.27,1770.32
5817,20230218,10,9,3,17,F762-1217,8,2926.9,23415.2,1320.62,22094.58,14594.69,7499.89,3977.02
5818,20240114,3,100,4,27,F304-4486,1,781.65,781.65,134.37,647.28,421.14,226.14,116.51
5819,20221214,14,192,7,7,F252-6008,11,200.45,2204.95,201.31,2003.64,1034.46,969.18,360.66
5820,20250806,26,141,8,2,F832-2803,12,82.52,990.24,87.93,902.31,465.45,436.86,162.42
5821,20241224,22,69,4,12,F875-1562,6,814.16,4884.96,774.75,4110.21,2692.89,1417.32,739.84
5822,20241027,31,94,1,9,F748-5112,4,269.76,1079.04,158.73,920.31,611.64,308.67,165.66
5823,20250816,35,37,4,11,F295-7711,7,375.79,2630.53,29.72,2600.81,1708.02,892.79,468.15
5824,20250707,10,186,6,26,F833-3886,5,3292.19,16460.95,128.4,16332.55,8883.46,7449.09,2939.86
5825,20220612,3,58,10,1,F005-4364,15,756.38,11345.7,191.74,11153.96,5612.5,5541.46,2007.71
5826,20250705,24,163,3,7,F275-0844,15,445.19,6677.85,887.49,5790.36,3327.45,2462.91,1042.26
5827,20221204,33,171,4,8,F343-5997,13,1588.99,20656.87,1700.06,18956.81,11231.56,7725.25,3412.23
5828,20230916,23,135,3,18,F267-3439,9,330.96,2978.64,242.76,2735.88,1616.8,1119.08,492.46
5829,20221116,40,149,9,2,F045-5657,8,194.19,1553.52,101.6,1451.92,926.39,525.53,261.35
5830,20250122,46,52,9,1,F472-2061,12,281.4,3376.8,712.5,2664.3,1718.8,945.5,479.57
5831,20240614,26,78,5,15,F906-6067,1,87.85,87.85,11.17,76.68,41.24,35.44,13.8
5832,20250516,2,174,7,12,F801-5296,13,761.93,9905.09,685.43,9219.66,5039.74,4179.92,1659.54
5833,20230131,34,166,7,11,F548-6503,10,2255.76,22557.6,3144.53,19413.07,12220.92,7192.15,3494.35
5834,20220617,56,35,3,7,F174-4743,14,5.69,79.66,13.83,65.83,40.97,24.86,11.85
5835,20220824,12,177,2,19,F108-0610,4,167.67,670.68,2.68,668.0,373.99,294.01,120.24
5836,20241116,53,190,4,13,F778-3968,10,4.67,46.7,4.82,41.88,27.19,14.69,7.54
5837,20250611,22,78,3,27,F051-2523,13,881.55,11460.15,1693.81,9766.34,6256.15,3510.19,1757.94
5838,20230601,36,142,7,22,F877-1977,3,84.34,253.02,45.42,207.6,108.63,98.97,37.37
5839,20230217,18,85,5,5,F150-4281,13,659.37,8571.81,248.58,8323.23,4473.84,3849.39,1498.18
5840,20241123,48,60,3,25,F720-0914,3,146.18,438.54,27.72,410.82,199.03,211.79,73.95
5841,20241019,1,155,3,18,F676-2640,4,1104.9,4419.6,125.96,4293.64,2513.0,1780.64,772.86
5842,20220122,17,126,10,4,F732-3823,6,544.93,3269.58,44.14,3225.44,1926.27,1299.17,580.58
5843,20230820,22,30,8,14,F189-9641,3,826.31,2478.93,329.45,2149.48,1450.12,699.36,386.91
5844,20241217,18,125,7,10,F058-8805,12,772.99,9275.88,1060.23,8215.65,4613.74,3601.91,1478.82
5845,20240531,49,149,6,7,F385-1133,14,280.92,3932.88,515.6,3417.28,1950.79,1466.49,615.11
5846,20251004,58,11,10,2,F402-4031,9,5.47,49.23,2.05,47.18,28.7,18.48,8.49
5847,20220102,58,49,2,24,F993-5479,7,6.12,42.84,0.51,42.33,24.43,17.9,7.62
5848,20231216,28,191,4,14,F192-9629,12,248.61,2983.32,107.7,2875.62,1419.9,1455.72,517.61
5849,20220619,10,121,8,28,F466-3203,13,2973.63,38657.19,5087.29,33569.9,19774.09,13795.81,6042.58
5850,20230725,35,129,3,3,F287-7081,3,400.38,1201.14,182.69,1018.45,528.42,490.03,183.32
5851,20240616,11,136,4,7,F535-1356,3,146.17,438.51,17.94,420.57,215.38,205.19,75.7
5852,20221101,13,56,6,20,F029-6305,15,95.54,1433.1,102.61,1330.49,830.72,499.77,239.49
5853,20231110,10,75,1,29,F737-1572,1,3079.07,3079.07,522.52,2556.55,1667.79,888.76,460.18
5854,20251204,18,48,10,5,F258-6057,3,697.23,2091.69,143.28,1948.41,1295.48,652.93,350.71
5855,20241208,25,146,4,19,F724-3715,1,1766.3,1766.3,202.95,1563.35,1008.09,555.26,281.4
5856,20220803,58,41,10,23,F194-3222,11,6.07,66.77,5.12,61.65,33.04,28.61,11.1
5857,20221014,42,88,9,27,F832-3839,5,134.45,672.25,16.67,655.58,435.72,219.86,118.0
5858,20220502,14,94,10,3,F749-9985,8,219.36,1754.88,196.37,1558.51,1042.11,516.4,280.53
5859,20231011,2,69,6,18,F494-5922,13,796.24,10351.12,73.49,10277.63,6246.76,4030.87,1849.97
5860,20241224,37,123,3,8,F187-3131,9,139.87,1258.83,193.61,1065.22,550.75,514.47,191.74
5861,20230430,1,18,9,14,F618-4973,1,1100.33,1100.33,135.45,964.88,631.8,333.08,173.68
5862,20231027,33,185,6,6,F761-1606,7,1682.62,11778.34,1765.57,10012.77,5377.12,4635.65,1802.3
5863,20250901,18,93,1,18,F654-6243,12,728.86,8746.32,705.83,8040.49,4898.78,3141.71,1447.29
5864,20241107,37,170,1,24,F177-5455,14,134.57,1883.98,57.84,1826.14,1184.96,641.18,328.71
5865,20231121,53,172,5,29,F641-1693,11,4.42,48.62,3.95,44.67,28.6,16.07,8.04
5866,20220903,51,95,6,24,F421-2916,11,20.58,226.38,3.1,223.28,140.69,82.59,40.19
5867,20240513,42,115,7,29,F661-8314,2,120.17,240.34,7.55,232.79,142.45,90.34,41.9
5868,20230301,2,13,6,19,F412-4952,15,860.56,12908.4,1617.42,11290.98,6018.79,5272.19,2032.38
5869,20240209,31,74,6,25,F204-2554,4,264.92,1059.68,98.87,960.81,512.43,448.38,172.95
5870,20250804,2,36,7,21,F069-4833,5,809.21,4046.05,757.02,3289.03,2060.58,1228.45,592.03
5871,20230905,15,197,4,16,F073-5657,1,157.29,157.29,24.07,133.22,88.08,45.14,23.98
5872,20220524,10,12,10,3,F344-6739,12,3298.93,39587.16,2319.81,37267.35,23812.95,13454.4,6708.12
5873,20221017,35,189,6,8,F745-1279,15,367.91,5518.65,36.42,5482.23,3633.28,1848.95,986.8
5874,20250221,48,198,7,9,F601-7279,3,156.13,468.39,102.16,366.23,187.76,178.47,65.92
5875,20250804,19,161,7,10,F289-2676,8,848.52,6788.16,92.32,6695.84,3800.98,2894.86,1205.25
5876,20241111,33,169,1,15,F537-1300,15,1567.06,23505.9,4494.33,19011.57,9266.29,9745.28,3422.08
5877,20230114,48,76,5,17,F790-0152,2,132.13,264.26,42.63,221.63,111.22,110.41,39.89
5878,20230225,24,29,9,16,F315-9608,11,425.02,4675.22,305.76,4369.46,2209.94,2159.52,786.5
5879,20251101,42,14,1,15,F174-3152,5,113.95,569.75,32.13,537.62,265.54,272.08,96.77
5880,20220405,45,45,1,10,F583-9846,14,52.64,736.96,130.59,606.37,402.33,204.04,109.15
5881,20250302,14,22,3,3,F061-7511,7,193.33,1353.31,86.07,1267.24,833.38,433.86,228.1
5882,20251016,3,8,6,12,F805-0153,5,744.59,3722.95,561.05,3161.9,1648.58,1513.32,569.14
5883,20221020,14,82,1,13,F426-0253,12,196.0,2352.0,270.24,2081.76,1188.98,892.78,374.72
5884,20221026,50,30,5,17,F234-5662,13,84.84,1102.92,86.8,1016.12,511.26,504.86,182.9
5885,20241215,60,69,3,30,F469-7769,7,16.86,118.02,0.54,117.48,64.64,52.84,21.15
5886,20230919,4,100,2,4,F988-5488,2,2191.31,4382.62,330.45,4052.17,2131.71,1920.46,729.39
5887,20250313,8,186,8,28,F099-4196,15,2339.03,35085.45,5476.84,29608.61,15243.5,14365.11,5329.55
5888,20240831,14,101,2,21,F878-6912,10,220.69,2206.9,93.57,2113.33,1061.68,1051.65,380.4
5889,20240606,21,48,6,12,F221-1991,5,572.27,2861.35,600.31,2261.04,1480.2,780.84,406.99
5890,20220428,55,48,3,1,F450-2377,8,2.1,16.8,0.74,16.06,10.59,5.47,2.89
5891,20230404,21,186,3,10,F949-0328,9,652.06,5868.54,836.27,5032.27,2723.65,2308.62,905.81
5892,20251116,36,110,10,5,F326-3773,12,86.15,1033.8,179.98,853.82,536.15,317.67,153.69
5893,20230218,53,150,10,19,F244-1219,1,4.51,4.51,0.1,4.41,2.13,2.28,0.79
5894,20221116,54,69,1,1,F831-9750,2,5.35,10.7,2.22,8.48,5.27,3.21,1.53
5895,20241020,40,160,8,23,F114-9622,2,198.23,396.46,14.35,382.11,238.35,143.76,68.78
5896,20221212,9,134,8,28,F921-5012,14,2281.76,31944.64,5567.95,26376.69,13635.33,12741.36,4747.8
5897,20240204,47,160,3,26,F365-4337,12,347.4,4168.8,542.36,3626.44,2396.25,1230.19,652.76
5898,20230509,41,104,7,9,F661-2847,12,90.35,1084.2,78.93,1005.27,491.37,513.9,180.95
5899,20220529,31,101,7,29,F286-8990,15,275.46,4131.9,645.4,3486.5,2109.58,1376.92,627.57
5900,20250222,5,44,10,21,F748-2223,1,1028.35,1028.35,75.58,952.77,638.77,314.0,171.5
5901,20240716,45,189,7,16,F483-8155,3,60.73,182.19,32.83,149.36,77.34,72.02,26.88
5902,20231105,40,18,1,16,F004-8367,11,192.6,2118.6,179.66,1938.94,1108.6,830.34,349.01
5903,20251025,45,58,6,3,F734-3588,5,60.85,304.25,64.29,239.96,139.34,100.62,43.19
5904,20220820,13,46,1,18,F185-4079,2,99.61,199.22,43.53,155.69,88.88,66.81,28.02
5905,20251011,51,42,1,3,F457-2475,2,21.83,43.66,7.96,35.7,19.9,15.8,6.43
5906,20240701,38,98,7,2,F903-9212,6,70.24,421.44,68.02,353.42,217.65,135.77,63.62
5907,20240921,59,23,1,18,F278-0027,10,7.39,73.9,6.88,67.02,33.65,33.37,12.06
5908,20230904,44,168,8,13,F920-7921,1,109.56,109.56,17.89,91.67,47.31,44.36,16.5
5909,20240213,14,53,4,27,F598-9758,1,220.92,220.92,37.64,183.28,103.28,80.0,32.99
5910,20230325,42,165,8,14,F009-5577,1,134.8,134.8,11.59,123.21,76.44,46.77,22.18
5911,20240302,23,13,10,2,F562-3574,11,308.29,3391.19,19.67,3371.52,1643.22,1728.3,606.87
5912,20240821,3,182,10,25,F518-0585,10,712.1,7121.0,292.67,6828.33,3343.09,3485.24,1229.1
5913,20240417,23,80,2,19,F588-4718,6,365.47,2192.82,430.01,1762.81,1173.37,589.44,317.31
5914,20240429,50,101,1,12,F014-2951,3,79.34,238.02,13.69,224.33,126.42,97.91,40.38
5915,20241025,39,103,2,19,F121-8270,10,127.46,1274.6,171.05,1103.55,539.04,564.51,198.64
5916,20230927,8,54,7,16,F535-4318,15,2614.95,39224.25,2679.02,36545.23,23954.42,12590.81,6578.14
5917,20240520,40,114,5,19,F854-1534,3,175.61,526.83,97.09,429.74,214.33,215.41,77.35
5918,20250111,8,178,1,9,F193-8089,7,2625.93,18381.51,1775.65,16605.86,9204.13,7401.73,2989.05
5919,20251102,22,115,6,21,F963-2168,4,889.19,3556.76,577.26,2979.5,1492.86,1486.64,536.31
5920,20250905,58,144,7,2,F929-3242,6,5.37,32.22,0.37,31.85,18.72,13.13,5.73
5921,20230925,38,114,6,29,F406-7733,7,61.41,429.87,46.9,382.97,226.35,156.62,68.93
5922,20230220,24,81,4,9,F678-8091,13,460.26,5983.38,1045.89,4937.49,3300.71,1636.78,888.75
5923,20240708,19,27,3,2,F470-8941,15,812.84,12192.6,367.0,11825.6,5678.75,6146.85,2128.61
5924,20240716,3,23,1,4,F004-4081,12,756.22,9074.64,51.73,9022.91,5219.9,3803.01,1624.12
5925,20251122,41,62,5,30,F100-6636,14,89.53,1253.42,1.5,1251.92,639.04,612.88,225.35
5926,20240902,1,126,9,18,F826-5793,10,1225.94,12259.4,66.2,12193.2,6984.36,5208.84,2194.78
5927,20220420,8,102,5,10,F273-9818,7,2678.86,18752.02,348.79,18403.23,8901.56,9501.67,3312.58
5928,20240222,4,181,7,23,F077-7114,13,2040.05,26520.65,3442.38,23078.27,14515.57,8562.7,4154.09
5929,20250116,42,114,3,14,F108-0306,12,116.62,1399.44,52.06,1347.38,772.38,575.0,242.53
5930,20220707,22,44,7,1,F764-2951,11,832.17,9153.87,1594.6,7559.27,5059.43,2499.84,1360.67
5931,20250504,34,85,10,5,F925-1492,14,2277.04,31878.56,5575.56,26303.0,14496.64,11806.36,4734.54
5932,20251013,46,103,5,28,F640-9440,6,290.08,1740.48,146.72,1593.76,926.66,667.1,286.88
5933,20251212,58,71,6,7,F898-9937,4,5.41,21.64,3.18,18.46,10.52,7.94,3.32
5934,20221210,5,113,7,3,F804-4977,3,969.51,2908.53,149.21,2759.32,1486.74,1272.58,496.68
5935,20250830,20,174,8,29,F238-6189,12,229.91,2758.92,434.53,2324.39,1220.12,1104.27,418.39
5936,20221223,50,132,6,15,F348-3650,1,88.07,88.07,12.02,76.05,49.37,26.68,13.69
5937,20250329,50,56,2,17,F733-3569,10,89.49,894.9,60.23,834.67,466.14,368.53,150.24
5938,20240511,42,74,10,6,F658-7983,12,119.11,1429.32,179.95,1249.37,602.95,646.42,224.89
5939,20231126,35,103,2,11,F072-2616,6,414.67,2488.02,86.09,2401.93,1250.28,1151.65,432.35
5940,20250406,8,134,10,14,F046-1453,7,2620.92,18346.44,1985.08,16361.36,10259.06,6102.3,2945.04
5941,20230705,2,160,8,17,F694-2623,15,801.69,12025.35,1130.38,10894.97,5921.07,4973.9,1961.09
5942,20220222,46,142,3,25,F591-3581,12,278.9,3346.8,272.09,3074.71,1735.09,1339.62,553.45
5943,20241221,36,161,5,24,F302-5518,5,90.7,453.5,70.07,383.43,254.33,129.1,69.02
5944,20241223,2,135,4,24,F260-6177,15,846.62,12699.3,1603.92,11095.38,6212.09,4883.29,1997.17
5945,20250602,25,76,10,17,F401-0714,1,1816.56,1816.56,209.09,1607.47,1092.74,514.73,289.34
5946,20230423,9,47,9,23,F914-3653,7,2259.58,15817.06,2761.66,13055.4,8846.9,4208.5,2349.97
5947,20240908,56,5,8,29,F616-1711,11,5.18,56.98,11.73,45.25,21.92,23.33,8.14
5948,20240623,40,133,7,1,F078-5881,5,176.56,882.8,137.01,745.79,461.8,283.99,134.24
5949,20220828,4,62,5,26,F327-1155,13,2127.87,27662.31,3878.26,23784.05,12490.87,11293.18,4281.13
5950,20250307,12,65,6,9,F772-1425,3,185.8,557.4,73.91,483.49,294.5,188.99,87.03
5951,20240928,33,78,8,25,F928-5040,13,1509.63,19625.19,2143.07,17482.12,10212.62,7269.5,3146.78
5952,20221106,10,57,9,28,F137-0751,1,3295.62,3295.62,331.87,2963.75,1964.89,998.86,533.48
5953,20251211,53,183,1,15,F521-7010,6,4.48,26.88,4.88,22.0,10.82,11.18,3.96
5954,20240417,29,83,4,24,F327-7933,6,46.84,281.04,20.66,260.38,126.78,133.6,46.87
5955,20240330,51,183,1,21,F226-6431,11,23.69,260.59,36.25,224.34,144.4,79.94,40.38
5956,20240107,55,47,5,16,F288-1386,4,2.01,8.04,1.76,6.28,3.1,3.18,1.13
5957,20220203,23,39,10,11,F448-6812,2,352.48,704.96,128.87,576.09,361.16,214.93,103.7
5958,20221107,46,177,3,23,F271-3967,5,266.39,1331.95,148.91,1183.04,749.89,433.15,212.95
5959,20230505,27,179,8,22,F371-8118,6,166.7,1000.2,16.5,983.7,575.96,407.74,177.07
5960,20230825,31,101,1,3,F505-4177,13,273.44,3554.72,302.51,3252.21,1730.46,1521.75,585.4
5961,20220908,50,16,1,27,F746-9637,7,79.62,557.34,37.56,519.78,342.86,176.92,93.56
5962,20220515,10,174,6,30,F615-6990,11,2993.17,32924.87,3700.76,29224.11,15209.72,14014.39,5260.34
5963,20250718,54,143,8,16,F491-6266,9,4.69,42.21,2.32,39.89,25.59,14.3,7.18
5964,20241128,22,121,2,10,F353-1876,3,830.96,2492.88,123.15,2369.73,1582.46,787.27,426.55
5965,20220223,57,33,9,21,F801-2677,5,2.28,11.4,1.65,9.75,4.69,5.06,1.75
5966,20241111,27,88,3,19,F229-6168,13,182.43,2371.59,424.28,1947.31,1235.18,712.13,350.52
5967,20221107,31,88,5,1,F240-4997,3,281.52,844.56,84.37,760.19,480.69,279.5,136.83
5968,20240625,38,64,10,15,F370-5866,9,68.16,613.44,102.02,511.42,344.74,166.68,92.06
5969,20230328,22,47,1,28,F593-4293,11,827.32,9100.52,596.99,8503.53,5678.83,2824.7,1530.64
5970,20250703,29,102,6,17,F898-3292,5,43.4,217.0,42.27,174.73,101.16,73.57,31.45
5971,20220901,40,18,9,24,F671-7676,13,197.5,2567.5,399.76,2167.74,1459.67,708.07,390.19
5972,20231012,25,16,5,28,F246-8380,14,1869.94,26179.16,3494.92,22684.24,14675.89,8008.35,4083.16
5973,20220803,35,116,2,28,F898-5787,12,373.58,4482.96,144.8,4338.16,2837.68,1500.48,780.87
5974,20240619,50,200,5,8,F026-2154,4,88.75,355.0,21.19,333.81,225.15,108.66,60.09
5975,20250716,53,62,9,11,F319-4429,12,4.8,57.6,8.39,49.21,32.46,16.75,8.86
5976,20221108,56,197,5,27,F909-8776,13,5.94,77.22,4.76,72.46,37.04,35.42,13.04
5977,20221009,49,180,10,23,F981-9142,12,237.06,2844.72,265.41,2579.31,1508.98,1070.33,464.28
5978,20230731,41,66,3,16,F170-5036,9,97.59,878.31,137.63,740.68,414.87,325.81,133.32
5979,20231011,29,117,4,16,F801-8799,2,49.83,99.66,2.44,97.22,55.33,41.89,17.5
5980,20221116,6,41,2,24,F501-3468,7,3282.18,22975.26,620.33,22354.93,14679.31,7675.62,4023.89
5981,20230105,25,185,8,7,F065-4781,14,1920.2,26882.8,508.08,26374.72,16574.15,9800.57,4747.45
5982,20251025,2,31,7,14,F426-1971,4,847.96,3391.84,675.99,2715.85,1612.76,1103.09,488.85
5983,20251005,28,186,9,17,F741-9457,12,235.39,2824.68,419.18,2405.5,1345.69,1059.81,432.99
5984,20240603,42,189,2,17,F142-2952,8,129.58,1036.64,200.69,835.95,467.01,368.94,150.47
5985,20221206,20,127,7,21,F999-9045,11,238.78,2626.58,364.04,2262.54,1143.02,1119.52,407.26
5986,20250602,28,114,2,21,F275-8501,11,247.29,2720.19,272.84,2447.35,1366.81,1080.54,440.52
5987,20230407,43,138,6,23,F177-3151,8,174.89,1399.12,187.62,1211.5,662.44,549.06,218.07
5988,20220818,21,7,10,7,F300-1150,10,681.07,6810.7,753.26,6057.44,4096.15,1961.29,1090.34
5989,20240904,15,74,8,27,F893-1571,4,171.05,684.2,37.77,646.43,345.11,301.32,116.36
5990,20231221,5,47,2,18,F116-9270,6,937.86,5627.16,640.93,4986.23,2578.57,2407.66,897.52
5991,20221009,22,116,1,14,F468-7736,2,804.0,1608.0,276.74,1331.26,896.72,434.54,239.63
5992,20230105,42,30,4,4,F813-6410,11,122.89,1351.79,180.19,1171.6,756.08,415.52,210.89
5993,20240123,58,103,5,6,F358-5283,6,6.06,36.36,1.95,34.41,17.87,16.54,6.19
5994,20240104,1,189,3,27,F751-1451,6,1280.72,7684.32,414.18,7270.14,4499.29,2770.85,1308.63
5995,20240222,3,116,6,25,F877-9761,6,671.88,4031.28,840.52,3190.76,1977.06,1213.7,574.34
5996,20221228,5,147,8,16,F044-3809,10,928.75,9287.5,1366.19,7921.31,4369.66,3551.65,1425.84
5997,20240704,7,169,3,12,F566-3215,8,2897.52,23180.16,9.27,23170.89,13108.21,10062.68,4170.76
5998,20241123,12,85,5,12,F398-3162,15,167.64,2514.6,147.1,2367.5,1573.33,794.17,426.15
5999,20230622,51,59,7,17,F444-3855,8,21.69,173.52,23.51,150.01,87.47,62.54,27.0
6000,20230911,27,185,5,29,F594-8320,14,176.77,2474.78,163.58,2311.2,1418.64,892.56,416.02
