fecha_cierre,codigo_tienda,sku,stock_unidades,valorizado_costo
2025-01-31,T001,SKU01007,78,276.90
2025-01-31,T001,SKU01014,60,246.00
2025-01-31,T001,SKU01021,64,195.20
2025-01-31,T001,SKU01028,170,756.50
2025-01-31,T001,SKU01035,81,437.40
2025-01-31,T001,SKU01042,74,521.70
2025-01-31,T001,SKU01056,113,1050.90
2025-01-31,T001,SKU01063,67,750.40
2025-01-31,T001,SKU01070,132,937.20
2025-01-31,T001,SKU01077,41,192.70
2025-01-31,T001,SKU01084,128,819.20
2025-01-31,T001,SKU01091,109,337.90
2025-01-31,T001,SKU01098,119,226.10
2025-01-31,T001,SKU01105,0,0.00
2025-01-31,T001,SKU01112,67,204.35
2025-01-31,T001,SKU01119,61,134.20
2025-01-31,T001,SKU01126,169,3616.60
2025-01-31,T001,SKU01133,138,2663.40
2025-01-31,T001,SKU01154,58,406.00
2025-01-31,T001,SKU01168,97,281.30
2025-01-31,T001,SKU01175,62,158.10
2025-01-31,T001,SKU01182,65,234.00
2025-01-31,T001,SKU01189,105,147.00
2025-01-31,T001,SKU01196,118,578.20
2025-01-31,T001,SKU01210,91,20.02
2025-01-31,T001,SKU01217,42,382.20
2025-01-31,T001,SKU01224,142,965.60
2025-01-31,T001,SKU01231,122,1146.80
2025-01-31,T001,SKU01238,108,1501.20
2025-01-31,T001,SKU01245,78,1528.80
2025-01-31,T001,SKU01252,76,1170.40
2025-01-31,T001,SKU01259,67,951.40
2025-01-31,T001,SKU01273,91,627.90
2025-01-31,T001,SKU01280,54,1355.40
2025-01-31,T001,SKU01287,39,241.80
2025-01-31,T001,SKU01294,59,200.60
2025-01-31,T001,SKU01308,60,546.00
2025-01-31,T001,SKU01315,64,249.60
2025-01-31,T001,SKU01322,53,773.80
2025-01-31,T001,SKU01329,77,539.00
2025-01-31,T001,SKU01336,93,483.60
2025-01-31,T001,SKU01343,149,1609.20
2025-01-31,T001,SKU01350,22,173.80
2025-01-31,T001,SKU01357,32,89.60
2025-01-31,T002,SKU01007,14,49.70
2025-01-31,T002,SKU01014,75,307.50
2025-01-31,T002,SKU01028,68,302.60
2025-01-31,T002,SKU01042,15,105.75
2025-01-31,T002,SKU01049,30,162.00
2025-01-31,T002,SKU01056,54,502.20
2025-01-31,T002,SKU01063,69,772.80
2025-01-31,T002,SKU01070,42,298.20
2025-01-31,T002,SKU01077,43,202.10
2025-01-31,T002,SKU01091,70,217.00
2025-01-31,T002,SKU01098,21,39.90
2025-01-31,T002,SKU01105,17,66.30
2025-01-31,T002,SKU01112,71,216.55
2025-01-31,T002,SKU01119,62,136.40
2025-01-31,T002,SKU01126,39,834.60
2025-01-31,T002,SKU01133,97,1872.10
2025-01-31,T002,SKU01154,47,329.00
2025-01-31,T002,SKU01161,17,380.80
2025-01-31,T002,SKU01168,33,95.70
2025-01-31,T002,SKU01182,77,277.20
2025-01-31,T002,SKU01189,72,100.80
2025-01-31,T002,SKU01203,17,102.00
2025-01-31,T002,SKU01210,17,3.74
2025-01-31,T002,SKU01217,33,300.30
2025-01-31,T002,SKU01224,27,183.60
2025-01-31,T002,SKU01231,64,601.60
2025-01-31,T002,SKU01245,50,980.00
2025-01-31,T002,SKU01252,24,369.60
2025-01-31,T002,SKU01259,41,582.20
2025-01-31,T002,SKU01266,49,553.70
2025-01-31,T002,SKU01273,33,227.70
2025-01-31,T002,SKU01280,58,1455.80
2025-01-31,T002,SKU01287,42,260.40
2025-01-31,T002,SKU01294,35,119.00
2025-01-31,T002,SKU01308,72,655.20
2025-01-31,T002,SKU01315,47,183.30
2025-01-31,T002,SKU01329,46,322.00
2025-01-31,T002,SKU01336,47,244.40
2025-01-31,T002,SKU01343,76,820.80
2025-01-31,T002,SKU01350,40,316.00
2025-01-31,T002,SKU01357,68,190.40
2025-01-31,T003,SKU01007,85,301.75
2025-01-31,T003,SKU01014,59,241.90
2025-01-31,T003,SKU01021,0,0.00
2025-01-31,T003,SKU01035,111,599.40
2025-01-31,T003,SKU01056,74,688.20
2025-01-31,T003,SKU01063,89,996.80
2025-01-31,T003,SKU01070,89,631.90
2025-01-31,T003,SKU01077,70,329.00
2025-01-31,T003,SKU01084,96,614.40
2025-01-31,T003,SKU01091,58,179.80
2025-01-31,T003,SKU01098,128,243.20
2025-01-31,T003,SKU01105,137,534.30
2025-01-31,T003,SKU01112,94,286.70
2025-01-31,T003,SKU01119,133,292.60
2025-01-31,T003,SKU01126,0,0.00
2025-01-31,T003,SKU01133,191,3686.30
2025-01-31,T003,SKU01140,163,684.60
2025-01-31,T003,SKU01154,46,322.00
2025-01-31,T003,SKU01161,62,1388.80
2025-01-31,T003,SKU01168,0,0.00
2025-01-31,T003,SKU01175,112,285.60
2025-01-31,T003,SKU01182,95,342.00
2025-01-31,T003,SKU01196,121,592.90
2025-01-31,T003,SKU01203,75,450.00
2025-01-31,T003,SKU01210,107,23.54
2025-01-31,T003,SKU01217,156,1419.60
2025-01-31,T003,SKU01231,93,874.20
2025-01-31,T003,SKU01245,53,1038.80
2025-01-31,T003,SKU01252,129,1986.60
2025-01-31,T003,SKU01259,110,1562.00
2025-01-31,T003,SKU01266,9,101.70
2025-01-31,T003,SKU01273,89,614.10
2025-01-31,T003,SKU01280,126,3162.60
2025-01-31,T003,SKU01287,177,1097.40
2025-01-31,T003,SKU01294,48,163.20
2025-01-31,T003,SKU01301,92,1508.80
2025-01-31,T003,SKU01308,55,500.50
2025-01-31,T003,SKU01315,56,218.40
2025-01-31,T003,SKU01322,90,1314.00
2025-01-31,T003,SKU01329,159,1113.00
2025-01-31,T003,SKU01336,85,442.00
2025-01-31,T003,SKU01343,106,1144.80
2025-01-31,T003,SKU01350,86,679.40
2025-01-31,T003,SKU01357,92,257.60
2025-01-31,T004,SKU01007,0,0.00
2025-01-31,T004,SKU01014,41,168.10
2025-01-31,T004,SKU01021,37,112.85
2025-01-31,T004,SKU01028,32,142.40
2025-01-31,T004,SKU01042,33,232.65
2025-01-31,T004,SKU01049,23,124.20
2025-01-31,T004,SKU01056,29,269.70
2025-01-31,T004,SKU01063,50,560.00
2025-01-31,T004,SKU01070,49,347.90
2025-01-31,T004,SKU01077,42,197.40
2025-01-31,T004,SKU01098,43,81.70
2025-01-31,T004,SKU01105,48,187.20
2025-01-31,T004,SKU01112,12,36.60
2025-01-31,T004,SKU01126,70,1498.00
2025-01-31,T004,SKU01133,30,579.00
2025-01-31,T004,SKU01140,52,218.40
2025-01-31,T004,SKU01147,45,238.50
2025-01-31,T004,SKU01161,15,336.00
2025-01-31,T004,SKU01168,43,124.70
2025-01-31,T004,SKU01175,40,102.00
2025-01-31,T004,SKU01182,35,126.00
2025-01-31,T004,SKU01189,75,105.00
2025-01-31,T004,SKU01196,22,107.80
2025-01-31,T004,SKU01203,32,192.00
2025-01-31,T004,SKU01210,71,15.62
2025-01-31,T004,SKU01217,33,300.30
2025-01-31,T004,SKU01224,102,693.60
2025-01-31,T004,SKU01231,60,564.00
2025-01-31,T004,SKU01238,66,917.40
2025-01-31,T004,SKU01252,34,523.60
2025-01-31,T004,SKU01259,58,823.60
2025-01-31,T004,SKU01266,53,598.90
2025-01-31,T004,SKU01273,53,365.70
2025-01-31,T004,SKU01280,88,2208.80
2025-01-31,T004,SKU01287,34,210.80
2025-01-31,T004,SKU01301,47,770.80
2025-01-31,T004,SKU01308,58,527.80
2025-01-31,T004,SKU01315,31,120.90
2025-01-31,T004,SKU01322,48,700.80
2025-01-31,T004,SKU01329,42,294.00
2025-01-31,T004,SKU01336,43,223.60
2025-01-31,T004,SKU01343,42,453.60
2025-01-31,T004,SKU01350,81,639.90
2025-01-31,T004,SKU01357,38,106.40
2025-01-31,T005,SKU01014,55,225.50
2025-01-31,T005,SKU01028,89,396.05
2025-01-31,T005,SKU01035,42,226.80
2025-01-31,T005,SKU01042,103,726.15
2025-01-31,T005,SKU01049,77,415.80
2025-01-31,T005,SKU01056,94,874.20
2025-01-31,T005,SKU01063,127,1422.40
2025-01-31,T005,SKU01070,131,930.10
2025-01-31,T005,SKU01077,104,488.80
2025-01-31,T005,SKU01098,146,277.40
2025-01-31,T005,SKU01105,105,409.50
2025-01-31,T005,SKU01112,101,308.05
2025-01-31,T005,SKU01119,86,189.20
2025-01-31,T005,SKU01126,85,1819.00
2025-01-31,T005,SKU01133,67,1293.10
2025-01-31,T005,SKU01140,84,352.80
2025-01-31,T005,SKU01154,86,602.00
2025-01-31,T005,SKU01161,62,1388.80
2025-01-31,T005,SKU01168,112,324.80
2025-01-31,T005,SKU01182,65,234.00
2025-01-31,T005,SKU01189,79,110.60
2025-01-31,T005,SKU01196,117,573.30
2025-01-31,T005,SKU01203,84,504.00
2025-01-31,T005,SKU01210,96,21.12
2025-01-31,T005,SKU01217,24,218.40
2025-01-31,T005,SKU01224,119,809.20
2025-01-31,T005,SKU01231,89,836.60
2025-01-31,T005,SKU01238,148,2057.20
2025-01-31,T005,SKU01245,80,1568.00
2025-01-31,T005,SKU01252,188,2895.20
2025-01-31,T005,SKU01259,48,681.60
2025-01-31,T005,SKU01266,81,915.30
2025-01-31,T005,SKU01273,89,614.10
2025-01-31,T005,SKU01280,29,727.90
2025-01-31,T005,SKU01294,78,265.20
2025-01-31,T005,SKU01308,74,673.40
2025-01-31,T005,SKU01315,135,526.50
2025-01-31,T005,SKU01329,63,441.00
2025-01-31,T005,SKU01336,87,452.40
2025-01-31,T005,SKU01343,99,1069.20
2025-01-31,T005,SKU01357,111,310.80
2025-01-31,T006,SKU01007,70,248.50
2025-01-31,T006,SKU01014,49,200.90
2025-01-31,T006,SKU01021,56,170.80
2025-01-31,T006,SKU01028,14,62.30
2025-01-31,T006,SKU01035,43,232.20
2025-01-31,T006,SKU01042,71,500.55
2025-01-31,T006,SKU01049,30,162.00
2025-01-31,T006,SKU01056,56,520.80
2025-01-31,T006,SKU01063,72,806.40
2025-01-31,T006,SKU01070,11,78.10
2025-01-31,T006,SKU01077,67,314.90
2025-01-31,T006,SKU01084,30,192.00
2025-01-31,T006,SKU01091,52,161.20
2025-01-31,T006,SKU01098,44,83.60
2025-01-31,T006,SKU01112,25,76.25
2025-01-31,T006,SKU01119,60,132.00
2025-01-31,T006,SKU01133,59,1138.70
2025-01-31,T006,SKU01140,18,75.60
2025-01-31,T006,SKU01147,73,386.90
2025-01-31,T006,SKU01154,47,329.00
2025-01-31,T006,SKU01161,82,1836.80
2025-01-31,T006,SKU01168,51,147.90
2025-01-31,T006,SKU01182,93,334.80
2025-01-31,T006,SKU01189,53,74.20
2025-01-31,T006,SKU01196,36,176.40
2025-01-31,T006,SKU01210,24,5.28
2025-01-31,T006,SKU01217,48,436.80
2025-01-31,T006,SKU01224,27,183.60
2025-01-31,T006,SKU01231,57,535.80
2025-01-31,T006,SKU01238,55,764.50
2025-01-31,T006,SKU01252,38,585.20
2025-01-31,T006,SKU01259,71,1008.20
2025-01-31,T006,SKU01266,28,316.40
2025-01-31,T006,SKU01280,27,677.70
2025-01-31,T006,SKU01287,45,279.00
2025-01-31,T006,SKU01301,51,836.40
2025-01-31,T006,SKU01308,49,445.90
2025-01-31,T006,SKU01315,49,191.10
2025-01-31,T006,SKU01322,38,554.80
2025-01-31,T006,SKU01329,57,399.00
2025-01-31,T006,SKU01336,42,218.40
2025-01-31,T006,SKU01343,72,777.60
2025-01-31,T006,SKU01350,28,221.20
2025-01-31,T006,SKU01357,52,145.60
2025-01-31,T007,SKU01007,48,170.40
2025-01-31,T007,SKU01014,41,168.10
2025-01-31,T007,SKU01021,25,76.25
2025-01-31,T007,SKU01035,56,302.40
2025-01-31,T007,SKU01042,65,458.25
2025-01-31,T007,SKU01049,28,151.20
2025-01-31,T007,SKU01056,26,241.80
2025-01-31,T007,SKU01063,60,672.00
2025-01-31,T007,SKU01070,19,134.90
2025-01-31,T007,SKU01077,47,220.90
2025-01-31,T007,SKU01084,45,288.00
2025-01-31,T007,SKU01091,39,120.90
2025-01-31,T007,SKU01098,55,104.50
2025-01-31,T007,SKU01105,57,222.30
2025-01-31,T007,SKU01119,17,37.40
2025-01-31,T007,SKU01126,41,877.40
2025-01-31,T007,SKU01140,0,0.00
2025-01-31,T007,SKU01147,43,227.90
2025-01-31,T007,SKU01154,53,371.00
2025-01-31,T007,SKU01161,54,1209.60
2025-01-31,T007,SKU01168,43,124.70
2025-01-31,T007,SKU01175,35,89.25
2025-01-31,T007,SKU01182,53,190.80
2025-01-31,T007,SKU01189,37,51.80
2025-01-31,T007,SKU01196,55,269.50
2025-01-31,T007,SKU01203,21,126.00
2025-01-31,T007,SKU01217,35,318.50
2025-01-31,T007,SKU01224,46,312.80
2025-01-31,T007,SKU01231,13,122.20
2025-01-31,T007,SKU01238,66,917.40
2025-01-31,T007,SKU01245,60,1176.00
2025-01-31,T007,SKU01252,76,1170.40
2025-01-31,T007,SKU01259,35,497.00
2025-01-31,T007,SKU01266,48,542.40
2025-01-31,T007,SKU01273,52,358.80
2025-01-31,T007,SKU01280,52,1305.20
2025-01-31,T007,SKU01287,77,477.40
2025-01-31,T007,SKU01301,36,590.40
2025-01-31,T007,SKU01308,40,364.00
2025-01-31,T007,SKU01315,78,304.20
2025-01-31,T007,SKU01322,52,759.20
2025-01-31,T007,SKU01336,25,130.00
2025-01-31,T007,SKU01343,74,799.20
2025-01-31,T007,SKU01350,46,363.40
2025-01-31,T007,SKU01357,25,70.00
2025-01-31,T008,SKU01007,69,244.95
2025-01-31,T008,SKU01014,27,110.70
2025-01-31,T008,SKU01021,34,103.70
2025-01-31,T008,SKU01028,105,467.25
2025-01-31,T008,SKU01035,108,583.20
2025-01-31,T008,SKU01056,95,883.50
2025-01-31,T008,SKU01063,61,683.20
2025-01-31,T008,SKU01070,65,461.50
2025-01-31,T008,SKU01077,132,620.40
2025-01-31,T008,SKU01091,154,477.40
2025-01-31,T008,SKU01098,149,283.10
2025-01-31,T008,SKU01105,41,159.90
2025-01-31,T008,SKU01112,95,289.75
2025-01-31,T008,SKU01126,117,2503.80
2025-01-31,T008,SKU01133,104,2007.20
2025-01-31,T008,SKU01147,41,217.30
2025-01-31,T008,SKU01154,82,574.00
2025-01-31,T008,SKU01161,157,3516.80
2025-01-31,T008,SKU01168,48,139.20
2025-01-31,T008,SKU01175,132,336.60
2025-01-31,T008,SKU01196,93,455.70
2025-01-31,T008,SKU01203,109,654.00
2025-01-31,T008,SKU01210,104,22.88
2025-01-31,T008,SKU01217,137,1246.70
2025-01-31,T008,SKU01224,104,707.20
2025-01-31,T008,SKU01231,86,808.40
2025-01-31,T008,SKU01238,168,2335.20
2025-01-31,T008,SKU01245,53,1038.80
2025-01-31,T008,SKU01252,121,1863.40
2025-01-31,T008,SKU01259,101,1434.20
2025-01-31,T008,SKU01266,136,1536.80
2025-01-31,T008,SKU01273,53,365.70
2025-01-31,T008,SKU01287,81,502.20
2025-01-31,T008,SKU01294,135,459.00
2025-01-31,T008,SKU01301,76,1246.40
2025-01-31,T008,SKU01308,125,1137.50
2025-01-31,T008,SKU01315,95,370.50
2025-01-31,T008,SKU01322,123,1795.80
2025-01-31,T008,SKU01329,30,210.00
2025-01-31,T008,SKU01336,98,509.60
2025-01-31,T008,SKU01343,65,702.00
2025-01-31,T008,SKU01350,149,1177.10
2025-01-31,T008,SKU01357,41,114.80
2025-01-31,T009,SKU01007,20,71.00
2025-01-31,T009,SKU01014,61,250.10
2025-01-31,T009,SKU01021,65,198.25
2025-01-31,T009,SKU01028,38,169.10
2025-01-31,T009,SKU01035,37,199.80
2025-01-31,T009,SKU01042,70,493.50
2025-01-31,T009,SKU01049,37,199.80
2025-01-31,T009,SKU01056,65,604.50
2025-01-31,T009,SKU01063,49,548.80
2025-01-31,T009,SKU01070,35,248.50
2025-01-31,T009,SKU01077,19,89.30
2025-01-31,T009,SKU01084,23,147.20
2025-01-31,T009,SKU01091,23,71.30
2025-01-31,T009,SKU01098,33,62.70
2025-01-31,T009,SKU01105,14,54.60
2025-01-31,T009,SKU01112,12,36.60
2025-01-31,T009,SKU01119,81,178.20
2025-01-31,T009,SKU01126,41,877.40
2025-01-31,T009,SKU01133,57,1100.10
2025-01-31,T009,SKU01140,36,151.20
2025-01-31,T009,SKU01147,60,318.00
2025-01-31,T009,SKU01154,14,98.00
2025-01-31,T009,SKU01161,59,1321.60
2025-01-31,T009,SKU01168,45,130.50
2025-01-31,T009,SKU01182,45,162.00
2025-01-31,T009,SKU01189,46,64.40
2025-01-31,T009,SKU01196,35,171.50
2025-01-31,T009,SKU01203,56,336.00
2025-01-31,T009,SKU01210,58,12.76
2025-01-31,T009,SKU01231,62,582.80
2025-01-31,T009,SKU01238,43,597.70
2025-01-31,T009,SKU01245,31,607.60
2025-01-31,T009,SKU01252,1,15.40
2025-01-31,T009,SKU01259,63,894.60
2025-01-31,T009,SKU01266,18,203.40
2025-01-31,T009,SKU01273,28,193.20
2025-01-31,T009,SKU01280,29,727.90
2025-01-31,T009,SKU01287,91,564.20
2025-01-31,T009,SKU01294,55,187.00
2025-01-31,T009,SKU01301,40,656.00
2025-01-31,T009,SKU01308,78,709.80
2025-01-31,T009,SKU01315,46,179.40
2025-01-31,T009,SKU01322,32,467.20
2025-01-31,T009,SKU01329,72,504.00
2025-01-31,T009,SKU01336,32,166.40
2025-01-31,T009,SKU01343,30,324.00
2025-01-31,T009,SKU01350,34,268.60
2025-01-31,T009,SKU01357,48,134.40
2025-01-31,T010,SKU01007,57,202.35
2025-01-31,T010,SKU01014,105,430.50
2025-01-31,T010,SKU01021,52,158.60
2025-01-31,T010,SKU01035,95,513.00
2025-01-31,T010,SKU01042,139,979.95
2025-01-31,T010,SKU01049,39,210.60
2025-01-31,T010,SKU01056,77,716.10
2025-01-31,T010,SKU01063,94,1052.80
2025-01-31,T010,SKU01070,133,944.30
2025-01-31,T010,SKU01077,43,202.10
2025-01-31,T010,SKU01084,63,403.20
2025-01-31,T010,SKU01091,80,248.00
2025-01-31,T010,SKU01098,88,167.20
2025-01-31,T010,SKU01105,146,569.40
2025-01-31,T010,SKU01112,110,335.50
2025-01-31,T010,SKU01119,107,235.40
2025-01-31,T010,SKU01126,101,2161.40
2025-01-31,T010,SKU01133,104,2007.20
2025-01-31,T010,SKU01140,54,226.80
2025-01-31,T010,SKU01147,32,169.60
2025-01-31,T010,SKU01154,70,490.00
2025-01-31,T010,SKU01168,64,185.60
2025-01-31,T010,SKU01175,96,244.80
2025-01-31,T010,SKU01182,75,270.00
2025-01-31,T010,SKU01189,116,162.40
2025-01-31,T010,SKU01196,63,308.70
2025-01-31,T010,SKU01203,70,420.00
2025-01-31,T010,SKU01210,154,33.88
2025-01-31,T010,SKU01217,183,1665.30
2025-01-31,T010,SKU01238,55,764.50
2025-01-31,T010,SKU01245,131,2567.60
2025-01-31,T010,SKU01259,82,1164.40
2025-01-31,T010,SKU01266,41,463.30
2025-01-31,T010,SKU01273,64,441.60
2025-01-31,T010,SKU01294,132,448.80
2025-01-31,T010,SKU01301,88,1443.20
2025-01-31,T010,SKU01308,100,910.00
2025-01-31,T010,SKU01315,97,378.30
2025-01-31,T010,SKU01322,78,1138.80
2025-01-31,T010,SKU01329,55,385.00
2025-01-31,T010,SKU01336,114,592.80
2025-01-31,T010,SKU01343,73,788.40
2025-01-31,T010,SKU01357,74,207.20
2025-01-31,T011,SKU01007,49,173.95
2025-01-31,T011,SKU01014,52,213.20
2025-01-31,T011,SKU01021,45,137.25
2025-01-31,T011,SKU01028,28,124.60
2025-01-31,T011,SKU01035,40,216.00
2025-01-31,T011,SKU01042,62,437.10
2025-01-31,T011,SKU01049,28,151.20
2025-01-31,T011,SKU01056,32,297.60
2025-01-31,T011,SKU01063,86,963.20
2025-01-31,T011,SKU01070,28,198.80
2025-01-31,T011,SKU01077,62,291.40
2025-01-31,T011,SKU01084,45,288.00
2025-01-31,T011,SKU01091,33,102.30
2025-01-31,T011,SKU01098,49,93.10
2025-01-31,T011,SKU01105,36,140.40
2025-01-31,T011,SKU01112,0,0.00
2025-01-31,T011,SKU01119,52,114.40
2025-01-31,T011,SKU01126,30,642.00
2025-01-31,T011,SKU01133,23,443.90
2025-01-31,T011,SKU01140,44,184.80
2025-01-31,T011,SKU01147,0,0.00
2025-01-31,T011,SKU01154,34,238.00
2025-01-31,T011,SKU01161,32,716.80
2025-01-31,T011,SKU01168,46,133.40
2025-01-31,T011,SKU01175,70,178.50
2025-01-31,T011,SKU01182,57,205.20
2025-01-31,T011,SKU01189,92,128.80
2025-01-31,T011,SKU01196,39,191.10
2025-01-31,T011,SKU01210,22,4.84
2025-01-31,T011,SKU01217,42,382.20
2025-01-31,T011,SKU01224,36,244.80
2025-01-31,T011,SKU01231,15,141.00
2025-01-31,T011,SKU01238,36,500.40
2025-01-31,T011,SKU01245,0,0.00
2025-01-31,T011,SKU01252,30,462.00
2025-01-31,T011,SKU01259,34,482.80
2025-01-31,T011,SKU01266,44,497.20
2025-01-31,T011,SKU01273,45,310.50
2025-01-31,T011,SKU01280,29,727.90
2025-01-31,T011,SKU01287,47,291.40
2025-01-31,T011,SKU01294,70,238.00
2025-01-31,T011,SKU01301,54,885.60
2025-01-31,T011,SKU01308,75,682.50
2025-01-31,T011,SKU01322,17,248.20
2025-01-31,T011,SKU01329,0,0.00
2025-01-31,T011,SKU01336,72,374.40
2025-01-31,T011,SKU01350,54,426.60
2025-01-31,T011,SKU01357,62,173.60
2025-01-31,T012,SKU01007,54,191.70
2025-01-31,T012,SKU01014,18,73.80
2025-01-31,T012,SKU01021,81,247.05
2025-01-31,T012,SKU01028,61,271.45
2025-01-31,T012,SKU01035,46,248.40
2025-01-31,T012,SKU01042,59,415.95
2025-01-31,T012,SKU01049,69,372.60
2025-01-31,T012,SKU01056,46,427.80
2025-01-31,T012,SKU01077,79,371.30
2025-01-31,T012,SKU01084,42,268.80
2025-01-31,T012,SKU01091,54,167.40
2025-01-31,T012,SKU01098,19,36.10
2025-01-31,T012,SKU01105,39,152.10
2025-01-31,T012,SKU01112,43,131.15
2025-01-31,T012,SKU01119,54,118.80
2025-01-31,T012,SKU01126,75,1605.00
2025-01-31,T012,SKU01133,14,270.20
2025-01-31,T012,SKU01140,69,289.80
2025-01-31,T012,SKU01147,38,201.40
2025-01-31,T012,SKU01154,38,266.00
2025-01-31,T012,SKU01161,72,1612.80
2025-01-31,T012,SKU01168,39,113.10
2025-01-31,T012,SKU01175,14,35.70
2025-01-31,T012,SKU01189,51,71.40
2025-01-31,T012,SKU01210,56,12.32
2025-01-31,T012,SKU01224,19,129.20
2025-01-31,T012,SKU01231,31,291.40
2025-01-31,T012,SKU01238,46,639.40
2025-01-31,T012,SKU01245,53,1038.80
2025-01-31,T012,SKU01252,54,831.60
2025-01-31,T012,SKU01259,88,1249.60
2025-01-31,T012,SKU01266,40,452.00
2025-01-31,T012,SKU01273,53,365.70
2025-01-31,T012,SKU01280,50,1255.00
2025-01-31,T012,SKU01294,85,289.00
2025-01-31,T012,SKU01301,39,639.60
2025-01-31,T012,SKU01308,33,300.30
2025-01-31,T012,SKU01315,64,249.60
2025-01-31,T012,SKU01322,46,671.60
2025-01-31,T012,SKU01329,77,539.00
2025-01-31,T012,SKU01343,52,561.60
2025-01-31,T012,SKU01350,36,284.40
2025-01-31,T012,SKU01357,24,67.20
2025-02-28,T001,SKU01007,83,294.65
2025-02-28,T001,SKU01014,142,582.20
2025-02-28,T001,SKU01021,97,295.85
2025-02-28,T001,SKU01028,126,560.70
2025-02-28,T001,SKU01035,70,378.00
2025-02-28,T001,SKU01042,65,458.25
2025-02-28,T001,SKU01049,109,588.60
2025-02-28,T001,SKU01056,0,0.00
2025-02-28,T001,SKU01063,101,1131.20
2025-02-28,T001,SKU01070,81,575.10
2025-02-28,T001,SKU01077,146,686.20
2025-02-28,T001,SKU01098,33,62.70
2025-02-28,T001,SKU01105,46,179.40
2025-02-28,T001,SKU01112,169,515.45
2025-02-28,T001,SKU01126,36,770.40
2025-02-28,T001,SKU01133,89,1717.70
2025-02-28,T001,SKU01147,52,275.60
2025-02-28,T001,SKU01154,72,504.00
2025-02-28,T001,SKU01161,117,2620.80
2025-02-28,T001,SKU01175,118,300.90
2025-02-28,T001,SKU01182,73,262.80
2025-02-28,T001,SKU01189,71,99.40
2025-02-28,T001,SKU01196,48,235.20
2025-02-28,T001,SKU01203,140,840.00
2025-02-28,T001,SKU01217,82,746.20
2025-02-28,T001,SKU01224,131,890.80
2025-02-28,T001,SKU01231,133,1250.20
2025-02-28,T001,SKU01238,90,1251.00
2025-02-28,T001,SKU01245,31,607.60
2025-02-28,T001,SKU01252,52,800.80
2025-02-28,T001,SKU01259,78,1107.60
2025-02-28,T001,SKU01266,60,678.00
2025-02-28,T001,SKU01273,82,565.80
2025-02-28,T001,SKU01280,66,1656.60
2025-02-28,T001,SKU01287,114,706.80
2025-02-28,T001,SKU01294,71,241.40
2025-02-28,T001,SKU01301,137,2246.80
2025-02-28,T001,SKU01308,44,400.40
2025-02-28,T001,SKU01315,108,421.20
2025-02-28,T001,SKU01322,64,934.40
2025-02-28,T001,SKU01329,115,805.00
2025-02-28,T001,SKU01336,22,114.40
2025-02-28,T001,SKU01343,72,777.60
2025-02-28,T001,SKU01357,73,204.40
2025-02-28,T002,SKU01007,29,102.95
2025-02-28,T002,SKU01014,58,237.80
2025-02-28,T002,SKU01021,67,204.35
2025-02-28,T002,SKU01028,64,284.80
2025-02-28,T002,SKU01042,62,437.10
2025-02-28,T002,SKU01049,19,102.60
2025-02-28,T002,SKU01056,45,418.50
2025-02-28,T002,SKU01063,71,795.20
2025-02-28,T002,SKU01070,20,142.00
2025-02-28,T002,SKU01077,81,380.70
2025-02-28,T002,SKU01084,43,275.20
2025-02-28,T002,SKU01091,36,111.60
2025-02-28,T002,SKU01098,15,28.50
2025-02-28,T002,SKU01105,12,46.80
2025-02-28,T002,SKU01119,71,156.20
2025-02-28,T002,SKU01126,0,0.00
2025-02-28,T002,SKU01140,36,151.20
2025-02-28,T002,SKU01147,59,312.70
2025-02-28,T002,SKU01161,76,1702.40
2025-02-28,T002,SKU01168,39,113.10
2025-02-28,T002,SKU01175,58,147.90
2025-02-28,T002,SKU01182,49,176.40
2025-02-28,T002,SKU01189,79,110.60
2025-02-28,T002,SKU01196,43,210.70
2025-02-28,T002,SKU01203,31,186.00
2025-02-28,T002,SKU01210,40,8.80
2025-02-28,T002,SKU01217,73,664.30
2025-02-28,T002,SKU01224,60,408.00
2025-02-28,T002,SKU01231,28,263.20
2025-02-28,T002,SKU01238,63,875.70
2025-02-28,T002,SKU01252,60,924.00
2025-02-28,T002,SKU01259,30,426.00
2025-02-28,T002,SKU01266,53,598.90
2025-02-28,T002,SKU01273,35,241.50
2025-02-28,T002,SKU01280,76,1907.60
2025-02-28,T002,SKU01287,65,403.00
2025-02-28,T002,SKU01294,57,193.80
2025-02-28,T002,SKU01301,64,1049.60
2025-02-28,T002,SKU01308,67,609.70
2025-02-28,T002,SKU01315,48,187.20
2025-02-28,T002,SKU01322,52,759.20
2025-02-28,T002,SKU01329,45,315.00
2025-02-28,T002,SKU01336,40,208.00
2025-02-28,T002,SKU01343,39,421.20
2025-02-28,T002,SKU01357,59,165.20
2025-02-28,T003,SKU01007,56,198.80
2025-02-28,T003,SKU01014,78,319.80
2025-02-28,T003,SKU01028,107,476.15
2025-02-28,T003,SKU01035,114,615.60
2025-02-28,T003,SKU01049,109,588.60
2025-02-28,T003,SKU01056,130,1209.00
2025-02-28,T003,SKU01063,120,1344.00
2025-02-28,T003,SKU01070,111,788.10
2025-02-28,T003,SKU01084,78,499.20
2025-02-28,T003,SKU01091,131,406.10
2025-02-28,T003,SKU01098,57,108.30
2025-02-28,T003,SKU01105,69,269.10
2025-02-28,T003,SKU01112,116,353.80
2025-02-28,T003,SKU01119,84,184.80
2025-02-28,T003,SKU01126,165,3531.00
2025-02-28,T003,SKU01133,94,1814.20
2025-02-28,T003,SKU01140,180,756.00
2025-02-28,T003,SKU01147,33,174.90
2025-02-28,T003,SKU01154,69,483.00
2025-02-28,T003,SKU01161,70,1568.00
2025-02-28,T003,SKU01168,121,350.90
2025-02-28,T003,SKU01175,114,290.70
2025-02-28,T003,SKU01182,6,21.60
2025-02-28,T003,SKU01189,38,53.20
2025-02-28,T003,SKU01196,98,480.20
2025-02-28,T003,SKU01203,125,750.00
2025-02-28,T003,SKU01210,128,28.16
2025-02-28,T003,SKU01217,143,1301.30
2025-02-28,T003,SKU01224,86,584.80
2025-02-28,T003,SKU01231,144,1353.60
2025-02-28,T003,SKU01238,92,1278.80
2025-02-28,T003,SKU01245,0,0.00
2025-02-28,T003,SKU01252,40,616.00
2025-02-28,T003,SKU01259,96,1363.20
2025-02-28,T003,SKU01266,17,192.10
2025-02-28,T003,SKU01273,127,876.30
2025-02-28,T003,SKU01280,39,978.90
2025-02-28,T003,SKU01287,141,874.20
2025-02-28,T003,SKU01294,188,639.20
2025-02-28,T003,SKU01301,77,1262.80
2025-02-28,T003,SKU01308,126,1146.60
2025-02-28,T003,SKU01315,105,409.50
2025-02-28,T003,SKU01322,164,2394.40
2025-02-28,T003,SKU01329,136,952.00
2025-02-28,T003,SKU01336,0,0.00
2025-02-28,T003,SKU01343,141,1522.80
2025-02-28,T003,SKU01350,70,553.00
2025-02-28,T003,SKU01357,151,422.80
2025-02-28,T004,SKU01007,54,191.70
2025-02-28,T004,SKU01014,34,139.40
2025-02-28,T004,SKU01035,12,64.80
2025-02-28,T004,SKU01042,31,218.55
2025-02-28,T004,SKU01049,62,334.80
2025-02-28,T004,SKU01056,68,632.40
2025-02-28,T004,SKU01063,56,627.20
2025-02-28,T004,SKU01077,86,404.20
2025-02-28,T004,SKU01084,2,12.80
2025-02-28,T004,SKU01091,53,164.30
2025-02-28,T004,SKU01098,18,34.20
2025-02-28,T004,SKU01105,43,167.70
2025-02-28,T004,SKU01112,21,64.05
2025-02-28,T004,SKU01119,39,85.80
2025-02-28,T004,SKU01133,24,463.20
2025-02-28,T004,SKU01140,54,226.80
2025-02-28,T004,SKU01147,26,137.80
2025-02-28,T004,SKU01161,26,582.40
2025-02-28,T004,SKU01168,57,165.30
2025-02-28,T004,SKU01175,50,127.50
2025-02-28,T004,SKU01182,41,147.60
2025-02-28,T004,SKU01189,22,30.80
2025-02-28,T004,SKU01196,25,122.50
2025-02-28,T004,SKU01203,56,336.00
2025-02-28,T004,SKU01210,57,12.54
2025-02-28,T004,SKU01217,28,254.80
2025-02-28,T004,SKU01224,36,244.80
2025-02-28,T004,SKU01231,25,235.00
2025-02-28,T004,SKU01238,42,583.80
2025-02-28,T004,SKU01245,41,803.60
2025-02-28,T004,SKU01252,71,1093.40
2025-02-28,T004,SKU01259,46,653.20
2025-02-28,T004,SKU01266,73,824.90
2025-02-28,T004,SKU01273,64,441.60
2025-02-28,T004,SKU01280,40,1004.00
2025-02-28,T004,SKU01287,58,359.60
2025-02-28,T004,SKU01294,32,108.80
2025-02-28,T004,SKU01301,28,459.20
2025-02-28,T004,SKU01308,54,491.40
2025-02-28,T004,SKU01315,36,140.40
2025-02-28,T004,SKU01322,23,335.80
2025-02-28,T004,SKU01336,24,124.80
2025-02-28,T004,SKU01343,26,280.80
2025-02-28,T004,SKU01350,38,300.20
2025-02-28,T005,SKU01007,124,440.20
2025-02-28,T005,SKU01021,64,195.20
2025-02-28,T005,SKU01035,91,491.40
2025-02-28,T005,SKU01042,71,500.55
2025-02-28,T005,SKU01049,82,442.80
2025-02-28,T005,SKU01056,141,1311.30
2025-02-28,T005,SKU01063,54,604.80
2025-02-28,T005,SKU01070,77,546.70
2025-02-28,T005,SKU01077,146,686.20
2025-02-28,T005,SKU01084,66,422.40
2025-02-28,T005,SKU01091,61,189.10
2025-02-28,T005,SKU01098,92,174.80
2025-02-28,T005,SKU01105,77,300.30
2025-02-28,T005,SKU01112,118,359.90
2025-02-28,T005,SKU01119,96,211.20
2025-02-28,T005,SKU01126,86,1840.40
2025-02-28,T005,SKU01133,126,2431.80
2025-02-28,T005,SKU01140,56,235.20
2025-02-28,T005,SKU01147,147,779.10
2025-02-28,T005,SKU01154,105,735.00
2025-02-28,T005,SKU01161,125,2800.00
2025-02-28,T005,SKU01168,122,353.80
2025-02-28,T005,SKU01175,81,206.55
2025-02-28,T005,SKU01182,75,270.00
2025-02-28,T005,SKU01189,74,103.60
2025-02-28,T005,SKU01196,110,539.00
2025-02-28,T005,SKU01203,124,744.00
2025-02-28,T005,SKU01210,88,19.36
2025-02-28,T005,SKU01224,11,74.80
2025-02-28,T005,SKU01231,68,639.20
2025-02-28,T005,SKU01238,110,1529.00
2025-02-28,T005,SKU01245,147,2881.20
2025-02-28,T005,SKU01252,69,1062.60
2025-02-28,T005,SKU01259,57,809.40
2025-02-28,T005,SKU01266,42,474.60
2025-02-28,T005,SKU01273,58,400.20
2025-02-28,T005,SKU01280,68,1706.80
2025-02-28,T005,SKU01287,3,18.60
2025-02-28,T005,SKU01294,107,363.80
2025-02-28,T005,SKU01301,119,1951.60
2025-02-28,T005,SKU01315,128,499.20
2025-02-28,T005,SKU01322,73,1065.80
2025-02-28,T005,SKU01329,14,98.00
2025-02-28,T005,SKU01336,103,535.60
2025-02-28,T005,SKU01350,45,355.50
2025-02-28,T005,SKU01357,130,364.00
2025-02-28,T006,SKU01014,59,241.90
2025-02-28,T006,SKU01021,51,155.55
2025-02-28,T006,SKU01035,65,351.00
2025-02-28,T006,SKU01042,29,204.45
2025-02-28,T006,SKU01049,16,86.40
2025-02-28,T006,SKU01056,38,353.40
2025-02-28,T006,SKU01063,93,1041.60
2025-02-28,T006,SKU01070,1,7.10
2025-02-28,T006,SKU01084,10,64.00
2025-02-28,T006,SKU01091,17,52.70
2025-02-28,T006,SKU01098,97,184.30
2025-02-28,T006,SKU01112,11,33.55
2025-02-28,T006,SKU01119,22,48.40
2025-02-28,T006,SKU01126,25,535.00
2025-02-28,T006,SKU01133,14,270.20
2025-02-28,T006,SKU01140,108,453.60
2025-02-28,T006,SKU01147,40,212.00
2025-02-28,T006,SKU01154,63,441.00
2025-02-28,T006,SKU01161,48,1075.20
2025-02-28,T006,SKU01168,33,95.70
2025-02-28,T006,SKU01182,56,201.60
2025-02-28,T006,SKU01189,63,88.20
2025-02-28,T006,SKU01196,54,264.60
2025-02-28,T006,SKU01203,51,306.00
2025-02-28,T006,SKU01210,57,12.54
2025-02-28,T006,SKU01217,55,500.50
2025-02-28,T006,SKU01231,32,300.80
2025-02-28,T006,SKU01238,51,708.90
2025-02-28,T006,SKU01245,28,548.80
2025-02-28,T006,SKU01252,42,646.80
2025-02-28,T006,SKU01259,63,894.60
2025-02-28,T006,SKU01266,9,101.70
2025-02-28,T006,SKU01273,48,331.20
2025-02-28,T006,SKU01280,41,1029.10
2025-02-28,T006,SKU01287,27,167.40
2025-02-28,T006,SKU01294,34,115.60
2025-02-28,T006,SKU01301,66,1082.40
2025-02-28,T006,SKU01308,44,400.40
2025-02-28,T006,SKU01315,45,175.50
2025-02-28,T006,SKU01322,46,671.60
2025-02-28,T006,SKU01329,59,413.00
2025-02-28,T006,SKU01336,27,140.40
2025-02-28,T006,SKU01343,54,583.20
2025-02-28,T006,SKU01350,37,292.30
2025-02-28,T006,SKU01357,69,193.20
2025-02-28,T007,SKU01007,42,149.10
2025-02-28,T007,SKU01021,32,97.60
2025-02-28,T007,SKU01028,3,13.35
2025-02-28,T007,SKU01035,51,275.40
2025-02-28,T007,SKU01042,18,126.90
2025-02-28,T007,SKU01049,56,302.40
2025-02-28,T007,SKU01056,47,437.10
2025-02-28,T007,SKU01063,47,526.40
2025-02-28,T007,SKU01070,30,213.00
2025-02-28,T007,SKU01077,63,296.10
2025-02-28,T007,SKU01084,57,364.80
2025-02-28,T007,SKU01098,54,102.60
2025-02-28,T007,SKU01105,40,156.00
2025-02-28,T007,SKU01112,75,228.75
2025-02-28,T007,SKU01119,23,50.60
2025-02-28,T007,SKU01126,46,984.40
2025-02-28,T007,SKU01133,46,887.80
2025-02-28,T007,SKU01140,44,184.80
2025-02-28,T007,SKU01147,30,159.00
2025-02-28,T007,SKU01154,24,168.00
2025-02-28,T007,SKU01161,35,784.00
2025-02-28,T007,SKU01175,13,33.15
2025-02-28,T007,SKU01182,46,165.60
2025-02-28,T007,SKU01189,11,15.40
2025-02-28,T007,SKU01196,63,308.70
2025-02-28,T007,SKU01203,62,372.00
2025-02-28,T007,SKU01210,27,5.94
2025-02-28,T007,SKU01217,57,518.70
2025-02-28,T007,SKU01224,45,306.00
2025-02-28,T007,SKU01231,43,404.20
2025-02-28,T007,SKU01238,24,333.60
2025-02-28,T007,SKU01245,38,744.80
2025-02-28,T007,SKU01252,64,985.60
2025-02-28,T007,SKU01259,48,681.60
2025-02-28,T007,SKU01266,27,305.10
2025-02-28,T007,SKU01280,61,1531.10
2025-02-28,T007,SKU01287,69,427.80
2025-02-28,T007,SKU01294,33,112.20
2025-02-28,T007,SKU01301,71,1164.40
2025-02-28,T007,SKU01308,67,609.70
2025-02-28,T007,SKU01315,57,222.30
2025-02-28,T007,SKU01322,47,686.20
2025-02-28,T007,SKU01329,63,441.00
2025-02-28,T007,SKU01343,35,378.00
2025-02-28,T007,SKU01350,74,584.60
2025-02-28,T007,SKU01357,59,165.20
2025-02-28,T008,SKU01007,102,362.10
2025-02-28,T008,SKU01014,52,213.20
2025-02-28,T008,SKU01021,51,155.55
2025-02-28,T008,SKU01028,111,493.95
2025-02-28,T008,SKU01042,28,197.40
2025-02-28,T008,SKU01049,86,464.40
2025-02-28,T008,SKU01056,75,697.50
2025-02-28,T008,SKU01063,86,963.20
2025-02-28,T008,SKU01070,54,383.40
2025-02-28,T008,SKU01077,74,347.80
2025-02-28,T008,SKU01091,114,353.40
2025-02-28,T008,SKU01098,83,157.70
2025-02-28,T008,SKU01105,160,624.00
2025-02-28,T008,SKU01112,69,210.45
2025-02-28,T008,SKU01119,58,127.60
2025-02-28,T008,SKU01126,123,2632.20
2025-02-28,T008,SKU01133,80,1544.00
2025-02-28,T008,SKU01140,138,579.60
2025-02-28,T008,SKU01147,27,143.10
2025-02-28,T008,SKU01154,35,245.00
2025-02-28,T008,SKU01161,75,1680.00
2025-02-28,T008,SKU01175,51,130.05
2025-02-28,T008,SKU01182,67,241.20
2025-02-28,T008,SKU01189,59,82.60
2025-02-28,T008,SKU01196,57,279.30
2025-02-28,T008,SKU01203,50,300.00
2025-02-28,T008,SKU01210,38,8.36
2025-02-28,T008,SKU01217,1,9.10
2025-02-28,T008,SKU01224,69,469.20
2025-02-28,T008,SKU01231,73,686.20
2025-02-28,T008,SKU01245,95,1862.00
2025-02-28,T008,SKU01252,130,2002.00
2025-02-28,T008,SKU01259,131,1860.20
2025-02-28,T008,SKU01266,61,689.30
2025-02-28,T008,SKU01273,19,131.10
2025-02-28,T008,SKU01280,93,2334.30
2025-02-28,T008,SKU01294,134,455.60
2025-02-28,T008,SKU01315,24,93.60
2025-02-28,T008,SKU01322,34,496.40
2025-02-28,T008,SKU01329,122,854.00
2025-02-28,T008,SKU01336,88,457.60
2025-02-28,T008,SKU01343,106,1144.80
2025-02-28,T008,SKU01350,84,663.60
2025-02-28,T008,SKU01357,40,112.00
2025-02-28,T009,SKU01007,16,56.80
2025-02-28,T009,SKU01014,50,205.00
2025-02-28,T009,SKU01021,45,137.25
2025-02-28,T009,SKU01028,52,231.40
2025-02-28,T009,SKU01035,38,205.20
2025-02-28,T009,SKU01049,40,216.00
2025-02-28,T009,SKU01056,69,641.70
2025-02-28,T009,SKU01063,27,302.40
2025-02-28,T009,SKU01070,41,291.10
2025-02-28,T009,SKU01077,56,263.20
2025-02-28,T009,SKU01084,63,403.20
2025-02-28,T009,SKU01091,47,145.70
2025-02-28,T009,SKU01098,40,76.00
2025-02-28,T009,SKU01105,48,187.20
2025-02-28,T009,SKU01112,46,140.30
2025-02-28,T009,SKU01126,38,813.20
2025-02-28,T009,SKU01133,5,96.50
2025-02-28,T009,SKU01140,50,210.00
2025-02-28,T009,SKU01147,16,84.80
2025-02-28,T009,SKU01154,56,392.00
2025-02-28,T009,SKU01161,0,0.00
2025-02-28,T009,SKU01168,51,147.90
2025-02-28,T009,SKU01182,41,147.60
2025-02-28,T009,SKU01189,35,49.00
2025-02-28,T009,SKU01196,48,235.20
2025-02-28,T009,SKU01203,46,276.00
2025-02-28,T009,SKU01210,35,7.70
2025-02-28,T009,SKU01217,45,409.50
2025-02-28,T009,SKU01224,55,374.00
2025-02-28,T009,SKU01231,45,423.00
2025-02-28,T009,SKU01238,34,472.60
2025-02-28,T009,SKU01245,64,1254.40
2025-02-28,T009,SKU01252,40,616.00
2025-02-28,T009,SKU01259,50,710.00
2025-02-28,T009,SKU01266,12,135.60
2025-02-28,T009,SKU01273,17,117.30
2025-02-28,T009,SKU01280,39,978.90
2025-02-28,T009,SKU01294,15,51.00
2025-02-28,T009,SKU01301,67,1098.80
2025-02-28,T009,SKU01308,76,691.60
2025-02-28,T009,SKU01315,43,167.70
2025-02-28,T009,SKU01322,15,219.00
2025-02-28,T009,SKU01329,0,0.00
2025-02-28,T009,SKU01336,58,301.60
2025-02-28,T009,SKU01343,86,928.80
2025-02-28,T009,SKU01350,38,300.20
2025-02-28,T010,SKU01007,156,553.80
2025-02-28,T010,SKU01014,108,442.80
2025-02-28,T010,SKU01021,106,323.30
2025-02-28,T010,SKU01028,148,658.60
2025-02-28,T010,SKU01035,67,361.80
2025-02-28,T010,SKU01042,156,1099.80
2025-02-28,T010,SKU01049,86,464.40
2025-02-28,T010,SKU01056,91,846.30
2025-02-28,T010,SKU01063,138,1545.60
2025-02-28,T010,SKU01070,154,1093.40
2025-02-28,T010,SKU01077,136,639.20
2025-02-28,T010,SKU01084,128,819.20
2025-02-28,T010,SKU01091,108,334.80
2025-02-28,T010,SKU01098,84,159.60
2025-02-28,T010,SKU01105,109,425.10
2025-02-28,T010,SKU01112,35,106.75
2025-02-28,T010,SKU01119,103,226.60
2025-02-28,T010,SKU01126,66,1412.40
2025-02-28,T010,SKU01133,26,501.80
2025-02-28,T010,SKU01140,0,0.00
2025-02-28,T010,SKU01147,101,535.30
2025-02-28,T010,SKU01154,63,441.00
2025-02-28,T010,SKU01161,92,2060.80
2025-02-28,T010,SKU01168,75,217.50
2025-02-28,T010,SKU01175,95,242.25
2025-02-28,T010,SKU01182,54,194.40
2025-02-28,T010,SKU01189,122,170.80
2025-02-28,T010,SKU01196,28,137.20
2025-02-28,T010,SKU01210,77,16.94
2025-02-28,T010,SKU01217,38,345.80
2025-02-28,T010,SKU01224,117,795.60
2025-02-28,T010,SKU01231,58,545.20
2025-02-28,T010,SKU01238,67,931.30
2025-02-28,T010,SKU01245,77,1509.20
2025-02-28,T010,SKU01252,127,1955.80
2025-02-28,T010,SKU01259,131,1860.20
2025-02-28,T010,SKU01266,138,1559.40
2025-02-28,T010,SKU01273,46,317.40
2025-02-28,T010,SKU01280,103,2585.30
2025-02-28,T010,SKU01287,11,68.20
2025-02-28,T010,SKU01308,177,1610.70
2025-02-28,T010,SKU01315,19,74.10
2025-02-28,T010,SKU01322,94,1372.40
2025-02-28,T010,SKU01329,104,728.00
2025-02-28,T010,SKU01336,82,426.40
2025-02-28,T010,SKU01343,186,2008.80
2025-02-28,T010,SKU01350,151,1192.90
2025-02-28,T010,SKU01357,87,243.60
2025-02-28,T011,SKU01007,44,156.20
2025-02-28,T011,SKU01014,36,147.60
2025-02-28,T011,SKU01021,38,115.90
2025-02-28,T011,SKU01035,45,243.00
2025-02-28,T011,SKU01042,36,253.80
2025-02-28,T011,SKU01049,67,361.80
2025-02-28,T011,SKU01056,57,530.10
2025-02-28,T011,SKU01070,66,468.60
2025-02-28,T011,SKU01077,34,159.80
2025-02-28,T011,SKU01084,56,358.40
2025-02-28,T011,SKU01091,58,179.80
2025-02-28,T011,SKU01098,98,186.20
2025-02-28,T011,SKU01105,56,218.40
2025-02-28,T011,SKU01112,68,207.40
2025-02-28,T011,SKU01119,52,114.40
2025-02-28,T011,SKU01126,6,128.40
2025-02-28,T011,SKU01140,37,155.40
2025-02-28,T011,SKU01154,41,287.00
2025-02-28,T011,SKU01161,7,156.80
2025-02-28,T011,SKU01168,25,72.50
2025-02-28,T011,SKU01175,34,86.70
2025-02-28,T011,SKU01182,42,151.20
2025-02-28,T011,SKU01189,25,35.00
2025-02-28,T011,SKU01196,72,352.80
2025-02-28,T011,SKU01203,59,354.00
2025-02-28,T011,SKU01210,48,10.56
2025-02-28,T011,SKU01224,72,489.60
2025-02-28,T011,SKU01231,18,169.20
2025-02-28,T011,SKU01238,49,681.10
2025-02-28,T011,SKU01245,56,1097.60
2025-02-28,T011,SKU01252,48,739.20
2025-02-28,T011,SKU01259,21,298.20
2025-02-28,T011,SKU01266,42,474.60
2025-02-28,T011,SKU01273,65,448.50
2025-02-28,T011,SKU01280,52,1305.20
2025-02-28,T011,SKU01294,44,149.60
2025-02-28,T011,SKU01301,48,787.20
2025-02-28,T011,SKU01308,46,418.60
2025-02-28,T011,SKU01315,21,81.90
2025-02-28,T011,SKU01322,58,846.80
2025-02-28,T011,SKU01329,61,427.00
2025-02-28,T011,SKU01336,46,239.20
2025-02-28,T011,SKU01343,42,453.60
2025-02-28,T011,SKU01350,90,711.00
2025-02-28,T011,SKU01357,11,30.80
2025-02-28,T012,SKU01007,60,213.00
2025-02-28,T012,SKU01021,77,234.85
2025-02-28,T012,SKU01028,79,351.55
2025-02-28,T012,SKU01035,51,275.40
2025-02-28,T012,SKU01042,55,387.75
2025-02-28,T012,SKU01049,51,275.40
2025-02-28,T012,SKU01056,34,316.20
2025-02-28,T012,SKU01063,44,492.80
2025-02-28,T012,SKU01070,33,234.30
2025-02-28,T012,SKU01077,20,94.00
2025-02-28,T012,SKU01084,42,268.80
2025-02-28,T012,SKU01091,34,105.40
2025-02-28,T012,SKU01098,41,77.90
2025-02-28,T012,SKU01105,32,124.80
2025-02-28,T012,SKU01112,76,231.80
2025-02-28,T012,SKU01119,31,68.20
2025-02-28,T012,SKU01126,59,1262.60
2025-02-28,T012,SKU01133,50,965.00
2025-02-28,T012,SKU01140,61,256.20
2025-02-28,T012,SKU01147,41,217.30
2025-02-28,T012,SKU01154,23,161.00
2025-02-28,T012,SKU01168,60,174.00
2025-02-28,T012,SKU01175,23,58.65
2025-02-28,T012,SKU01182,0,0.00
2025-02-28,T012,SKU01189,47,65.80
2025-02-28,T012,SKU01196,15,73.50
2025-02-28,T012,SKU01203,57,342.00
2025-02-28,T012,SKU01210,72,15.84
2025-02-28,T012,SKU01217,49,445.90
2025-02-28,T012,SKU01224,62,421.60
2025-02-28,T012,SKU01231,22,206.80
2025-02-28,T012,SKU01238,41,569.90
2025-02-28,T012,SKU01245,39,764.40
2025-02-28,T012,SKU01252,44,677.60
2025-02-28,T012,SKU01259,53,752.60
2025-02-28,T012,SKU01266,58,655.40
2025-02-28,T012,SKU01273,46,317.40
2025-02-28,T012,SKU01280,29,727.90
2025-02-28,T012,SKU01287,70,434.00
2025-02-28,T012,SKU01294,34,115.60
2025-02-28,T012,SKU01301,67,1098.80
2025-02-28,T012,SKU01315,44,171.60
2025-02-28,T012,SKU01322,56,817.60
2025-02-28,T012,SKU01329,36,252.00
2025-02-28,T012,SKU01336,35,182.00
2025-02-28,T012,SKU01343,79,853.20
2025-02-28,T012,SKU01350,33,260.70
2025-03-31,T001,SKU01007,28,99.40
2025-03-31,T001,SKU01014,113,463.30
2025-03-31,T001,SKU01021,107,326.35
2025-03-31,T001,SKU01028,119,529.55
2025-03-31,T001,SKU01035,65,351.00
2025-03-31,T001,SKU01042,61,430.05
2025-03-31,T001,SKU01049,59,318.60
2025-03-31,T001,SKU01056,89,827.70
2025-03-31,T001,SKU01063,113,1265.60
2025-03-31,T001,SKU01070,184,1306.40
2025-03-31,T001,SKU01084,76,486.40
2025-03-31,T001,SKU01091,99,306.90
2025-03-31,T001,SKU01098,15,28.50
2025-03-31,T001,SKU01105,115,448.50
2025-03-31,T001,SKU01112,37,112.85
2025-03-31,T001,SKU01126,104,2225.60
2025-03-31,T001,SKU01133,69,1331.70
2025-03-31,T001,SKU01140,91,382.20
2025-03-31,T001,SKU01147,117,620.10
2025-03-31,T001,SKU01154,76,532.00
2025-03-31,T001,SKU01161,90,2016.00
2025-03-31,T001,SKU01168,99,287.10
2025-03-31,T001,SKU01175,78,198.90
2025-03-31,T001,SKU01196,80,392.00
2025-03-31,T001,SKU01203,85,510.00
2025-03-31,T001,SKU01217,125,1137.50
2025-03-31,T001,SKU01224,127,863.60
2025-03-31,T001,SKU01231,117,1099.80
2025-03-31,T001,SKU01238,73,1014.70
2025-03-31,T001,SKU01245,92,1803.20
2025-03-31,T001,SKU01252,59,908.60
2025-03-31,T001,SKU01259,108,1533.60
2025-03-31,T001,SKU01266,132,1491.60
2025-03-31,T001,SKU01273,67,462.30
2025-03-31,T001,SKU01287,75,465.00
2025-03-31,T001,SKU01294,145,493.00
2025-03-31,T001,SKU01301,119,1951.60
2025-03-31,T001,SKU01308,133,1210.30
2025-03-31,T001,SKU01329,135,945.00
2025-03-31,T001,SKU01343,103,1112.40
2025-03-31,T001,SKU01350,112,884.80
2025-03-31,T001,SKU01357,231,646.80
2025-03-31,T002,SKU01014,17,69.70
2025-03-31,T002,SKU01028,39,173.55
2025-03-31,T002,SKU01035,69,372.60
2025-03-31,T002,SKU01042,57,401.85
2025-03-31,T002,SKU01049,62,334.80
2025-03-31,T002,SKU01056,34,316.20
2025-03-31,T002,SKU01063,31,347.20
2025-03-31,T002,SKU01070,30,213.00
2025-03-31,T002,SKU01077,36,169.20
2025-03-31,T002,SKU01084,37,236.80
2025-03-31,T002,SKU01091,38,117.80
2025-03-31,T002,SKU01105,22,85.80
2025-03-31,T002,SKU01112,66,201.30
2025-03-31,T002,SKU01119,23,50.60
2025-03-31,T002,SKU01126,55,1177.00
2025-03-31,T002,SKU01140,42,176.40
2025-03-31,T002,SKU01147,46,243.80
2025-03-31,T002,SKU01154,46,322.00
2025-03-31,T002,SKU01161,27,604.80
2025-03-31,T002,SKU01168,42,121.80
2025-03-31,T002,SKU01175,57,145.35
2025-03-31,T002,SKU01182,57,205.20
2025-03-31,T002,SKU01189,41,57.40
2025-03-31,T002,SKU01196,33,161.70
2025-03-31,T002,SKU01203,23,138.00
2025-03-31,T002,SKU01210,35,7.70
2025-03-31,T002,SKU01217,42,382.20
2025-03-31,T002,SKU01224,30,204.00
2025-03-31,T002,SKU01231,31,291.40
2025-03-31,T002,SKU01238,57,792.30
2025-03-31,T002,SKU01245,32,627.20
2025-03-31,T002,SKU01252,42,646.80
2025-03-31,T002,SKU01259,59,837.80
2025-03-31,T002,SKU01273,41,282.90
2025-03-31,T002,SKU01280,71,1782.10
2025-03-31,T002,SKU01287,31,192.20
2025-03-31,T002,SKU01294,40,136.00
2025-03-31,T002,SKU01301,33,541.20
2025-03-31,T002,SKU01308,26,236.60
2025-03-31,T002,SKU01315,87,339.30
2025-03-31,T002,SKU01322,30,438.00
2025-03-31,T002,SKU01329,26,182.00
2025-03-31,T002,SKU01336,19,98.80
2025-03-31,T002,SKU01343,42,453.60
2025-03-31,T002,SKU01350,42,331.80
2025-03-31,T002,SKU01357,20,56.00
2025-03-31,T003,SKU01007,36,127.80
2025-03-31,T003,SKU01014,64,262.40
2025-03-31,T003,SKU01021,131,399.55
2025-03-31,T003,SKU01028,50,222.50
2025-03-31,T003,SKU01035,83,448.20
2025-03-31,T003,SKU01049,141,761.40
2025-03-31,T003,SKU01056,137,1274.10
2025-03-31,T003,SKU01063,10,112.00
2025-03-31,T003,SKU01070,166,1178.60
2025-03-31,T003,SKU01077,129,606.30
2025-03-31,T003,SKU01084,69,441.60
2025-03-31,T003,SKU01091,120,372.00
2025-03-31,T003,SKU01098,148,281.20
2025-03-31,T003,SKU01105,128,499.20
2025-03-31,T003,SKU01112,69,210.45
2025-03-31,T003,SKU01119,164,360.80
2025-03-31,T003,SKU01140,57,239.40
2025-03-31,T003,SKU01147,53,280.90
2025-03-31,T003,SKU01154,188,1316.00
2025-03-31,T003,SKU01168,0,0.00
2025-03-31,T003,SKU01175,120,306.00
2025-03-31,T003,SKU01189,21,29.40
2025-03-31,T003,SKU01196,51,249.90
2025-03-31,T003,SKU01203,109,654.00
2025-03-31,T003,SKU01210,91,20.02
2025-03-31,T003,SKU01224,100,680.00
2025-03-31,T003,SKU01231,126,1184.40
2025-03-31,T003,SKU01238,13,180.70
2025-03-31,T003,SKU01245,109,2136.40
2025-03-31,T003,SKU01252,138,2125.20
2025-03-31,T003,SKU01259,174,2470.80
2025-03-31,T003,SKU01266,48,542.40
2025-03-31,T003,SKU01273,95,655.50
2025-03-31,T003,SKU01280,32,803.20
2025-03-31,T003,SKU01287,44,272.80
2025-03-31,T003,SKU01294,131,445.40
2025-03-31,T003,SKU01301,40,656.00
2025-03-31,T003,SKU01308,104,946.40
2025-03-31,T003,SKU01315,98,382.20
2025-03-31,T003,SKU01336,37,192.40
2025-03-31,T003,SKU01343,95,1026.00
2025-03-31,T004,SKU01007,49,173.95
2025-03-31,T004,SKU01014,21,86.10
2025-03-31,T004,SKU01021,31,94.55
2025-03-31,T004,SKU01028,69,307.05
2025-03-31,T004,SKU01035,2,10.80
2025-03-31,T004,SKU01042,38,267.90
2025-03-31,T004,SKU01049,41,221.40
2025-03-31,T004,SKU01056,15,139.50
2025-03-31,T004,SKU01063,36,403.20
2025-03-31,T004,SKU01070,58,411.80
2025-03-31,T004,SKU01077,56,263.20
2025-03-31,T004,SKU01084,60,384.00
2025-03-31,T004,SKU01091,0,0.00
2025-03-31,T004,SKU01098,47,89.30
2025-03-31,T004,SKU01105,36,140.40
2025-03-31,T004,SKU01112,68,207.40
2025-03-31,T004,SKU01119,27,59.40
2025-03-31,T004,SKU01126,16,342.40
2025-03-31,T004,SKU01140,43,180.60
2025-03-31,T004,SKU01147,32,169.60
2025-03-31,T004,SKU01154,59,413.00
2025-03-31,T004,SKU01161,78,1747.20
2025-03-31,T004,SKU01168,52,150.80
2025-03-31,T004,SKU01182,34,122.40
2025-03-31,T004,SKU01189,45,63.00
2025-03-31,T004,SKU01196,25,122.50
2025-03-31,T004,SKU01210,47,10.34
2025-03-31,T004,SKU01217,31,282.10
2025-03-31,T004,SKU01231,64,601.60
2025-03-31,T004,SKU01238,1,13.90
2025-03-31,T004,SKU01245,61,1195.60
2025-03-31,T004,SKU01252,45,693.00
2025-03-31,T004,SKU01259,70,994.00
2025-03-31,T004,SKU01266,44,497.20
2025-03-31,T004,SKU01273,32,220.80
2025-03-31,T004,SKU01280,44,1104.40
2025-03-31,T004,SKU01294,60,204.00
2025-03-31,T004,SKU01301,49,803.60
2025-03-31,T004,SKU01308,61,555.10
2025-03-31,T004,SKU01315,58,226.20
2025-03-31,T004,SKU01322,13,189.80
2025-03-31,T004,SKU01329,76,532.00
2025-03-31,T004,SKU01336,24,124.80
2025-03-31,T004,SKU01343,48,518.40
2025-03-31,T004,SKU01350,85,671.50
2025-03-31,T005,SKU01007,92,326.60
2025-03-31,T005,SKU01014,71,291.10
2025-03-31,T005,SKU01021,61,186.05
2025-03-31,T005,SKU01028,75,333.75
2025-03-31,T005,SKU01035,108,583.20
2025-03-31,T005,SKU01042,79,556.95
2025-03-31,T005,SKU01049,107,577.80
2025-03-31,T005,SKU01056,112,1041.60
2025-03-31,T005,SKU01063,67,750.40
2025-03-31,T005,SKU01070,98,695.80
2025-03-31,T005,SKU01077,110,517.00
2025-03-31,T005,SKU01084,43,275.20
2025-03-31,T005,SKU01091,100,310.00
2025-03-31,T005,SKU01098,45,85.50
2025-03-31,T005,SKU01133,88,1698.40
2025-03-31,T005,SKU01140,64,268.80
2025-03-31,T005,SKU01147,142,752.60
2025-03-31,T005,SKU01154,119,833.00
2025-03-31,T005,SKU01161,35,784.00
2025-03-31,T005,SKU01168,119,345.10
2025-03-31,T005,SKU01175,182,464.10
2025-03-31,T005,SKU01182,174,626.40
2025-03-31,T005,SKU01189,82,114.80
2025-03-31,T005,SKU01196,53,259.70
2025-03-31,T005,SKU01203,80,480.00
2025-03-31,T005,SKU01210,61,13.42
2025-03-31,T005,SKU01217,108,982.80
2025-03-31,T005,SKU01224,32,217.60
2025-03-31,T005,SKU01238,37,514.30
2025-03-31,T005,SKU01245,143,2802.80
2025-03-31,T005,SKU01252,82,1262.80
2025-03-31,T005,SKU01259,124,1760.80
2025-03-31,T005,SKU01266,146,1649.80
2025-03-31,T005,SKU01273,67,462.30
2025-03-31,T005,SKU01280,71,1782.10
2025-03-31,T005,SKU01287,87,539.40
2025-03-31,T005,SKU01294,112,380.80
2025-03-31,T005,SKU01308,126,1146.60
2025-03-31,T005,SKU01315,50,195.00
2025-03-31,T005,SKU01329,46,322.00
2025-03-31,T005,SKU01336,117,608.40
2025-03-31,T005,SKU01343,130,1404.00
2025-03-31,T005,SKU01350,125,987.50
2025-03-31,T005,SKU01357,81,226.80
2025-03-31,T006,SKU01007,39,138.45
2025-03-31,T006,SKU01014,63,258.30
2025-03-31,T006,SKU01021,63,192.15
2025-03-31,T006,SKU01028,32,142.40
2025-03-31,T006,SKU01035,59,318.60
2025-03-31,T006,SKU01042,30,211.50
2025-03-31,T006,SKU01049,0,0.00
2025-03-31,T006,SKU01056,40,372.00
2025-03-31,T006,SKU01063,34,380.80
2025-03-31,T006,SKU01070,65,461.50
2025-03-31,T006,SKU01077,48,225.60
2025-03-31,T006,SKU01084,25,160.00
2025-03-31,T006,SKU01091,37,114.70
2025-03-31,T006,SKU01098,81,153.90
2025-03-31,T006,SKU01112,22,67.10
2025-03-31,T006,SKU01119,48,105.60
2025-03-31,T006,SKU01126,11,235.40
2025-03-31,T006,SKU01133,8,154.40
2025-03-31,T006,SKU01140,45,189.00
2025-03-31,T006,SKU01147,44,233.20
2025-03-31,T006,SKU01154,24,168.00
2025-03-31,T006,SKU01161,2,44.80
2025-03-31,T006,SKU01168,71,205.90
2025-03-31,T006,SKU01182,101,363.60
2025-03-31,T006,SKU01196,39,191.10
2025-03-31,T006,SKU01203,55,330.00
2025-03-31,T006,SKU01224,42,285.60
2025-03-31,T006,SKU01238,35,486.50
2025-03-31,T006,SKU01245,16,313.60
2025-03-31,T006,SKU01252,30,462.00
2025-03-31,T006,SKU01259,49,695.80
2025-03-31,T006,SKU01266,23,259.90
2025-03-31,T006,SKU01273,93,641.70
2025-03-31,T006,SKU01280,53,1330.30
2025-03-31,T006,SKU01294,31,105.40
2025-03-31,T006,SKU01301,53,869.20
2025-03-31,T006,SKU01308,44,400.40
2025-03-31,T006,SKU01315,78,304.20
2025-03-31,T006,SKU01322,39,569.40
2025-03-31,T006,SKU01329,38,266.00
2025-03-31,T006,SKU01343,30,324.00
2025-03-31,T006,SKU01350,19,150.10
2025-03-31,T006,SKU01357,46,128.80
2025-03-31,T007,SKU01014,64,262.40
2025-03-31,T007,SKU01021,28,85.40
2025-03-31,T007,SKU01028,60,267.00
2025-03-31,T007,SKU01035,49,264.60
2025-03-31,T007,SKU01042,11,77.55
2025-03-31,T007,SKU01049,9,48.60
2025-03-31,T007,SKU01056,51,474.30
2025-03-31,T007,SKU01063,77,862.40
2025-03-31,T007,SKU01070,24,170.40
2025-03-31,T007,SKU01077,0,0.00
2025-03-31,T007,SKU01084,38,243.20
2025-03-31,T007,SKU01091,60,186.00
2025-03-31,T007,SKU01098,69,131.10
2025-03-31,T007,SKU01105,46,179.40
2025-03-31,T007,SKU01112,49,149.45
2025-03-31,T007,SKU01119,58,127.60
2025-03-31,T007,SKU01126,50,1070.00
2025-03-31,T007,SKU01133,23,443.90
2025-03-31,T007,SKU01140,36,151.20
2025-03-31,T007,SKU01147,27,143.10
2025-03-31,T007,SKU01154,53,371.00
2025-03-31,T007,SKU01161,55,1232.00
2025-03-31,T007,SKU01168,41,118.90
2025-03-31,T007,SKU01175,48,122.40
2025-03-31,T007,SKU01182,31,111.60
2025-03-31,T007,SKU01189,64,89.60
2025-03-31,T007,SKU01210,9,1.98
2025-03-31,T007,SKU01217,70,637.00
2025-03-31,T007,SKU01224,61,414.80
2025-03-31,T007,SKU01231,46,432.40
2025-03-31,T007,SKU01238,30,417.00
2025-03-31,T007,SKU01252,55,847.00
2025-03-31,T007,SKU01266,18,203.40
2025-03-31,T007,SKU01273,38,262.20
2025-03-31,T007,SKU01280,64,1606.40
2025-03-31,T007,SKU01287,22,136.40
2025-03-31,T007,SKU01294,14,47.60
2025-03-31,T007,SKU01301,54,885.60
2025-03-31,T007,SKU01308,45,409.50
2025-03-31,T007,SKU01315,32,124.80
2025-03-31,T007,SKU01322,22,321.20
2025-03-31,T007,SKU01329,27,189.00
2025-03-31,T007,SKU01336,90,468.00
2025-03-31,T007,SKU01343,57,615.60
2025-03-31,T007,SKU01350,69,545.10
2025-03-31,T007,SKU01357,62,173.60
2025-03-31,T008,SKU01007,30,106.50
2025-03-31,T008,SKU01014,52,213.20
2025-03-31,T008,SKU01021,182,555.10
2025-03-31,T008,SKU01028,17,75.65
2025-03-31,T008,SKU01035,121,653.40
2025-03-31,T008,SKU01042,59,415.95
2025-03-31,T008,SKU01056,46,427.80
2025-03-31,T008,SKU01063,103,1153.60
2025-03-31,T008,SKU01084,142,908.80
2025-03-31,T008,SKU01091,150,465.00
2025-03-31,T008,SKU01098,74,140.60
2025-03-31,T008,SKU01105,78,304.20
2025-03-31,T008,SKU01112,138,420.90
2025-03-31,T008,SKU01119,86,189.20
2025-03-31,T008,SKU01126,89,1904.60
2025-03-31,T008,SKU01133,88,1698.40
2025-03-31,T008,SKU01147,98,519.40
2025-03-31,T008,SKU01154,163,1141.00
2025-03-31,T008,SKU01161,26,582.40
2025-03-31,T008,SKU01175,121,308.55
2025-03-31,T008,SKU01182,101,363.60
2025-03-31,T008,SKU01189,109,152.60
2025-03-31,T008,SKU01196,162,793.80
2025-03-31,T008,SKU01210,112,24.64
2025-03-31,T008,SKU01217,71,646.10
2025-03-31,T008,SKU01224,64,435.20
2025-03-31,T008,SKU01231,70,658.00
2025-03-31,T008,SKU01238,0,0.00
2025-03-31,T008,SKU01245,37,725.20
2025-03-31,T008,SKU01252,5,77.00
2025-03-31,T008,SKU01259,100,1420.00
2025-03-31,T008,SKU01266,77,870.10
2025-03-31,T008,SKU01273,12,82.80
2025-03-31,T008,SKU01280,99,2484.90
2025-03-31,T008,SKU01287,49,303.80
2025-03-31,T008,SKU01294,102,346.80
2025-03-31,T008,SKU01301,114,1869.60
2025-03-31,T008,SKU01315,66,257.40
2025-03-31,T008,SKU01322,111,1620.60
2025-03-31,T008,SKU01329,65,455.00
2025-03-31,T008,SKU01336,116,603.20
2025-03-31,T008,SKU01343,150,1620.00
2025-03-31,T008,SKU01350,75,592.50
2025-03-31,T008,SKU01357,134,375.20
2025-03-31,T009,SKU01007,19,67.45
2025-03-31,T009,SKU01021,48,146.40
2025-03-31,T009,SKU01028,43,191.35
2025-03-31,T009,SKU01035,80,432.00
2025-03-31,T009,SKU01042,17,119.85
2025-03-31,T009,SKU01049,88,475.20
2025-03-31,T009,SKU01056,61,567.30
2025-03-31,T009,SKU01063,50,560.00
2025-03-31,T009,SKU01070,33,234.30
2025-03-31,T009,SKU01077,64,300.80
2025-03-31,T009,SKU01084,73,467.20
2025-03-31,T009,SKU01091,31,96.10
2025-03-31,T009,SKU01098,1,1.90
2025-03-31,T009,SKU01105,40,156.00
2025-03-31,T009,SKU01112,48,146.40
2025-03-31,T009,SKU01119,65,143.00
2025-03-31,T009,SKU01126,39,834.60
2025-03-31,T009,SKU01133,0,0.00
2025-03-31,T009,SKU01140,21,88.20
2025-03-31,T009,SKU01147,38,201.40
2025-03-31,T009,SKU01154,46,322.00
2025-03-31,T009,SKU01161,57,1276.80
2025-03-31,T009,SKU01168,68,197.20
2025-03-31,T009,SKU01175,52,132.60
2025-03-31,T009,SKU01182,88,316.80
2025-03-31,T009,SKU01189,55,77.00
2025-03-31,T009,SKU01196,53,259.70
2025-03-31,T009,SKU01203,46,276.00
2025-03-31,T009,SKU01210,16,3.52
2025-03-31,T009,SKU01217,29,263.90
2025-03-31,T009,SKU01224,21,142.80
2025-03-31,T009,SKU01231,52,488.80
2025-03-31,T009,SKU01238,90,1251.00
2025-03-31,T009,SKU01245,31,607.60
2025-03-31,T009,SKU01252,37,569.80
2025-03-31,T009,SKU01259,37,525.40
2025-03-31,T009,SKU01266,84,949.20
2025-03-31,T009,SKU01273,40,276.00
2025-03-31,T009,SKU01280,43,1079.30
2025-03-31,T009,SKU01287,47,291.40
2025-03-31,T009,SKU01294,51,173.40
2025-03-31,T009,SKU01301,75,1230.00
2025-03-31,T009,SKU01315,66,257.40
2025-03-31,T009,SKU01322,60,876.00
2025-03-31,T009,SKU01329,40,280.00
2025-03-31,T009,SKU01336,64,332.80
2025-03-31,T009,SKU01343,80,864.00
2025-03-31,T009,SKU01350,44,347.60
2025-03-31,T009,SKU01357,46,128.80
2025-03-31,T010,SKU01007,68,241.40
2025-03-31,T010,SKU01014,155,635.50
2025-03-31,T010,SKU01021,87,265.35
2025-03-31,T010,SKU01028,145,645.25
2025-03-31,T010,SKU01035,53,286.20
2025-03-31,T010,SKU01042,106,747.30
2025-03-31,T010,SKU01049,46,248.40
2025-03-31,T010,SKU01056,105,976.50
2025-03-31,T010,SKU01063,56,627.20
2025-03-31,T010,SKU01070,128,908.80
2025-03-31,T010,SKU01077,69,324.30
2025-03-31,T010,SKU01084,31,198.40
2025-03-31,T010,SKU01091,81,251.10
2025-03-31,T010,SKU01098,61,115.90
2025-03-31,T010,SKU01105,130,507.00
2025-03-31,T010,SKU01112,147,448.35
2025-03-31,T010,SKU01119,68,149.60
2025-03-31,T010,SKU01126,143,3060.20
2025-03-31,T010,SKU01133,52,1003.60
2025-03-31,T010,SKU01140,55,231.00
2025-03-31,T010,SKU01147,129,683.70
2025-03-31,T010,SKU01154,72,504.00
2025-03-31,T010,SKU01161,140,3136.00
2025-03-31,T010,SKU01168,124,359.60
2025-03-31,T010,SKU01175,145,369.75
2025-03-31,T010,SKU01182,136,489.60
2025-03-31,T010,SKU01189,88,123.20
2025-03-31,T010,SKU01203,105,630.00
2025-03-31,T010,SKU01217,90,819.00
2025-03-31,T010,SKU01224,155,1054.00
2025-03-31,T010,SKU01231,109,1024.60
2025-03-31,T010,SKU01238,53,736.70
2025-03-31,T010,SKU01245,74,1450.40
2025-03-31,T010,SKU01252,106,1632.40
2025-03-31,T010,SKU01266,132,1491.60
2025-03-31,T010,SKU01273,200,1380.00
2025-03-31,T010,SKU01280,128,3212.80
2025-03-31,T010,SKU01287,109,675.80
2025-03-31,T010,SKU01294,149,506.60
2025-03-31,T010,SKU01301,113,1853.20
2025-03-31,T010,SKU01308,48,436.80
2025-03-31,T010,SKU01315,90,351.00
2025-03-31,T010,SKU01322,45,657.00
2025-03-31,T010,SKU01329,13,91.00
2025-03-31,T010,SKU01336,121,629.20
2025-03-31,T010,SKU01343,136,1468.80
2025-03-31,T010,SKU01350,117,924.30
2025-03-31,T010,SKU01357,106,296.80
2025-03-31,T011,SKU01014,49,200.90
2025-03-31,T011,SKU01021,36,109.80
2025-03-31,T011,SKU01028,60,267.00
2025-03-31,T011,SKU01035,79,426.60
2025-03-31,T011,SKU01042,48,338.40
2025-03-31,T011,SKU01056,43,399.90
2025-03-31,T011,SKU01063,26,291.20
2025-03-31,T011,SKU01070,36,255.60
2025-03-31,T011,SKU01077,40,188.00
2025-03-31,T011,SKU01084,42,268.80
2025-03-31,T011,SKU01091,48,148.80
2025-03-31,T011,SKU01105,29,113.10
2025-03-31,T011,SKU01112,40,122.00
2025-03-31,T011,SKU01119,1,2.20
2025-03-31,T011,SKU01133,36,694.80
2025-03-31,T011,SKU01140,61,256.20
2025-03-31,T011,SKU01147,49,259.70
2025-03-31,T011,SKU01161,29,649.60
2025-03-31,T011,SKU01168,62,179.80
2025-03-31,T011,SKU01175,46,117.30
2025-03-31,T011,SKU01182,4,14.40
2025-03-31,T011,SKU01189,47,65.80
2025-03-31,T011,SKU01196,4,19.60
2025-03-31,T011,SKU01210,16,3.52
2025-03-31,T011,SKU01217,34,309.40
2025-03-31,T011,SKU01224,34,231.20
2025-03-31,T011,SKU01238,29,403.10
2025-03-31,T011,SKU01245,64,1254.40
2025-03-31,T011,SKU01252,38,585.20
2025-03-31,T011,SKU01259,57,809.40
2025-03-31,T011,SKU01266,44,497.20
2025-03-31,T011,SKU01273,18,124.20
2025-03-31,T011,SKU01280,48,1204.80
2025-03-31,T011,SKU01287,31,192.20
2025-03-31,T011,SKU01301,33,541.20
2025-03-31,T011,SKU01308,51,464.10
2025-03-31,T011,SKU01315,56,218.40
2025-03-31,T011,SKU01322,17,248.20
2025-03-31,T011,SKU01329,64,448.00
2025-03-31,T011,SKU01336,69,358.80
2025-03-31,T011,SKU01343,42,453.60
2025-03-31,T011,SKU01350,41,323.90
2025-03-31,T011,SKU01357,74,207.20
2025-03-31,T012,SKU01007,11,39.05
2025-03-31,T012,SKU01014,34,139.40
2025-03-31,T012,SKU01021,87,265.35
2025-03-31,T012,SKU01028,60,267.00
2025-03-31,T012,SKU01035,22,118.80
2025-03-31,T012,SKU01042,57,401.85
2025-03-31,T012,SKU01063,30,336.00
2025-03-31,T012,SKU01084,45,288.00
2025-03-31,T012,SKU01091,75,232.50
2025-03-31,T012,SKU01098,53,100.70
2025-03-31,T012,SKU01105,39,152.10
2025-03-31,T012,SKU01112,65,198.25
2025-03-31,T012,SKU01126,39,834.60
2025-03-31,T012,SKU01133,13,250.90
2025-03-31,T012,SKU01140,59,247.80
2025-03-31,T012,SKU01147,64,339.20
2025-03-31,T012,SKU01161,49,1097.60
2025-03-31,T012,SKU01168,8,23.20
2025-03-31,T012,SKU01182,82,295.20
2025-03-31,T012,SKU01189,24,33.60
2025-03-31,T012,SKU01196,40,196.00
2025-03-31,T012,SKU01203,51,306.00
2025-03-31,T012,SKU01210,63,13.86
2025-03-31,T012,SKU01217,64,582.40
2025-03-31,T012,SKU01224,37,251.60
2025-03-31,T012,SKU01231,57,535.80
2025-03-31,T012,SKU01238,33,458.70
2025-03-31,T012,SKU01245,41,803.60
2025-03-31,T012,SKU01252,21,323.40
2025-03-31,T012,SKU01266,72,813.60
2025-03-31,T012,SKU01273,44,303.60
2025-03-31,T012,SKU01280,15,376.50
2025-03-31,T012,SKU01287,14,86.80
2025-03-31,T012,SKU01294,36,122.40
2025-03-31,T012,SKU01301,60,984.00
2025-03-31,T012,SKU01308,72,655.20
2025-03-31,T012,SKU01315,62,241.80
2025-03-31,T012,SKU01322,52,759.20
2025-03-31,T012,SKU01329,92,644.00
2025-03-31,T012,SKU01336,56,291.20
2025-03-31,T012,SKU01350,49,387.10
2025-04-30,T001,SKU01007,89,315.95
2025-04-30,T001,SKU01014,131,537.10
2025-04-30,T001,SKU01021,109,332.45
2025-04-30,T001,SKU01028,94,418.30
2025-04-30,T001,SKU01035,111,599.40
2025-04-30,T001,SKU01042,78,549.90
2025-04-30,T001,SKU01049,84,453.60
2025-04-30,T001,SKU01056,116,1078.80
2025-04-30,T001,SKU01063,112,1254.40
2025-04-30,T001,SKU01070,94,667.40
2025-04-30,T001,SKU01077,87,408.90
2025-04-30,T001,SKU01084,76,486.40
2025-04-30,T001,SKU01091,36,111.60
2025-04-30,T001,SKU01098,146,277.40
2025-04-30,T001,SKU01112,0,0.00
2025-04-30,T001,SKU01119,94,206.80
2025-04-30,T001,SKU01126,60,1284.00
2025-04-30,T001,SKU01133,128,2470.40
2025-04-30,T001,SKU01140,10,42.00
2025-04-30,T001,SKU01147,113,598.90
2025-04-30,T001,SKU01154,44,308.00
2025-04-30,T001,SKU01161,85,1904.00
2025-04-30,T001,SKU01168,165,478.50
2025-04-30,T001,SKU01175,45,114.75
2025-04-30,T001,SKU01189,83,116.20
2025-04-30,T001,SKU01196,119,583.10
2025-04-30,T001,SKU01203,127,762.00
2025-04-30,T001,SKU01210,34,7.48
2025-04-30,T001,SKU01217,16,145.60
2025-04-30,T001,SKU01224,79,537.20
2025-04-30,T001,SKU01231,61,573.40
2025-04-30,T001,SKU01238,86,1195.40
2025-04-30,T001,SKU01245,139,2724.40
2025-04-30,T001,SKU01252,22,338.80
2025-04-30,T001,SKU01259,82,1164.40
2025-04-30,T001,SKU01266,133,1502.90
2025-04-30,T001,SKU01273,99,683.10
2025-04-30,T001,SKU01280,107,2685.70
2025-04-30,T001,SKU01287,164,1016.80
2025-04-30,T001,SKU01294,111,377.40
2025-04-30,T001,SKU01301,142,2328.80
2025-04-30,T001,SKU01308,163,1483.30
2025-04-30,T001,SKU01315,40,156.00
2025-04-30,T001,SKU01322,173,2525.80
2025-04-30,T001,SKU01329,99,693.00
2025-04-30,T001,SKU01336,123,639.60
2025-04-30,T001,SKU01343,57,615.60
2025-04-30,T001,SKU01350,95,750.50
2025-04-30,T001,SKU01357,125,350.00
2025-04-30,T002,SKU01007,36,127.80
2025-04-30,T002,SKU01014,40,164.00
2025-04-30,T002,SKU01021,0,0.00
2025-04-30,T002,SKU01028,65,289.25
2025-04-30,T002,SKU01035,47,253.80
2025-04-30,T002,SKU01049,30,162.00
2025-04-30,T002,SKU01063,46,515.20
2025-04-30,T002,SKU01070,35,248.50
2025-04-30,T002,SKU01077,68,319.60
2025-04-30,T002,SKU01084,35,224.00
2025-04-30,T002,SKU01091,64,198.40
2025-04-30,T002,SKU01098,33,62.70
2025-04-30,T002,SKU01105,48,187.20
2025-04-30,T002,SKU01112,23,70.15
2025-04-30,T002,SKU01119,56,123.20
2025-04-30,T002,SKU01126,50,1070.00
2025-04-30,T002,SKU01133,18,347.40
2025-04-30,T002,SKU01140,28,117.60
2025-04-30,T002,SKU01147,18,95.40
2025-04-30,T002,SKU01154,65,455.00
2025-04-30,T002,SKU01161,31,694.40
2025-04-30,T002,SKU01175,67,170.85
2025-04-30,T002,SKU01182,26,93.60
2025-04-30,T002,SKU01189,40,56.00
2025-04-30,T002,SKU01196,76,372.40
2025-04-30,T002,SKU01210,27,5.94
2025-04-30,T002,SKU01217,11,100.10
2025-04-30,T002,SKU01224,43,292.40
2025-04-30,T002,SKU01231,51,479.40
2025-04-30,T002,SKU01238,32,444.80
2025-04-30,T002,SKU01245,11,215.60
2025-04-30,T002,SKU01252,40,616.00
2025-04-30,T002,SKU01259,35,497.00
2025-04-30,T002,SKU01266,17,192.10
2025-04-30,T002,SKU01273,19,131.10
2025-04-30,T002,SKU01280,19,476.90
2025-04-30,T002,SKU01287,73,452.60
2025-04-30,T002,SKU01294,23,78.20
2025-04-30,T002,SKU01308,97,882.70
2025-04-30,T002,SKU01315,73,284.70
2025-04-30,T002,SKU01336,75,390.00
2025-04-30,T002,SKU01343,67,723.60
2025-04-30,T002,SKU01350,41,323.90
2025-04-30,T002,SKU01357,58,162.40
2025-04-30,T003,SKU01007,75,266.25
2025-04-30,T003,SKU01014,85,348.50
2025-04-30,T003,SKU01021,82,250.10
2025-04-30,T003,SKU01028,72,320.40
2025-04-30,T003,SKU01042,65,458.25
2025-04-30,T003,SKU01049,81,437.40
2025-04-30,T003,SKU01056,156,1450.80
2025-04-30,T003,SKU01063,55,616.00
2025-04-30,T003,SKU01070,90,639.00
2025-04-30,T003,SKU01077,104,488.80
2025-04-30,T003,SKU01091,95,294.50
2025-04-30,T003,SKU01098,118,224.20
2025-04-30,T003,SKU01105,67,261.30
2025-04-30,T003,SKU01112,102,311.10
2025-04-30,T003,SKU01119,81,178.20
2025-04-30,T003,SKU01126,160,3424.00
2025-04-30,T003,SKU01133,107,2065.10
2025-04-30,T003,SKU01140,104,436.80
2025-04-30,T003,SKU01147,81,429.30
2025-04-30,T003,SKU01154,76,532.00
2025-04-30,T003,SKU01161,66,1478.40
2025-04-30,T003,SKU01168,86,249.40
2025-04-30,T003,SKU01182,64,230.40
2025-04-30,T003,SKU01189,55,77.00
2025-04-30,T003,SKU01196,88,431.20
2025-04-30,T003,SKU01203,113,678.00
2025-04-30,T003,SKU01210,158,34.76
2025-04-30,T003,SKU01217,27,245.70
2025-04-30,T003,SKU01224,148,1006.40
2025-04-30,T003,SKU01231,99,930.60
2025-04-30,T003,SKU01238,74,1028.60
2025-04-30,T003,SKU01245,0,0.00
2025-04-30,T003,SKU01252,89,1370.60
2025-04-30,T003,SKU01259,69,979.80
2025-04-30,T003,SKU01266,82,926.60
2025-04-30,T003,SKU01273,102,703.80
2025-04-30,T003,SKU01280,99,2484.90
2025-04-30,T003,SKU01287,120,744.00
2025-04-30,T003,SKU01294,58,197.20
2025-04-30,T003,SKU01301,127,2082.80
2025-04-30,T003,SKU01315,39,152.10
2025-04-30,T003,SKU01322,56,817.60
2025-04-30,T003,SKU01329,96,672.00
2025-04-30,T003,SKU01343,107,1155.60
2025-04-30,T003,SKU01357,127,355.60
2025-04-30,T004,SKU01007,63,223.65
2025-04-30,T004,SKU01014,63,258.30
2025-04-30,T004,SKU01021,64,195.20
2025-04-30,T004,SKU01028,29,129.05
2025-04-30,T004,SKU01035,45,243.00
2025-04-30,T004,SKU01042,81,571.05
2025-04-30,T004,SKU01049,19,102.60
2025-04-30,T004,SKU01056,12,111.60
2025-04-30,T004,SKU01063,14,156.80
2025-04-30,T004,SKU01077,45,211.50
2025-04-30,T004,SKU01084,24,153.60
2025-04-30,T004,SKU01091,29,89.90
2025-04-30,T004,SKU01098,9,17.10
2025-04-30,T004,SKU01105,68,265.20
2025-04-30,T004,SKU01112,64,195.20
2025-04-30,T004,SKU01119,78,171.60
2025-04-30,T004,SKU01126,47,1005.80
2025-04-30,T004,SKU01140,36,151.20
2025-04-30,T004,SKU01147,61,323.30
2025-04-30,T004,SKU01154,58,406.00
2025-04-30,T004,SKU01161,24,537.60
2025-04-30,T004,SKU01168,41,118.90
2025-04-30,T004,SKU01175,48,122.40
2025-04-30,T004,SKU01182,77,277.20
2025-04-30,T004,SKU01189,56,78.40
2025-04-30,T004,SKU01196,31,151.90
2025-04-30,T004,SKU01203,43,258.00
2025-04-30,T004,SKU01210,50,11.00
2025-04-30,T004,SKU01217,50,455.00
2025-04-30,T004,SKU01231,71,667.40
2025-04-30,T004,SKU01245,71,1391.60
2025-04-30,T004,SKU01252,44,677.60
2025-04-30,T004,SKU01259,50,710.00
2025-04-30,T004,SKU01273,40,276.00
2025-04-30,T004,SKU01280,46,1154.60
2025-04-30,T004,SKU01287,43,266.60
2025-04-30,T004,SKU01294,14,47.60
2025-04-30,T004,SKU01301,60,984.00
2025-04-30,T004,SKU01308,53,482.30
2025-04-30,T004,SKU01315,7,27.30
2025-04-30,T004,SKU01322,29,423.40
2025-04-30,T004,SKU01329,80,560.00
2025-04-30,T004,SKU01336,55,286.00
2025-04-30,T004,SKU01343,54,583.20
2025-04-30,T004,SKU01357,28,78.40
2025-04-30,T005,SKU01007,68,241.40
2025-04-30,T005,SKU01014,147,602.70
2025-04-30,T005,SKU01021,44,134.20
2025-04-30,T005,SKU01028,96,427.20
2025-04-30,T005,SKU01042,52,366.60
2025-04-30,T005,SKU01049,179,966.60
2025-04-30,T005,SKU01056,94,874.20
2025-04-30,T005,SKU01063,142,1590.40
2025-04-30,T005,SKU01077,61,286.70
2025-04-30,T005,SKU01084,127,812.80
2025-04-30,T005,SKU01091,88,272.80
2025-04-30,T005,SKU01098,103,195.70
2025-04-30,T005,SKU01105,109,425.10
2025-04-30,T005,SKU01112,100,305.00
2025-04-30,T005,SKU01119,150,330.00
2025-04-30,T005,SKU01126,45,963.00
2025-04-30,T005,SKU01140,147,617.40
2025-04-30,T005,SKU01147,124,657.20
2025-04-30,T005,SKU01154,107,749.00
2025-04-30,T005,SKU01161,89,1993.60
2025-04-30,T005,SKU01168,80,232.00
2025-04-30,T005,SKU01175,80,204.00
2025-04-30,T005,SKU01189,164,229.60
2025-04-30,T005,SKU01196,145,710.50
2025-04-30,T005,SKU01203,48,288.00
2025-04-30,T005,SKU01210,84,18.48
2025-04-30,T005,SKU01217,91,828.10
2025-04-30,T005,SKU01231,146,1372.40
2025-04-30,T005,SKU01238,104,1445.60
2025-04-30,T005,SKU01245,101,1979.60
2025-04-30,T005,SKU01252,105,1617.00
2025-04-30,T005,SKU01259,115,1633.00
2025-04-30,T005,SKU01266,83,937.90
2025-04-30,T005,SKU01273,92,634.80
2025-04-30,T005,SKU01280,114,2861.40
2025-04-30,T005,SKU01287,78,483.60
2025-04-30,T005,SKU01294,34,115.60
2025-04-30,T005,SKU01301,98,1607.20
2025-04-30,T005,SKU01308,47,427.70
2025-04-30,T005,SKU01315,81,315.90
2025-04-30,T005,SKU01322,118,1722.80
2025-04-30,T005,SKU01329,113,791.00
2025-04-30,T005,SKU01336,157,816.40
2025-04-30,T005,SKU01343,95,1026.00
2025-04-30,T005,SKU01350,128,1011.20
2025-04-30,T005,SKU01357,152,425.60
2025-04-30,T006,SKU01007,26,92.30
2025-04-30,T006,SKU01014,75,307.50
2025-04-30,T006,SKU01021,35,106.75
2025-04-30,T006,SKU01028,28,124.60
2025-04-30,T006,SKU01035,18,97.20
2025-04-30,T006,SKU01049,22,118.80
2025-04-30,T006,SKU01063,71,795.20
2025-04-30,T006,SKU01070,43,305.30
2025-04-30,T006,SKU01077,14,65.80
2025-04-30,T006,SKU01084,3,19.20
2025-04-30,T006,SKU01091,4,12.40
2025-04-30,T006,SKU01098,40,76.00
2025-04-30,T006,SKU01105,22,85.80
2025-04-30,T006,SKU01112,26,79.30
2025-04-30,T006,SKU01119,49,107.80
2025-04-30,T006,SKU01126,79,1690.60
2025-04-30,T006,SKU01133,29,559.70
2025-04-30,T006,SKU01140,56,235.20
2025-04-30,T006,SKU01147,18,95.40
2025-04-30,T006,SKU01154,7,49.00
2025-04-30,T006,SKU01161,59,1321.60
2025-04-30,T006,SKU01168,51,147.90
2025-04-30,T006,SKU01175,73,186.15
2025-04-30,T006,SKU01182,33,118.80
2025-04-30,T006,SKU01189,40,56.00
2025-04-30,T006,SKU01196,21,102.90
2025-04-30,T006,SKU01203,5,30.00
2025-04-30,T006,SKU01210,23,5.06
2025-04-30,T006,SKU01217,37,336.70
2025-04-30,T006,SKU01224,52,353.60
2025-04-30,T006,SKU01231,60,564.00
2025-04-30,T006,SKU01238,52,722.80
2025-04-30,T006,SKU01245,54,1058.40
2025-04-30,T006,SKU01252,0,0.00
2025-04-30,T006,SKU01259,38,539.60
2025-04-30,T006,SKU01266,56,632.80
2025-04-30,T006,SKU01273,58,400.20
2025-04-30,T006,SKU01287,34,210.80
2025-04-30,T006,SKU01294,42,142.80
2025-04-30,T006,SKU01301,59,967.60
2025-04-30,T006,SKU01308,22,200.20
2025-04-30,T006,SKU01315,34,132.60
2025-04-30,T006,SKU01322,49,715.40
2025-04-30,T006,SKU01329,41,287.00
2025-04-30,T006,SKU01336,12,62.40
2025-04-30,T006,SKU01343,45,486.00
2025-04-30,T006,SKU01350,61,481.90
2025-04-30,T006,SKU01357,25,70.00
2025-04-30,T007,SKU01007,2,7.10
2025-04-30,T007,SKU01014,26,106.60
2025-04-30,T007,SKU01021,44,134.20
2025-04-30,T007,SKU01028,11,48.95
2025-04-30,T007,SKU01063,36,403.20
2025-04-30,T007,SKU01070,13,92.30
2025-04-30,T007,SKU01077,23,108.10
2025-04-30,T007,SKU01084,72,460.80
2025-04-30,T007,SKU01091,66,204.60
2025-04-30,T007,SKU01098,71,134.90
2025-04-30,T007,SKU01105,55,214.50
2025-04-30,T007,SKU01112,50,152.50
2025-04-30,T007,SKU01119,37,81.40
2025-04-30,T007,SKU01126,32,684.80
2025-04-30,T007,SKU01133,25,482.50
2025-04-30,T007,SKU01140,38,159.60
2025-04-30,T007,SKU01147,24,127.20
2025-04-30,T007,SKU01154,70,490.00
2025-04-30,T007,SKU01168,36,104.40
2025-04-30,T007,SKU01175,44,112.20
2025-04-30,T007,SKU01182,53,190.80
2025-04-30,T007,SKU01189,43,60.20
2025-04-30,T007,SKU01196,56,274.40
2025-04-30,T007,SKU01203,34,204.00
2025-04-30,T007,SKU01217,48,436.80
2025-04-30,T007,SKU01231,32,300.80
2025-04-30,T007,SKU01238,28,389.20
2025-04-30,T007,SKU01245,65,1274.00
2025-04-30,T007,SKU01252,23,354.20
2025-04-30,T007,SKU01259,57,809.40
2025-04-30,T007,SKU01266,51,576.30
2025-04-30,T007,SKU01273,30,207.00
2025-04-30,T007,SKU01287,52,322.40
2025-04-30,T007,SKU01294,23,78.20
2025-04-30,T007,SKU01301,20,328.00
2025-04-30,T007,SKU01308,53,482.30
2025-04-30,T007,SKU01322,36,525.60
2025-04-30,T007,SKU01329,64,448.00
2025-04-30,T007,SKU01336,77,400.40
2025-04-30,T007,SKU01343,39,421.20
2025-04-30,T007,SKU01350,67,529.30
2025-04-30,T008,SKU01007,59,209.45
2025-04-30,T008,SKU01014,50,205.00
2025-04-30,T008,SKU01021,163,497.15
2025-04-30,T008,SKU01028,42,186.90
2025-04-30,T008,SKU01035,105,567.00
2025-04-30,T008,SKU01042,135,951.75
2025-04-30,T008,SKU01049,101,545.40
2025-04-30,T008,SKU01063,17,190.40
2025-04-30,T008,SKU01070,76,539.60
2025-04-30,T008,SKU01077,122,573.40
2025-04-30,T008,SKU01084,106,678.40
2025-04-30,T008,SKU01098,99,188.10
2025-04-30,T008,SKU01105,32,124.80
2025-04-30,T008,SKU01112,137,417.85
2025-04-30,T008,SKU01119,0,0.00
2025-04-30,T008,SKU01126,17,363.80
2025-04-30,T008,SKU01133,56,1080.80
2025-04-30,T008,SKU01140,81,340.20
2025-04-30,T008,SKU01147,41,217.30
2025-04-30,T008,SKU01154,91,637.00
2025-04-30,T008,SKU01168,148,429.20
2025-04-30,T008,SKU01182,63,226.80
2025-04-30,T008,SKU01189,100,140.00
2025-04-30,T008,SKU01196,95,465.50
2025-04-30,T008,SKU01203,85,510.00
2025-04-30,T008,SKU01210,67,14.74
2025-04-30,T008,SKU01224,89,605.20
2025-04-30,T008,SKU01238,76,1056.40
2025-04-30,T008,SKU01245,110,2156.00
2025-04-30,T008,SKU01252,111,1709.40
2025-04-30,T008,SKU01259,82,1164.40
2025-04-30,T008,SKU01273,66,455.40
2025-04-30,T008,SKU01280,59,1480.90
2025-04-30,T008,SKU01287,68,421.60
2025-04-30,T008,SKU01294,112,380.80
2025-04-30,T008,SKU01301,62,1016.80
2025-04-30,T008,SKU01308,135,1228.50
2025-04-30,T008,SKU01315,101,393.90
2025-04-30,T008,SKU01322,60,876.00
2025-04-30,T008,SKU01329,70,490.00
2025-04-30,T008,SKU01336,27,140.40
2025-04-30,T008,SKU01343,50,540.00
2025-04-30,T008,SKU01357,100,280.00
2025-04-30,T009,SKU01007,29,102.95
2025-04-30,T009,SKU01014,20,82.00
2025-04-30,T009,SKU01021,57,173.85
2025-04-30,T009,SKU01028,29,129.05
2025-04-30,T009,SKU01035,49,264.60
2025-04-30,T009,SKU01042,16,112.80
2025-04-30,T009,SKU01049,57,307.80
2025-04-30,T009,SKU01056,31,288.30
2025-04-30,T009,SKU01063,18,201.60
2025-04-30,T009,SKU01070,27,191.70
2025-04-30,T009,SKU01084,46,294.40
2025-04-30,T009,SKU01091,44,136.40
2025-04-30,T009,SKU01098,62,117.80
2025-04-30,T009,SKU01105,32,124.80
2025-04-30,T009,SKU01112,56,170.80
2025-04-30,T009,SKU01126,52,1112.80
2025-04-30,T009,SKU01133,66,1273.80
2025-04-30,T009,SKU01140,66,277.20
2025-04-30,T009,SKU01147,52,275.60
2025-04-30,T009,SKU01154,76,532.00
2025-04-30,T009,SKU01161,71,1590.40
2025-04-30,T009,SKU01168,68,197.20
2025-04-30,T009,SKU01175,18,45.90
2025-04-30,T009,SKU01182,53,190.80
2025-04-30,T009,SKU01189,76,106.40
2025-04-30,T009,SKU01203,33,198.00
2025-04-30,T009,SKU01210,17,3.74
2025-04-30,T009,SKU01217,73,664.30
2025-04-30,T009,SKU01224,69,469.20
2025-04-30,T009,SKU01231,31,291.40
2025-04-30,T009,SKU01238,56,778.40
2025-04-30,T009,SKU01252,28,431.20
2025-04-30,T009,SKU01259,58,823.60
2025-04-30,T009,SKU01266,35,395.50
2025-04-30,T009,SKU01273,44,303.60
2025-04-30,T009,SKU01280,24,602.40
2025-04-30,T009,SKU01294,37,125.80
2025-04-30,T009,SKU01301,0,0.00
2025-04-30,T009,SKU01315,49,191.10
2025-04-30,T009,SKU01322,49,715.40
2025-04-30,T009,SKU01329,67,469.00
2025-04-30,T009,SKU01336,48,249.60
2025-04-30,T009,SKU01343,59,637.20
2025-04-30,T009,SKU01350,71,560.90
2025-04-30,T009,SKU01357,71,198.80
2025-04-30,T010,SKU01007,108,383.40
2025-04-30,T010,SKU01014,90,369.00
2025-04-30,T010,SKU01021,89,271.45
2025-04-30,T010,SKU01028,41,182.45
2025-04-30,T010,SKU01035,59,318.60
2025-04-30,T010,SKU01042,74,521.70
2025-04-30,T010,SKU01049,60,324.00
2025-04-30,T010,SKU01056,59,548.70
2025-04-30,T010,SKU01063,68,761.60
2025-04-30,T010,SKU01070,158,1121.80
2025-04-30,T010,SKU01077,122,573.40
2025-04-30,T010,SKU01084,71,454.40
2025-04-30,T010,SKU01091,34,105.40
2025-04-30,T010,SKU01098,122,231.80
2025-04-30,T010,SKU01105,14,54.60
2025-04-30,T010,SKU01112,134,408.70
2025-04-30,T010,SKU01119,122,268.40
2025-04-30,T010,SKU01126,79,1690.60
2025-04-30,T010,SKU01133,124,2393.20
2025-04-30,T010,SKU01140,106,445.20
2025-04-30,T010,SKU01154,41,287.00
2025-04-30,T010,SKU01161,68,1523.20
2025-04-30,T010,SKU01168,55,159.50
2025-04-30,T010,SKU01175,73,186.15
2025-04-30,T010,SKU01182,13,46.80
2025-04-30,T010,SKU01196,96,470.40
2025-04-30,T010,SKU01203,92,552.00
2025-04-30,T010,SKU01210,5,1.10
2025-04-30,T010,SKU01217,172,1565.20
2025-04-30,T010,SKU01224,0,0.00
2025-04-30,T010,SKU01238,70,973.00
2025-04-30,T010,SKU01245,120,2352.00
2025-04-30,T010,SKU01252,110,1694.00
2025-04-30,T010,SKU01259,117,1661.40
2025-04-30,T010,SKU01266,115,1299.50
2025-04-30,T010,SKU01273,37,255.30
2025-04-30,T010,SKU01280,95,2384.50
2025-04-30,T010,SKU01287,36,223.20
2025-04-30,T010,SKU01294,64,217.60
2025-04-30,T010,SKU01301,37,606.80
2025-04-30,T010,SKU01308,24,218.40
2025-04-30,T010,SKU01315,77,300.30
2025-04-30,T010,SKU01322,76,1109.60
2025-04-30,T010,SKU01336,74,384.80
2025-04-30,T010,SKU01343,154,1663.20
2025-04-30,T010,SKU01350,137,1082.30
2025-04-30,T010,SKU01357,146,408.80
2025-04-30,T011,SKU01007,80,284.00
2025-04-30,T011,SKU01014,55,225.50
2025-04-30,T011,SKU01021,46,140.30
2025-04-30,T011,SKU01028,6,26.70
2025-04-30,T011,SKU01035,19,102.60
2025-04-30,T011,SKU01049,75,405.00
2025-04-30,T011,SKU01056,53,492.90
2025-04-30,T011,SKU01063,37,414.40
2025-04-30,T011,SKU01070,27,191.70
2025-04-30,T011,SKU01077,64,300.80
2025-04-30,T011,SKU01084,81,518.40
2025-04-30,T011,SKU01091,67,207.70
2025-04-30,T011,SKU01098,16,30.40
2025-04-30,T011,SKU01105,57,222.30
2025-04-30,T011,SKU01119,35,77.00
2025-04-30,T011,SKU01126,82,1754.80
2025-04-30,T011,SKU01133,42,810.60
2025-04-30,T011,SKU01140,32,134.40
2025-04-30,T011,SKU01147,61,323.30
2025-04-30,T011,SKU01154,47,329.00
2025-04-30,T011,SKU01161,34,761.60
2025-04-30,T011,SKU01168,18,52.20
2025-04-30,T011,SKU01175,21,53.55
2025-04-30,T011,SKU01182,41,147.60
2025-04-30,T011,SKU01189,22,30.80
2025-04-30,T011,SKU01196,57,279.30
2025-04-30,T011,SKU01203,56,336.00
2025-04-30,T011,SKU01210,53,11.66
2025-04-30,T011,SKU01217,18,163.80
2025-04-30,T011,SKU01224,51,346.80
2025-04-30,T011,SKU01231,59,554.60
2025-04-30,T011,SKU01238,8,111.20
2025-04-30,T011,SKU01245,30,588.00
2025-04-30,T011,SKU01252,28,431.20
2025-04-30,T011,SKU01259,30,426.00
2025-04-30,T011,SKU01266,61,689.30
2025-04-30,T011,SKU01273,11,75.90
2025-04-30,T011,SKU01280,28,702.80
2025-04-30,T011,SKU01287,38,235.60
2025-04-30,T011,SKU01294,25,85.00
2025-04-30,T011,SKU01301,62,1016.80
2025-04-30,T011,SKU01308,30,273.00
2025-04-30,T011,SKU01315,37,144.30
2025-04-30,T011,SKU01322,55,803.00
2025-04-30,T011,SKU01336,45,234.00
2025-04-30,T011,SKU01343,33,356.40
2025-04-30,T011,SKU01350,70,553.00
2025-04-30,T011,SKU01357,51,142.80
2025-04-30,T012,SKU01007,66,234.30
2025-04-30,T012,SKU01014,36,147.60
2025-04-30,T012,SKU01021,4,12.20
2025-04-30,T012,SKU01028,94,418.30
2025-04-30,T012,SKU01035,33,178.20
2025-04-30,T012,SKU01056,18,167.40
2025-04-30,T012,SKU01063,42,470.40
2025-04-30,T012,SKU01070,33,234.30
2025-04-30,T012,SKU01084,59,377.60
2025-04-30,T012,SKU01091,38,117.80
2025-04-30,T012,SKU01098,43,81.70
2025-04-30,T012,SKU01105,34,132.60
2025-04-30,T012,SKU01112,46,140.30
2025-04-30,T012,SKU01126,57,1219.80
2025-04-30,T012,SKU01133,72,1389.60
2025-04-30,T012,SKU01140,57,239.40
2025-04-30,T012,SKU01147,48,254.40
2025-04-30,T012,SKU01154,28,196.00
2025-04-30,T012,SKU01168,34,98.60
2025-04-30,T012,SKU01175,2,5.10
2025-04-30,T012,SKU01182,52,187.20
2025-04-30,T012,SKU01189,41,57.40
2025-04-30,T012,SKU01196,59,289.10
2025-04-30,T012,SKU01203,47,282.00
2025-04-30,T012,SKU01210,21,4.62
2025-04-30,T012,SKU01217,45,409.50
2025-04-30,T012,SKU01224,64,435.20
2025-04-30,T012,SKU01231,73,686.20
2025-04-30,T012,SKU01238,41,569.90
2025-04-30,T012,SKU01245,37,725.20
2025-04-30,T012,SKU01252,35,539.00
2025-04-30,T012,SKU01259,13,184.60
2025-04-30,T012,SKU01266,56,632.80
2025-04-30,T012,SKU01273,37,255.30
2025-04-30,T012,SKU01280,47,1179.70
2025-04-30,T012,SKU01287,54,334.80
2025-04-30,T012,SKU01294,46,156.40
2025-04-30,T012,SKU01301,53,869.20
2025-04-30,T012,SKU01315,56,218.40
2025-04-30,T012,SKU01329,36,252.00
2025-04-30,T012,SKU01336,43,223.60
2025-04-30,T012,SKU01343,95,1026.00
2025-04-30,T012,SKU01350,55,434.50
2025-04-30,T012,SKU01357,1,2.80
2025-05-31,T001,SKU01007,103,365.65
2025-05-31,T001,SKU01014,162,664.20
2025-05-31,T001,SKU01021,67,204.35
2025-05-31,T001,SKU01028,20,89.00
2025-05-31,T001,SKU01035,78,421.20
2025-05-31,T001,SKU01042,147,1036.35
2025-05-31,T001,SKU01049,33,178.20
2025-05-31,T001,SKU01056,125,1162.50
2025-05-31,T001,SKU01063,84,940.80
2025-05-31,T001,SKU01070,111,788.10
2025-05-31,T001,SKU01077,77,361.90
2025-05-31,T001,SKU01084,20,128.00
2025-05-31,T001,SKU01091,167,517.70
2025-05-31,T001,SKU01105,55,214.50
2025-05-31,T001,SKU01112,89,271.45
2025-05-31,T001,SKU01119,140,308.00
2025-05-31,T001,SKU01133,82,1582.60
2025-05-31,T001,SKU01140,131,550.20
2025-05-31,T001,SKU01147,101,535.30
2025-05-31,T001,SKU01154,115,805.00
2025-05-31,T001,SKU01161,110,2464.00
2025-05-31,T001,SKU01168,37,107.30
2025-05-31,T001,SKU01175,73,186.15
2025-05-31,T001,SKU01182,108,388.80
2025-05-31,T001,SKU01189,104,145.60
2025-05-31,T001,SKU01196,50,245.00
2025-05-31,T001,SKU01203,112,672.00
2025-05-31,T001,SKU01210,100,22.00
2025-05-31,T001,SKU01217,141,1283.10
2025-05-31,T001,SKU01224,18,122.40
2025-05-31,T001,SKU01231,72,676.80
2025-05-31,T001,SKU01252,43,662.20
2025-05-31,T001,SKU01259,19,269.80
2025-05-31,T001,SKU01273,34,234.60
2025-05-31,T001,SKU01294,157,533.80
2025-05-31,T001,SKU01301,25,410.00
2025-05-31,T001,SKU01315,59,230.10
2025-05-31,T001,SKU01322,126,1839.60
2025-05-31,T001,SKU01329,85,595.00
2025-05-31,T001,SKU01336,47,244.40
2025-05-31,T001,SKU01343,104,1123.20
2025-05-31,T001,SKU01350,161,1271.90
2025-05-31,T001,SKU01357,103,288.40
2025-05-31,T002,SKU01007,60,213.00
2025-05-31,T002,SKU01014,59,241.90
2025-05-31,T002,SKU01021,70,213.50
2025-05-31,T002,SKU01035,35,189.00
2025-05-31,T002,SKU01042,37,260.85
2025-05-31,T002,SKU01049,57,307.80
2025-05-31,T002,SKU01056,57,530.10
2025-05-31,T002,SKU01063,70,784.00
2025-05-31,T002,SKU01070,30,213.00
2025-05-31,T002,SKU01084,63,403.20
2025-05-31,T002,SKU01091,28,86.80
2025-05-31,T002,SKU01098,54,102.60
2025-05-31,T002,SKU01105,40,156.00
2025-05-31,T002,SKU01112,69,210.45
2025-05-31,T002,SKU01119,30,66.00
2025-05-31,T002,SKU01133,56,1080.80
2025-05-31,T002,SKU01140,28,117.60
2025-05-31,T002,SKU01147,51,270.30
2025-05-31,T002,SKU01182,26,93.60
2025-05-31,T002,SKU01189,26,36.40
2025-05-31,T002,SKU01196,64,313.60
2025-05-31,T002,SKU01203,76,456.00
2025-05-31,T002,SKU01210,60,13.20
2025-05-31,T002,SKU01217,64,582.40
2025-05-31,T002,SKU01224,68,462.40
2025-05-31,T002,SKU01231,61,573.40
2025-05-31,T002,SKU01238,63,875.70
2025-05-31,T002,SKU01245,53,1038.80
2025-05-31,T002,SKU01259,50,710.00
2025-05-31,T002,SKU01266,44,497.20
2025-05-31,T002,SKU01273,69,476.10
2025-05-31,T002,SKU01280,51,1280.10
2025-05-31,T002,SKU01287,71,440.20
2025-05-31,T002,SKU01301,37,606.80
2025-05-31,T002,SKU01308,54,491.40
2025-05-31,T002,SKU01315,55,214.50
2025-05-31,T002,SKU01322,34,496.40
2025-05-31,T002,SKU01329,19,133.00
2025-05-31,T002,SKU01336,51,265.20
2025-05-31,T002,SKU01357,35,98.00
2025-05-31,T003,SKU01007,129,457.95
2025-05-31,T003,SKU01014,90,369.00
2025-05-31,T003,SKU01021,69,210.45
2025-05-31,T003,SKU01028,0,0.00
2025-05-31,T003,SKU01035,52,280.80
2025-05-31,T003,SKU01042,99,697.95
2025-05-31,T003,SKU01049,66,356.40
2025-05-31,T003,SKU01056,77,716.10
2025-05-31,T003,SKU01063,87,974.40
2025-05-31,T003,SKU01070,113,802.30
2025-05-31,T003,SKU01084,97,620.80
2025-05-31,T003,SKU01091,13,40.30
2025-05-31,T003,SKU01098,198,376.20
2025-05-31,T003,SKU01105,90,351.00
2025-05-31,T003,SKU01112,85,259.25
2025-05-31,T003,SKU01119,50,110.00
2025-05-31,T003,SKU01126,135,2889.00
2025-05-31,T003,SKU01133,154,2972.20
2025-05-31,T003,SKU01140,94,394.80
2025-05-31,T003,SKU01147,147,779.10
2025-05-31,T003,SKU01154,98,686.00
2025-05-31,T003,SKU01161,109,2441.60
2025-05-31,T003,SKU01168,69,200.10
2025-05-31,T003,SKU01175,32,81.60
2025-05-31,T003,SKU01189,88,123.20
2025-05-31,T003,SKU01196,99,485.10
2025-05-31,T003,SKU01203,100,600.00
2025-05-31,T003,SKU01210,110,24.20
2025-05-31,T003,SKU01217,103,937.30
2025-05-31,T003,SKU01224,73,496.40
2025-05-31,T003,SKU01238,69,959.10
2025-05-31,T003,SKU01245,162,3175.20
2025-05-31,T003,SKU01259,49,695.80
2025-05-31,T003,SKU01266,128,1446.40
2025-05-31,T003,SKU01273,77,531.30
2025-05-31,T003,SKU01280,76,1907.60
2025-05-31,T003,SKU01287,42,260.40
2025-05-31,T003,SKU01294,54,183.60
2025-05-31,T003,SKU01301,89,1459.60
2025-05-31,T003,SKU01315,117,456.30
2025-05-31,T003,SKU01322,139,2029.40
2025-05-31,T003,SKU01336,87,452.40
2025-05-31,T003,SKU01343,96,1036.80
2025-05-31,T003,SKU01350,95,750.50
2025-05-31,T003,SKU01357,91,254.80
2025-05-31,T004,SKU01007,26,92.30
2025-05-31,T004,SKU01014,69,282.90
2025-05-31,T004,SKU01028,48,213.60
2025-05-31,T004,SKU01035,56,302.40
2025-05-31,T004,SKU01042,76,535.80
2025-05-31,T004,SKU01049,62,334.80
2025-05-31,T004,SKU01056,46,427.80
2025-05-31,T004,SKU01063,78,873.60
2025-05-31,T004,SKU01070,49,347.90
2025-05-31,T004,SKU01077,59,277.30
2025-05-31,T004,SKU01084,71,454.40
2025-05-31,T004,SKU01098,38,72.20
2025-05-31,T004,SKU01105,24,93.60
2025-05-31,T004,SKU01112,79,240.95
2025-05-31,T004,SKU01126,29,620.60
2025-05-31,T004,SKU01133,104,2007.20
2025-05-31,T004,SKU01140,56,235.20
2025-05-31,T004,SKU01147,46,243.80
2025-05-31,T004,SKU01161,0,0.00
2025-05-31,T004,SKU01168,10,29.00
2025-05-31,T004,SKU01175,17,43.35
2025-05-31,T004,SKU01182,84,302.40
2025-05-31,T004,SKU01189,59,82.60
2025-05-31,T004,SKU01196,71,347.90
2025-05-31,T004,SKU01203,21,126.00
2025-05-31,T004,SKU01210,44,9.68
2025-05-31,T004,SKU01217,79,718.90
2025-05-31,T004,SKU01224,46,312.80
2025-05-31,T004,SKU01231,33,310.20
2025-05-31,T004,SKU01238,51,708.90
2025-05-31,T004,SKU01245,39,764.40
2025-05-31,T004,SKU01252,47,723.80
2025-05-31,T004,SKU01259,0,0.00
2025-05-31,T004,SKU01273,71,489.90
2025-05-31,T004,SKU01280,71,1782.10
2025-05-31,T004,SKU01287,72,446.40
2025-05-31,T004,SKU01294,30,102.00
2025-05-31,T004,SKU01301,46,754.40
2025-05-31,T004,SKU01308,40,364.00
2025-05-31,T004,SKU01315,32,124.80
2025-05-31,T004,SKU01322,43,627.80
2025-05-31,T004,SKU01329,58,406.00
2025-05-31,T004,SKU01336,67,348.40
2025-05-31,T004,SKU01343,39,421.20
2025-05-31,T004,SKU01350,56,442.40
2025-05-31,T004,SKU01357,36,100.80
2025-05-31,T005,SKU01007,70,248.50
2025-05-31,T005,SKU01014,46,188.60
2025-05-31,T005,SKU01021,130,396.50
2025-05-31,T005,SKU01028,89,396.05
2025-05-31,T005,SKU01035,25,135.00
2025-05-31,T005,SKU01042,129,909.45
2025-05-31,T005,SKU01049,14,75.60
2025-05-31,T005,SKU01056,171,1590.30
2025-05-31,T005,SKU01063,133,1489.60
2025-05-31,T005,SKU01070,102,724.20
2025-05-31,T005,SKU01077,87,408.90
2025-05-31,T005,SKU01084,68,435.20
2025-05-31,T005,SKU01091,45,139.50
2025-05-31,T005,SKU01098,73,138.70
2025-05-31,T005,SKU01105,94,366.60
2025-05-31,T005,SKU01112,80,244.00
2025-05-31,T005,SKU01119,146,321.20
2025-05-31,T005,SKU01126,164,3509.60
2025-05-31,T005,SKU01133,93,1794.90
2025-05-31,T005,SKU01140,37,155.40
2025-05-31,T005,SKU01147,113,598.90
2025-05-31,T005,SKU01154,2,14.00
2025-05-31,T005,SKU01161,57,1276.80
2025-05-31,T005,SKU01168,153,443.70
2025-05-31,T005,SKU01175,48,122.40
2025-05-31,T005,SKU01182,107,385.20
2025-05-31,T005,SKU01189,106,148.40
2025-05-31,T005,SKU01203,83,498.00
2025-05-31,T005,SKU01210,98,21.56
2025-05-31,T005,SKU01217,109,991.90
2025-05-31,T005,SKU01224,80,544.00
2025-05-31,T005,SKU01231,89,836.60
2025-05-31,T005,SKU01238,0,0.00
2025-05-31,T005,SKU01245,124,2430.40
2025-05-31,T005,SKU01252,102,1570.80
2025-05-31,T005,SKU01259,52,738.40
2025-05-31,T005,SKU01266,116,1310.80
2025-05-31,T005,SKU01273,91,627.90
2025-05-31,T005,SKU01280,57,1430.70
2025-05-31,T005,SKU01287,112,694.40
2025-05-31,T005,SKU01294,72,244.80
2025-05-31,T005,SKU01301,55,902.00
2025-05-31,T005,SKU01308,75,682.50
2025-05-31,T005,SKU01315,45,175.50
2025-05-31,T005,SKU01322,129,1883.40
2025-05-31,T005,SKU01329,52,364.00
2025-05-31,T005,SKU01336,39,202.80
2025-05-31,T005,SKU01343,96,1036.80
2025-05-31,T005,SKU01350,43,339.70
2025-05-31,T005,SKU01357,75,210.00
2025-05-31,T006,SKU01007,36,127.80
2025-05-31,T006,SKU01014,35,143.50
2025-05-31,T006,SKU01021,54,164.70
2025-05-31,T006,SKU01042,19,133.95
2025-05-31,T006,SKU01049,27,145.80
2025-05-31,T006,SKU01056,49,455.70
2025-05-31,T006,SKU01063,41,459.20
2025-05-31,T006,SKU01070,47,333.70
2025-05-31,T006,SKU01077,53,249.10
2025-05-31,T006,SKU01084,39,249.60
2025-05-31,T006,SKU01091,53,164.30
2025-05-31,T006,SKU01098,42,79.80
2025-05-31,T006,SKU01105,51,198.90
2025-05-31,T006,SKU01112,49,149.45
2025-05-31,T006,SKU01119,17,37.40
2025-05-31,T006,SKU01126,0,0.00
2025-05-31,T006,SKU01133,54,1042.20
2025-05-31,T006,SKU01140,24,100.80
2025-05-31,T006,SKU01147,70,371.00
2025-05-31,T006,SKU01154,51,357.00
2025-05-31,T006,SKU01161,0,0.00
2025-05-31,T006,SKU01175,20,51.00
2025-05-31,T006,SKU01182,50,180.00
2025-05-31,T006,SKU01189,54,75.60
2025-05-31,T006,SKU01196,47,230.30
2025-05-31,T006,SKU01203,51,306.00
2025-05-31,T006,SKU01210,21,4.62
2025-05-31,T006,SKU01217,62,564.20
2025-05-31,T006,SKU01231,40,376.00
2025-05-31,T006,SKU01238,44,611.60
2025-05-31,T006,SKU01245,24,470.40
2025-05-31,T006,SKU01252,45,693.00
2025-05-31,T006,SKU01259,10,142.00
2025-05-31,T006,SKU01266,63,711.90
2025-05-31,T006,SKU01273,35,241.50
2025-05-31,T006,SKU01280,45,1129.50
2025-05-31,T006,SKU01287,36,223.20
2025-05-31,T006,SKU01294,73,248.20
2025-05-31,T006,SKU01301,42,688.80
2025-05-31,T006,SKU01308,61,555.10
2025-05-31,T006,SKU01315,60,234.00
2025-05-31,T006,SKU01322,24,350.40
2025-05-31,T006,SKU01329,24,168.00
2025-05-31,T006,SKU01336,47,244.40
2025-05-31,T006,SKU01343,59,637.20
2025-05-31,T006,SKU01350,58,458.20
2025-05-31,T006,SKU01357,0,0.00
2025-05-31,T007,SKU01021,48,146.40
2025-05-31,T007,SKU01035,65,351.00
2025-05-31,T007,SKU01049,30,162.00
2025-05-31,T007,SKU01056,31,288.30
2025-05-31,T007,SKU01063,83,929.60
2025-05-31,T007,SKU01077,35,164.50
2025-05-31,T007,SKU01084,68,435.20
2025-05-31,T007,SKU01098,36,68.40
2025-05-31,T007,SKU01105,33,128.70
2025-05-31,T007,SKU01112,67,204.35
2025-05-31,T007,SKU01119,57,125.40
2025-05-31,T007,SKU01126,53,1134.20
2025-05-31,T007,SKU01133,47,907.10
2025-05-31,T007,SKU01140,74,310.80
2025-05-31,T007,SKU01147,67,355.10
2025-05-31,T007,SKU01161,36,806.40
2025-05-31,T007,SKU01168,49,142.10
2025-05-31,T007,SKU01175,34,86.70
2025-05-31,T007,SKU01182,50,180.00
2025-05-31,T007,SKU01189,62,86.80
2025-05-31,T007,SKU01196,27,132.30
2025-05-31,T007,SKU01210,60,13.20
2025-05-31,T007,SKU01217,41,373.10
2025-05-31,T007,SKU01231,68,639.20
2025-05-31,T007,SKU01238,36,500.40
2025-05-31,T007,SKU01245,72,1411.20
2025-05-31,T007,SKU01252,35,539.00
2025-05-31,T007,SKU01259,47,667.40
2025-05-31,T007,SKU01266,90,1017.00
2025-05-31,T007,SKU01273,52,358.80
2025-05-31,T007,SKU01280,23,577.30
2025-05-31,T007,SKU01287,58,359.60
2025-05-31,T007,SKU01308,28,254.80
2025-05-31,T007,SKU01315,93,362.70
2025-05-31,T007,SKU01322,5,73.00
2025-05-31,T007,SKU01329,30,210.00
2025-05-31,T007,SKU01336,59,306.80
2025-05-31,T007,SKU01343,37,399.60
2025-05-31,T007,SKU01350,11,86.90
2025-05-31,T007,SKU01357,51,142.80
2025-05-31,T008,SKU01007,62,220.10
2025-05-31,T008,SKU01014,67,274.70
2025-05-31,T008,SKU01021,144,439.20
2025-05-31,T008,SKU01028,100,445.00
2025-05-31,T008,SKU01035,135,729.00
2025-05-31,T008,SKU01042,43,303.15
2025-05-31,T008,SKU01049,104,561.60
2025-05-31,T008,SKU01056,102,948.60
2025-05-31,T008,SKU01063,91,1019.20
2025-05-31,T008,SKU01070,156,1107.60
2025-05-31,T008,SKU01077,40,188.00
2025-05-31,T008,SKU01084,69,441.60
2025-05-31,T008,SKU01091,72,223.20
2025-05-31,T008,SKU01098,0,0.00
2025-05-31,T008,SKU01105,10,39.00
2025-05-31,T008,SKU01112,81,247.05
2025-05-31,T008,SKU01119,17,37.40
2025-05-31,T008,SKU01126,52,1112.80
2025-05-31,T008,SKU01147,173,916.90
2025-05-31,T008,SKU01154,147,1029.00
2025-05-31,T008,SKU01161,74,1657.60
2025-05-31,T008,SKU01175,72,183.60
2025-05-31,T008,SKU01182,119,428.40
2025-05-31,T008,SKU01189,89,124.60
2025-05-31,T008,SKU01196,111,543.90
2025-05-31,T008,SKU01210,106,23.32
2025-05-31,T008,SKU01217,102,928.20
2025-05-31,T008,SKU01224,81,550.80
2025-05-31,T008,SKU01231,51,479.40
2025-05-31,T008,SKU01238,147,2043.30
2025-05-31,T008,SKU01245,114,2234.40
2025-05-31,T008,SKU01252,112,1724.80
2025-05-31,T008,SKU01259,41,582.20
2025-05-31,T008,SKU01266,47,531.10
2025-05-31,T008,SKU01273,4,27.60
2025-05-31,T008,SKU01280,44,1104.40
2025-05-31,T008,SKU01287,10,62.00
2025-05-31,T008,SKU01294,30,102.00
2025-05-31,T008,SKU01301,194,3181.60
2025-05-31,T008,SKU01308,134,1219.40
2025-05-31,T008,SKU01315,115,448.50
2025-05-31,T008,SKU01322,120,1752.00
2025-05-31,T008,SKU01329,111,777.00
2025-05-31,T008,SKU01336,114,592.80
2025-05-31,T008,SKU01343,71,766.80
2025-05-31,T008,SKU01357,91,254.80
2025-05-31,T009,SKU01007,61,216.55
2025-05-31,T009,SKU01014,44,180.40
2025-05-31,T009,SKU01021,37,112.85
2025-05-31,T009,SKU01028,45,200.25
2025-05-31,T009,SKU01035,29,156.60
2025-05-31,T009,SKU01042,46,324.30
2025-05-31,T009,SKU01049,41,221.40
2025-05-31,T009,SKU01056,42,390.60
2025-05-31,T009,SKU01063,47,526.40
2025-05-31,T009,SKU01070,48,340.80
2025-05-31,T009,SKU01077,21,98.70
2025-05-31,T009,SKU01091,20,62.00
2025-05-31,T009,SKU01098,53,100.70
2025-05-31,T009,SKU01105,92,358.80
2025-05-31,T009,SKU01112,55,167.75
2025-05-31,T009,SKU01119,47,103.40
2025-05-31,T009,SKU01126,71,1519.40
2025-05-31,T009,SKU01133,62,1196.60
2025-05-31,T009,SKU01140,0,0.00
2025-05-31,T009,SKU01147,47,249.10
2025-05-31,T009,SKU01154,44,308.00
2025-05-31,T009,SKU01161,58,1299.20
2025-05-31,T009,SKU01168,33,95.70
2025-05-31,T009,SKU01175,45,114.75
2025-05-31,T009,SKU01182,71,255.60
2025-05-31,T009,SKU01189,33,46.20
2025-05-31,T009,SKU01196,14,68.60
2025-05-31,T009,SKU01203,33,198.00
2025-05-31,T009,SKU01210,35,7.70
2025-05-31,T009,SKU01217,55,500.50
2025-05-31,T009,SKU01224,30,204.00
2025-05-31,T009,SKU01231,74,695.60
2025-05-31,T009,SKU01238,45,625.50
2025-05-31,T009,SKU01245,41,803.60
2025-05-31,T009,SKU01252,38,585.20
2025-05-31,T009,SKU01259,45,639.00
2025-05-31,T009,SKU01266,53,598.90
2025-05-31,T009,SKU01280,84,2108.40
2025-05-31,T009,SKU01287,57,353.40
2025-05-31,T009,SKU01294,48,163.20
2025-05-31,T009,SKU01301,57,934.80
2025-05-31,T009,SKU01308,26,236.60
2025-05-31,T009,SKU01315,61,237.90
2025-05-31,T009,SKU01322,53,773.80
2025-05-31,T009,SKU01329,32,224.00
2025-05-31,T009,SKU01336,63,327.60
2025-05-31,T009,SKU01343,49,529.20
2025-05-31,T009,SKU01350,42,331.80
2025-05-31,T009,SKU01357,59,165.20
2025-05-31,T010,SKU01007,137,486.35
2025-05-31,T010,SKU01014,56,229.60
2025-05-31,T010,SKU01021,52,158.60
2025-05-31,T010,SKU01028,52,231.40
2025-05-31,T010,SKU01035,107,577.80
2025-05-31,T010,SKU01042,143,1008.15
2025-05-31,T010,SKU01049,185,999.00
2025-05-31,T010,SKU01056,60,558.00
2025-05-31,T010,SKU01063,146,1635.20
2025-05-31,T010,SKU01070,146,1036.60
2025-05-31,T010,SKU01077,87,408.90
2025-05-31,T010,SKU01084,83,531.20
2025-05-31,T010,SKU01091,87,269.70
2025-05-31,T010,SKU01098,130,247.00
2025-05-31,T010,SKU01105,98,382.20
2025-05-31,T010,SKU01126,140,2996.00
2025-05-31,T010,SKU01140,16,67.20
2025-05-31,T010,SKU01147,45,238.50
2025-05-31,T010,SKU01154,135,945.00
2025-05-31,T010,SKU01161,98,2195.20
2025-05-31,T010,SKU01168,161,466.90
2025-05-31,T010,SKU01175,62,158.10
2025-05-31,T010,SKU01182,30,108.00
2025-05-31,T010,SKU01189,106,148.40
2025-05-31,T010,SKU01196,145,710.50
2025-05-31,T010,SKU01203,104,624.00
2025-05-31,T010,SKU01217,128,1164.80
2025-05-31,T010,SKU01224,142,965.60
2025-05-31,T010,SKU01231,73,686.20
2025-05-31,T010,SKU01238,127,1765.30
2025-05-31,T010,SKU01252,58,893.20
2025-05-31,T010,SKU01266,90,1017.00
2025-05-31,T010,SKU01273,36,248.40
2025-05-31,T010,SKU01280,167,4191.70
2025-05-31,T010,SKU01287,116,719.20
2025-05-31,T010,SKU01294,100,340.00
2025-05-31,T010,SKU01301,116,1902.40
2025-05-31,T010,SKU01308,14,127.40
2025-05-31,T010,SKU01315,85,331.50
2025-05-31,T010,SKU01322,86,1255.60
2025-05-31,T010,SKU01329,160,1120.00
2025-05-31,T010,SKU01336,125,650.00
2025-05-31,T010,SKU01343,130,1404.00
2025-05-31,T010,SKU01350,5,39.50
2025-05-31,T010,SKU01357,81,226.80
2025-05-31,T011,SKU01007,76,269.80
2025-05-31,T011,SKU01014,61,250.10
2025-05-31,T011,SKU01021,32,97.60
2025-05-31,T011,SKU01035,66,356.40
2025-05-31,T011,SKU01042,66,465.30
2025-05-31,T011,SKU01049,49,264.60
2025-05-31,T011,SKU01056,62,576.60
2025-05-31,T011,SKU01070,7,49.70
2025-05-31,T011,SKU01077,44,206.80
2025-05-31,T011,SKU01084,62,396.80
2025-05-31,T011,SKU01091,41,127.10
2025-05-31,T011,SKU01098,14,26.60
2025-05-31,T011,SKU01105,22,85.80
2025-05-31,T011,SKU01112,26,79.30
2025-05-31,T011,SKU01119,66,145.20
2025-05-31,T011,SKU01126,54,1155.60
2025-05-31,T011,SKU01133,35,675.50
2025-05-31,T011,SKU01140,83,348.60
2025-05-31,T011,SKU01147,80,424.00
2025-05-31,T011,SKU01154,45,315.00
2025-05-31,T011,SKU01161,83,1859.20
2025-05-31,T011,SKU01168,27,78.30
2025-05-31,T011,SKU01175,4,10.20
2025-05-31,T011,SKU01182,47,169.20
2025-05-31,T011,SKU01189,80,112.00
2025-05-31,T011,SKU01203,63,378.00
2025-05-31,T011,SKU01210,52,11.44
2025-05-31,T011,SKU01217,38,345.80
2025-05-31,T011,SKU01224,48,326.40
2025-05-31,T011,SKU01231,60,564.00
2025-05-31,T011,SKU01238,58,806.20
2025-05-31,T011,SKU01252,21,323.40
2025-05-31,T011,SKU01259,42,596.40
2025-05-31,T011,SKU01266,34,384.20
2025-05-31,T011,SKU01273,42,289.80
2025-05-31,T011,SKU01280,69,1731.90
2025-05-31,T011,SKU01287,20,124.00
2025-05-31,T011,SKU01294,35,119.00
2025-05-31,T011,SKU01301,35,574.00
2025-05-31,T011,SKU01308,80,728.00
2025-05-31,T011,SKU01315,58,226.20
2025-05-31,T011,SKU01322,0,0.00
2025-05-31,T011,SKU01336,53,275.60
2025-05-31,T011,SKU01350,65,513.50
2025-05-31,T011,SKU01357,54,151.20
2025-05-31,T012,SKU01007,32,113.60
2025-05-31,T012,SKU01014,83,340.30
2025-05-31,T012,SKU01021,55,167.75
2025-05-31,T012,SKU01028,70,311.50
2025-05-31,T012,SKU01035,48,259.20
2025-05-31,T012,SKU01042,47,331.35
2025-05-31,T012,SKU01049,44,237.60
2025-05-31,T012,SKU01056,54,502.20
2025-05-31,T012,SKU01063,43,481.60
2025-05-31,T012,SKU01070,55,390.50
2025-05-31,T012,SKU01077,44,206.80
2025-05-31,T012,SKU01084,54,345.60
2025-05-31,T012,SKU01091,38,117.80
2025-05-31,T012,SKU01098,51,96.90
2025-05-31,T012,SKU01105,67,261.30
2025-05-31,T012,SKU01112,26,79.30
2025-05-31,T012,SKU01119,56,123.20
2025-05-31,T012,SKU01126,73,1562.20
2025-05-31,T012,SKU01133,49,945.70
2025-05-31,T012,SKU01140,49,205.80
2025-05-31,T012,SKU01147,30,159.00
2025-05-31,T012,SKU01154,39,273.00
2025-05-31,T012,SKU01168,70,203.00
2025-05-31,T012,SKU01175,22,56.10
2025-05-31,T012,SKU01182,40,144.00
2025-05-31,T012,SKU01196,57,279.30
2025-05-31,T012,SKU01203,49,294.00
2025-05-31,T012,SKU01210,33,7.26
2025-05-31,T012,SKU01217,52,473.20
2025-05-31,T012,SKU01224,34,231.20
2025-05-31,T012,SKU01238,66,917.40
2025-05-31,T012,SKU01252,54,831.60
2025-05-31,T012,SKU01259,83,1178.60
2025-05-31,T012,SKU01266,18,203.40
2025-05-31,T012,SKU01273,69,476.10
2025-05-31,T012,SKU01280,50,1255.00
2025-05-31,T012,SKU01287,52,322.40
2025-05-31,T012,SKU01308,48,436.80
2025-05-31,T012,SKU01315,54,210.60
2025-05-31,T012,SKU01322,16,233.60
2025-05-31,T012,SKU01336,15,78.00
2025-05-31,T012,SKU01343,86,928.80
2025-05-31,T012,SKU01350,67,529.30
2025-05-31,T012,SKU01357,51,142.80
2025-06-30,T001,SKU01007,50,177.50
2025-06-30,T001,SKU01014,168,688.80
2025-06-30,T001,SKU01021,61,186.05
2025-06-30,T001,SKU01028,66,293.70
2025-06-30,T001,SKU01035,107,577.80
2025-06-30,T001,SKU01049,101,545.40
2025-06-30,T001,SKU01056,145,1348.50
2025-06-30,T001,SKU01063,53,593.60
2025-06-30,T001,SKU01070,131,930.10
2025-06-30,T001,SKU01077,122,573.40
2025-06-30,T001,SKU01084,30,192.00
2025-06-30,T001,SKU01091,103,319.30
2025-06-30,T001,SKU01098,70,133.00
2025-06-30,T001,SKU01105,23,89.70
2025-06-30,T001,SKU01112,136,414.80
2025-06-30,T001,SKU01126,113,2418.20
2025-06-30,T001,SKU01133,95,1833.50
2025-06-30,T001,SKU01140,39,163.80
2025-06-30,T001,SKU01147,171,906.30
2025-06-30,T001,SKU01154,75,525.00
2025-06-30,T001,SKU01161,81,1814.40
2025-06-30,T001,SKU01168,49,142.10
2025-06-30,T001,SKU01175,129,328.95
2025-06-30,T001,SKU01182,135,486.00
2025-06-30,T001,SKU01189,56,78.40
2025-06-30,T001,SKU01196,42,205.80
2025-06-30,T001,SKU01203,111,666.00
2025-06-30,T001,SKU01210,103,22.66
2025-06-30,T001,SKU01217,144,1310.40
2025-06-30,T001,SKU01224,79,537.20
2025-06-30,T001,SKU01231,182,1710.80
2025-06-30,T001,SKU01238,55,764.50
2025-06-30,T001,SKU01245,130,2548.00
2025-06-30,T001,SKU01252,57,877.80
2025-06-30,T001,SKU01259,72,1022.40
2025-06-30,T001,SKU01266,191,2158.30
2025-06-30,T001,SKU01273,74,510.60
2025-06-30,T001,SKU01280,149,3739.90
2025-06-30,T001,SKU01287,99,613.80
2025-06-30,T001,SKU01294,98,333.20
2025-06-30,T001,SKU01301,66,1082.40
2025-06-30,T001,SKU01308,33,300.30
2025-06-30,T001,SKU01315,138,538.20
2025-06-30,T001,SKU01329,127,889.00
2025-06-30,T001,SKU01343,147,1587.60
2025-06-30,T001,SKU01350,85,671.50
2025-06-30,T001,SKU01357,131,366.80
2025-06-30,T002,SKU01007,13,46.15
2025-06-30,T002,SKU01014,53,217.30
2025-06-30,T002,SKU01021,24,73.20
2025-06-30,T002,SKU01028,47,209.15
2025-06-30,T002,SKU01035,60,324.00
2025-06-30,T002,SKU01042,16,112.80
2025-06-30,T002,SKU01049,56,302.40
2025-06-30,T002,SKU01056,41,381.30
2025-06-30,T002,SKU01063,40,448.00
2025-06-30,T002,SKU01070,52,369.20
2025-06-30,T002,SKU01077,82,385.40
2025-06-30,T002,SKU01084,58,371.20
2025-06-30,T002,SKU01091,27,83.70
2025-06-30,T002,SKU01098,26,49.40
2025-06-30,T002,SKU01119,21,46.20
2025-06-30,T002,SKU01126,28,599.20
2025-06-30,T002,SKU01133,47,907.10
2025-06-30,T002,SKU01140,43,180.60
2025-06-30,T002,SKU01147,14,74.20
2025-06-30,T002,SKU01154,53,371.00
2025-06-30,T002,SKU01161,18,403.20
2025-06-30,T002,SKU01168,43,124.70
2025-06-30,T002,SKU01175,48,122.40
2025-06-30,T002,SKU01182,32,115.20
2025-06-30,T002,SKU01189,45,63.00
2025-06-30,T002,SKU01196,62,303.80
2025-06-30,T002,SKU01210,29,6.38
2025-06-30,T002,SKU01217,36,327.60
2025-06-30,T002,SKU01224,37,251.60
2025-06-30,T002,SKU01231,17,159.80
2025-06-30,T002,SKU01238,70,973.00
2025-06-30,T002,SKU01245,23,450.80
2025-06-30,T002,SKU01252,23,354.20
2025-06-30,T002,SKU01259,51,724.20
2025-06-30,T002,SKU01266,37,418.10
2025-06-30,T002,SKU01273,47,324.30
2025-06-30,T002,SKU01280,62,1556.20
2025-06-30,T002,SKU01287,38,235.60
2025-06-30,T002,SKU01294,73,248.20
2025-06-30,T002,SKU01301,11,180.40
2025-06-30,T002,SKU01308,83,755.30
2025-06-30,T002,SKU01315,71,276.90
2025-06-30,T002,SKU01322,35,511.00
2025-06-30,T002,SKU01329,48,336.00
2025-06-30,T002,SKU01336,52,270.40
2025-06-30,T002,SKU01343,58,626.40
2025-06-30,T002,SKU01350,65,513.50
2025-06-30,T002,SKU01357,51,142.80
2025-06-30,T003,SKU01007,103,365.65
2025-06-30,T003,SKU01014,103,422.30
2025-06-30,T003,SKU01035,78,421.20
2025-06-30,T003,SKU01042,93,655.65
2025-06-30,T003,SKU01049,158,853.20
2025-06-30,T003,SKU01056,72,669.60
2025-06-30,T003,SKU01063,155,1736.00
2025-06-30,T003,SKU01070,130,923.00
2025-06-30,T003,SKU01077,126,592.20
2025-06-30,T003,SKU01084,130,832.00
2025-06-30,T003,SKU01091,115,356.50
2025-06-30,T003,SKU01098,88,167.20
2025-06-30,T003,SKU01105,8,31.20
2025-06-30,T003,SKU01112,51,155.55
2025-06-30,T003,SKU01119,152,334.40
2025-06-30,T003,SKU01126,203,4344.20
2025-06-30,T003,SKU01133,41,791.30
2025-06-30,T003,SKU01140,104,436.80
2025-06-30,T003,SKU01147,137,726.10
2025-06-30,T003,SKU01154,146,1022.00
2025-06-30,T003,SKU01168,45,130.50
2025-06-30,T003,SKU01175,153,390.15
2025-06-30,T003,SKU01182,62,223.20
2025-06-30,T003,SKU01189,92,128.80
2025-06-30,T003,SKU01196,43,210.70
2025-06-30,T003,SKU01203,74,444.00
2025-06-30,T003,SKU01210,80,17.60
2025-06-30,T003,SKU01217,103,937.30
2025-06-30,T003,SKU01224,87,591.60
2025-06-30,T003,SKU01231,52,488.80
2025-06-30,T003,SKU01238,108,1501.20
2025-06-30,T003,SKU01245,123,2410.80
2025-06-30,T003,SKU01252,143,2202.20
2025-06-30,T003,SKU01259,33,468.60
2025-06-30,T003,SKU01266,163,1841.90
2025-06-30,T003,SKU01287,143,886.60
2025-06-30,T003,SKU01294,93,316.20
2025-06-30,T003,SKU01301,52,852.80
2025-06-30,T003,SKU01308,93,846.30
2025-06-30,T003,SKU01315,144,561.60
2025-06-30,T003,SKU01322,121,1766.60
2025-06-30,T003,SKU01329,116,812.00
2025-06-30,T003,SKU01336,72,374.40
2025-06-30,T003,SKU01343,137,1479.60
2025-06-30,T003,SKU01350,96,758.40
2025-06-30,T003,SKU01357,11,30.80
2025-06-30,T004,SKU01007,36,127.80
2025-06-30,T004,SKU01014,29,118.90
2025-06-30,T004,SKU01021,40,122.00
2025-06-30,T004,SKU01028,46,204.70
2025-06-30,T004,SKU01035,15,81.00
2025-06-30,T004,SKU01042,2,14.10
2025-06-30,T004,SKU01049,68,367.20
2025-06-30,T004,SKU01056,57,530.10
2025-06-30,T004,SKU01063,51,571.20
2025-06-30,T004,SKU01070,35,248.50
2025-06-30,T004,SKU01098,56,106.40
2025-06-30,T004,SKU01105,53,206.70
2025-06-30,T004,SKU01112,70,213.50
2025-06-30,T004,SKU01119,70,154.00
2025-06-30,T004,SKU01126,37,791.80
2025-06-30,T004,SKU01133,10,193.00
2025-06-30,T004,SKU01140,24,100.80
2025-06-30,T004,SKU01154,45,315.00
2025-06-30,T004,SKU01161,38,851.20
2025-06-30,T004,SKU01168,64,185.60
2025-06-30,T004,SKU01175,32,81.60
2025-06-30,T004,SKU01182,63,226.80
2025-06-30,T004,SKU01189,16,22.40
2025-06-30,T004,SKU01196,22,107.80
2025-06-30,T004,SKU01203,51,306.00
2025-06-30,T004,SKU01210,48,10.56
2025-06-30,T004,SKU01217,63,573.30
2025-06-30,T004,SKU01224,66,448.80
2025-06-30,T004,SKU01231,45,423.00
2025-06-30,T004,SKU01238,44,611.60
2025-06-30,T004,SKU01252,59,908.60
2025-06-30,T004,SKU01259,66,937.20
2025-06-30,T004,SKU01266,42,474.60
2025-06-30,T004,SKU01273,36,248.40
2025-06-30,T004,SKU01280,29,727.90
2025-06-30,T004,SKU01287,61,378.20
2025-06-30,T004,SKU01294,65,221.00
2025-06-30,T004,SKU01301,33,541.20
2025-06-30,T004,SKU01308,61,555.10
2025-06-30,T004,SKU01315,55,214.50
2025-06-30,T004,SKU01322,29,423.40
2025-06-30,T004,SKU01329,10,70.00
2025-06-30,T004,SKU01336,22,114.40
2025-06-30,T004,SKU01343,0,0.00
2025-06-30,T004,SKU01350,63,497.70
2025-06-30,T004,SKU01357,34,95.20
2025-06-30,T005,SKU01007,105,372.75
2025-06-30,T005,SKU01014,48,196.80
2025-06-30,T005,SKU01028,51,226.95
2025-06-30,T005,SKU01035,97,523.80
2025-06-30,T005,SKU01042,15,105.75
2025-06-30,T005,SKU01049,92,496.80
2025-06-30,T005,SKU01063,159,1780.80
2025-06-30,T005,SKU01070,48,340.80
2025-06-30,T005,SKU01077,109,512.30
2025-06-30,T005,SKU01084,138,883.20
2025-06-30,T005,SKU01091,168,520.80
2025-06-30,T005,SKU01098,83,157.70
2025-06-30,T005,SKU01105,0,0.00
2025-06-30,T005,SKU01112,112,341.60
2025-06-30,T005,SKU01119,119,261.80
2025-06-30,T005,SKU01147,115,609.50
2025-06-30,T005,SKU01154,91,637.00
2025-06-30,T005,SKU01161,132,2956.80
2025-06-30,T005,SKU01168,63,182.70
2025-06-30,T005,SKU01175,146,372.30
2025-06-30,T005,SKU01182,153,550.80
2025-06-30,T005,SKU01196,84,411.60
2025-06-30,T005,SKU01203,119,714.00
2025-06-30,T005,SKU01210,126,27.72
2025-06-30,T005,SKU01217,11,100.10
2025-06-30,T005,SKU01224,45,306.00
2025-06-30,T005,SKU01231,80,752.00
2025-06-30,T005,SKU01238,71,986.90
2025-06-30,T005,SKU01252,109,1678.60
2025-06-30,T005,SKU01259,38,539.60
2025-06-30,T005,SKU01266,95,1073.50
2025-06-30,T005,SKU01273,27,186.30
2025-06-30,T005,SKU01280,60,1506.00
2025-06-30,T005,SKU01287,73,452.60
2025-06-30,T005,SKU01294,137,465.80
2025-06-30,T005,SKU01301,58,951.20
2025-06-30,T005,SKU01308,156,1419.60
2025-06-30,T005,SKU01315,48,187.20
2025-06-30,T005,SKU01322,94,1372.40
2025-06-30,T005,SKU01329,102,714.00
2025-06-30,T005,SKU01336,89,462.80
2025-06-30,T005,SKU01343,117,1263.60
2025-06-30,T005,SKU01350,97,766.30
2025-06-30,T005,SKU01357,61,170.80
2025-06-30,T006,SKU01007,23,81.65
2025-06-30,T006,SKU01014,85,348.50
2025-06-30,T006,SKU01021,46,140.30
2025-06-30,T006,SKU01028,46,204.70
2025-06-30,T006,SKU01042,84,592.20
2025-06-30,T006,SKU01049,24,129.60
2025-06-30,T006,SKU01056,39,362.70
2025-06-30,T006,SKU01063,37,414.40
2025-06-30,T006,SKU01077,62,291.40
2025-06-30,T006,SKU01084,57,364.80
2025-06-30,T006,SKU01091,42,130.20
2025-06-30,T006,SKU01098,29,55.10
2025-06-30,T006,SKU01105,87,339.30
2025-06-30,T006,SKU01112,45,137.25
2025-06-30,T006,SKU01126,54,1155.60
2025-06-30,T006,SKU01133,65,1254.50
2025-06-30,T006,SKU01140,90,378.00
2025-06-30,T006,SKU01147,49,259.70
2025-06-30,T006,SKU01154,35,245.00
2025-06-30,T006,SKU01161,43,963.20
2025-06-30,T006,SKU01168,56,162.40
2025-06-30,T006,SKU01175,35,89.25
2025-06-30,T006,SKU01182,24,86.40
2025-06-30,T006,SKU01189,3,4.20
2025-06-30,T006,SKU01196,62,303.80
2025-06-30,T006,SKU01203,48,288.00
2025-06-30,T006,SKU01210,48,10.56
2025-06-30,T006,SKU01217,74,673.40
2025-06-30,T006,SKU01224,56,380.80
2025-06-30,T006,SKU01231,59,554.60
2025-06-30,T006,SKU01245,19,372.40
2025-06-30,T006,SKU01252,56,862.40
2025-06-30,T006,SKU01280,65,1631.50
2025-06-30,T006,SKU01287,56,347.20
2025-06-30,T006,SKU01294,59,200.60
2025-06-30,T006,SKU01301,21,344.40
2025-06-30,T006,SKU01308,39,354.90
2025-06-30,T006,SKU01315,24,93.60
2025-06-30,T006,SKU01322,58,846.80
2025-06-30,T006,SKU01329,8,56.00
2025-06-30,T006,SKU01336,17,88.40
2025-06-30,T006,SKU01343,77,831.60
2025-06-30,T006,SKU01350,52,410.80
2025-06-30,T006,SKU01357,80,224.00
2025-06-30,T007,SKU01007,47,166.85
2025-06-30,T007,SKU01021,17,51.85
2025-06-30,T007,SKU01028,50,222.50
2025-06-30,T007,SKU01035,27,145.80
2025-06-30,T007,SKU01042,38,267.90
2025-06-30,T007,SKU01049,39,210.60
2025-06-30,T007,SKU01056,40,372.00
2025-06-30,T007,SKU01063,61,683.20
2025-06-30,T007,SKU01070,37,262.70
2025-06-30,T007,SKU01077,25,117.50
2025-06-30,T007,SKU01084,25,160.00
2025-06-30,T007,SKU01091,42,130.20
2025-06-30,T007,SKU01098,51,96.90
2025-06-30,T007,SKU01105,58,226.20
2025-06-30,T007,SKU01112,41,125.05
2025-06-30,T007,SKU01119,17,37.40
2025-06-30,T007,SKU01126,53,1134.20
2025-06-30,T007,SKU01133,35,675.50
2025-06-30,T007,SKU01140,68,285.60
2025-06-30,T007,SKU01147,28,148.40
2025-06-30,T007,SKU01154,60,420.00
2025-06-30,T007,SKU01161,60,1344.00
2025-06-30,T007,SKU01168,15,43.50
2025-06-30,T007,SKU01182,48,172.80
2025-06-30,T007,SKU01189,36,50.40
2025-06-30,T007,SKU01196,32,156.80
2025-06-30,T007,SKU01203,20,120.00
2025-06-30,T007,SKU01210,84,18.48
2025-06-30,T007,SKU01217,34,309.40
2025-06-30,T007,SKU01224,86,584.80
2025-06-30,T007,SKU01231,69,648.60
2025-06-30,T007,SKU01238,53,736.70
2025-06-30,T007,SKU01245,74,1450.40
2025-06-30,T007,SKU01252,51,785.40
2025-06-30,T007,SKU01259,4,56.80
2025-06-30,T007,SKU01266,61,689.30
2025-06-30,T007,SKU01273,7,48.30
2025-06-30,T007,SKU01280,60,1506.00
2025-06-30,T007,SKU01287,31,192.20
2025-06-30,T007,SKU01294,47,159.80
2025-06-30,T007,SKU01301,32,524.80
2025-06-30,T007,SKU01308,48,436.80
2025-06-30,T007,SKU01315,41,159.90
2025-06-30,T007,SKU01322,45,657.00
2025-06-30,T007,SKU01329,60,420.00
2025-06-30,T007,SKU01336,52,270.40
2025-06-30,T007,SKU01343,58,626.40
2025-06-30,T007,SKU01350,35,276.50
2025-06-30,T007,SKU01357,27,75.60
2025-06-30,T008,SKU01007,58,205.90
2025-06-30,T008,SKU01014,88,360.80
2025-06-30,T008,SKU01021,159,484.95
2025-06-30,T008,SKU01028,86,382.70
2025-06-30,T008,SKU01035,86,464.40
2025-06-30,T008,SKU01042,134,944.70
2025-06-30,T008,SKU01049,91,491.40
2025-06-30,T008,SKU01056,51,474.30
2025-06-30,T008,SKU01063,57,638.40
2025-06-30,T008,SKU01070,85,603.50
2025-06-30,T008,SKU01077,113,531.10
2025-06-30,T008,SKU01084,78,499.20
2025-06-30,T008,SKU01091,115,356.50
2025-06-30,T008,SKU01098,67,127.30
2025-06-30,T008,SKU01105,93,362.70
2025-06-30,T008,SKU01119,139,305.80
2025-06-30,T008,SKU01126,86,1840.40
2025-06-30,T008,SKU01133,47,907.10
2025-06-30,T008,SKU01140,60,252.00
2025-06-30,T008,SKU01147,51,270.30
2025-06-30,T008,SKU01161,82,1836.80
2025-06-30,T008,SKU01168,120,348.00
2025-06-30,T008,SKU01175,76,193.80
2025-06-30,T008,SKU01182,49,176.40
2025-06-30,T008,SKU01196,71,347.90
2025-06-30,T008,SKU01203,26,156.00
2025-06-30,T008,SKU01210,119,26.18
2025-06-30,T008,SKU01217,143,1301.30
2025-06-30,T008,SKU01224,158,1074.40
2025-06-30,T008,SKU01231,168,1579.20
2025-06-30,T008,SKU01245,131,2567.60
2025-06-30,T008,SKU01252,151,2325.40
2025-06-30,T008,SKU01259,102,1448.40
2025-06-30,T008,SKU01266,55,621.50
2025-06-30,T008,SKU01273,23,158.70
2025-06-30,T008,SKU01280,97,2434.70
2025-06-30,T008,SKU01287,134,830.80
2025-06-30,T008,SKU01294,41,139.40
2025-06-30,T008,SKU01308,63,573.30
2025-06-30,T008,SKU01315,97,378.30
2025-06-30,T008,SKU01322,0,0.00
2025-06-30,T008,SKU01329,84,588.00
2025-06-30,T008,SKU01336,110,572.00
2025-06-30,T008,SKU01343,104,1123.20
2025-06-30,T008,SKU01350,127,1003.30
2025-06-30,T008,SKU01357,57,159.60
2025-06-30,T009,SKU01007,64,227.20
2025-06-30,T009,SKU01021,66,201.30
2025-06-30,T009,SKU01028,46,204.70
2025-06-30,T009,SKU01035,42,226.80
2025-06-30,T009,SKU01042,43,303.15
2025-06-30,T009,SKU01049,39,210.60
2025-06-30,T009,SKU01063,56,627.20
2025-06-30,T009,SKU01070,96,681.60
2025-06-30,T009,SKU01077,46,216.20
2025-06-30,T009,SKU01091,28,86.80
2025-06-30,T009,SKU01098,42,79.80
2025-06-30,T009,SKU01105,56,218.40
2025-06-30,T009,SKU01112,0,0.00
2025-06-30,T009,SKU01126,36,770.40
2025-06-30,T009,SKU01133,60,1158.00
2025-06-30,T009,SKU01140,19,79.80
2025-06-30,T009,SKU01147,8,42.40
2025-06-30,T009,SKU01154,58,406.00
2025-06-30,T009,SKU01161,74,1657.60
2025-06-30,T009,SKU01168,10,29.00
2025-06-30,T009,SKU01175,42,107.10
2025-06-30,T009,SKU01182,36,129.60
2025-06-30,T009,SKU01189,15,21.00
2025-06-30,T009,SKU01196,47,230.30
2025-06-30,T009,SKU01203,61,366.00
2025-06-30,T009,SKU01210,72,15.84
2025-06-30,T009,SKU01231,54,507.60
2025-06-30,T009,SKU01238,56,778.40
2025-06-30,T009,SKU01245,84,1646.40
2025-06-30,T009,SKU01252,64,985.60
2025-06-30,T009,SKU01259,0,0.00
2025-06-30,T009,SKU01266,38,429.40
2025-06-30,T009,SKU01273,36,248.40
2025-06-30,T009,SKU01280,63,1581.30
2025-06-30,T009,SKU01287,53,328.60
2025-06-30,T009,SKU01294,42,142.80
2025-06-30,T009,SKU01301,22,360.80
2025-06-30,T009,SKU01308,40,364.00
2025-06-30,T009,SKU01315,54,210.60
2025-06-30,T009,SKU01329,58,406.00
2025-06-30,T009,SKU01336,0,0.00
2025-06-30,T009,SKU01350,53,418.70
2025-06-30,T009,SKU01357,20,56.00
2025-06-30,T010,SKU01007,126,447.30
2025-06-30,T010,SKU01014,152,623.20
2025-06-30,T010,SKU01021,98,298.90
2025-06-30,T010,SKU01028,78,347.10
2025-06-30,T010,SKU01035,145,783.00
2025-06-30,T010,SKU01042,158,1113.90
2025-06-30,T010,SKU01049,97,523.80
2025-06-30,T010,SKU01056,131,1218.30
2025-06-30,T010,SKU01070,79,560.90
2025-06-30,T010,SKU01084,150,960.00
2025-06-30,T010,SKU01091,135,418.50
2025-06-30,T010,SKU01098,107,203.30
2025-06-30,T010,SKU01105,158,616.20
2025-06-30,T010,SKU01112,52,158.60
2025-06-30,T010,SKU01119,70,154.00
2025-06-30,T010,SKU01126,32,684.80
2025-06-30,T010,SKU01133,69,1331.70
2025-06-30,T010,SKU01140,68,285.60
2025-06-30,T010,SKU01154,126,882.00
2025-06-30,T010,SKU01161,105,2352.00
2025-06-30,T010,SKU01168,45,130.50
2025-06-30,T010,SKU01175,114,290.70
2025-06-30,T010,SKU01182,47,169.20
2025-06-30,T010,SKU01189,47,65.80
2025-06-30,T010,SKU01196,143,700.70
2025-06-30,T010,SKU01203,64,384.00
2025-06-30,T010,SKU01210,164,36.08
2025-06-30,T010,SKU01224,116,788.80
2025-06-30,T010,SKU01231,63,592.20
2025-06-30,T010,SKU01245,61,1195.60
2025-06-30,T010,SKU01259,87,1235.40
2025-06-30,T010,SKU01266,120,1356.00
2025-06-30,T010,SKU01273,99,683.10
2025-06-30,T010,SKU01280,116,2911.60
2025-06-30,T010,SKU01287,83,514.60
2025-06-30,T010,SKU01294,68,231.20
2025-06-30,T010,SKU01301,85,1394.00
2025-06-30,T010,SKU01308,115,1046.50
2025-06-30,T010,SKU01315,17,66.30
2025-06-30,T010,SKU01322,137,2000.20
2025-06-30,T010,SKU01329,89,623.00
2025-06-30,T010,SKU01336,102,530.40
2025-06-30,T010,SKU01343,144,1555.20
2025-06-30,T010,SKU01350,15,118.50
2025-06-30,T010,SKU01357,101,282.80
2025-06-30,T011,SKU01007,73,259.15
2025-06-30,T011,SKU01014,31,127.10
2025-06-30,T011,SKU01021,39,118.95
2025-06-30,T011,SKU01028,59,262.55
2025-06-30,T011,SKU01035,36,194.40
2025-06-30,T011,SKU01042,53,373.65
2025-06-30,T011,SKU01056,62,576.60
2025-06-30,T011,SKU01063,81,907.20
2025-06-30,T011,SKU01070,49,347.90
2025-06-30,T011,SKU01077,44,206.80
2025-06-30,T011,SKU01084,53,339.20
2025-06-30,T011,SKU01091,50,155.00
2025-06-30,T011,SKU01098,4,7.60
2025-06-30,T011,SKU01105,66,257.40
2025-06-30,T011,SKU01112,0,0.00
2025-06-30,T011,SKU01119,35,77.00
2025-06-30,T011,SKU01126,28,599.20
2025-06-30,T011,SKU01133,42,810.60
2025-06-30,T011,SKU01140,58,243.60
2025-06-30,T011,SKU01147,65,344.50
2025-06-30,T011,SKU01154,30,210.00
2025-06-30,T011,SKU01161,16,358.40
2025-06-30,T011,SKU01168,29,84.10
2025-06-30,T011,SKU01182,60,216.00
2025-06-30,T011,SKU01189,33,46.20
2025-06-30,T011,SKU01203,50,300.00
2025-06-30,T011,SKU01210,49,10.78
2025-06-30,T011,SKU01217,33,300.30
2025-06-30,T011,SKU01224,43,292.40
2025-06-30,T011,SKU01238,7,97.30
2025-06-30,T011,SKU01245,13,254.80
2025-06-30,T011,SKU01252,46,708.40
2025-06-30,T011,SKU01259,46,653.20
2025-06-30,T011,SKU01266,53,598.90
2025-06-30,T011,SKU01273,51,351.90
2025-06-30,T011,SKU01280,50,1255.00
2025-06-30,T011,SKU01294,92,312.80
2025-06-30,T011,SKU01301,74,1213.60
2025-06-30,T011,SKU01308,40,364.00
2025-06-30,T011,SKU01315,9,35.10
2025-06-30,T011,SKU01322,41,598.60
2025-06-30,T011,SKU01329,60,420.00
2025-06-30,T011,SKU01336,4,20.80
2025-06-30,T011,SKU01343,55,594.00
2025-06-30,T011,SKU01350,22,173.80
2025-06-30,T011,SKU01357,51,142.80
2025-06-30,T012,SKU01007,112,397.60
2025-06-30,T012,SKU01014,73,299.30
2025-06-30,T012,SKU01021,18,54.90
2025-06-30,T012,SKU01028,70,311.50
2025-06-30,T012,SKU01035,11,59.40
2025-06-30,T012,SKU01049,57,307.80
2025-06-30,T012,SKU01056,57,530.10
2025-06-30,T012,SKU01063,21,235.20
2025-06-30,T012,SKU01070,43,305.30
2025-06-30,T012,SKU01084,75,480.00
2025-06-30,T012,SKU01091,74,229.40
2025-06-30,T012,SKU01098,28,53.20
2025-06-30,T012,SKU01112,41,125.05
2025-06-30,T012,SKU01119,31,68.20
2025-06-30,T012,SKU01126,43,920.20
2025-06-30,T012,SKU01133,56,1080.80
2025-06-30,T012,SKU01140,54,226.80
2025-06-30,T012,SKU01147,27,143.10
2025-06-30,T012,SKU01154,48,336.00
2025-06-30,T012,SKU01161,39,873.60
2025-06-30,T012,SKU01168,30,87.00
2025-06-30,T012,SKU01175,74,188.70
2025-06-30,T012,SKU01182,51,183.60
2025-06-30,T012,SKU01196,42,205.80
2025-06-30,T012,SKU01210,50,11.00
2025-06-30,T012,SKU01217,43,391.30
2025-06-30,T012,SKU01224,55,374.00
2025-06-30,T012,SKU01231,42,394.80
2025-06-30,T012,SKU01238,57,792.30
2025-06-30,T012,SKU01245,46,901.60
2025-06-30,T012,SKU01252,15,231.00
2025-06-30,T012,SKU01259,62,880.40
2025-06-30,T012,SKU01266,30,339.00
2025-06-30,T012,SKU01273,10,69.00
2025-06-30,T012,SKU01280,57,1430.70
2025-06-30,T012,SKU01287,32,198.40
2025-06-30,T012,SKU01294,37,125.80
2025-06-30,T012,SKU01308,28,254.80
2025-06-30,T012,SKU01315,36,140.40
2025-06-30,T012,SKU01322,32,467.20
2025-06-30,T012,SKU01329,70,490.00
2025-06-30,T012,SKU01336,34,176.80
2025-06-30,T012,SKU01343,70,756.00
2025-06-30,T012,SKU01350,35,276.50
2025-06-30,T012,SKU01357,80,224.00
2025-07-31,T001,SKU01007,88,312.40
2025-07-31,T001,SKU01014,27,110.70
2025-07-31,T001,SKU01021,107,326.35
2025-07-31,T001,SKU01028,82,364.90
2025-07-31,T001,SKU01035,113,610.20
2025-07-31,T001,SKU01042,116,817.80
2025-07-31,T001,SKU01049,90,486.00
2025-07-31,T001,SKU01056,0,0.00
2025-07-31,T001,SKU01063,84,940.80
2025-07-31,T001,SKU01070,22,156.20
2025-07-31,T001,SKU01077,77,361.90
2025-07-31,T001,SKU01084,86,550.40
2025-07-31,T001,SKU01091,146,452.60
2025-07-31,T001,SKU01098,88,167.20
2025-07-31,T001,SKU01119,166,365.20
2025-07-31,T001,SKU01126,72,1540.80
2025-07-31,T001,SKU01133,120,2316.00
2025-07-31,T001,SKU01140,144,604.80
2025-07-31,T001,SKU01154,107,749.00
2025-07-31,T001,SKU01161,86,1926.40
2025-07-31,T001,SKU01175,81,206.55
2025-07-31,T001,SKU01182,75,270.00
2025-07-31,T001,SKU01189,49,68.60
2025-07-31,T001,SKU01196,73,357.70
2025-07-31,T001,SKU01203,80,480.00
2025-07-31,T001,SKU01210,114,25.08
2025-07-31,T001,SKU01217,162,1474.20
2025-07-31,T001,SKU01231,104,977.60
2025-07-31,T001,SKU01238,143,1987.70
2025-07-31,T001,SKU01245,133,2606.80
2025-07-31,T001,SKU01252,133,2048.20
2025-07-31,T001,SKU01259,67,951.40
2025-07-31,T001,SKU01266,30,339.00
2025-07-31,T001,SKU01273,46,317.40
2025-07-31,T001,SKU01280,168,4216.80
2025-07-31,T001,SKU01287,65,403.00
2025-07-31,T001,SKU01294,38,129.20
2025-07-31,T001,SKU01301,26,426.40
2025-07-31,T001,SKU01308,86,782.60
2025-07-31,T001,SKU01315,68,265.20
2025-07-31,T001,SKU01322,86,1255.60
2025-07-31,T001,SKU01329,168,1176.00
2025-07-31,T001,SKU01336,96,499.20
2025-07-31,T001,SKU01343,96,1036.80
2025-07-31,T001,SKU01350,173,1366.70
2025-07-31,T001,SKU01357,97,271.60
2025-07-31,T002,SKU01007,40,142.00
2025-07-31,T002,SKU01014,29,118.90
2025-07-31,T002,SKU01021,39,118.95
2025-07-31,T002,SKU01035,57,307.80
2025-07-31,T002,SKU01042,44,310.20
2025-07-31,T002,SKU01049,17,91.80
2025-07-31,T002,SKU01056,77,716.10
2025-07-31,T002,SKU01063,49,548.80
2025-07-31,T002,SKU01070,54,383.40
2025-07-31,T002,SKU01077,36,169.20
2025-07-31,T002,SKU01084,54,345.60
2025-07-31,T002,SKU01091,104,322.40
2025-07-31,T002,SKU01098,30,57.00
2025-07-31,T002,SKU01105,51,198.90
2025-07-31,T002,SKU01112,79,240.95
2025-07-31,T002,SKU01119,27,59.40
2025-07-31,T002,SKU01126,58,1241.20
2025-07-31,T002,SKU01133,40,772.00
2025-07-31,T002,SKU01140,46,193.20
2025-07-31,T002,SKU01147,60,318.00
2025-07-31,T002,SKU01154,65,455.00
2025-07-31,T002,SKU01161,48,1075.20
2025-07-31,T002,SKU01168,62,179.80
2025-07-31,T002,SKU01175,52,132.60
2025-07-31,T002,SKU01196,32,156.80
2025-07-31,T002,SKU01203,51,306.00
2025-07-31,T002,SKU01210,43,9.46
2025-07-31,T002,SKU01217,70,637.00
2025-07-31,T002,SKU01224,70,476.00
2025-07-31,T002,SKU01231,69,648.60
2025-07-31,T002,SKU01245,37,725.20
2025-07-31,T002,SKU01259,67,951.40
2025-07-31,T002,SKU01266,67,757.10
2025-07-31,T002,SKU01273,47,324.30
2025-07-31,T002,SKU01280,64,1606.40
2025-07-31,T002,SKU01287,27,167.40
2025-07-31,T002,SKU01294,40,136.00
2025-07-31,T002,SKU01301,45,738.00
2025-07-31,T002,SKU01308,54,491.40
2025-07-31,T002,SKU01315,59,230.10
2025-07-31,T002,SKU01322,51,744.60
2025-07-31,T002,SKU01329,41,287.00
2025-07-31,T002,SKU01336,30,156.00
2025-07-31,T002,SKU01343,76,820.80
2025-07-31,T002,SKU01350,45,355.50
2025-07-31,T002,SKU01357,32,89.60
2025-07-31,T003,SKU01007,56,198.80
2025-07-31,T003,SKU01014,97,397.70
2025-07-31,T003,SKU01021,27,82.35
2025-07-31,T003,SKU01028,89,396.05
2025-07-31,T003,SKU01035,131,707.40
2025-07-31,T003,SKU01042,82,578.10
2025-07-31,T003,SKU01049,94,507.60
2025-07-31,T003,SKU01063,104,1164.80
2025-07-31,T003,SKU01070,61,433.10
2025-07-31,T003,SKU01077,87,408.90
2025-07-31,T003,SKU01084,115,736.00
2025-07-31,T003,SKU01091,77,238.70
2025-07-31,T003,SKU01098,49,93.10
2025-07-31,T003,SKU01105,93,362.70
2025-07-31,T003,SKU01112,157,478.85
2025-07-31,T003,SKU01119,146,321.20
2025-07-31,T003,SKU01126,91,1947.40
2025-07-31,T003,SKU01133,89,1717.70
2025-07-31,T003,SKU01140,48,201.60
2025-07-31,T003,SKU01147,129,683.70
2025-07-31,T003,SKU01168,49,142.10
2025-07-31,T003,SKU01175,82,209.10
2025-07-31,T003,SKU01182,16,57.60
2025-07-31,T003,SKU01189,32,44.80
2025-07-31,T003,SKU01196,118,578.20
2025-07-31,T003,SKU01203,106,636.00
2025-07-31,T003,SKU01210,123,27.06
2025-07-31,T003,SKU01217,222,2020.20
2025-07-31,T003,SKU01224,107,727.60
2025-07-31,T003,SKU01231,179,1682.60
2025-07-31,T003,SKU01238,69,959.10
2025-07-31,T003,SKU01245,111,2175.60
2025-07-31,T003,SKU01252,64,985.60
2025-07-31,T003,SKU01259,60,852.00
2025-07-31,T003,SKU01266,83,937.90
2025-07-31,T003,SKU01273,117,807.30
2025-07-31,T003,SKU01280,22,552.20
2025-07-31,T003,SKU01287,101,626.20
2025-07-31,T003,SKU01294,74,251.60
2025-07-31,T003,SKU01301,103,1689.20
2025-07-31,T003,SKU01308,123,1119.30
2025-07-31,T003,SKU01315,76,296.40
2025-07-31,T003,SKU01322,88,1284.80
2025-07-31,T003,SKU01329,42,294.00
2025-07-31,T003,SKU01336,88,457.60
2025-07-31,T003,SKU01343,112,1209.60
2025-07-31,T003,SKU01350,78,616.20
2025-07-31,T003,SKU01357,128,358.40
2025-07-31,T004,SKU01007,46,163.30
2025-07-31,T004,SKU01014,24,98.40
2025-07-31,T004,SKU01021,38,115.90
2025-07-31,T004,SKU01028,55,244.75
2025-07-31,T004,SKU01042,61,430.05
2025-07-31,T004,SKU01049,47,253.80
2025-07-31,T004,SKU01056,42,390.60
2025-07-31,T004,SKU01063,47,526.40
2025-07-31,T004,SKU01070,72,511.20
2025-07-31,T004,SKU01077,27,126.90
2025-07-31,T004,SKU01084,52,332.80
2025-07-31,T004,SKU01091,51,158.10
2025-07-31,T004,SKU01098,56,106.40
2025-07-31,T004,SKU01105,69,269.10
2025-07-31,T004,SKU01126,10,214.00
2025-07-31,T004,SKU01133,68,1312.40
2025-07-31,T004,SKU01140,79,331.80
2025-07-31,T004,SKU01147,37,196.10
2025-07-31,T004,SKU01154,20,140.00
2025-07-31,T004,SKU01161,40,896.00
2025-07-31,T004,SKU01175,57,145.35
2025-07-31,T004,SKU01182,42,151.20
2025-07-31,T004,SKU01189,23,32.20
2025-07-31,T004,SKU01196,55,269.50
2025-07-31,T004,SKU01203,5,30.00
2025-07-31,T004,SKU01210,44,9.68
2025-07-31,T004,SKU01217,48,436.80
2025-07-31,T004,SKU01224,78,530.40
2025-07-31,T004,SKU01231,59,554.60
2025-07-31,T004,SKU01238,40,556.00
2025-07-31,T004,SKU01245,46,901.60
2025-07-31,T004,SKU01252,48,739.20
2025-07-31,T004,SKU01259,55,781.00
2025-07-31,T004,SKU01273,29,200.10
2025-07-31,T004,SKU01280,38,953.80
2025-07-31,T004,SKU01287,26,161.20
2025-07-31,T004,SKU01294,67,227.80
2025-07-31,T004,SKU01308,86,782.60
2025-07-31,T004,SKU01315,63,245.70
2025-07-31,T004,SKU01329,84,588.00
2025-07-31,T004,SKU01336,18,93.60
2025-07-31,T004,SKU01343,49,529.20
2025-07-31,T004,SKU01350,56,442.40
2025-07-31,T004,SKU01357,51,142.80
2025-07-31,T005,SKU01007,159,564.45
2025-07-31,T005,SKU01014,138,565.80
2025-07-31,T005,SKU01021,31,94.55
2025-07-31,T005,SKU01049,135,729.00
2025-07-31,T005,SKU01056,104,967.20
2025-07-31,T005,SKU01063,111,1243.20
2025-07-31,T005,SKU01070,59,418.90
2025-07-31,T005,SKU01077,98,460.60
2025-07-31,T005,SKU01084,54,345.60
2025-07-31,T005,SKU01091,87,269.70
2025-07-31,T005,SKU01112,8,24.40
2025-07-31,T005,SKU01119,111,244.20
2025-07-31,T005,SKU01126,44,941.60
2025-07-31,T005,SKU01133,98,1891.40
2025-07-31,T005,SKU01140,63,264.60
2025-07-31,T005,SKU01147,103,545.90
2025-07-31,T005,SKU01168,54,156.60
2025-07-31,T005,SKU01175,80,204.00
2025-07-31,T005,SKU01182,76,273.60
2025-07-31,T005,SKU01189,36,50.40
2025-07-31,T005,SKU01196,121,592.90
2025-07-31,T005,SKU01203,113,678.00
2025-07-31,T005,SKU01210,96,21.12
2025-07-31,T005,SKU01217,87,791.70
2025-07-31,T005,SKU01231,86,808.40
2025-07-31,T005,SKU01238,106,1473.40
2025-07-31,T005,SKU01245,20,392.00
2025-07-31,T005,SKU01252,57,877.80
2025-07-31,T005,SKU01259,127,1803.40
2025-07-31,T005,SKU01266,70,791.00
2025-07-31,T005,SKU01273,120,828.00
2025-07-31,T005,SKU01280,104,2610.40
2025-07-31,T005,SKU01287,171,1060.20
2025-07-31,T005,SKU01294,18,61.20
2025-07-31,T005,SKU01301,89,1459.60
2025-07-31,T005,SKU01308,94,855.40
2025-07-31,T005,SKU01315,73,284.70
2025-07-31,T005,SKU01322,44,642.40
2025-07-31,T005,SKU01329,81,567.00
2025-07-31,T005,SKU01343,54,583.20
2025-07-31,T005,SKU01350,112,884.80
2025-07-31,T005,SKU01357,130,364.00
2025-07-31,T006,SKU01007,26,92.30
2025-07-31,T006,SKU01014,14,57.40
2025-07-31,T006,SKU01021,45,137.25
2025-07-31,T006,SKU01028,39,173.55
2025-07-31,T006,SKU01035,34,183.60
2025-07-31,T006,SKU01042,23,162.15
2025-07-31,T006,SKU01056,29,269.70
2025-07-31,T006,SKU01063,80,896.00
2025-07-31,T006,SKU01070,12,85.20
2025-07-31,T006,SKU01077,4,18.80
2025-07-31,T006,SKU01091,30,93.00
2025-07-31,T006,SKU01098,64,121.60
2025-07-31,T006,SKU01105,72,280.80
2025-07-31,T006,SKU01112,66,201.30
2025-07-31,T006,SKU01119,31,68.20
2025-07-31,T006,SKU01126,30,642.00
2025-07-31,T006,SKU01133,43,829.90
2025-07-31,T006,SKU01140,38,159.60
2025-07-31,T006,SKU01147,67,355.10
2025-07-31,T006,SKU01161,83,1859.20
2025-07-31,T006,SKU01175,71,181.05
2025-07-31,T006,SKU01182,19,68.40
2025-07-31,T006,SKU01189,59,82.60
2025-07-31,T006,SKU01196,36,176.40
2025-07-31,T006,SKU01203,28,168.00
2025-07-31,T006,SKU01210,46,10.12
2025-07-31,T006,SKU01217,53,482.30
2025-07-31,T006,SKU01224,31,210.80
2025-07-31,T006,SKU01231,49,460.60
2025-07-31,T006,SKU01245,62,1215.20
2025-07-31,T006,SKU01252,48,739.20
2025-07-31,T006,SKU01259,40,568.00
2025-07-31,T006,SKU01266,90,1017.00
2025-07-31,T006,SKU01273,44,303.60
2025-07-31,T006,SKU01280,34,853.40
2025-07-31,T006,SKU01294,26,88.40
2025-07-31,T006,SKU01301,57,934.80
2025-07-31,T006,SKU01308,49,445.90
2025-07-31,T006,SKU01315,47,183.30
2025-07-31,T006,SKU01322,51,744.60
2025-07-31,T006,SKU01329,22,154.00
2025-07-31,T006,SKU01336,63,327.60
2025-07-31,T006,SKU01343,31,334.80
2025-07-31,T006,SKU01357,12,33.60
2025-07-31,T007,SKU01007,39,138.45
2025-07-31,T007,SKU01021,75,228.75
2025-07-31,T007,SKU01028,68,302.60
2025-07-31,T007,SKU01035,66,356.40
2025-07-31,T007,SKU01042,62,437.10
2025-07-31,T007,SKU01049,37,199.80
2025-07-31,T007,SKU01056,62,576.60
2025-07-31,T007,SKU01070,34,241.40
2025-07-31,T007,SKU01084,32,204.80
2025-07-31,T007,SKU01091,15,46.50
2025-07-31,T007,SKU01098,29,55.10
2025-07-31,T007,SKU01105,74,288.60
2025-07-31,T007,SKU01119,33,72.60
2025-07-31,T007,SKU01126,24,513.60
2025-07-31,T007,SKU01133,49,945.70
2025-07-31,T007,SKU01140,38,159.60
2025-07-31,T007,SKU01147,51,270.30
2025-07-31,T007,SKU01154,46,322.00
2025-07-31,T007,SKU01161,60,1344.00
2025-07-31,T007,SKU01168,55,159.50
2025-07-31,T007,SKU01182,33,118.80
2025-07-31,T007,SKU01196,63,308.70
2025-07-31,T007,SKU01203,57,342.00
2025-07-31,T007,SKU01210,43,9.46
2025-07-31,T007,SKU01217,61,555.10
2025-07-31,T007,SKU01224,58,394.40
2025-07-31,T007,SKU01238,51,708.90
2025-07-31,T007,SKU01245,29,568.40
2025-07-31,T007,SKU01252,28,431.20
2025-07-31,T007,SKU01259,61,866.20
2025-07-31,T007,SKU01266,40,452.00
2025-07-31,T007,SKU01273,48,331.20
2025-07-31,T007,SKU01280,98,2459.80
2025-07-31,T007,SKU01287,49,303.80
2025-07-31,T007,SKU01294,52,176.80
2025-07-31,T007,SKU01308,42,382.20
2025-07-31,T007,SKU01315,45,175.50
2025-07-31,T007,SKU01322,51,744.60
2025-07-31,T007,SKU01329,77,539.00
2025-07-31,T007,SKU01336,19,98.80
2025-07-31,T007,SKU01343,23,248.40
2025-07-31,T007,SKU01350,33,260.70
2025-07-31,T007,SKU01357,18,50.40
2025-07-31,T008,SKU01014,56,229.60
2025-07-31,T008,SKU01021,70,213.50
2025-07-31,T008,SKU01028,113,502.85
2025-07-31,T008,SKU01035,0,0.00
2025-07-31,T008,SKU01042,84,592.20
2025-07-31,T008,SKU01049,116,626.40
2025-07-31,T008,SKU01056,140,1302.00
2025-07-31,T008,SKU01063,55,616.00
2025-07-31,T008,SKU01070,13,92.30
2025-07-31,T008,SKU01077,136,639.20
2025-07-31,T008,SKU01084,69,441.60
2025-07-31,T008,SKU01098,118,224.20
2025-07-31,T008,SKU01105,71,276.90
2025-07-31,T008,SKU01112,101,308.05
2025-07-31,T008,SKU01119,24,52.80
2025-07-31,T008,SKU01126,130,2782.00
2025-07-31,T008,SKU01133,72,1389.60
2025-07-31,T008,SKU01140,110,462.00
2025-07-31,T008,SKU01154,105,735.00
2025-07-31,T008,SKU01161,131,2934.40
2025-07-31,T008,SKU01168,34,98.60
2025-07-31,T008,SKU01175,103,262.65
2025-07-31,T008,SKU01182,164,590.40
2025-07-31,T008,SKU01189,134,187.60
2025-07-31,T008,SKU01196,74,362.60
2025-07-31,T008,SKU01203,127,762.00
2025-07-31,T008,SKU01210,104,22.88
2025-07-31,T008,SKU01217,64,582.40
2025-07-31,T008,SKU01224,145,986.00
2025-07-31,T008,SKU01231,99,930.60
2025-07-31,T008,SKU01238,55,764.50
2025-07-31,T008,SKU01245,123,2410.80
2025-07-31,T008,SKU01252,121,1863.40
2025-07-31,T008,SKU01259,59,837.80
2025-07-31,T008,SKU01273,133,917.70
2025-07-31,T008,SKU01287,70,434.00
2025-07-31,T008,SKU01294,98,333.20
2025-07-31,T008,SKU01301,17,278.80
2025-07-31,T008,SKU01308,84,764.40
2025-07-31,T008,SKU01315,73,284.70
2025-07-31,T008,SKU01322,100,1460.00
2025-07-31,T008,SKU01329,9,63.00
2025-07-31,T008,SKU01336,66,343.20
2025-07-31,T008,SKU01343,113,1220.40
2025-07-31,T008,SKU01350,149,1177.10
2025-07-31,T008,SKU01357,2,5.60
2025-07-31,T009,SKU01007,41,145.55
2025-07-31,T009,SKU01014,66,270.60
2025-07-31,T009,SKU01021,82,250.10
2025-07-31,T009,SKU01028,53,235.85
2025-07-31,T009,SKU01035,33,178.20
2025-07-31,T009,SKU01042,49,345.45
2025-07-31,T009,SKU01049,87,469.80
2025-07-31,T009,SKU01056,12,111.60
2025-07-31,T009,SKU01063,29,324.80
2025-07-31,T009,SKU01070,35,248.50
2025-07-31,T009,SKU01077,69,324.30
2025-07-31,T009,SKU01084,71,454.40
2025-07-31,T009,SKU01091,0,0.00
2025-07-31,T009,SKU01105,68,265.20
2025-07-31,T009,SKU01112,41,125.05
2025-07-31,T009,SKU01119,27,59.40
2025-07-31,T009,SKU01126,25,535.00
2025-07-31,T009,SKU01133,53,1022.90
2025-07-31,T009,SKU01140,53,222.60
2025-07-31,T009,SKU01147,1,5.30
2025-07-31,T009,SKU01154,43,301.00
2025-07-31,T009,SKU01161,17,380.80
2025-07-31,T009,SKU01168,68,197.20
2025-07-31,T009,SKU01175,16,40.80
2025-07-31,T009,SKU01182,70,252.00
2025-07-31,T009,SKU01189,48,67.20
2025-07-31,T009,SKU01196,60,294.00
2025-07-31,T009,SKU01203,28,168.00
2025-07-31,T009,SKU01210,13,2.86
2025-07-31,T009,SKU01217,58,527.80
2025-07-31,T009,SKU01224,47,319.60
2025-07-31,T009,SKU01231,45,423.00
2025-07-31,T009,SKU01238,54,750.60
2025-07-31,T009,SKU01252,44,677.60
2025-07-31,T009,SKU01259,69,979.80
2025-07-31,T009,SKU01266,46,519.80
2025-07-31,T009,SKU01273,55,379.50
2025-07-31,T009,SKU01287,59,365.80
2025-07-31,T009,SKU01294,46,156.40
2025-07-31,T009,SKU01301,58,951.20
2025-07-31,T009,SKU01308,37,336.70
2025-07-31,T009,SKU01315,21,81.90
2025-07-31,T009,SKU01322,52,759.20
2025-07-31,T009,SKU01329,50,350.00
2025-07-31,T009,SKU01336,35,182.00
2025-07-31,T009,SKU01343,34,367.20
2025-07-31,T009,SKU01357,54,151.20
2025-07-31,T010,SKU01007,124,440.20
2025-07-31,T010,SKU01014,115,471.50
2025-07-31,T010,SKU01021,27,82.35
2025-07-31,T010,SKU01028,142,631.90
2025-07-31,T010,SKU01035,68,367.20
2025-07-31,T010,SKU01042,145,1022.25
2025-07-31,T010,SKU01049,110,594.00
2025-07-31,T010,SKU01063,54,604.80
2025-07-31,T010,SKU01077,112,526.40
2025-07-31,T010,SKU01084,158,1011.20
2025-07-31,T010,SKU01091,102,316.20
2025-07-31,T010,SKU01098,104,197.60
2025-07-31,T010,SKU01112,98,298.90
2025-07-31,T010,SKU01119,59,129.80
2025-07-31,T010,SKU01126,17,363.80
2025-07-31,T010,SKU01133,90,1737.00
2025-07-31,T010,SKU01147,154,816.20
2025-07-31,T010,SKU01154,117,819.00
2025-07-31,T010,SKU01161,121,2710.40
2025-07-31,T010,SKU01168,145,420.50
2025-07-31,T010,SKU01175,81,206.55
2025-07-31,T010,SKU01182,162,583.20
2025-07-31,T010,SKU01189,131,183.40
2025-07-31,T010,SKU01196,93,455.70
2025-07-31,T010,SKU01203,24,144.00
2025-07-31,T010,SKU01210,143,31.46
2025-07-31,T010,SKU01224,87,591.60
2025-07-31,T010,SKU01231,120,1128.00
2025-07-31,T010,SKU01245,29,568.40
2025-07-31,T010,SKU01252,64,985.60
2025-07-31,T010,SKU01266,106,1197.80
2025-07-31,T010,SKU01273,117,807.30
2025-07-31,T010,SKU01280,30,753.00
2025-07-31,T010,SKU01287,99,613.80
2025-07-31,T010,SKU01294,81,275.40
2025-07-31,T010,SKU01301,25,410.00
2025-07-31,T010,SKU01308,126,1146.60
2025-07-31,T010,SKU01315,49,191.10
2025-07-31,T010,SKU01322,173,2525.80
2025-07-31,T010,SKU01336,114,592.80
2025-07-31,T010,SKU01343,124,1339.20
2025-07-31,T010,SKU01350,107,845.30
2025-07-31,T011,SKU01007,29,102.95
2025-07-31,T011,SKU01014,35,143.50
2025-07-31,T011,SKU01021,47,143.35
2025-07-31,T011,SKU01028,55,244.75
2025-07-31,T011,SKU01042,33,232.65
2025-07-31,T011,SKU01049,44,237.60
2025-07-31,T011,SKU01056,31,288.30
2025-07-31,T011,SKU01063,37,414.40
2025-07-31,T011,SKU01077,56,263.20
2025-07-31,T011,SKU01084,36,230.40
2025-07-31,T011,SKU01091,33,102.30
2025-07-31,T011,SKU01098,0,0.00
2025-07-31,T011,SKU01105,58,226.20
2025-07-31,T011,SKU01112,62,189.10
2025-07-31,T011,SKU01119,72,158.40
2025-07-31,T011,SKU01126,20,428.00
2025-07-31,T011,SKU01133,76,1466.80
2025-07-31,T011,SKU01140,46,193.20
2025-07-31,T011,SKU01147,55,291.50
2025-07-31,T011,SKU01154,28,196.00
2025-07-31,T011,SKU01161,97,2172.80
2025-07-31,T011,SKU01168,37,107.30
2025-07-31,T011,SKU01175,29,73.95
2025-07-31,T011,SKU01182,19,68.40
2025-07-31,T011,SKU01189,27,37.80
2025-07-31,T011,SKU01196,55,269.50
2025-07-31,T011,SKU01203,26,156.00
2025-07-31,T011,SKU01210,34,7.48
2025-07-31,T011,SKU01217,32,291.20
2025-07-31,T011,SKU01224,51,346.80
2025-07-31,T011,SKU01231,30,282.00
2025-07-31,T011,SKU01238,37,514.30
2025-07-31,T011,SKU01245,25,490.00
2025-07-31,T011,SKU01252,0,0.00
2025-07-31,T011,SKU01259,35,497.00
2025-07-31,T011,SKU01273,44,303.60
2025-07-31,T011,SKU01280,49,1229.90
2025-07-31,T011,SKU01287,43,266.60
2025-07-31,T011,SKU01294,1,3.40
2025-07-31,T011,SKU01301,51,836.40
2025-07-31,T011,SKU01308,15,136.50
2025-07-31,T011,SKU01315,42,163.80
2025-07-31,T011,SKU01322,45,657.00
2025-07-31,T011,SKU01329,68,476.00
2025-07-31,T011,SKU01336,14,72.80
2025-07-31,T011,SKU01343,0,0.00
2025-07-31,T011,SKU01350,81,639.90
2025-07-31,T012,SKU01007,59,209.45
2025-07-31,T012,SKU01014,30,123.00
2025-07-31,T012,SKU01021,28,85.40
2025-07-31,T012,SKU01028,54,240.30
2025-07-31,T012,SKU01035,46,248.40
2025-07-31,T012,SKU01042,46,324.30
2025-07-31,T012,SKU01049,25,135.00
2025-07-31,T012,SKU01056,78,725.40
2025-07-31,T012,SKU01063,73,817.60
2025-07-31,T012,SKU01077,13,61.10
2025-07-31,T012,SKU01084,32,204.80
2025-07-31,T012,SKU01105,47,183.30
2025-07-31,T012,SKU01112,16,48.80
2025-07-31,T012,SKU01119,36,79.20
2025-07-31,T012,SKU01126,67,1433.80
2025-07-31,T012,SKU01133,35,675.50
2025-07-31,T012,SKU01140,4,16.80
2025-07-31,T012,SKU01147,42,222.60
2025-07-31,T012,SKU01154,68,476.00
2025-07-31,T012,SKU01161,72,1612.80
2025-07-31,T012,SKU01168,24,69.60
2025-07-31,T012,SKU01175,52,132.60
2025-07-31,T012,SKU01189,28,39.20
2025-07-31,T012,SKU01196,71,347.90
2025-07-31,T012,SKU01210,49,10.78
2025-07-31,T012,SKU01217,52,473.20
2025-07-31,T012,SKU01224,55,374.00
2025-07-31,T012,SKU01231,42,394.80
2025-07-31,T012,SKU01238,48,667.20
2025-07-31,T012,SKU01245,53,1038.80
2025-07-31,T012,SKU01252,0,0.00
2025-07-31,T012,SKU01259,33,468.60
2025-07-31,T012,SKU01266,83,937.90
2025-07-31,T012,SKU01273,76,524.40
2025-07-31,T012,SKU01280,16,401.60
2025-07-31,T012,SKU01287,45,279.00
2025-07-31,T012,SKU01294,76,258.40
2025-07-31,T012,SKU01308,30,273.00
2025-07-31,T012,SKU01315,28,109.20
2025-07-31,T012,SKU01322,45,657.00
2025-07-31,T012,SKU01329,52,364.00
2025-07-31,T012,SKU01336,47,244.40
2025-07-31,T012,SKU01343,55,594.00
2025-07-31,T012,SKU01350,56,442.40
2025-07-31,T012,SKU01357,24,67.20
2025-08-31,T001,SKU01007,47,166.85
2025-08-31,T001,SKU01014,80,328.00
2025-08-31,T001,SKU01021,87,265.35
2025-08-31,T001,SKU01028,77,342.65
2025-08-31,T001,SKU01035,92,496.80
2025-08-31,T001,SKU01042,118,831.90
2025-08-31,T001,SKU01056,140,1302.00
2025-08-31,T001,SKU01063,72,806.40
2025-08-31,T001,SKU01070,151,1072.10
2025-08-31,T001,SKU01077,38,178.60
2025-08-31,T001,SKU01091,108,334.80
2025-08-31,T001,SKU01098,78,148.20
2025-08-31,T001,SKU01105,140,546.00
2025-08-31,T001,SKU01112,134,408.70
2025-08-31,T001,SKU01119,53,116.60
2025-08-31,T001,SKU01126,139,2974.60
2025-08-31,T001,SKU01133,39,752.70
2025-08-31,T001,SKU01147,50,265.00
2025-08-31,T001,SKU01154,91,637.00
2025-08-31,T001,SKU01161,62,1388.80
2025-08-31,T001,SKU01168,141,408.90
2025-08-31,T001,SKU01175,51,130.05
2025-08-31,T001,SKU01182,100,360.00
2025-08-31,T001,SKU01189,116,162.40
2025-08-31,T001,SKU01196,0,0.00
2025-08-31,T001,SKU01203,94,564.00
2025-08-31,T001,SKU01210,84,18.48
2025-08-31,T001,SKU01224,93,632.40
2025-08-31,T001,SKU01231,84,789.60
2025-08-31,T001,SKU01238,134,1862.60
2025-08-31,T001,SKU01245,95,1862.00
2025-08-31,T001,SKU01252,133,2048.20
2025-08-31,T001,SKU01259,151,2144.20
2025-08-31,T001,SKU01266,48,542.40
2025-08-31,T001,SKU01273,96,662.40
2025-08-31,T001,SKU01280,54,1355.40
2025-08-31,T001,SKU01287,88,545.60
2025-08-31,T001,SKU01294,106,360.40
2025-08-31,T001,SKU01301,58,951.20
2025-08-31,T001,SKU01308,88,800.80
2025-08-31,T001,SKU01315,124,483.60
2025-08-31,T001,SKU01322,106,1547.60
2025-08-31,T001,SKU01329,59,413.00
2025-08-31,T001,SKU01336,101,525.20
2025-08-31,T001,SKU01343,55,594.00
2025-08-31,T001,SKU01350,80,632.00
2025-08-31,T001,SKU01357,154,431.20
2025-08-31,T002,SKU01007,53,188.15
2025-08-31,T002,SKU01014,74,303.40
2025-08-31,T002,SKU01028,36,160.20
2025-08-31,T002,SKU01035,59,318.60
2025-08-31,T002,SKU01042,22,155.10
2025-08-31,T002,SKU01049,30,162.00
2025-08-31,T002,SKU01056,48,446.40
2025-08-31,T002,SKU01063,53,593.60
2025-08-31,T002,SKU01070,22,156.20
2025-08-31,T002,SKU01077,72,338.40
2025-08-31,T002,SKU01084,42,268.80
2025-08-31,T002,SKU01091,41,127.10
2025-08-31,T002,SKU01098,31,58.90
2025-08-31,T002,SKU01105,57,222.30
2025-08-31,T002,SKU01112,33,100.65
2025-08-31,T002,SKU01119,47,103.40
2025-08-31,T002,SKU01126,43,920.20
2025-08-31,T002,SKU01133,54,1042.20
2025-08-31,T002,SKU01140,40,168.00
2025-08-31,T002,SKU01147,57,302.10
2025-08-31,T002,SKU01168,0,0.00
2025-08-31,T002,SKU01175,70,178.50
2025-08-31,T002,SKU01182,24,86.40
2025-08-31,T002,SKU01189,51,71.40
2025-08-31,T002,SKU01196,67,328.30
2025-08-31,T002,SKU01203,0,0.00
2025-08-31,T002,SKU01210,6,1.32
2025-08-31,T002,SKU01217,46,418.60
2025-08-31,T002,SKU01224,35,238.00
2025-08-31,T002,SKU01231,46,432.40
2025-08-31,T002,SKU01238,37,514.30
2025-08-31,T002,SKU01245,51,999.60
2025-08-31,T002,SKU01252,65,1001.00
2025-08-31,T002,SKU01259,90,1278.00
2025-08-31,T002,SKU01266,38,429.40
2025-08-31,T002,SKU01273,19,131.10
2025-08-31,T002,SKU01280,54,1355.40
2025-08-31,T002,SKU01287,63,390.60
2025-08-31,T002,SKU01294,46,156.40
2025-08-31,T002,SKU01301,48,787.20
2025-08-31,T002,SKU01308,40,364.00
2025-08-31,T002,SKU01315,13,50.70
2025-08-31,T002,SKU01322,61,890.60
2025-08-31,T002,SKU01329,45,315.00
2025-08-31,T002,SKU01343,41,442.80
2025-08-31,T002,SKU01350,38,300.20
2025-08-31,T002,SKU01357,68,190.40
2025-08-31,T003,SKU01014,148,606.80
2025-08-31,T003,SKU01028,64,284.80
2025-08-31,T003,SKU01035,137,739.80
2025-08-31,T003,SKU01042,128,902.40
2025-08-31,T003,SKU01049,86,464.40
2025-08-31,T003,SKU01056,94,874.20
2025-08-31,T003,SKU01063,82,918.40
2025-08-31,T003,SKU01077,61,286.70
2025-08-31,T003,SKU01084,150,960.00
2025-08-31,T003,SKU01091,76,235.60
2025-08-31,T003,SKU01098,17,32.30
2025-08-31,T003,SKU01105,69,269.10
2025-08-31,T003,SKU01112,40,122.00
2025-08-31,T003,SKU01126,40,856.00
2025-08-31,T003,SKU01133,146,2817.80
2025-08-31,T003,SKU01140,93,390.60
2025-08-31,T003,SKU01147,129,683.70
2025-08-31,T003,SKU01154,69,483.00
2025-08-31,T003,SKU01161,186,4166.40
2025-08-31,T003,SKU01168,126,365.40
2025-08-31,T003,SKU01175,120,306.00
2025-08-31,T003,SKU01182,61,219.60
2025-08-31,T003,SKU01196,43,210.70
2025-08-31,T003,SKU01203,5,30.00
2025-08-31,T003,SKU01217,109,991.90
2025-08-31,T003,SKU01231,141,1325.40
2025-08-31,T003,SKU01238,42,583.80
2025-08-31,T003,SKU01245,68,1332.80
2025-08-31,T003,SKU01252,97,1493.80
2025-08-31,T003,SKU01259,72,1022.40
2025-08-31,T003,SKU01266,86,971.80
2025-08-31,T003,SKU01273,100,690.00
2025-08-31,T003,SKU01280,72,1807.20
2025-08-31,T003,SKU01287,73,452.60
2025-08-31,T003,SKU01301,66,1082.40
2025-08-31,T003,SKU01308,31,282.10
2025-08-31,T003,SKU01315,27,105.30
2025-08-31,T003,SKU01322,49,715.40
2025-08-31,T003,SKU01329,46,322.00
2025-08-31,T003,SKU01336,138,717.60
2025-08-31,T003,SKU01343,55,594.00
2025-08-31,T003,SKU01350,59,466.10
2025-08-31,T003,SKU01357,158,442.40
2025-08-31,T004,SKU01007,46,163.30
2025-08-31,T004,SKU01014,50,205.00
2025-08-31,T004,SKU01021,42,128.10
2025-08-31,T004,SKU01028,53,235.85
2025-08-31,T004,SKU01035,43,232.20
2025-08-31,T004,SKU01042,58,408.90
2025-08-31,T004,SKU01049,34,183.60
2025-08-31,T004,SKU01056,59,548.70
2025-08-31,T004,SKU01063,35,392.00
2025-08-31,T004,SKU01070,46,326.60
2025-08-31,T004,SKU01077,71,333.70
2025-08-31,T004,SKU01084,31,198.40
2025-08-31,T004,SKU01091,43,133.30
2025-08-31,T004,SKU01105,58,226.20
2025-08-31,T004,SKU01112,35,106.75
2025-08-31,T004,SKU01126,43,920.20
2025-08-31,T004,SKU01133,16,308.80
2025-08-31,T004,SKU01140,43,180.60
2025-08-31,T004,SKU01147,22,116.60
2025-08-31,T004,SKU01154,47,329.00
2025-08-31,T004,SKU01161,29,649.60
2025-08-31,T004,SKU01168,65,188.50
2025-08-31,T004,SKU01175,43,109.65
2025-08-31,T004,SKU01189,54,75.60
2025-08-31,T004,SKU01196,23,112.70
2025-08-31,T004,SKU01203,62,372.00
2025-08-31,T004,SKU01210,25,5.50
2025-08-31,T004,SKU01217,66,600.60
2025-08-31,T004,SKU01224,52,353.60
2025-08-31,T004,SKU01231,68,639.20
2025-08-31,T004,SKU01238,55,764.50
2025-08-31,T004,SKU01245,83,1626.80
2025-08-31,T004,SKU01252,31,477.40
2025-08-31,T004,SKU01259,29,411.80
2025-08-31,T004,SKU01266,48,542.40
2025-08-31,T004,SKU01273,85,586.50
2025-08-31,T004,SKU01287,67,415.40
2025-08-31,T004,SKU01294,54,183.60
2025-08-31,T004,SKU01301,64,1049.60
2025-08-31,T004,SKU01315,34,132.60
2025-08-31,T004,SKU01322,30,438.00
2025-08-31,T004,SKU01329,48,336.00
2025-08-31,T004,SKU01336,40,208.00
2025-08-31,T004,SKU01343,45,486.00
2025-08-31,T004,SKU01350,14,110.60
2025-08-31,T004,SKU01357,53,148.40
2025-08-31,T005,SKU01014,58,237.80
2025-08-31,T005,SKU01021,82,250.10
2025-08-31,T005,SKU01028,79,351.55
2025-08-31,T005,SKU01035,82,442.80
2025-08-31,T005,SKU01042,75,528.75
2025-08-31,T005,SKU01049,44,237.60
2025-08-31,T005,SKU01063,95,1064.00
2025-08-31,T005,SKU01070,88,624.80
2025-08-31,T005,SKU01077,61,286.70
2025-08-31,T005,SKU01084,54,345.60
2025-08-31,T005,SKU01091,152,471.20
2025-08-31,T005,SKU01105,16,62.40
2025-08-31,T005,SKU01112,62,189.10
2025-08-31,T005,SKU01126,146,3124.40
2025-08-31,T005,SKU01133,122,2354.60
2025-08-31,T005,SKU01140,29,121.80
2025-08-31,T005,SKU01147,5,26.50
2025-08-31,T005,SKU01154,170,1190.00
2025-08-31,T005,SKU01161,111,2486.40
2025-08-31,T005,SKU01168,81,234.90
2025-08-31,T005,SKU01175,50,127.50
2025-08-31,T005,SKU01189,60,84.00
2025-08-31,T005,SKU01196,110,539.00
2025-08-31,T005,SKU01210,43,9.46
2025-08-31,T005,SKU01217,43,391.30
2025-08-31,T005,SKU01224,50,340.00
2025-08-31,T005,SKU01231,85,799.00
2025-08-31,T005,SKU01238,94,1306.60
2025-08-31,T005,SKU01252,99,1524.60
2025-08-31,T005,SKU01259,115,1633.00
2025-08-31,T005,SKU01280,102,2560.20
2025-08-31,T005,SKU01287,92,570.40
2025-08-31,T005,SKU01294,32,108.80
2025-08-31,T005,SKU01301,109,1787.60
2025-08-31,T005,SKU01308,69,627.90
2025-08-31,T005,SKU01315,95,370.50
2025-08-31,T005,SKU01322,81,1182.60
2025-08-31,T005,SKU01329,113,791.00
2025-08-31,T005,SKU01336,154,800.80
2025-08-31,T005,SKU01343,51,550.80
2025-08-31,T005,SKU01350,108,853.20
2025-08-31,T005,SKU01357,53,148.40
2025-08-31,T006,SKU01007,51,181.05
2025-08-31,T006,SKU01014,69,282.90
2025-08-31,T006,SKU01021,41,125.05
2025-08-31,T006,SKU01035,58,313.20
2025-08-31,T006,SKU01042,3,21.15
2025-08-31,T006,SKU01049,16,86.40
2025-08-31,T006,SKU01056,15,139.50
2025-08-31,T006,SKU01077,53,249.10
2025-08-31,T006,SKU01091,0,0.00
2025-08-31,T006,SKU01098,14,26.60
2025-08-31,T006,SKU01105,63,245.70
2025-08-31,T006,SKU01112,81,247.05
2025-08-31,T006,SKU01119,56,123.20
2025-08-31,T006,SKU01126,50,1070.00
2025-08-31,T006,SKU01133,29,559.70
2025-08-31,T006,SKU01140,38,159.60
2025-08-31,T006,SKU01147,57,302.10
2025-08-31,T006,SKU01154,32,224.00
2025-08-31,T006,SKU01168,34,98.60
2025-08-31,T006,SKU01175,80,204.00
2025-08-31,T006,SKU01182,41,147.60
2025-08-31,T006,SKU01189,77,107.80
2025-08-31,T006,SKU01196,37,181.30
2025-08-31,T006,SKU01203,54,324.00
2025-08-31,T006,SKU01210,71,15.62
2025-08-31,T006,SKU01231,30,282.00
2025-08-31,T006,SKU01238,62,861.80
2025-08-31,T006,SKU01245,69,1352.40
2025-08-31,T006,SKU01252,77,1185.80
2025-08-31,T006,SKU01259,42,596.40
2025-08-31,T006,SKU01266,66,745.80
2025-08-31,T006,SKU01273,41,282.90
2025-08-31,T006,SKU01280,12,301.20
2025-08-31,T006,SKU01287,73,452.60
2025-08-31,T006,SKU01294,28,95.20
2025-08-31,T006,SKU01301,34,557.60
2025-08-31,T006,SKU01308,85,773.50
2025-08-31,T006,SKU01315,46,179.40
2025-08-31,T006,SKU01329,25,175.00
2025-08-31,T006,SKU01336,30,156.00
2025-08-31,T006,SKU01343,33,356.40
2025-08-31,T006,SKU01350,43,339.70
2025-08-31,T006,SKU01357,9,25.20
2025-08-31,T007,SKU01007,14,49.70
2025-08-31,T007,SKU01014,49,200.90
2025-08-31,T007,SKU01021,75,228.75
2025-08-31,T007,SKU01028,35,155.75
2025-08-31,T007,SKU01035,59,318.60
2025-08-31,T007,SKU01049,46,248.40
2025-08-31,T007,SKU01056,60,558.00
2025-08-31,T007,SKU01063,34,380.80
2025-08-31,T007,SKU01070,97,688.70
2025-08-31,T007,SKU01077,36,169.20
2025-08-31,T007,SKU01084,46,294.40
2025-08-31,T007,SKU01091,60,186.00
2025-08-31,T007,SKU01098,77,146.30
2025-08-31,T007,SKU01105,59,230.10
2025-08-31,T007,SKU01112,47,143.35
2025-08-31,T007,SKU01119,48,105.60
2025-08-31,T007,SKU01126,23,492.20
2025-08-31,T007,SKU01133,17,328.10
2025-08-31,T007,SKU01147,59,312.70
2025-08-31,T007,SKU01154,59,413.00
2025-08-31,T007,SKU01161,40,896.00
2025-08-31,T007,SKU01168,72,208.80
2025-08-31,T007,SKU01175,51,130.05
2025-08-31,T007,SKU01189,46,64.40
2025-08-31,T007,SKU01196,72,352.80
2025-08-31,T007,SKU01203,48,288.00
2025-08-31,T007,SKU01210,42,9.24
2025-08-31,T007,SKU01217,48,436.80
2025-08-31,T007,SKU01231,24,225.60
2025-08-31,T007,SKU01238,87,1209.30
2025-08-31,T007,SKU01245,53,1038.80
2025-08-31,T007,SKU01252,6,92.40
2025-08-31,T007,SKU01259,54,766.80
2025-08-31,T007,SKU01266,45,508.50
2025-08-31,T007,SKU01280,13,326.30
2025-08-31,T007,SKU01287,33,204.60
2025-08-31,T007,SKU01294,26,88.40
2025-08-31,T007,SKU01301,40,656.00
2025-08-31,T007,SKU01308,45,409.50
2025-08-31,T007,SKU01315,30,117.00
2025-08-31,T007,SKU01322,7,102.20
2025-08-31,T007,SKU01329,68,476.00
2025-08-31,T007,SKU01343,74,799.20
2025-08-31,T007,SKU01350,31,244.90
2025-08-31,T007,SKU01357,41,114.80
2025-08-31,T008,SKU01007,163,578.65
2025-08-31,T008,SKU01014,131,537.10
2025-08-31,T008,SKU01021,176,536.80
2025-08-31,T008,SKU01028,92,409.40
2025-08-31,T008,SKU01042,41,289.05
2025-08-31,T008,SKU01049,110,594.00
2025-08-31,T008,SKU01056,104,967.20
2025-08-31,T008,SKU01063,49,548.80
2025-08-31,T008,SKU01070,54,383.40
2025-08-31,T008,SKU01084,133,851.20
2025-08-31,T008,SKU01091,68,210.80
2025-08-31,T008,SKU01098,88,167.20
2025-08-31,T008,SKU01105,84,327.60
2025-08-31,T008,SKU01112,71,216.55
2025-08-31,T008,SKU01119,61,134.20
2025-08-31,T008,SKU01126,29,620.60
2025-08-31,T008,SKU01133,124,2393.20
2025-08-31,T008,SKU01140,115,483.00
2025-08-31,T008,SKU01147,99,524.70
2025-08-31,T008,SKU01154,68,476.00
2025-08-31,T008,SKU01168,116,336.40
2025-08-31,T008,SKU01175,46,117.30
2025-08-31,T008,SKU01182,117,421.20
2025-08-31,T008,SKU01189,105,147.00
2025-08-31,T008,SKU01196,40,196.00
2025-08-31,T008,SKU01203,98,588.00
2025-08-31,T008,SKU01210,60,13.20
2025-08-31,T008,SKU01217,86,782.60
2025-08-31,T008,SKU01224,78,530.40
2025-08-31,T008,SKU01231,88,827.20
2025-08-31,T008,SKU01238,106,1473.40
2025-08-31,T008,SKU01245,110,2156.00
2025-08-31,T008,SKU01252,116,1786.40
2025-08-31,T008,SKU01259,88,1249.60
2025-08-31,T008,SKU01266,50,565.00
2025-08-31,T008,SKU01273,118,814.20
2025-08-31,T008,SKU01280,77,1932.70
2025-08-31,T008,SKU01287,121,750.20
2025-08-31,T008,SKU01294,61,207.40
2025-08-31,T008,SKU01308,190,1729.00
2025-08-31,T008,SKU01315,86,335.40
2025-08-31,T008,SKU01322,104,1518.40
2025-08-31,T008,SKU01329,45,315.00
2025-08-31,T008,SKU01336,129,670.80
2025-08-31,T008,SKU01343,50,540.00
2025-08-31,T008,SKU01350,26,205.40
2025-08-31,T008,SKU01357,88,246.40
2025-08-31,T009,SKU01007,41,145.55
2025-08-31,T009,SKU01014,40,164.00
2025-08-31,T009,SKU01021,75,228.75
2025-08-31,T009,SKU01028,82,364.90
2025-08-31,T009,SKU01035,48,259.20
2025-08-31,T009,SKU01042,36,253.80
2025-08-31,T009,SKU01049,65,351.00
2025-08-31,T009,SKU01056,47,437.10
2025-08-31,T009,SKU01063,53,593.60
2025-08-31,T009,SKU01070,46,326.60
2025-08-31,T009,SKU01091,47,145.70
2025-08-31,T009,SKU01105,73,284.70
2025-08-31,T009,SKU01112,34,103.70
2025-08-31,T009,SKU01119,32,70.40
2025-08-31,T009,SKU01133,23,443.90
2025-08-31,T009,SKU01140,44,184.80
2025-08-31,T009,SKU01154,61,427.00
2025-08-31,T009,SKU01161,51,1142.40
2025-08-31,T009,SKU01168,66,191.40
2025-08-31,T009,SKU01175,51,130.05
2025-08-31,T009,SKU01182,26,93.60
2025-08-31,T009,SKU01189,63,88.20
2025-08-31,T009,SKU01196,19,93.10
2025-08-31,T009,SKU01203,38,228.00
2025-08-31,T009,SKU01210,79,17.38
2025-08-31,T009,SKU01217,56,509.60
2025-08-31,T009,SKU01224,37,251.60
2025-08-31,T009,SKU01231,18,169.20
2025-08-31,T009,SKU01238,40,556.00
2025-08-31,T009,SKU01245,50,980.00
2025-08-31,T009,SKU01252,38,585.20
2025-08-31,T009,SKU01259,23,326.60
2025-08-31,T009,SKU01266,49,553.70
2025-08-31,T009,SKU01273,41,282.90
2025-08-31,T009,SKU01280,18,451.80
2025-08-31,T009,SKU01287,47,291.40
2025-08-31,T009,SKU01294,48,163.20
2025-08-31,T009,SKU01301,14,229.60
2025-08-31,T009,SKU01308,26,236.60
2025-08-31,T009,SKU01329,42,294.00
2025-08-31,T009,SKU01336,46,239.20
2025-08-31,T009,SKU01343,51,550.80
2025-08-31,T009,SKU01350,73,576.70
2025-08-31,T009,SKU01357,56,156.80
2025-08-31,T010,SKU01014,0,0.00
2025-08-31,T010,SKU01028,29,129.05
2025-08-31,T010,SKU01035,92,496.80
2025-08-31,T010,SKU01042,65,458.25
2025-08-31,T010,SKU01049,149,804.60
2025-08-31,T010,SKU01056,81,753.30
2025-08-31,T010,SKU01063,149,1668.80
2025-08-31,T010,SKU01077,159,747.30
2025-08-31,T010,SKU01084,136,870.40
2025-08-31,T010,SKU01112,49,149.45
2025-08-31,T010,SKU01119,67,147.40
2025-08-31,T010,SKU01126,46,984.40
2025-08-31,T010,SKU01133,105,2026.50
2025-08-31,T010,SKU01140,73,306.60
2025-08-31,T010,SKU01147,78,413.40
2025-08-31,T010,SKU01154,36,252.00
2025-08-31,T010,SKU01161,87,1948.80
2025-08-31,T010,SKU01168,123,356.70
2025-08-31,T010,SKU01175,77,196.35
2025-08-31,T010,SKU01182,23,82.80
2025-08-31,T010,SKU01189,101,141.40
2025-08-31,T010,SKU01196,77,377.30
2025-08-31,T010,SKU01203,113,678.00
2025-08-31,T010,SKU01210,97,21.34
2025-08-31,T010,SKU01217,117,1064.70
2025-08-31,T010,SKU01224,51,346.80
2025-08-31,T010,SKU01231,198,1861.20
2025-08-31,T010,SKU01238,97,1348.30
2025-08-31,T010,SKU01245,94,1842.40
2025-08-31,T010,SKU01252,46,708.40
2025-08-31,T010,SKU01259,121,1718.20
2025-08-31,T010,SKU01266,150,1695.00
2025-08-31,T010,SKU01273,67,462.30
2025-08-31,T010,SKU01280,61,1531.10
2025-08-31,T010,SKU01287,119,737.80
2025-08-31,T010,SKU01294,88,299.20
2025-08-31,T010,SKU01301,29,475.60
2025-08-31,T010,SKU01308,80,728.00
2025-08-31,T010,SKU01315,65,253.50
2025-08-31,T010,SKU01329,82,574.00
2025-08-31,T010,SKU01336,36,187.20
2025-08-31,T010,SKU01343,128,1382.40
2025-08-31,T010,SKU01350,101,797.90
2025-08-31,T010,SKU01357,133,372.40
2025-08-31,T011,SKU01007,52,184.60
2025-08-31,T011,SKU01021,32,97.60
2025-08-31,T011,SKU01028,43,191.35
2025-08-31,T011,SKU01035,39,210.60
2025-08-31,T011,SKU01042,28,197.40
2025-08-31,T011,SKU01049,25,135.00
2025-08-31,T011,SKU01056,55,511.50
2025-08-31,T011,SKU01063,53,593.60
2025-08-31,T011,SKU01070,65,461.50
2025-08-31,T011,SKU01077,59,277.30
2025-08-31,T011,SKU01091,13,40.30
2025-08-31,T011,SKU01098,42,79.80
2025-08-31,T011,SKU01119,39,85.80
2025-08-31,T011,SKU01126,59,1262.60
2025-08-31,T011,SKU01133,54,1042.20
2025-08-31,T011,SKU01140,85,357.00
2025-08-31,T011,SKU01147,19,100.70
2025-08-31,T011,SKU01154,46,322.00
2025-08-31,T011,SKU01168,40,116.00
2025-08-31,T011,SKU01182,52,187.20
2025-08-31,T011,SKU01189,54,75.60
2025-08-31,T011,SKU01196,67,328.30
2025-08-31,T011,SKU01203,0,0.00
2025-08-31,T011,SKU01210,69,15.18
2025-08-31,T011,SKU01217,34,309.40
2025-08-31,T011,SKU01231,45,423.00
2025-08-31,T011,SKU01238,79,1098.10
2025-08-31,T011,SKU01245,6,117.60
2025-08-31,T011,SKU01252,47,723.80
2025-08-31,T011,SKU01259,47,667.40
2025-08-31,T011,SKU01266,53,598.90
2025-08-31,T011,SKU01273,35,241.50
2025-08-31,T011,SKU01287,47,291.40
2025-08-31,T011,SKU01301,72,1180.80
2025-08-31,T011,SKU01308,34,309.40
2025-08-31,T011,SKU01315,32,124.80
2025-08-31,T011,SKU01322,46,671.60
2025-08-31,T011,SKU01336,44,228.80
2025-08-31,T011,SKU01343,31,334.80
2025-08-31,T011,SKU01357,18,50.40
2025-08-31,T012,SKU01007,40,142.00
2025-08-31,T012,SKU01014,0,0.00
2025-08-31,T012,SKU01021,56,170.80
2025-08-31,T012,SKU01028,35,155.75
2025-08-31,T012,SKU01035,62,334.80
2025-08-31,T012,SKU01042,82,578.10
2025-08-31,T012,SKU01049,50,270.00
2025-08-31,T012,SKU01056,76,706.80
2025-08-31,T012,SKU01063,47,526.40
2025-08-31,T012,SKU01070,36,255.60
2025-08-31,T012,SKU01077,31,145.70
2025-08-31,T012,SKU01084,48,307.20
2025-08-31,T012,SKU01091,16,49.60
2025-08-31,T012,SKU01098,43,81.70
2025-08-31,T012,SKU01105,50,195.00
2025-08-31,T012,SKU01112,19,57.95
2025-08-31,T012,SKU01119,44,96.80
2025-08-31,T012,SKU01126,59,1262.60
2025-08-31,T012,SKU01133,26,501.80
2025-08-31,T012,SKU01140,45,189.00
2025-08-31,T012,SKU01147,44,233.20
2025-08-31,T012,SKU01154,42,294.00
2025-08-31,T012,SKU01161,53,1187.20
2025-08-31,T012,SKU01168,36,104.40
2025-08-31,T012,SKU01175,41,104.55
2025-08-31,T012,SKU01182,75,270.00
2025-08-31,T012,SKU01189,51,71.40
2025-08-31,T012,SKU01196,49,240.10
2025-08-31,T012,SKU01203,48,288.00
2025-08-31,T012,SKU01210,29,6.38
2025-08-31,T012,SKU01217,61,555.10
2025-08-31,T012,SKU01224,31,210.80
2025-08-31,T012,SKU01231,25,235.00
2025-08-31,T012,SKU01238,57,792.30
2025-08-31,T012,SKU01245,18,352.80
2025-08-31,T012,SKU01252,55,847.00
2025-08-31,T012,SKU01259,51,724.20
2025-08-31,T012,SKU01266,26,293.80
2025-08-31,T012,SKU01273,14,96.60
2025-08-31,T012,SKU01280,72,1807.20
2025-08-31,T012,SKU01287,66,409.20
2025-08-31,T012,SKU01294,53,180.20
2025-08-31,T012,SKU01301,51,836.40
2025-08-31,T012,SKU01308,18,163.80
2025-08-31,T012,SKU01315,49,191.10
2025-08-31,T012,SKU01322,48,700.80
2025-08-31,T012,SKU01329,25,175.00
2025-08-31,T012,SKU01336,15,78.00
2025-08-31,T012,SKU01343,48,518.40
2025-08-31,T012,SKU01350,29,229.10
2025-08-31,T012,SKU01357,20,56.00
2025-09-30,T001,SKU01007,154,546.70
2025-09-30,T001,SKU01014,67,274.70
2025-09-30,T001,SKU01021,196,597.80
2025-09-30,T001,SKU01028,139,618.55
2025-09-30,T001,SKU01035,76,410.40
2025-09-30,T001,SKU01049,102,550.80
2025-09-30,T001,SKU01056,139,1292.70
2025-09-30,T001,SKU01063,121,1355.20
2025-09-30,T001,SKU01070,103,731.30
2025-09-30,T001,SKU01077,41,192.70
2025-09-30,T001,SKU01084,68,435.20
2025-09-30,T001,SKU01091,140,434.00
2025-09-30,T001,SKU01098,114,216.60
2025-09-30,T001,SKU01105,45,175.50
2025-09-30,T001,SKU01112,120,366.00
2025-09-30,T001,SKU01119,67,147.40
2025-09-30,T001,SKU01126,127,2717.80
2025-09-30,T001,SKU01133,111,2142.30
2025-09-30,T001,SKU01140,117,491.40
2025-09-30,T001,SKU01147,160,848.00
2025-09-30,T001,SKU01154,102,714.00
2025-09-30,T001,SKU01161,85,1904.00
2025-09-30,T001,SKU01168,79,229.10
2025-09-30,T001,SKU01175,146,372.30
2025-09-30,T001,SKU01182,83,298.80
2025-09-30,T001,SKU01189,5,7.00
2025-09-30,T001,SKU01196,44,215.60
2025-09-30,T001,SKU01203,119,714.00
2025-09-30,T001,SKU01210,127,27.94
2025-09-30,T001,SKU01217,106,964.60
2025-09-30,T001,SKU01224,97,659.60
2025-09-30,T001,SKU01231,129,1212.60
2025-09-30,T001,SKU01238,106,1473.40
2025-09-30,T001,SKU01245,127,2489.20
2025-09-30,T001,SKU01252,60,924.00
2025-09-30,T001,SKU01259,55,781.00
2025-09-30,T001,SKU01266,119,1344.70
2025-09-30,T001,SKU01280,51,1280.10
2025-09-30,T001,SKU01287,113,700.60
2025-09-30,T001,SKU01294,56,190.40
2025-09-30,T001,SKU01301,68,1115.20
2025-09-30,T001,SKU01308,46,418.60
2025-09-30,T001,SKU01315,103,401.70
2025-09-30,T001,SKU01329,26,182.00
2025-09-30,T001,SKU01336,16,83.20
2025-09-30,T001,SKU01343,181,1954.80
2025-09-30,T001,SKU01350,120,948.00
2025-09-30,T001,SKU01357,104,291.20
2025-09-30,T002,SKU01007,32,113.60
2025-09-30,T002,SKU01021,21,64.05
2025-09-30,T002,SKU01035,55,297.00
2025-09-30,T002,SKU01056,3,27.90
2025-09-30,T002,SKU01063,67,750.40
2025-09-30,T002,SKU01070,32,227.20
2025-09-30,T002,SKU01077,66,310.20
2025-09-30,T002,SKU01084,98,627.20
2025-09-30,T002,SKU01091,38,117.80
2025-09-30,T002,SKU01098,21,39.90
2025-09-30,T002,SKU01105,50,195.00
2025-09-30,T002,SKU01112,53,161.65
2025-09-30,T002,SKU01119,80,176.00
2025-09-30,T002,SKU01126,82,1754.80
2025-09-30,T002,SKU01133,54,1042.20
2025-09-30,T002,SKU01140,54,226.80
2025-09-30,T002,SKU01147,47,249.10
2025-09-30,T002,SKU01154,32,224.00
2025-09-30,T002,SKU01182,47,169.20
2025-09-30,T002,SKU01189,43,60.20
2025-09-30,T002,SKU01196,40,196.00
2025-09-30,T002,SKU01203,60,360.00
2025-09-30,T002,SKU01210,62,13.64
2025-09-30,T002,SKU01217,62,564.20
2025-09-30,T002,SKU01224,18,122.40
2025-09-30,T002,SKU01231,27,253.80
2025-09-30,T002,SKU01238,72,1000.80
2025-09-30,T002,SKU01245,47,921.20
2025-09-30,T002,SKU01259,19,269.80
2025-09-30,T002,SKU01273,33,227.70
2025-09-30,T002,SKU01280,36,903.60
2025-09-30,T002,SKU01294,53,180.20
2025-09-30,T002,SKU01301,68,1115.20
2025-09-30,T002,SKU01308,30,273.00
2025-09-30,T002,SKU01315,44,171.60
2025-09-30,T002,SKU01322,64,934.40
2025-09-30,T002,SKU01329,25,175.00
2025-09-30,T002,SKU01336,39,202.80
2025-09-30,T002,SKU01343,43,464.40
2025-09-30,T002,SKU01350,43,339.70
2025-09-30,T002,SKU01357,35,98.00
2025-09-30,T003,SKU01014,128,524.80
2025-09-30,T003,SKU01021,138,420.90
2025-09-30,T003,SKU01028,115,511.75
2025-09-30,T003,SKU01035,71,383.40
2025-09-30,T003,SKU01042,83,585.15
2025-09-30,T003,SKU01049,117,631.80
2025-09-30,T003,SKU01056,87,809.10
2025-09-30,T003,SKU01063,0,0.00
2025-09-30,T003,SKU01070,153,1086.30
2025-09-30,T003,SKU01077,25,117.50
2025-09-30,T003,SKU01084,89,569.60
2025-09-30,T003,SKU01091,85,263.50
2025-09-30,T003,SKU01112,0,0.00
2025-09-30,T003,SKU01119,132,290.40
2025-09-30,T003,SKU01126,69,1476.60
2025-09-30,T003,SKU01133,108,2084.40
2025-09-30,T003,SKU01140,149,625.80
2025-09-30,T003,SKU01147,45,238.50
2025-09-30,T003,SKU01154,59,413.00
2025-09-30,T003,SKU01161,67,1500.80
2025-09-30,T003,SKU01168,98,284.20
2025-09-30,T003,SKU01175,76,193.80
2025-09-30,T003,SKU01182,61,219.60
2025-09-30,T003,SKU01189,54,75.60
2025-09-30,T003,SKU01196,113,553.70
2025-09-30,T003,SKU01203,118,708.00
2025-09-30,T003,SKU01217,22,200.20
2025-09-30,T003,SKU01224,124,843.20
2025-09-30,T003,SKU01231,98,921.20
2025-09-30,T003,SKU01238,66,917.40
2025-09-30,T003,SKU01245,125,2450.00
2025-09-30,T003,SKU01252,41,631.40
2025-09-30,T003,SKU01259,85,1207.00
2025-09-30,T003,SKU01273,88,607.20
2025-09-30,T003,SKU01280,20,502.00
2025-09-30,T003,SKU01287,73,452.60
2025-09-30,T003,SKU01294,57,193.80
2025-09-30,T003,SKU01308,86,782.60
2025-09-30,T003,SKU01322,81,1182.60
2025-09-30,T003,SKU01350,90,711.00
2025-09-30,T004,SKU01007,48,170.40
2025-09-30,T004,SKU01014,35,143.50
2025-09-30,T004,SKU01021,54,164.70
2025-09-30,T004,SKU01028,11,48.95
2025-09-30,T004,SKU01042,14,98.70
2025-09-30,T004,SKU01049,5,27.00
2025-09-30,T004,SKU01056,68,632.40
2025-09-30,T004,SKU01063,2,22.40
2025-09-30,T004,SKU01070,59,418.90
2025-09-30,T004,SKU01084,35,224.00
2025-09-30,T004,SKU01091,74,229.40
2025-09-30,T004,SKU01098,27,51.30
2025-09-30,T004,SKU01105,55,214.50
2025-09-30,T004,SKU01112,60,183.00
2025-09-30,T004,SKU01119,58,127.60
2025-09-30,T004,SKU01126,29,620.60
2025-09-30,T004,SKU01133,92,1775.60
2025-09-30,T004,SKU01140,0,0.00
2025-09-30,T004,SKU01147,20,106.00
2025-09-30,T004,SKU01154,46,322.00
2025-09-30,T004,SKU01161,37,828.80
2025-09-30,T004,SKU01175,42,107.10
2025-09-30,T004,SKU01182,0,0.00
2025-09-30,T004,SKU01189,53,74.20
2025-09-30,T004,SKU01196,18,88.20
2025-09-30,T004,SKU01217,34,309.40
2025-09-30,T004,SKU01224,64,435.20
2025-09-30,T004,SKU01231,72,676.80
2025-09-30,T004,SKU01238,26,361.40
2025-09-30,T004,SKU01245,73,1430.80
2025-09-30,T004,SKU01252,32,492.80
2025-09-30,T004,SKU01259,54,766.80
2025-09-30,T004,SKU01266,25,282.50
2025-09-30,T004,SKU01280,23,577.30
2025-09-30,T004,SKU01287,43,266.60
2025-09-30,T004,SKU01294,46,156.40
2025-09-30,T004,SKU01301,38,623.20
2025-09-30,T004,SKU01308,34,309.40
2025-09-30,T004,SKU01315,30,117.00
2025-09-30,T004,SKU01322,62,905.20
2025-09-30,T004,SKU01329,54,378.00
2025-09-30,T004,SKU01343,13,140.40
2025-09-30,T004,SKU01350,49,387.10
2025-09-30,T004,SKU01357,34,95.20
2025-09-30,T005,SKU01007,111,394.05
2025-09-30,T005,SKU01014,35,143.50
2025-09-30,T005,SKU01021,109,332.45
2025-09-30,T005,SKU01028,61,271.45
2025-09-30,T005,SKU01035,18,97.20
2025-09-30,T005,SKU01042,143,1008.15
2025-09-30,T005,SKU01049,71,383.40
2025-09-30,T005,SKU01063,107,1198.40
2025-09-30,T005,SKU01070,65,461.50
2025-09-30,T005,SKU01077,110,517.00
2025-09-30,T005,SKU01084,90,576.00
2025-09-30,T005,SKU01091,111,344.10
2025-09-30,T005,SKU01098,94,178.60
2025-09-30,T005,SKU01105,103,401.70
2025-09-30,T005,SKU01112,102,311.10
2025-09-30,T005,SKU01119,132,290.40
2025-09-30,T005,SKU01126,131,2803.40
2025-09-30,T005,SKU01133,80,1544.00
2025-09-30,T005,SKU01140,76,319.20
2025-09-30,T005,SKU01147,95,503.50
2025-09-30,T005,SKU01154,34,238.00
2025-09-30,T005,SKU01161,128,2867.20
2025-09-30,T005,SKU01168,61,176.90
2025-09-30,T005,SKU01175,18,45.90
2025-09-30,T005,SKU01182,93,334.80
2025-09-30,T005,SKU01189,41,57.40
2025-09-30,T005,SKU01196,69,338.10
2025-09-30,T005,SKU01203,139,834.00
2025-09-30,T005,SKU01210,88,19.36
2025-09-30,T005,SKU01217,85,773.50
2025-09-30,T005,SKU01224,98,666.40
2025-09-30,T005,SKU01231,23,216.20
2025-09-30,T005,SKU01245,95,1862.00
2025-09-30,T005,SKU01252,60,924.00
2025-09-30,T005,SKU01259,61,866.20
2025-09-30,T005,SKU01266,132,1491.60
2025-09-30,T005,SKU01273,128,883.20
2025-09-30,T005,SKU01280,98,2459.80
2025-09-30,T005,SKU01294,112,380.80
2025-09-30,T005,SKU01301,66,1082.40
2025-09-30,T005,SKU01308,48,436.80
2025-09-30,T005,SKU01315,73,284.70
2025-09-30,T005,SKU01322,47,686.20
2025-09-30,T005,SKU01329,110,770.00
2025-09-30,T005,SKU01336,45,234.00
2025-09-30,T005,SKU01343,137,1479.60
2025-09-30,T005,SKU01350,122,963.80
2025-09-30,T005,SKU01357,1,2.80
2025-09-30,T006,SKU01007,40,142.00
2025-09-30,T006,SKU01014,24,98.40
2025-09-30,T006,SKU01021,45,137.25
2025-09-30,T006,SKU01028,45,200.25
2025-09-30,T006,SKU01035,35,189.00
2025-09-30,T006,SKU01042,77,542.85
2025-09-30,T006,SKU01049,80,432.00
2025-09-30,T006,SKU01056,11,102.30
2025-09-30,T006,SKU01063,0,0.00
2025-09-30,T006,SKU01077,40,188.00
2025-09-30,T006,SKU01084,41,262.40
2025-09-30,T006,SKU01091,65,201.50
2025-09-30,T006,SKU01098,49,93.10
2025-09-30,T006,SKU01112,29,88.45
2025-09-30,T006,SKU01119,61,134.20
2025-09-30,T006,SKU01126,27,577.80
2025-09-30,T006,SKU01133,76,1466.80
2025-09-30,T006,SKU01140,27,113.40
2025-09-30,T006,SKU01147,56,296.80
2025-09-30,T006,SKU01154,24,168.00
2025-09-30,T006,SKU01161,36,806.40
2025-09-30,T006,SKU01168,14,40.60
2025-09-30,T006,SKU01175,71,181.05
2025-09-30,T006,SKU01182,52,187.20
2025-09-30,T006,SKU01189,63,88.20
2025-09-30,T006,SKU01196,84,411.60
2025-09-30,T006,SKU01203,19,114.00
2025-09-30,T006,SKU01210,27,5.94
2025-09-30,T006,SKU01224,53,360.40
2025-09-30,T006,SKU01231,37,347.80
2025-09-30,T006,SKU01238,49,681.10
2025-09-30,T006,SKU01245,24,470.40
2025-09-30,T006,SKU01252,48,739.20
2025-09-30,T006,SKU01259,46,653.20
2025-09-30,T006,SKU01266,78,881.40
2025-09-30,T006,SKU01273,32,220.80
2025-09-30,T006,SKU01280,68,1706.80
2025-09-30,T006,SKU01287,35,217.00
2025-09-30,T006,SKU01294,32,108.80
2025-09-30,T006,SKU01301,48,787.20
2025-09-30,T006,SKU01308,35,318.50
2025-09-30,T006,SKU01315,25,97.50
2025-09-30,T006,SKU01322,33,481.80
2025-09-30,T006,SKU01329,48,336.00
2025-09-30,T006,SKU01336,41,213.20
2025-09-30,T006,SKU01343,74,799.20
2025-09-30,T006,SKU01350,53,418.70
2025-09-30,T007,SKU01007,58,205.90
2025-09-30,T007,SKU01014,29,118.90
2025-09-30,T007,SKU01021,50,152.50
2025-09-30,T007,SKU01035,60,324.00
2025-09-30,T007,SKU01042,57,401.85
2025-09-30,T007,SKU01049,15,81.00
2025-09-30,T007,SKU01056,67,623.10
2025-09-30,T007,SKU01063,14,156.80
2025-09-30,T007,SKU01070,52,369.20
2025-09-30,T007,SKU01077,34,159.80
2025-09-30,T007,SKU01084,57,364.80
2025-09-30,T007,SKU01091,57,176.70
2025-09-30,T007,SKU01098,24,45.60
2025-09-30,T007,SKU01105,79,308.10
2025-09-30,T007,SKU01112,46,140.30
2025-09-30,T007,SKU01119,0,0.00
2025-09-30,T007,SKU01126,23,492.20
2025-09-30,T007,SKU01133,54,1042.20
2025-09-30,T007,SKU01140,34,142.80
2025-09-30,T007,SKU01147,22,116.60
2025-09-30,T007,SKU01154,89,623.00
2025-09-30,T007,SKU01161,70,1568.00
2025-09-30,T007,SKU01168,41,118.90
2025-09-30,T007,SKU01175,53,135.15
2025-09-30,T007,SKU01182,60,216.00
2025-09-30,T007,SKU01189,49,68.60
2025-09-30,T007,SKU01196,81,396.90
2025-09-30,T007,SKU01203,67,402.00
2025-09-30,T007,SKU01210,63,13.86
2025-09-30,T007,SKU01217,44,400.40
2025-09-30,T007,SKU01224,8,54.40
2025-09-30,T007,SKU01231,61,573.40
2025-09-30,T007,SKU01238,42,583.80
2025-09-30,T007,SKU01245,33,646.80
2025-09-30,T007,SKU01252,56,862.40
2025-09-30,T007,SKU01259,83,1178.60
2025-09-30,T007,SKU01266,50,565.00
2025-09-30,T007,SKU01273,34,234.60
2025-09-30,T007,SKU01280,38,953.80
2025-09-30,T007,SKU01294,56,190.40
2025-09-30,T007,SKU01301,49,803.60
2025-09-30,T007,SKU01308,65,591.50
2025-09-30,T007,SKU01315,20,78.00
2025-09-30,T007,SKU01322,37,540.20
2025-09-30,T007,SKU01329,5,35.00
2025-09-30,T007,SKU01336,82,426.40
2025-09-30,T007,SKU01343,58,626.40
2025-09-30,T007,SKU01350,32,252.80
2025-09-30,T007,SKU01357,37,103.60
2025-09-30,T008,SKU01007,65,230.75
2025-09-30,T008,SKU01014,59,241.90
2025-09-30,T008,SKU01021,59,179.95
2025-09-30,T008,SKU01035,118,637.20
2025-09-30,T008,SKU01042,78,549.90
2025-09-30,T008,SKU01070,74,525.40
2025-09-30,T008,SKU01077,91,427.70
2025-09-30,T008,SKU01084,63,403.20
2025-09-30,T008,SKU01091,189,585.90
2025-09-30,T008,SKU01098,68,129.20
2025-09-30,T008,SKU01105,114,444.60
2025-09-30,T008,SKU01112,81,247.05
2025-09-30,T008,SKU01119,62,136.40
2025-09-30,T008,SKU01126,136,2910.40
2025-09-30,T008,SKU01133,61,1177.30
2025-09-30,T008,SKU01140,80,336.00
2025-09-30,T008,SKU01147,78,413.40
2025-09-30,T008,SKU01154,49,343.00
2025-09-30,T008,SKU01161,61,1366.40
2025-09-30,T008,SKU01168,64,185.60
2025-09-30,T008,SKU01182,200,720.00
2025-09-30,T008,SKU01189,92,128.80
2025-09-30,T008,SKU01196,202,989.80
2025-09-30,T008,SKU01203,56,336.00
2025-09-30,T008,SKU01210,100,22.00
2025-09-30,T008,SKU01217,65,591.50
2025-09-30,T008,SKU01224,59,401.20
2025-09-30,T008,SKU01231,89,836.60
2025-09-30,T008,SKU01238,36,500.40
2025-09-30,T008,SKU01245,61,1195.60
2025-09-30,T008,SKU01252,115,1771.00
2025-09-30,T008,SKU01259,49,695.80
2025-09-30,T008,SKU01266,110,1243.00
2025-09-30,T008,SKU01273,52,358.80
2025-09-30,T008,SKU01280,34,853.40
2025-09-30,T008,SKU01287,88,545.60
2025-09-30,T008,SKU01294,92,312.80
2025-09-30,T008,SKU01301,64,1049.60
2025-09-30,T008,SKU01308,140,1274.00
2025-09-30,T008,SKU01315,81,315.90
2025-09-30,T008,SKU01322,147,2146.20
2025-09-30,T008,SKU01336,145,754.00
2025-09-30,T008,SKU01343,145,1566.00
2025-09-30,T008,SKU01350,65,513.50
2025-09-30,T008,SKU01357,21,58.80
2025-09-30,T009,SKU01007,69,244.95
2025-09-30,T009,SKU01014,30,123.00
2025-09-30,T009,SKU01021,35,106.75
2025-09-30,T009,SKU01028,61,271.45
2025-09-30,T009,SKU01035,36,194.40
2025-09-30,T009,SKU01042,47,331.35
2025-09-30,T009,SKU01049,48,259.20
2025-09-30,T009,SKU01056,48,446.40
2025-09-30,T009,SKU01063,20,224.00
2025-09-30,T009,SKU01070,7,49.70
2025-09-30,T009,SKU01077,20,94.00
2025-09-30,T009,SKU01084,39,249.60
2025-09-30,T009,SKU01091,41,127.10
2025-09-30,T009,SKU01098,48,91.20
2025-09-30,T009,SKU01105,46,179.40
2025-09-30,T009,SKU01119,32,70.40
2025-09-30,T009,SKU01126,43,920.20
2025-09-30,T009,SKU01133,67,1293.10
2025-09-30,T009,SKU01140,67,281.40
2025-09-30,T009,SKU01147,31,164.30
2025-09-30,T009,SKU01154,56,392.00
2025-09-30,T009,SKU01161,69,1545.60
2025-09-30,T009,SKU01168,46,133.40
2025-09-30,T009,SKU01175,69,175.95
2025-09-30,T009,SKU01182,36,129.60
2025-09-30,T009,SKU01189,55,77.00
2025-09-30,T009,SKU01196,54,264.60
2025-09-30,T009,SKU01203,31,186.00
2025-09-30,T009,SKU01210,37,8.14
2025-09-30,T009,SKU01224,35,238.00
2025-09-30,T009,SKU01231,60,564.00
2025-09-30,T009,SKU01238,53,736.70
2025-09-30,T009,SKU01245,51,999.60
2025-09-30,T009,SKU01259,68,965.60
2025-09-30,T009,SKU01273,51,351.90
2025-09-30,T009,SKU01280,0,0.00
2025-09-30,T009,SKU01287,35,217.00
2025-09-30,T009,SKU01294,36,122.40
2025-09-30,T009,SKU01301,54,885.60
2025-09-30,T009,SKU01308,30,273.00
2025-09-30,T009,SKU01315,33,128.70
2025-09-30,T009,SKU01322,58,846.80
2025-09-30,T009,SKU01329,43,301.00
2025-09-30,T009,SKU01336,16,83.20
2025-09-30,T009,SKU01343,51,550.80
2025-09-30,T009,SKU01350,21,165.90
2025-09-30,T009,SKU01357,56,156.80
2025-09-30,T010,SKU01007,87,308.85
2025-09-30,T010,SKU01014,102,418.20
2025-09-30,T010,SKU01021,86,262.30
2025-09-30,T010,SKU01035,172,928.80
2025-09-30,T010,SKU01056,63,585.90
2025-09-30,T010,SKU01063,45,504.00
2025-09-30,T010,SKU01070,74,525.40
2025-09-30,T010,SKU01077,17,79.90
2025-09-30,T010,SKU01084,106,678.40
2025-09-30,T010,SKU01091,66,204.60
2025-09-30,T010,SKU01098,109,207.10
2025-09-30,T010,SKU01105,95,370.50
2025-09-30,T010,SKU01112,87,265.35
2025-09-30,T010,SKU01119,49,107.80
2025-09-30,T010,SKU01126,43,920.20
2025-09-30,T010,SKU01133,59,1138.70
2025-09-30,T010,SKU01140,54,226.80
2025-09-30,T010,SKU01147,79,418.70
2025-09-30,T010,SKU01154,102,714.00
2025-09-30,T010,SKU01161,149,3337.60
2025-09-30,T010,SKU01168,62,179.80
2025-09-30,T010,SKU01175,83,211.65
2025-09-30,T010,SKU01182,126,453.60
2025-09-30,T010,SKU01189,35,49.00
2025-09-30,T010,SKU01196,56,274.40
2025-09-30,T010,SKU01203,110,660.00
2025-09-30,T010,SKU01210,88,19.36
2025-09-30,T010,SKU01217,65,591.50
2025-09-30,T010,SKU01224,106,720.80
2025-09-30,T010,SKU01231,146,1372.40
2025-09-30,T010,SKU01245,126,2469.60
2025-09-30,T010,SKU01252,174,2679.60
2025-09-30,T010,SKU01259,69,979.80
2025-09-30,T010,SKU01266,18,203.40
2025-09-30,T010,SKU01280,89,2233.90
2025-09-30,T010,SKU01287,74,458.80
2025-09-30,T010,SKU01294,119,404.60
2025-09-30,T010,SKU01301,0,0.00
2025-09-30,T010,SKU01308,49,445.90
2025-09-30,T010,SKU01315,71,276.90
2025-09-30,T010,SKU01322,46,671.60
2025-09-30,T010,SKU01329,0,0.00
2025-09-30,T010,SKU01350,86,679.40
2025-09-30,T010,SKU01357,87,243.60
2025-09-30,T011,SKU01007,63,223.65
2025-09-30,T011,SKU01014,65,266.50
2025-09-30,T011,SKU01021,37,112.85
2025-09-30,T011,SKU01028,66,293.70
2025-09-30,T011,SKU01035,46,248.40
2025-09-30,T011,SKU01042,32,225.60
2025-09-30,T011,SKU01049,58,313.20
2025-09-30,T011,SKU01056,41,381.30
2025-09-30,T011,SKU01063,4,44.80
2025-09-30,T011,SKU01077,39,183.30
2025-09-30,T011,SKU01084,58,371.20
2025-09-30,T011,SKU01091,23,71.30
2025-09-30,T011,SKU01098,53,100.70
2025-09-30,T011,SKU01112,80,244.00
2025-09-30,T011,SKU01119,36,79.20
2025-09-30,T011,SKU01126,43,920.20
2025-09-30,T011,SKU01133,8,154.40
2025-09-30,T011,SKU01140,24,100.80
2025-09-30,T011,SKU01147,35,185.50
2025-09-30,T011,SKU01154,70,490.00
2025-09-30,T011,SKU01161,63,1411.20
2025-09-30,T011,SKU01168,1,2.90
2025-09-30,T011,SKU01175,79,201.45
2025-09-30,T011,SKU01182,45,162.00
2025-09-30,T011,SKU01189,65,91.00
2025-09-30,T011,SKU01196,57,279.30
2025-09-30,T011,SKU01203,61,366.00
2025-09-30,T011,SKU01210,63,13.86
2025-09-30,T011,SKU01217,35,318.50
2025-09-30,T011,SKU01224,21,142.80
2025-09-30,T011,SKU01238,21,291.90
2025-09-30,T011,SKU01245,42,823.20
2025-09-30,T011,SKU01252,43,662.20
2025-09-30,T011,SKU01259,29,411.80
2025-09-30,T011,SKU01280,26,652.60
2025-09-30,T011,SKU01287,60,372.00
2025-09-30,T011,SKU01294,2,6.80
2025-09-30,T011,SKU01301,33,541.20
2025-09-30,T011,SKU01308,70,637.00
2025-09-30,T011,SKU01315,37,144.30
2025-09-30,T011,SKU01322,29,423.40
2025-09-30,T011,SKU01329,19,133.00
2025-09-30,T011,SKU01336,41,213.20
2025-09-30,T011,SKU01343,50,540.00
2025-09-30,T011,SKU01350,57,450.30
2025-09-30,T011,SKU01357,53,148.40
2025-09-30,T012,SKU01007,26,92.30
2025-09-30,T012,SKU01014,25,102.50
2025-09-30,T012,SKU01021,41,125.05
2025-09-30,T012,SKU01028,20,89.00
2025-09-30,T012,SKU01035,39,210.60
2025-09-30,T012,SKU01042,74,521.70
2025-09-30,T012,SKU01049,54,291.60
2025-09-30,T012,SKU01063,43,481.60
2025-09-30,T012,SKU01070,58,411.80
2025-09-30,T012,SKU01077,61,286.70
2025-09-30,T012,SKU01084,55,352.00
2025-09-30,T012,SKU01091,27,83.70
2025-09-30,T012,SKU01098,46,87.40
2025-09-30,T012,SKU01105,38,148.20
2025-09-30,T012,SKU01112,34,103.70
2025-09-30,T012,SKU01119,39,85.80
2025-09-30,T012,SKU01126,69,1476.60
2025-09-30,T012,SKU01133,25,482.50
2025-09-30,T012,SKU01140,30,126.00
2025-09-30,T012,SKU01147,30,159.00
2025-09-30,T012,SKU01154,40,280.00
2025-09-30,T012,SKU01161,42,940.80
2025-09-30,T012,SKU01168,29,84.10
2025-09-30,T012,SKU01175,14,35.70
2025-09-30,T012,SKU01182,37,133.20
2025-09-30,T012,SKU01189,72,100.80
2025-09-30,T012,SKU01196,6,29.40
2025-09-30,T012,SKU01203,42,252.00
2025-09-30,T012,SKU01210,31,6.82
2025-09-30,T012,SKU01217,38,345.80
2025-09-30,T012,SKU01224,39,265.20
2025-09-30,T012,SKU01231,34,319.60
2025-09-30,T012,SKU01238,51,708.90
2025-09-30,T012,SKU01245,23,450.80
2025-09-30,T012,SKU01252,49,754.60
2025-09-30,T012,SKU01259,53,752.60
2025-09-30,T012,SKU01273,28,193.20
2025-09-30,T012,SKU01280,38,953.80
2025-09-30,T012,SKU01287,58,359.60
2025-09-30,T012,SKU01294,41,139.40
2025-09-30,T012,SKU01301,32,524.80
2025-09-30,T012,SKU01308,72,655.20
2025-09-30,T012,SKU01315,37,144.30
2025-09-30,T012,SKU01322,41,598.60
2025-09-30,T012,SKU01329,26,182.00
2025-09-30,T012,SKU01336,30,156.00
2025-09-30,T012,SKU01343,29,313.20
2025-09-30,T012,SKU01350,80,632.00
2025-09-30,T012,SKU01357,0,0.00
2025-10-31,T001,SKU01007,132,468.60
2025-10-31,T001,SKU01014,88,360.80
2025-10-31,T001,SKU01021,103,314.15
2025-10-31,T001,SKU01028,158,703.10
2025-10-31,T001,SKU01035,93,502.20
2025-10-31,T001,SKU01042,129,909.45
2025-10-31,T001,SKU01049,37,199.80
2025-10-31,T001,SKU01056,64,595.20
2025-10-31,T001,SKU01063,59,660.80
2025-10-31,T001,SKU01070,101,717.10
2025-10-31,T001,SKU01077,103,484.10
2025-10-31,T001,SKU01084,77,492.80
2025-10-31,T001,SKU01091,156,483.60
2025-10-31,T001,SKU01098,121,229.90
2025-10-31,T001,SKU01105,76,296.40
2025-10-31,T001,SKU01112,61,186.05
2025-10-31,T001,SKU01119,85,187.00
2025-10-31,T001,SKU01133,141,2721.30
2025-10-31,T001,SKU01140,124,520.80
2025-10-31,T001,SKU01154,98,686.00
2025-10-31,T001,SKU01161,55,1232.00
2025-10-31,T001,SKU01168,104,301.60
2025-10-31,T001,SKU01175,151,385.05
2025-10-31,T001,SKU01182,130,468.00
2025-10-31,T001,SKU01196,17,83.30
2025-10-31,T001,SKU01203,0,0.00
2025-10-31,T001,SKU01210,93,20.46
2025-10-31,T001,SKU01217,66,600.60
2025-10-31,T001,SKU01224,28,190.40
2025-10-31,T001,SKU01231,43,404.20
2025-10-31,T001,SKU01238,116,1612.40
2025-10-31,T001,SKU01245,84,1646.40
2025-10-31,T001,SKU01252,35,539.00
2025-10-31,T001,SKU01259,37,525.40
2025-10-31,T001,SKU01266,121,1367.30
2025-10-31,T001,SKU01273,81,558.90
2025-10-31,T001,SKU01280,49,1229.90
2025-10-31,T001,SKU01287,41,254.20
2025-10-31,T001,SKU01294,77,261.80
2025-10-31,T001,SKU01301,50,820.00
2025-10-31,T001,SKU01315,33,128.70
2025-10-31,T001,SKU01322,152,2219.20
2025-10-31,T001,SKU01329,57,399.00
2025-10-31,T001,SKU01336,34,176.80
2025-10-31,T001,SKU01343,111,1198.80
2025-10-31,T001,SKU01350,75,592.50
2025-10-31,T001,SKU01357,169,473.20
2025-10-31,T002,SKU01007,64,227.20
2025-10-31,T002,SKU01014,41,168.10
2025-10-31,T002,SKU01021,55,167.75
2025-10-31,T002,SKU01028,60,267.00
2025-10-31,T002,SKU01035,31,167.40
2025-10-31,T002,SKU01042,27,190.35
2025-10-31,T002,SKU01049,17,91.80
2025-10-31,T002,SKU01056,41,381.30
2025-10-31,T002,SKU01063,21,235.20
2025-10-31,T002,SKU01070,50,355.00
2025-10-31,T002,SKU01084,51,326.40
2025-10-31,T002,SKU01091,35,108.50
2025-10-31,T002,SKU01098,64,121.60
2025-10-31,T002,SKU01105,45,175.50
2025-10-31,T002,SKU01112,28,85.40
2025-10-31,T002,SKU01119,34,74.80
2025-10-31,T002,SKU01126,8,171.20
2025-10-31,T002,SKU01133,27,521.10
2025-10-31,T002,SKU01147,65,344.50
2025-10-31,T002,SKU01161,48,1075.20
2025-10-31,T002,SKU01168,51,147.90
2025-10-31,T002,SKU01175,45,114.75
2025-10-31,T002,SKU01182,104,374.40
2025-10-31,T002,SKU01189,70,98.00
2025-10-31,T002,SKU01196,33,161.70
2025-10-31,T002,SKU01203,88,528.00
2025-10-31,T002,SKU01210,45,9.90
2025-10-31,T002,SKU01224,36,244.80
2025-10-31,T002,SKU01231,44,413.60
2025-10-31,T002,SKU01245,25,490.00
2025-10-31,T002,SKU01252,47,723.80
2025-10-31,T002,SKU01259,49,695.80
2025-10-31,T002,SKU01266,9,101.70
2025-10-31,T002,SKU01280,33,828.30
2025-10-31,T002,SKU01287,52,322.40
2025-10-31,T002,SKU01294,44,149.60
2025-10-31,T002,SKU01308,51,464.10
2025-10-31,T002,SKU01315,46,179.40
2025-10-31,T002,SKU01322,78,1138.80
2025-10-31,T002,SKU01329,60,420.00
2025-10-31,T002,SKU01336,39,202.80
2025-10-31,T002,SKU01343,52,561.60
2025-10-31,T002,SKU01357,34,95.20
2025-10-31,T003,SKU01007,28,99.40
2025-10-31,T003,SKU01014,56,229.60
2025-10-31,T003,SKU01021,139,423.95
2025-10-31,T003,SKU01028,40,178.00
2025-10-31,T003,SKU01035,160,864.00
2025-10-31,T003,SKU01042,107,754.35
2025-10-31,T003,SKU01049,168,907.20
2025-10-31,T003,SKU01056,120,1116.00
2025-10-31,T003,SKU01063,90,1008.00
2025-10-31,T003,SKU01070,105,745.50
2025-10-31,T003,SKU01077,93,437.10
2025-10-31,T003,SKU01084,111,710.40
2025-10-31,T003,SKU01091,144,446.40
2025-10-31,T003,SKU01098,70,133.00
2025-10-31,T003,SKU01112,115,350.75
2025-10-31,T003,SKU01119,47,103.40
2025-10-31,T003,SKU01126,71,1519.40
2025-10-31,T003,SKU01133,78,1505.40
2025-10-31,T003,SKU01140,51,214.20
2025-10-31,T003,SKU01154,110,770.00
2025-10-31,T003,SKU01161,53,1187.20
2025-10-31,T003,SKU01168,135,391.50
2025-10-31,T003,SKU01175,88,224.40
2025-10-31,T003,SKU01189,114,159.60
2025-10-31,T003,SKU01196,49,240.10
2025-10-31,T003,SKU01203,19,114.00
2025-10-31,T003,SKU01210,116,25.52
2025-10-31,T003,SKU01217,123,1119.30
2025-10-31,T003,SKU01224,138,938.40
2025-10-31,T003,SKU01231,51,479.40
2025-10-31,T003,SKU01238,108,1501.20
2025-10-31,T003,SKU01245,143,2802.80
2025-10-31,T003,SKU01252,90,1386.00
2025-10-31,T003,SKU01259,97,1377.40
2025-10-31,T003,SKU01266,83,937.90
2025-10-31,T003,SKU01273,19,131.10
2025-10-31,T003,SKU01287,143,886.60
2025-10-31,T003,SKU01294,16,54.40
2025-10-31,T003,SKU01301,33,541.20
2025-10-31,T003,SKU01308,62,564.20
2025-10-31,T003,SKU01315,114,444.60
2025-10-31,T003,SKU01322,68,992.80
2025-10-31,T003,SKU01329,133,931.00
2025-10-31,T003,SKU01336,143,743.60
2025-10-31,T003,SKU01350,100,790.00
2025-10-31,T003,SKU01357,59,165.20
2025-10-31,T004,SKU01007,38,134.90
2025-10-31,T004,SKU01014,99,405.90
2025-10-31,T004,SKU01021,17,51.85
2025-10-31,T004,SKU01028,75,333.75
2025-10-31,T004,SKU01035,42,226.80
2025-10-31,T004,SKU01049,49,264.60
2025-10-31,T004,SKU01056,36,334.80
2025-10-31,T004,SKU01063,21,235.20
2025-10-31,T004,SKU01070,35,248.50
2025-10-31,T004,SKU01084,46,294.40
2025-10-31,T004,SKU01091,39,120.90
2025-10-31,T004,SKU01098,91,172.90
2025-10-31,T004,SKU01105,77,300.30
2025-10-31,T004,SKU01112,38,115.90
2025-10-31,T004,SKU01126,66,1412.40
2025-10-31,T004,SKU01133,61,1177.30
2025-10-31,T004,SKU01140,17,71.40
2025-10-31,T004,SKU01147,38,201.40
2025-10-31,T004,SKU01154,73,511.00
2025-10-31,T004,SKU01161,31,694.40
2025-10-31,T004,SKU01168,63,182.70
2025-10-31,T004,SKU01175,48,122.40
2025-10-31,T004,SKU01182,56,201.60
2025-10-31,T004,SKU01196,103,504.70
2025-10-31,T004,SKU01203,45,270.00
2025-10-31,T004,SKU01210,38,8.36
2025-10-31,T004,SKU01217,59,536.90
2025-10-31,T004,SKU01224,63,428.40
2025-10-31,T004,SKU01245,62,1215.20
2025-10-31,T004,SKU01252,37,569.80
2025-10-31,T004,SKU01259,72,1022.40
2025-10-31,T004,SKU01266,0,0.00
2025-10-31,T004,SKU01273,55,379.50
2025-10-31,T004,SKU01280,61,1531.10
2025-10-31,T004,SKU01287,67,415.40
2025-10-31,T004,SKU01294,33,112.20
2025-10-31,T004,SKU01308,77,700.70
2025-10-31,T004,SKU01322,24,350.40
2025-10-31,T004,SKU01329,46,322.00
2025-10-31,T004,SKU01336,24,124.80
2025-10-31,T004,SKU01343,50,540.00
2025-10-31,T004,SKU01357,8,22.40
2025-10-31,T005,SKU01007,54,191.70
2025-10-31,T005,SKU01014,96,393.60
2025-10-31,T005,SKU01028,76,338.20
2025-10-31,T005,SKU01035,73,394.20
2025-10-31,T005,SKU01049,73,394.20
2025-10-31,T005,SKU01056,47,437.10
2025-10-31,T005,SKU01063,139,1556.80
2025-10-31,T005,SKU01077,81,380.70
2025-10-31,T005,SKU01084,124,793.60
2025-10-31,T005,SKU01098,95,180.50
2025-10-31,T005,SKU01105,154,600.60
2025-10-31,T005,SKU01112,122,372.10
2025-10-31,T005,SKU01119,74,162.80
2025-10-31,T005,SKU01133,70,1351.00
2025-10-31,T005,SKU01140,60,252.00
2025-10-31,T005,SKU01147,89,471.70
2025-10-31,T005,SKU01154,52,364.00
2025-10-31,T005,SKU01161,154,3449.60
2025-10-31,T005,SKU01168,111,321.90
2025-10-31,T005,SKU01175,74,188.70
2025-10-31,T005,SKU01189,51,71.40
2025-10-31,T005,SKU01196,145,710.50
2025-10-31,T005,SKU01210,49,10.78
2025-10-31,T005,SKU01217,16,145.60
2025-10-31,T005,SKU01224,39,265.20
2025-10-31,T005,SKU01231,147,1381.80
2025-10-31,T005,SKU01238,69,959.10
2025-10-31,T005,SKU01245,101,1979.60
2025-10-31,T005,SKU01252,39,600.60
2025-10-31,T005,SKU01259,40,568.00
2025-10-31,T005,SKU01266,116,1310.80
2025-10-31,T005,SKU01273,84,579.60
2025-10-31,T005,SKU01280,36,903.60
2025-10-31,T005,SKU01287,183,1134.60
2025-10-31,T005,SKU01294,135,459.00
2025-10-31,T005,SKU01301,121,1984.40
2025-10-31,T005,SKU01315,45,175.50
2025-10-31,T005,SKU01329,119,833.00
2025-10-31,T005,SKU01343,136,1468.80
2025-10-31,T005,SKU01350,127,1003.30
2025-10-31,T005,SKU01357,80,224.00
2025-10-31,T006,SKU01007,57,202.35
2025-10-31,T006,SKU01021,58,176.90
2025-10-31,T006,SKU01028,20,89.00
2025-10-31,T006,SKU01035,49,264.60
2025-10-31,T006,SKU01042,51,359.55
2025-10-31,T006,SKU01049,36,194.40
2025-10-31,T006,SKU01056,43,399.90
2025-10-31,T006,SKU01063,42,470.40
2025-10-31,T006,SKU01070,36,255.60
2025-10-31,T006,SKU01077,39,183.30
2025-10-31,T006,SKU01084,28,179.20
2025-10-31,T006,SKU01091,21,65.10
2025-10-31,T006,SKU01098,37,70.30
2025-10-31,T006,SKU01105,31,120.90
2025-10-31,T006,SKU01112,53,161.65
2025-10-31,T006,SKU01119,32,70.40
2025-10-31,T006,SKU01126,60,1284.00
2025-10-31,T006,SKU01133,43,829.90
2025-10-31,T006,SKU01140,73,306.60
2025-10-31,T006,SKU01147,49,259.70
2025-10-31,T006,SKU01154,60,420.00
2025-10-31,T006,SKU01168,25,72.50
2025-10-31,T006,SKU01175,31,79.05
2025-10-31,T006,SKU01182,40,144.00
2025-10-31,T006,SKU01189,41,57.40
2025-10-31,T006,SKU01196,44,215.60
2025-10-31,T006,SKU01203,69,414.00
2025-10-31,T006,SKU01217,45,409.50
2025-10-31,T006,SKU01224,51,346.80
2025-10-31,T006,SKU01231,49,460.60
2025-10-31,T006,SKU01238,51,708.90
2025-10-31,T006,SKU01245,82,1607.20
2025-10-31,T006,SKU01252,78,1201.20
2025-10-31,T006,SKU01259,55,781.00
2025-10-31,T006,SKU01266,35,395.50
2025-10-31,T006,SKU01273,13,89.70
2025-10-31,T006,SKU01280,68,1706.80
2025-10-31,T006,SKU01287,71,440.20
2025-10-31,T006,SKU01294,64,217.60
2025-10-31,T006,SKU01301,42,688.80
2025-10-31,T006,SKU01308,11,100.10
2025-10-31,T006,SKU01315,70,273.00
2025-10-31,T006,SKU01322,40,584.00
2025-10-31,T006,SKU01336,54,280.80
2025-10-31,T006,SKU01350,37,292.30
2025-10-31,T006,SKU01357,42,117.60
2025-10-31,T007,SKU01014,31,127.10
2025-10-31,T007,SKU01021,49,149.45
2025-10-31,T007,SKU01028,27,120.15
2025-10-31,T007,SKU01035,18,97.20
2025-10-31,T007,SKU01049,33,178.20
2025-10-31,T007,SKU01056,49,455.70
2025-10-31,T007,SKU01063,35,392.00
2025-10-31,T007,SKU01084,88,563.20
2025-10-31,T007,SKU01091,6,18.60
2025-10-31,T007,SKU01098,26,49.40
2025-10-31,T007,SKU01105,32,124.80
2025-10-31,T007,SKU01112,94,286.70
2025-10-31,T007,SKU01119,25,55.00
2025-10-31,T007,SKU01126,35,749.00
2025-10-31,T007,SKU01133,38,733.40
2025-10-31,T007,SKU01140,66,277.20
2025-10-31,T007,SKU01147,60,318.00
2025-10-31,T007,SKU01161,83,1859.20
2025-10-31,T007,SKU01168,43,124.70
2025-10-31,T007,SKU01175,26,66.30
2025-10-31,T007,SKU01182,47,169.20
2025-10-31,T007,SKU01189,35,49.00
2025-10-31,T007,SKU01203,47,282.00
2025-10-31,T007,SKU01210,35,7.70
2025-10-31,T007,SKU01217,20,182.00
2025-10-31,T007,SKU01224,23,156.40
2025-10-31,T007,SKU01231,6,56.40
2025-10-31,T007,SKU01238,38,528.20
2025-10-31,T007,SKU01252,46,708.40
2025-10-31,T007,SKU01259,58,823.60
2025-10-31,T007,SKU01266,34,384.20
2025-10-31,T007,SKU01273,69,476.10
2025-10-31,T007,SKU01280,44,1104.40
2025-10-31,T007,SKU01287,54,334.80
2025-10-31,T007,SKU01294,33,112.20
2025-10-31,T007,SKU01301,25,410.00
2025-10-31,T007,SKU01308,37,336.70
2025-10-31,T007,SKU01315,12,46.80
2025-10-31,T007,SKU01329,36,252.00
2025-10-31,T007,SKU01336,11,57.20
2025-10-31,T007,SKU01350,49,387.10
2025-10-31,T007,SKU01357,48,134.40
2025-10-31,T008,SKU01007,122,433.10
2025-10-31,T008,SKU01014,116,475.60
2025-10-31,T008,SKU01021,122,372.10
2025-10-31,T008,SKU01028,69,307.05
2025-10-31,T008,SKU01049,67,361.80
2025-10-31,T008,SKU01056,109,1013.70
2025-10-31,T008,SKU01070,85,603.50
2025-10-31,T008,SKU01077,118,554.60
2025-10-31,T008,SKU01084,71,454.40
2025-10-31,T008,SKU01091,88,272.80
2025-10-31,T008,SKU01098,129,245.10
2025-10-31,T008,SKU01105,142,553.80
2025-10-31,T008,SKU01112,193,588.65
2025-10-31,T008,SKU01119,156,343.20
2025-10-31,T008,SKU01133,47,907.10
2025-10-31,T008,SKU01140,182,764.40
2025-10-31,T008,SKU01147,106,561.80
2025-10-31,T008,SKU01154,118,826.00
2025-10-31,T008,SKU01161,70,1568.00
2025-10-31,T008,SKU01168,107,310.30
2025-10-31,T008,SKU01175,83,211.65
2025-10-31,T008,SKU01182,105,378.00
2025-10-31,T008,SKU01203,73,438.00
2025-10-31,T008,SKU01210,44,9.68
2025-10-31,T008,SKU01217,154,1401.40
2025-10-31,T008,SKU01224,153,1040.40
2025-10-31,T008,SKU01231,163,1532.20
2025-10-31,T008,SKU01245,61,1195.60
2025-10-31,T008,SKU01252,54,831.60
2025-10-31,T008,SKU01259,127,1803.40
2025-10-31,T008,SKU01266,139,1570.70
2025-10-31,T008,SKU01273,99,683.10
2025-10-31,T008,SKU01280,23,577.30
2025-10-31,T008,SKU01294,43,146.20
2025-10-31,T008,SKU01301,46,754.40
2025-10-31,T008,SKU01308,111,1010.10
2025-10-31,T008,SKU01322,61,890.60
2025-10-31,T008,SKU01329,72,504.00
2025-10-31,T008,SKU01336,122,634.40
2025-10-31,T008,SKU01350,139,1098.10
2025-10-31,T009,SKU01007,31,110.05
2025-10-31,T009,SKU01014,52,213.20
2025-10-31,T009,SKU01021,88,268.40
2025-10-31,T009,SKU01028,41,182.45
2025-10-31,T009,SKU01035,45,243.00
2025-10-31,T009,SKU01042,52,366.60
2025-10-31,T009,SKU01049,29,156.60
2025-10-31,T009,SKU01056,42,390.60
2025-10-31,T009,SKU01070,52,369.20
2025-10-31,T009,SKU01077,38,178.60
2025-10-31,T009,SKU01084,31,198.40
2025-10-31,T009,SKU01091,43,133.30
2025-10-31,T009,SKU01098,28,53.20
2025-10-31,T009,SKU01105,37,144.30
2025-10-31,T009,SKU01112,59,179.95
2025-10-31,T009,SKU01119,38,83.60
2025-10-31,T009,SKU01133,23,443.90
2025-10-31,T009,SKU01140,58,243.60
2025-10-31,T009,SKU01147,54,286.20
2025-10-31,T009,SKU01154,36,252.00
2025-10-31,T009,SKU01161,22,492.80
2025-10-31,T009,SKU01168,33,95.70
2025-10-31,T009,SKU01175,67,170.85
2025-10-31,T009,SKU01182,51,183.60
2025-10-31,T009,SKU01189,33,46.20
2025-10-31,T009,SKU01196,31,151.90
2025-10-31,T009,SKU01203,27,162.00
2025-10-31,T009,SKU01210,47,10.34
2025-10-31,T009,SKU01217,68,618.80
2025-10-31,T009,SKU01224,48,326.40
2025-10-31,T009,SKU01231,24,225.60
2025-10-31,T009,SKU01238,34,472.60
2025-10-31,T009,SKU01245,36,705.60
2025-10-31,T009,SKU01252,62,954.80
2025-10-31,T009,SKU01259,68,965.60
2025-10-31,T009,SKU01266,53,598.90
2025-10-31,T009,SKU01273,65,448.50
2025-10-31,T009,SKU01280,58,1455.80
2025-10-31,T009,SKU01287,22,136.40
2025-10-31,T009,SKU01294,24,81.60
2025-10-31,T009,SKU01301,26,426.40
2025-10-31,T009,SKU01308,52,473.20
2025-10-31,T009,SKU01315,51,198.90
2025-10-31,T009,SKU01322,40,584.00
2025-10-31,T009,SKU01329,55,385.00
2025-10-31,T009,SKU01336,19,98.80
2025-10-31,T009,SKU01343,60,648.00
2025-10-31,T009,SKU01350,40,316.00
2025-10-31,T010,SKU01007,71,252.05
2025-10-31,T010,SKU01014,10,41.00
2025-10-31,T010,SKU01021,158,481.90
2025-10-31,T010,SKU01028,44,195.80
2025-10-31,T010,SKU01035,124,669.60
2025-10-31,T010,SKU01049,120,648.00
2025-10-31,T010,SKU01056,73,678.90
2025-10-31,T010,SKU01063,115,1288.00
2025-10-31,T010,SKU01070,73,518.30
2025-10-31,T010,SKU01077,96,451.20
2025-10-31,T010,SKU01084,16,102.40
2025-10-31,T010,SKU01091,46,142.60
2025-10-31,T010,SKU01098,108,205.20
2025-10-31,T010,SKU01105,112,436.80
2025-10-31,T010,SKU01119,67,147.40
2025-10-31,T010,SKU01126,102,2182.80
2025-10-31,T010,SKU01133,63,1215.90
2025-10-31,T010,SKU01140,78,327.60
2025-10-31,T010,SKU01147,107,567.10
2025-10-31,T010,SKU01154,59,413.00
2025-10-31,T010,SKU01161,90,2016.00
2025-10-31,T010,SKU01168,70,203.00
2025-10-31,T010,SKU01175,125,318.75
2025-10-31,T010,SKU01182,36,129.60
2025-10-31,T010,SKU01189,51,71.40
2025-10-31,T010,SKU01196,72,352.80
2025-10-31,T010,SKU01203,103,618.00
2025-10-31,T010,SKU01210,119,26.18
2025-10-31,T010,SKU01217,47,427.70
2025-10-31,T010,SKU01224,37,251.60
2025-10-31,T010,SKU01231,125,1175.00
2025-10-31,T010,SKU01238,101,1403.90
2025-10-31,T010,SKU01245,0,0.00
2025-10-31,T010,SKU01252,74,1139.60
2025-10-31,T010,SKU01259,5,71.00
2025-10-31,T010,SKU01266,99,1118.70
2025-10-31,T010,SKU01273,116,800.40
2025-10-31,T010,SKU01280,152,3815.20
2025-10-31,T010,SKU01287,91,564.20
2025-10-31,T010,SKU01294,148,503.20
2025-10-31,T010,SKU01301,88,1443.20
2025-10-31,T010,SKU01308,47,427.70
2025-10-31,T010,SKU01336,138,717.60
2025-10-31,T010,SKU01343,66,712.80
2025-10-31,T010,SKU01350,13,102.70
2025-10-31,T010,SKU01357,75,210.00
2025-10-31,T011,SKU01007,39,138.45
2025-10-31,T011,SKU01014,42,172.20
2025-10-31,T011,SKU01021,71,216.55
2025-10-31,T011,SKU01028,80,356.00
2025-10-31,T011,SKU01035,48,259.20
2025-10-31,T011,SKU01042,37,260.85
2025-10-31,T011,SKU01049,58,313.20
2025-10-31,T011,SKU01056,56,520.80
2025-10-31,T011,SKU01063,71,795.20
2025-10-31,T011,SKU01077,10,47.00
2025-10-31,T011,SKU01084,66,422.40
2025-10-31,T011,SKU01091,52,161.20
2025-10-31,T011,SKU01098,48,91.20
2025-10-31,T011,SKU01112,48,146.40
2025-10-31,T011,SKU01119,60,132.00
2025-10-31,T011,SKU01133,29,559.70
2025-10-31,T011,SKU01140,22,92.40
2025-10-31,T011,SKU01147,41,217.30
2025-10-31,T011,SKU01154,63,441.00
2025-10-31,T011,SKU01161,47,1052.80
2025-10-31,T011,SKU01168,79,229.10
2025-10-31,T011,SKU01175,68,173.40
2025-10-31,T011,SKU01182,51,183.60
2025-10-31,T011,SKU01189,10,14.00
2025-10-31,T011,SKU01196,25,122.50
2025-10-31,T011,SKU01203,42,252.00
2025-10-31,T011,SKU01210,87,19.14
2025-10-31,T011,SKU01217,31,282.10
2025-10-31,T011,SKU01224,43,292.40
2025-10-31,T011,SKU01231,59,554.60
2025-10-31,T011,SKU01245,64,1254.40
2025-10-31,T011,SKU01252,51,785.40
2025-10-31,T011,SKU01259,37,525.40
2025-10-31,T011,SKU01273,99,683.10
2025-10-31,T011,SKU01280,54,1355.40
2025-10-31,T011,SKU01287,45,279.00
2025-10-31,T011,SKU01294,65,221.00
2025-10-31,T011,SKU01301,63,1033.20
2025-10-31,T011,SKU01308,22,200.20
2025-10-31,T011,SKU01315,35,136.50
2025-10-31,T011,SKU01322,39,569.40
2025-10-31,T011,SKU01329,44,308.00
2025-10-31,T011,SKU01336,27,140.40
2025-10-31,T011,SKU01350,57,450.30
2025-10-31,T011,SKU01357,40,112.00
2025-10-31,T012,SKU01014,53,217.30
2025-10-31,T012,SKU01021,74,225.70
2025-10-31,T012,SKU01028,73,324.85
2025-10-31,T012,SKU01035,43,232.20
2025-10-31,T012,SKU01042,33,232.65
2025-10-31,T012,SKU01049,32,172.80
2025-10-31,T012,SKU01056,42,390.60
2025-10-31,T012,SKU01063,36,403.20
2025-10-31,T012,SKU01070,31,220.10
2025-10-31,T012,SKU01077,36,169.20
2025-10-31,T012,SKU01084,21,134.40
2025-10-31,T012,SKU01098,67,127.30
2025-10-31,T012,SKU01105,23,89.70
2025-10-31,T012,SKU01112,24,73.20
2025-10-31,T012,SKU01119,27,59.40
2025-10-31,T012,SKU01126,34,727.60
2025-10-31,T012,SKU01133,19,366.70
2025-10-31,T012,SKU01140,33,138.60
2025-10-31,T012,SKU01147,33,174.90
2025-10-31,T012,SKU01154,64,448.00
2025-10-31,T012,SKU01161,36,806.40
2025-10-31,T012,SKU01168,51,147.90
2025-10-31,T012,SKU01175,48,122.40
2025-10-31,T012,SKU01182,40,144.00
2025-10-31,T012,SKU01189,23,32.20
2025-10-31,T012,SKU01196,48,235.20
2025-10-31,T012,SKU01210,42,9.24
2025-10-31,T012,SKU01217,29,263.90
2025-10-31,T012,SKU01224,29,197.20
2025-10-31,T012,SKU01231,32,300.80
2025-10-31,T012,SKU01238,35,486.50
2025-10-31,T012,SKU01245,42,823.20
2025-10-31,T012,SKU01252,37,569.80
2025-10-31,T012,SKU01259,41,582.20
2025-10-31,T012,SKU01266,93,1050.90
2025-10-31,T012,SKU01273,19,131.10
2025-10-31,T012,SKU01287,54,334.80
2025-10-31,T012,SKU01294,14,47.60
2025-10-31,T012,SKU01301,67,1098.80
2025-10-31,T012,SKU01308,43,391.30
2025-10-31,T012,SKU01315,60,234.00
2025-10-31,T012,SKU01322,33,481.80
2025-10-31,T012,SKU01329,35,245.00
2025-10-31,T012,SKU01336,53,275.60
2025-10-31,T012,SKU01343,52,561.60
2025-10-31,T012,SKU01350,16,126.40
2025-10-31,T012,SKU01357,35,98.00
2025-11-30,T001,SKU01014,121,496.10
2025-11-30,T001,SKU01021,95,289.75
2025-11-30,T001,SKU01035,130,702.00
2025-11-30,T001,SKU01042,119,838.95
2025-11-30,T001,SKU01049,81,437.40
2025-11-30,T001,SKU01056,72,669.60
2025-11-30,T001,SKU01070,87,617.70
2025-11-30,T001,SKU01084,100,640.00
2025-11-30,T001,SKU01091,59,182.90
2025-11-30,T001,SKU01098,135,256.50
2025-11-30,T001,SKU01105,117,456.30
2025-11-30,T001,SKU01112,8,24.40
2025-11-30,T001,SKU01119,22,48.40
2025-11-30,T001,SKU01140,64,268.80
2025-11-30,T001,SKU01147,29,153.70
2025-11-30,T001,SKU01154,93,651.00
2025-11-30,T001,SKU01161,83,1859.20
2025-11-30,T001,SKU01168,119,345.10
2025-11-30,T001,SKU01175,64,163.20
2025-11-30,T001,SKU01182,73,262.80
2025-11-30,T001,SKU01189,190,266.00
2025-11-30,T001,SKU01196,87,426.30
2025-11-30,T001,SKU01203,80,480.00
2025-11-30,T001,SKU01210,100,22.00
2025-11-30,T001,SKU01217,121,1101.10
2025-11-30,T001,SKU01224,46,312.80
2025-11-30,T001,SKU01231,69,648.60
2025-11-30,T001,SKU01238,52,722.80
2025-11-30,T001,SKU01245,9,176.40
2025-11-30,T001,SKU01252,0,0.00
2025-11-30,T001,SKU01259,107,1519.40
2025-11-30,T001,SKU01266,164,1853.20
2025-11-30,T001,SKU01273,126,869.40
2025-11-30,T001,SKU01280,13,326.30
2025-11-30,T001,SKU01287,134,830.80
2025-11-30,T001,SKU01301,77,1262.80
2025-11-30,T001,SKU01308,42,382.20
2025-11-30,T001,SKU01315,134,522.60
2025-11-30,T001,SKU01336,34,176.80
2025-11-30,T001,SKU01343,112,1209.60
2025-11-30,T001,SKU01350,31,244.90
2025-11-30,T001,SKU01357,42,117.60
2025-11-30,T002,SKU01007,37,131.35
2025-11-30,T002,SKU01021,12,36.60
2025-11-30,T002,SKU01028,48,213.60
2025-11-30,T002,SKU01035,22,118.80
2025-11-30,T002,SKU01042,52,366.60
2025-11-30,T002,SKU01056,60,558.00
2025-11-30,T002,SKU01063,52,582.40
2025-11-30,T002,SKU01070,61,433.10
2025-11-30,T002,SKU01077,39,183.30
2025-11-30,T002,SKU01084,32,204.80
2025-11-30,T002,SKU01098,39,74.10
2025-11-30,T002,SKU01105,70,273.00
2025-11-30,T002,SKU01112,6,18.30
2025-11-30,T002,SKU01119,36,79.20
2025-11-30,T002,SKU01126,66,1412.40
2025-11-30,T002,SKU01133,41,791.30
2025-11-30,T002,SKU01140,66,277.20
2025-11-30,T002,SKU01147,46,243.80
2025-11-30,T002,SKU01154,50,350.00
2025-11-30,T002,SKU01161,54,1209.60
2025-11-30,T002,SKU01168,56,162.40
2025-11-30,T002,SKU01175,37,94.35
2025-11-30,T002,SKU01182,5,18.00
2025-11-30,T002,SKU01189,52,72.80
2025-11-30,T002,SKU01196,57,279.30
2025-11-30,T002,SKU01210,20,4.40
2025-11-30,T002,SKU01224,71,482.80
2025-11-30,T002,SKU01231,57,535.80
2025-11-30,T002,SKU01238,41,569.90
2025-11-30,T002,SKU01245,95,1862.00
2025-11-30,T002,SKU01252,24,369.60
2025-11-30,T002,SKU01259,5,71.00
2025-11-30,T002,SKU01273,52,358.80
2025-11-30,T002,SKU01280,24,602.40
2025-11-30,T002,SKU01294,70,238.00
2025-11-30,T002,SKU01301,46,754.40
2025-11-30,T002,SKU01308,46,418.60
2025-11-30,T002,SKU01315,78,304.20
2025-11-30,T002,SKU01322,53,773.80
2025-11-30,T002,SKU01329,50,350.00
2025-11-30,T002,SKU01336,75,390.00
2025-11-30,T002,SKU01343,37,399.60
2025-11-30,T002,SKU01350,13,102.70
2025-11-30,T003,SKU01014,81,332.10
2025-11-30,T003,SKU01021,79,240.95
2025-11-30,T003,SKU01028,69,307.05
2025-11-30,T003,SKU01042,96,676.80
2025-11-30,T003,SKU01056,110,1023.00
2025-11-30,T003,SKU01063,55,616.00
2025-11-30,T003,SKU01077,70,329.00
2025-11-30,T003,SKU01091,76,235.60
2025-11-30,T003,SKU01098,81,153.90
2025-11-30,T003,SKU01105,112,436.80
2025-11-30,T003,SKU01112,141,430.05
2025-11-30,T003,SKU01119,106,233.20
2025-11-30,T003,SKU01126,148,3167.20
2025-11-30,T003,SKU01133,76,1466.80
2025-11-30,T003,SKU01140,154,646.80
2025-11-30,T003,SKU01147,36,190.80
2025-11-30,T003,SKU01154,100,700.00
2025-11-30,T003,SKU01161,44,985.60
2025-11-30,T003,SKU01168,101,292.90
2025-11-30,T003,SKU01175,82,209.10
2025-11-30,T003,SKU01182,125,450.00
2025-11-30,T003,SKU01189,77,107.80
2025-11-30,T003,SKU01196,133,651.70
2025-11-30,T003,SKU01203,144,864.00
2025-11-30,T003,SKU01210,72,15.84
2025-11-30,T003,SKU01217,62,564.20
2025-11-30,T003,SKU01224,60,408.00
2025-11-30,T003,SKU01231,0,0.00
2025-11-30,T003,SKU01238,74,1028.60
2025-11-30,T003,SKU01245,86,1685.60
2025-11-30,T003,SKU01252,120,1848.00
2025-11-30,T003,SKU01259,107,1519.40
2025-11-30,T003,SKU01266,150,1695.00
2025-11-30,T003,SKU01273,90,621.00
2025-11-30,T003,SKU01280,49,1229.90
2025-11-30,T003,SKU01287,100,620.00
2025-11-30,T003,SKU01294,63,214.20
2025-11-30,T003,SKU01301,110,1804.00
2025-11-30,T003,SKU01308,85,773.50
2025-11-30,T003,SKU01315,102,397.80
2025-11-30,T003,SKU01322,141,2058.60
2025-11-30,T003,SKU01329,40,280.00
2025-11-30,T003,SKU01336,92,478.40
2025-11-30,T003,SKU01343,83,896.40
2025-11-30,T003,SKU01350,30,237.00
2025-11-30,T003,SKU01357,125,350.00
2025-11-30,T004,SKU01007,33,117.15
2025-11-30,T004,SKU01014,49,200.90
2025-11-30,T004,SKU01021,83,253.15
2025-11-30,T004,SKU01028,61,271.45
2025-11-30,T004,SKU01035,79,426.60
2025-11-30,T004,SKU01056,59,548.70
2025-11-30,T004,SKU01063,43,481.60
2025-11-30,T004,SKU01070,38,269.80
2025-11-30,T004,SKU01077,0,0.00
2025-11-30,T004,SKU01084,51,326.40
2025-11-30,T004,SKU01091,65,201.50
2025-11-30,T004,SKU01098,30,57.00
2025-11-30,T004,SKU01112,70,213.50
2025-11-30,T004,SKU01119,48,105.60
2025-11-30,T004,SKU01126,88,1883.20
2025-11-30,T004,SKU01133,39,752.70
2025-11-30,T004,SKU01140,46,193.20
2025-11-30,T004,SKU01147,54,286.20
2025-11-30,T004,SKU01154,21,147.00
2025-11-30,T004,SKU01161,29,649.60
2025-11-30,T004,SKU01168,29,84.10
2025-11-30,T004,SKU01175,16,40.80
2025-11-30,T004,SKU01182,64,230.40
2025-11-30,T004,SKU01189,64,89.60
2025-11-30,T004,SKU01196,20,98.00
2025-11-30,T004,SKU01203,69,414.00
2025-11-30,T004,SKU01210,57,12.54
2025-11-30,T004,SKU01217,21,191.10
2025-11-30,T004,SKU01224,67,455.60
2025-11-30,T004,SKU01231,58,545.20
2025-11-30,T004,SKU01245,43,842.80
2025-11-30,T004,SKU01252,43,662.20
2025-11-30,T004,SKU01259,21,298.20
2025-11-30,T004,SKU01266,37,418.10
2025-11-30,T004,SKU01273,88,607.20
2025-11-30,T004,SKU01280,53,1330.30
2025-11-30,T004,SKU01287,54,334.80
2025-11-30,T004,SKU01301,57,934.80
2025-11-30,T004,SKU01315,18,70.20
2025-11-30,T004,SKU01322,38,554.80
2025-11-30,T004,SKU01329,18,126.00
2025-11-30,T004,SKU01336,0,0.00
2025-11-30,T004,SKU01343,35,378.00
2025-11-30,T004,SKU01350,7,55.30
2025-11-30,T004,SKU01357,48,134.40
2025-11-30,T005,SKU01007,0,0.00
2025-11-30,T005,SKU01014,117,479.70
2025-11-30,T005,SKU01021,125,381.25
2025-11-30,T005,SKU01028,0,0.00
2025-11-30,T005,SKU01035,50,270.00
2025-11-30,T005,SKU01042,19,133.95
2025-11-30,T005,SKU01049,46,248.40
2025-11-30,T005,SKU01063,123,1377.60
2025-11-30,T005,SKU01070,95,674.50
2025-11-30,T005,SKU01077,60,282.00
2025-11-30,T005,SKU01084,84,537.60
2025-11-30,T005,SKU01091,74,229.40
2025-11-30,T005,SKU01098,25,47.50
2025-11-30,T005,SKU01105,66,257.40
2025-11-30,T005,SKU01112,62,189.10
2025-11-30,T005,SKU01119,103,226.60
2025-11-30,T005,SKU01126,61,1305.40
2025-11-30,T005,SKU01133,85,1640.50
2025-11-30,T005,SKU01140,75,315.00
2025-11-30,T005,SKU01147,110,583.00
2025-11-30,T005,SKU01154,82,574.00
2025-11-30,T005,SKU01161,65,1456.00
2025-11-30,T005,SKU01168,102,295.80
2025-11-30,T005,SKU01175,158,402.90
2025-11-30,T005,SKU01189,49,68.60
2025-11-30,T005,SKU01196,52,254.80
2025-11-30,T005,SKU01203,94,564.00
2025-11-30,T005,SKU01210,108,23.76
2025-11-30,T005,SKU01217,122,1110.20
2025-11-30,T005,SKU01224,45,306.00
2025-11-30,T005,SKU01231,62,582.80
2025-11-30,T005,SKU01238,94,1306.60
2025-11-30,T005,SKU01259,98,1391.60
2025-11-30,T005,SKU01266,63,711.90
2025-11-30,T005,SKU01273,58,400.20
2025-11-30,T005,SKU01280,58,1455.80
2025-11-30,T005,SKU01287,67,415.40
2025-11-30,T005,SKU01294,56,190.40
2025-11-30,T005,SKU01301,106,1738.40
2025-11-30,T005,SKU01308,54,491.40
2025-11-30,T005,SKU01315,55,214.50
2025-11-30,T005,SKU01322,165,2409.00
2025-11-30,T005,SKU01336,100,520.00
2025-11-30,T005,SKU01343,63,680.40
2025-11-30,T005,SKU01350,115,908.50
2025-11-30,T006,SKU01014,90,369.00
2025-11-30,T006,SKU01021,74,225.70
2025-11-30,T006,SKU01035,38,205.20
2025-11-30,T006,SKU01042,72,507.60
2025-11-30,T006,SKU01049,12,64.80
2025-11-30,T006,SKU01056,31,288.30
2025-11-30,T006,SKU01063,72,806.40
2025-11-30,T006,SKU01070,45,319.50
2025-11-30,T006,SKU01077,52,244.40
2025-11-30,T006,SKU01084,32,204.80
2025-11-30,T006,SKU01091,61,189.10
2025-11-30,T006,SKU01105,40,156.00
2025-11-30,T006,SKU01119,49,107.80
2025-11-30,T006,SKU01133,73,1408.90
2025-11-30,T006,SKU01140,55,231.00
2025-11-30,T006,SKU01147,24,127.20
2025-11-30,T006,SKU01154,56,392.00
2025-11-30,T006,SKU01161,42,940.80
2025-11-30,T006,SKU01168,40,116.00
2025-11-30,T006,SKU01175,49,124.95
2025-11-30,T006,SKU01182,22,79.20
2025-11-30,T006,SKU01196,25,122.50
2025-11-30,T006,SKU01203,39,234.00
2025-11-30,T006,SKU01210,45,9.90
2025-11-30,T006,SKU01224,19,129.20
2025-11-30,T006,SKU01231,10,94.00
2025-11-30,T006,SKU01238,45,625.50
2025-11-30,T006,SKU01245,54,1058.40
2025-11-30,T006,SKU01252,41,631.40
2025-11-30,T006,SKU01259,92,1306.40
2025-11-30,T006,SKU01266,19,214.70
2025-11-30,T006,SKU01273,47,324.30
2025-11-30,T006,SKU01280,62,1556.20
2025-11-30,T006,SKU01294,14,47.60
2025-11-30,T006,SKU01301,63,1033.20
2025-11-30,T006,SKU01308,8,72.80
2025-11-30,T006,SKU01322,32,467.20
2025-11-30,T006,SKU01329,64,448.00
2025-11-30,T006,SKU01336,42,218.40
2025-11-30,T006,SKU01343,50,540.00
2025-11-30,T006,SKU01350,45,355.50
2025-11-30,T006,SKU01357,75,210.00
2025-11-30,T007,SKU01007,63,223.65
2025-11-30,T007,SKU01014,61,250.10
2025-11-30,T007,SKU01021,30,91.50
2025-11-30,T007,SKU01028,60,267.00
2025-11-30,T007,SKU01049,46,248.40
2025-11-30,T007,SKU01056,52,483.60
2025-11-30,T007,SKU01063,40,448.00
2025-11-30,T007,SKU01070,16,113.60
2025-11-30,T007,SKU01077,43,202.10
2025-11-30,T007,SKU01084,61,390.40
2025-11-30,T007,SKU01091,50,155.00
2025-11-30,T007,SKU01098,82,155.80
2025-11-30,T007,SKU01105,61,237.90
2025-11-30,T007,SKU01112,47,143.35
2025-11-30,T007,SKU01119,33,72.60
2025-11-30,T007,SKU01126,52,1112.80
2025-11-30,T007,SKU01133,50,965.00
2025-11-30,T007,SKU01140,48,201.60
2025-11-30,T007,SKU01147,86,455.80
2025-11-30,T007,SKU01154,26,182.00
2025-11-30,T007,SKU01161,36,806.40
2025-11-30,T007,SKU01175,39,99.45
2025-11-30,T007,SKU01182,70,252.00
2025-11-30,T007,SKU01189,73,102.20
2025-11-30,T007,SKU01196,54,264.60
2025-11-30,T007,SKU01203,74,444.00
2025-11-30,T007,SKU01210,36,7.92
2025-11-30,T007,SKU01217,11,100.10
2025-11-30,T007,SKU01224,32,217.60
2025-11-30,T007,SKU01231,40,376.00
2025-11-30,T007,SKU01238,44,611.60
2025-11-30,T007,SKU01245,2,39.20
2025-11-30,T007,SKU01252,54,831.60
2025-11-30,T007,SKU01259,22,312.40
2025-11-30,T007,SKU01266,48,542.40
2025-11-30,T007,SKU01273,26,179.40
2025-11-30,T007,SKU01280,22,552.20
2025-11-30,T007,SKU01287,38,235.60
2025-11-30,T007,SKU01294,40,136.00
2025-11-30,T007,SKU01301,5,82.00
2025-11-30,T007,SKU01322,72,1051.20
2025-11-30,T007,SKU01336,64,332.80
2025-11-30,T007,SKU01343,52,561.60
2025-11-30,T007,SKU01350,77,608.30
2025-11-30,T007,SKU01357,64,179.20
2025-11-30,T008,SKU01007,115,408.25
2025-11-30,T008,SKU01014,128,524.80
2025-11-30,T008,SKU01021,84,256.20
2025-11-30,T008,SKU01028,82,364.90
2025-11-30,T008,SKU01035,129,696.60
2025-11-30,T008,SKU01042,151,1064.55
2025-11-30,T008,SKU01049,81,437.40
2025-11-30,T008,SKU01056,137,1274.10
2025-11-30,T008,SKU01063,78,873.60
2025-11-30,T008,SKU01070,20,142.00
2025-11-30,T008,SKU01077,124,582.80
2025-11-30,T008,SKU01084,51,326.40
2025-11-30,T008,SKU01091,132,409.20
2025-11-30,T008,SKU01098,121,229.90
2025-11-30,T008,SKU01105,114,444.60
2025-11-30,T008,SKU01112,83,253.15
2025-11-30,T008,SKU01119,76,167.20
2025-11-30,T008,SKU01126,126,2696.40
2025-11-30,T008,SKU01133,48,926.40
2025-11-30,T008,SKU01140,47,197.40
2025-11-30,T008,SKU01147,53,280.90
2025-11-30,T008,SKU01154,75,525.00
2025-11-30,T008,SKU01161,95,2128.00
2025-11-30,T008,SKU01168,132,382.80
2025-11-30,T008,SKU01175,122,311.10
2025-11-30,T008,SKU01182,56,201.60
2025-11-30,T008,SKU01196,115,563.50
2025-11-30,T008,SKU01203,69,414.00
2025-11-30,T008,SKU01210,70,15.40
2025-11-30,T008,SKU01217,65,591.50
2025-11-30,T008,SKU01224,29,197.20
2025-11-30,T008,SKU01231,53,498.20
2025-11-30,T008,SKU01238,71,986.90
2025-11-30,T008,SKU01245,27,529.20
2025-11-30,T008,SKU01252,157,2417.80
2025-11-30,T008,SKU01259,35,497.00
2025-11-30,T008,SKU01266,121,1367.30
2025-11-30,T008,SKU01273,61,420.90
2025-11-30,T008,SKU01280,166,4166.60
2025-11-30,T008,SKU01287,109,675.80
2025-11-30,T008,SKU01294,84,285.60
2025-11-30,T008,SKU01301,101,1656.40
2025-11-30,T008,SKU01308,145,1319.50
2025-11-30,T008,SKU01315,48,187.20
2025-11-30,T008,SKU01329,140,980.00
2025-11-30,T008,SKU01336,94,488.80
2025-11-30,T008,SKU01343,83,896.40
2025-11-30,T008,SKU01350,90,711.00
2025-11-30,T008,SKU01357,163,456.40
2025-11-30,T009,SKU01021,50,152.50
2025-11-30,T009,SKU01028,42,186.90
2025-11-30,T009,SKU01035,88,475.20
2025-11-30,T009,SKU01042,68,479.40
2025-11-30,T009,SKU01049,83,448.20
2025-11-30,T009,SKU01056,42,390.60
2025-11-30,T009,SKU01063,45,504.00
2025-11-30,T009,SKU01070,56,397.60
2025-11-30,T009,SKU01077,76,357.20
2025-11-30,T009,SKU01084,38,243.20
2025-11-30,T009,SKU01091,24,74.40
2025-11-30,T009,SKU01098,40,76.00
2025-11-30,T009,SKU01105,25,97.50
2025-11-30,T009,SKU01119,31,68.20
2025-11-30,T009,SKU01133,66,1273.80
2025-11-30,T009,SKU01140,1,4.20
2025-11-30,T009,SKU01147,37,196.10
2025-11-30,T009,SKU01154,44,308.00
2025-11-30,T009,SKU01161,39,873.60
2025-11-30,T009,SKU01168,9,26.10
2025-11-30,T009,SKU01175,44,112.20
2025-11-30,T009,SKU01182,47,169.20
2025-11-30,T009,SKU01189,40,56.00
2025-11-30,T009,SKU01196,19,93.10
2025-11-30,T009,SKU01203,14,84.00
2025-11-30,T009,SKU01210,71,15.62
2025-11-30,T009,SKU01217,17,154.70
2025-11-30,T009,SKU01224,55,374.00
2025-11-30,T009,SKU01231,30,282.00
2025-11-30,T009,SKU01238,39,542.10
2025-11-30,T009,SKU01245,22,431.20
2025-11-30,T009,SKU01252,42,646.80
2025-11-30,T009,SKU01259,48,681.60
2025-11-30,T009,SKU01266,69,779.70
2025-11-30,T009,SKU01287,18,111.60
2025-11-30,T009,SKU01301,59,967.60
2025-11-30,T009,SKU01308,21,191.10
2025-11-30,T009,SKU01315,36,140.40
2025-11-30,T009,SKU01322,53,773.80
2025-11-30,T009,SKU01329,29,203.00
2025-11-30,T009,SKU01336,64,332.80
2025-11-30,T009,SKU01343,76,820.80
2025-11-30,T010,SKU01007,17,60.35
2025-11-30,T010,SKU01014,109,446.90
2025-11-30,T010,SKU01021,118,359.90
2025-11-30,T010,SKU01028,40,178.00
2025-11-30,T010,SKU01042,68,479.40
2025-11-30,T010,SKU01049,69,372.60
2025-11-30,T010,SKU01056,157,1460.10
2025-11-30,T010,SKU01063,120,1344.00
2025-11-30,T010,SKU01070,126,894.60
2025-11-30,T010,SKU01077,106,498.20
2025-11-30,T010,SKU01084,85,544.00
2025-11-30,T010,SKU01098,152,288.80
2025-11-30,T010,SKU01112,97,295.85
2025-11-30,T010,SKU01119,123,270.60
2025-11-30,T010,SKU01126,57,1219.80
2025-11-30,T010,SKU01133,127,2451.10
2025-11-30,T010,SKU01140,116,487.20
2025-11-30,T010,SKU01147,137,726.10
2025-11-30,T010,SKU01154,67,469.00
2025-11-30,T010,SKU01161,51,1142.40
2025-11-30,T010,SKU01168,23,66.70
2025-11-30,T010,SKU01175,125,318.75
2025-11-30,T010,SKU01182,98,352.80
2025-11-30,T010,SKU01189,68,95.20
2025-11-30,T010,SKU01196,119,583.10
2025-11-30,T010,SKU01203,85,510.00
2025-11-30,T010,SKU01210,0,0.00
2025-11-30,T010,SKU01217,80,728.00
2025-11-30,T010,SKU01224,82,557.60
2025-11-30,T010,SKU01238,101,1403.90
2025-11-30,T010,SKU01245,120,2352.00
2025-11-30,T010,SKU01252,63,970.20
2025-11-30,T010,SKU01266,109,1231.70
2025-11-30,T010,SKU01273,151,1041.90
2025-11-30,T010,SKU01280,149,3739.90
2025-11-30,T010,SKU01287,30,186.00
2025-11-30,T010,SKU01294,161,547.40
2025-11-30,T010,SKU01301,68,1115.20
2025-11-30,T010,SKU01308,97,882.70
2025-11-30,T010,SKU01315,51,198.90
2025-11-30,T010,SKU01329,2,14.00
2025-11-30,T010,SKU01336,15,78.00
2025-11-30,T010,SKU01343,2,21.60
2025-11-30,T010,SKU01350,105,829.50
2025-11-30,T010,SKU01357,85,238.00
2025-11-30,T011,SKU01014,64,262.40
2025-11-30,T011,SKU01021,26,79.30
2025-11-30,T011,SKU01028,50,222.50
2025-11-30,T011,SKU01035,26,140.40
2025-11-30,T011,SKU01042,42,296.10
2025-11-30,T011,SKU01049,32,172.80
2025-11-30,T011,SKU01056,35,325.50
2025-11-30,T011,SKU01063,31,347.20
2025-11-30,T011,SKU01070,7,49.70
2025-11-30,T011,SKU01077,10,47.00
2025-11-30,T011,SKU01091,41,127.10
2025-11-30,T011,SKU01098,53,100.70
2025-11-30,T011,SKU01105,102,397.80
2025-11-30,T011,SKU01112,22,67.10
2025-11-30,T011,SKU01119,48,105.60
2025-11-30,T011,SKU01126,54,1155.60
2025-11-30,T011,SKU01133,55,1061.50
2025-11-30,T011,SKU01140,43,180.60
2025-11-30,T011,SKU01147,75,397.50
2025-11-30,T011,SKU01154,49,343.00
2025-11-30,T011,SKU01161,67,1500.80
2025-11-30,T011,SKU01168,74,214.60
2025-11-30,T011,SKU01175,4,10.20
2025-11-30,T011,SKU01182,59,212.40
2025-11-30,T011,SKU01189,47,65.80
2025-11-30,T011,SKU01196,21,102.90
2025-11-30,T011,SKU01203,42,252.00
2025-11-30,T011,SKU01210,45,9.90
2025-11-30,T011,SKU01217,31,282.10
2025-11-30,T011,SKU01224,43,292.40
2025-11-30,T011,SKU01238,12,166.80
2025-11-30,T011,SKU01245,60,1176.00
2025-11-30,T011,SKU01252,18,277.20
2025-11-30,T011,SKU01259,63,894.60
2025-11-30,T011,SKU01266,71,802.30
2025-11-30,T011,SKU01273,66,455.40
2025-11-30,T011,SKU01280,8,200.80
2025-11-30,T011,SKU01287,51,316.20
2025-11-30,T011,SKU01294,49,166.60
2025-11-30,T011,SKU01301,66,1082.40
2025-11-30,T011,SKU01308,23,209.30
2025-11-30,T011,SKU01315,92,358.80
2025-11-30,T011,SKU01322,53,773.80
2025-11-30,T011,SKU01329,50,350.00
2025-11-30,T011,SKU01336,66,343.20
2025-11-30,T011,SKU01343,58,626.40
2025-11-30,T011,SKU01357,0,0.00
2025-11-30,T012,SKU01007,55,195.25
2025-11-30,T012,SKU01014,33,135.30
2025-11-30,T012,SKU01021,33,100.65
2025-11-30,T012,SKU01035,55,297.00
2025-11-30,T012,SKU01042,62,437.10
2025-11-30,T012,SKU01049,57,307.80
2025-11-30,T012,SKU01056,29,269.70
2025-11-30,T012,SKU01063,43,481.60
2025-11-30,T012,SKU01070,16,113.60
2025-11-30,T012,SKU01084,85,544.00
2025-11-30,T012,SKU01091,32,99.20
2025-11-30,T012,SKU01105,29,113.10
2025-11-30,T012,SKU01112,47,143.35
2025-11-30,T012,SKU01119,46,101.20
2025-11-30,T012,SKU01126,47,1005.80
2025-11-30,T012,SKU01133,51,984.30
2025-11-30,T012,SKU01140,56,235.20
2025-11-30,T012,SKU01147,16,84.80
2025-11-30,T012,SKU01154,100,700.00
2025-11-30,T012,SKU01161,62,1388.80
2025-11-30,T012,SKU01168,65,188.50
2025-11-30,T012,SKU01175,58,147.90
2025-11-30,T012,SKU01182,34,122.40
2025-11-30,T012,SKU01196,48,235.20
2025-11-30,T012,SKU01203,43,258.00
2025-11-30,T012,SKU01210,37,8.14
2025-11-30,T012,SKU01217,37,336.70
2025-11-30,T012,SKU01231,63,592.20
2025-11-30,T012,SKU01238,64,889.60
2025-11-30,T012,SKU01245,74,1450.40
2025-11-30,T012,SKU01252,21,323.40
2025-11-30,T012,SKU01259,60,852.00
2025-11-30,T012,SKU01273,46,317.40
2025-11-30,T012,SKU01280,6,150.60
2025-11-30,T012,SKU01294,74,251.60
2025-11-30,T012,SKU01301,56,918.40
2025-11-30,T012,SKU01308,53,482.30
2025-11-30,T012,SKU01315,34,132.60
2025-11-30,T012,SKU01329,45,315.00
2025-11-30,T012,SKU01336,40,208.00
2025-11-30,T012,SKU01343,79,853.20
2025-11-30,T012,SKU01350,92,726.80
2025-11-30,T012,SKU01357,36,100.80
2025-12-31,T001,SKU01007,102,362.10
2025-12-31,T001,SKU01014,103,422.30
2025-12-31,T001,SKU01021,130,396.50
2025-12-31,T001,SKU01028,15,66.75
2025-12-31,T001,SKU01049,50,270.00
2025-12-31,T001,SKU01056,143,1329.90
2025-12-31,T001,SKU01070,152,1079.20
2025-12-31,T001,SKU01077,59,277.30
2025-12-31,T001,SKU01084,133,851.20
2025-12-31,T001,SKU01091,60,186.00
2025-12-31,T001,SKU01098,89,169.10
2025-12-31,T001,SKU01105,58,226.20
2025-12-31,T001,SKU01112,40,122.00
2025-12-31,T001,SKU01119,123,270.60
2025-12-31,T001,SKU01126,74,1583.60
2025-12-31,T001,SKU01133,124,2393.20
2025-12-31,T001,SKU01140,138,579.60
2025-12-31,T001,SKU01147,154,816.20
2025-12-31,T001,SKU01154,175,1225.00
2025-12-31,T001,SKU01161,82,1836.80
2025-12-31,T001,SKU01168,77,223.30
2025-12-31,T001,SKU01175,179,456.45
2025-12-31,T001,SKU01189,86,120.40
2025-12-31,T001,SKU01196,89,436.10
2025-12-31,T001,SKU01203,93,558.00
2025-12-31,T001,SKU01210,92,20.24
2025-12-31,T001,SKU01217,60,546.00
2025-12-31,T001,SKU01224,107,727.60
2025-12-31,T001,SKU01231,97,911.80
2025-12-31,T001,SKU01238,110,1529.00
2025-12-31,T001,SKU01245,95,1862.00
2025-12-31,T001,SKU01252,98,1509.20
2025-12-31,T001,SKU01259,68,965.60
2025-12-31,T001,SKU01266,14,158.20
2025-12-31,T001,SKU01273,55,379.50
2025-12-31,T001,SKU01280,17,426.70
2025-12-31,T001,SKU01287,96,595.20
2025-12-31,T001,SKU01308,132,1201.20
2025-12-31,T001,SKU01322,78,1138.80
2025-12-31,T001,SKU01329,107,749.00
2025-12-31,T001,SKU01336,170,884.00
2025-12-31,T001,SKU01343,113,1220.40
2025-12-31,T001,SKU01350,59,466.10
2025-12-31,T001,SKU01357,78,218.40
2025-12-31,T002,SKU01007,0,0.00
2025-12-31,T002,SKU01021,53,161.65
2025-12-31,T002,SKU01028,31,137.95
2025-12-31,T002,SKU01035,81,437.40
2025-12-31,T002,SKU01042,35,246.75
2025-12-31,T002,SKU01056,38,353.40
2025-12-31,T002,SKU01063,90,1008.00
2025-12-31,T002,SKU01070,28,198.80
2025-12-31,T002,SKU01077,36,169.20
2025-12-31,T002,SKU01084,8,51.20
2025-12-31,T002,SKU01091,25,77.50
2025-12-31,T002,SKU01098,49,93.10
2025-12-31,T002,SKU01105,67,261.30
2025-12-31,T002,SKU01112,61,186.05
2025-12-31,T002,SKU01119,51,112.20
2025-12-31,T002,SKU01133,65,1254.50
2025-12-31,T002,SKU01147,82,434.60
2025-12-31,T002,SKU01154,46,322.00
2025-12-31,T002,SKU01161,30,672.00
2025-12-31,T002,SKU01168,0,0.00
2025-12-31,T002,SKU01175,29,73.95
2025-12-31,T002,SKU01182,15,54.00
2025-12-31,T002,SKU01189,48,67.20
2025-12-31,T002,SKU01196,48,235.20
2025-12-31,T002,SKU01203,69,414.00
2025-12-31,T002,SKU01210,3,0.66
2025-12-31,T002,SKU01224,14,95.20
2025-12-31,T002,SKU01231,52,488.80
2025-12-31,T002,SKU01238,53,736.70
2025-12-31,T002,SKU01245,43,842.80
2025-12-31,T002,SKU01252,55,847.00
2025-12-31,T002,SKU01259,47,667.40
2025-12-31,T002,SKU01266,11,124.30
2025-12-31,T002,SKU01280,60,1506.00
2025-12-31,T002,SKU01287,64,396.80
2025-12-31,T002,SKU01294,46,156.40
2025-12-31,T002,SKU01308,25,227.50
2025-12-31,T002,SKU01315,88,343.20
2025-12-31,T002,SKU01322,4,58.40
2025-12-31,T002,SKU01329,42,294.00
2025-12-31,T002,SKU01343,66,712.80
2025-12-31,T002,SKU01350,17,134.30
2025-12-31,T002,SKU01357,49,137.20
2025-12-31,T003,SKU01007,94,333.70
2025-12-31,T003,SKU01014,149,610.90
2025-12-31,T003,SKU01021,0,0.00
2025-12-31,T003,SKU01028,65,289.25
2025-12-31,T003,SKU01035,146,788.40
2025-12-31,T003,SKU01049,87,469.80
2025-12-31,T003,SKU01056,141,1311.30
2025-12-31,T003,SKU01063,147,1646.40
2025-12-31,T003,SKU01070,117,830.70
2025-12-31,T003,SKU01077,33,155.10
2025-12-31,T003,SKU01084,58,371.20
2025-12-31,T003,SKU01091,54,167.40
2025-12-31,T003,SKU01098,113,214.70
2025-12-31,T003,SKU01105,117,456.30
2025-12-31,T003,SKU01112,62,189.10
2025-12-31,T003,SKU01119,107,235.40
2025-12-31,T003,SKU01133,60,1158.00
2025-12-31,T003,SKU01140,167,701.40
2025-12-31,T003,SKU01147,92,487.60
2025-12-31,T003,SKU01154,45,315.00
2025-12-31,T003,SKU01161,144,3225.60
2025-12-31,T003,SKU01175,85,216.75
2025-12-31,T003,SKU01182,90,324.00
2025-12-31,T003,SKU01189,68,95.20
2025-12-31,T003,SKU01196,106,519.40
2025-12-31,T003,SKU01203,77,462.00
2025-12-31,T003,SKU01217,105,955.50
2025-12-31,T003,SKU01231,122,1146.80
2025-12-31,T003,SKU01238,86,1195.40
2025-12-31,T003,SKU01245,120,2352.00
2025-12-31,T003,SKU01252,89,1370.60
2025-12-31,T003,SKU01266,84,949.20
2025-12-31,T003,SKU01273,175,1207.50
2025-12-31,T003,SKU01280,59,1480.90
2025-12-31,T003,SKU01287,36,223.20
2025-12-31,T003,SKU01294,87,295.80
2025-12-31,T003,SKU01315,140,546.00
2025-12-31,T003,SKU01322,66,963.60
2025-12-31,T003,SKU01329,98,686.00
2025-12-31,T003,SKU01336,101,525.20
2025-12-31,T003,SKU01343,198,2138.40
2025-12-31,T003,SKU01350,120,948.00
2025-12-31,T004,SKU01014,58,237.80
2025-12-31,T004,SKU01021,10,30.50
2025-12-31,T004,SKU01028,25,111.25
2025-12-31,T004,SKU01035,31,167.40
2025-12-31,T004,SKU01042,53,373.65
2025-12-31,T004,SKU01049,45,243.00
2025-12-31,T004,SKU01056,71,660.30
2025-12-31,T004,SKU01063,30,336.00
2025-12-31,T004,SKU01070,62,440.20
2025-12-31,T004,SKU01077,11,51.70
2025-12-31,T004,SKU01091,30,93.00
2025-12-31,T004,SKU01098,50,95.00
2025-12-31,T004,SKU01105,19,74.10
2025-12-31,T004,SKU01112,65,198.25
2025-12-31,T004,SKU01119,29,63.80
2025-12-31,T004,SKU01126,35,749.00
2025-12-31,T004,SKU01133,78,1505.40
2025-12-31,T004,SKU01140,51,214.20
2025-12-31,T004,SKU01147,28,148.40
2025-12-31,T004,SKU01154,12,84.00
2025-12-31,T004,SKU01161,44,985.60
2025-12-31,T004,SKU01168,59,171.10
2025-12-31,T004,SKU01182,49,176.40
2025-12-31,T004,SKU01189,21,29.40
2025-12-31,T004,SKU01196,12,58.80
2025-12-31,T004,SKU01203,49,294.00
2025-12-31,T004,SKU01217,31,282.10
2025-12-31,T004,SKU01224,55,374.00
2025-12-31,T004,SKU01231,54,507.60
2025-12-31,T004,SKU01238,67,931.30
2025-12-31,T004,SKU01245,47,921.20
2025-12-31,T004,SKU01252,16,246.40
2025-12-31,T004,SKU01259,35,497.00
2025-12-31,T004,SKU01266,18,203.40
2025-12-31,T004,SKU01273,70,483.00
2025-12-31,T004,SKU01280,37,928.70
2025-12-31,T004,SKU01287,41,254.20
2025-12-31,T004,SKU01294,5,17.00
2025-12-31,T004,SKU01308,42,382.20
2025-12-31,T004,SKU01315,22,85.80
2025-12-31,T004,SKU01322,55,803.00
2025-12-31,T004,SKU01329,41,287.00
2025-12-31,T004,SKU01336,49,254.80
2025-12-31,T004,SKU01343,0,0.00
2025-12-31,T004,SKU01350,51,402.90
2025-12-31,T005,SKU01007,60,213.00
2025-12-31,T005,SKU01014,37,151.70
2025-12-31,T005,SKU01021,16,48.80
2025-12-31,T005,SKU01028,79,351.55
2025-12-31,T005,SKU01035,99,534.60
2025-12-31,T005,SKU01042,44,310.20
2025-12-31,T005,SKU01049,109,588.60
2025-12-31,T005,SKU01056,38,353.40
2025-12-31,T005,SKU01063,76,851.20
2025-12-31,T005,SKU01070,80,568.00
2025-12-31,T005,SKU01077,111,521.70
2025-12-31,T005,SKU01084,64,409.60
2025-12-31,T005,SKU01091,100,310.00
2025-12-31,T005,SKU01098,43,81.70
2025-12-31,T005,SKU01105,40,156.00
2025-12-31,T005,SKU01112,74,225.70
2025-12-31,T005,SKU01119,161,354.20
2025-12-31,T005,SKU01126,106,2268.40
2025-12-31,T005,SKU01133,120,2316.00
2025-12-31,T005,SKU01147,132,699.60
2025-12-31,T005,SKU01154,88,616.00
2025-12-31,T005,SKU01161,161,3606.40
2025-12-31,T005,SKU01168,39,113.10
2025-12-31,T005,SKU01175,122,311.10
2025-12-31,T005,SKU01196,142,695.80
2025-12-31,T005,SKU01203,53,318.00
2025-12-31,T005,SKU01210,36,7.92
2025-12-31,T005,SKU01217,89,809.90
2025-12-31,T005,SKU01224,75,510.00
2025-12-31,T005,SKU01231,49,460.60
2025-12-31,T005,SKU01238,111,1542.90
2025-12-31,T005,SKU01245,64,1254.40
2025-12-31,T005,SKU01252,66,1016.40
2025-12-31,T005,SKU01259,60,852.00
2025-12-31,T005,SKU01266,75,847.50
2025-12-31,T005,SKU01273,110,759.00
2025-12-31,T005,SKU01280,45,1129.50
2025-12-31,T005,SKU01287,51,316.20
2025-12-31,T005,SKU01294,71,241.40
2025-12-31,T005,SKU01301,114,1869.60
2025-12-31,T005,SKU01315,93,362.70
2025-12-31,T005,SKU01322,141,2058.60
2025-12-31,T005,SKU01336,69,358.80
2025-12-31,T005,SKU01343,115,1242.00
2025-12-31,T005,SKU01350,116,916.40
2025-12-31,T005,SKU01357,52,145.60
2025-12-31,T006,SKU01007,56,198.80
2025-12-31,T006,SKU01014,80,328.00
2025-12-31,T006,SKU01021,48,146.40
2025-12-31,T006,SKU01035,32,172.80
2025-12-31,T006,SKU01042,29,204.45
2025-12-31,T006,SKU01049,28,151.20
2025-12-31,T006,SKU01056,91,846.30
2025-12-31,T006,SKU01063,43,481.60
2025-12-31,T006,SKU01070,40,284.00
2025-12-31,T006,SKU01077,42,197.40
2025-12-31,T006,SKU01084,31,198.40
2025-12-31,T006,SKU01091,34,105.40
2025-12-31,T006,SKU01098,56,106.40
2025-12-31,T006,SKU01105,73,284.70
2025-12-31,T006,SKU01112,49,149.45
2025-12-31,T006,SKU01119,24,52.80
2025-12-31,T006,SKU01133,71,1370.30
2025-12-31,T006,SKU01140,52,218.40
2025-12-31,T006,SKU01147,35,185.50
2025-12-31,T006,SKU01154,29,203.00
2025-12-31,T006,SKU01161,12,268.80
2025-12-31,T006,SKU01168,26,75.40
2025-12-31,T006,SKU01175,88,224.40
2025-12-31,T006,SKU01189,21,29.40
2025-12-31,T006,SKU01196,61,298.90
2025-12-31,T006,SKU01203,57,342.00
2025-12-31,T006,SKU01210,56,12.32
2025-12-31,T006,SKU01217,31,282.10
2025-12-31,T006,SKU01224,27,183.60
2025-12-31,T006,SKU01231,36,338.40
2025-12-31,T006,SKU01238,42,583.80
2025-12-31,T006,SKU01245,25,490.00
2025-12-31,T006,SKU01252,70,1078.00
2025-12-31,T006,SKU01259,31,440.20
2025-12-31,T006,SKU01266,56,632.80
2025-12-31,T006,SKU01273,58,400.20
2025-12-31,T006,SKU01280,77,1932.70
2025-12-31,T006,SKU01287,63,390.60
2025-12-31,T006,SKU01301,57,934.80
2025-12-31,T006,SKU01308,32,291.20
2025-12-31,T006,SKU01315,53,206.70
2025-12-31,T006,SKU01322,62,905.20
2025-12-31,T006,SKU01329,51,357.00
2025-12-31,T006,SKU01343,14,151.20
2025-12-31,T006,SKU01350,77,608.30
2025-12-31,T006,SKU01357,22,61.60
2025-12-31,T007,SKU01007,32,113.60
2025-12-31,T007,SKU01014,10,41.00
2025-12-31,T007,SKU01021,39,118.95
2025-12-31,T007,SKU01028,11,48.95
2025-12-31,T007,SKU01035,29,156.60
2025-12-31,T007,SKU01042,43,303.15
2025-12-31,T007,SKU01049,40,216.00
2025-12-31,T007,SKU01056,16,148.80
2025-12-31,T007,SKU01063,15,168.00
2025-12-31,T007,SKU01070,43,305.30
2025-12-31,T007,SKU01077,28,131.60
2025-12-31,T007,SKU01084,52,332.80
2025-12-31,T007,SKU01091,70,217.00
2025-12-31,T007,SKU01098,10,19.00
2025-12-31,T007,SKU01112,21,64.05
2025-12-31,T007,SKU01119,0,0.00
2025-12-31,T007,SKU01126,15,321.00
2025-12-31,T007,SKU01133,26,501.80
2025-12-31,T007,SKU01140,60,252.00
2025-12-31,T007,SKU01147,78,413.40
2025-12-31,T007,SKU01154,90,630.00
2025-12-31,T007,SKU01161,40,896.00
2025-12-31,T007,SKU01168,48,139.20
2025-12-31,T007,SKU01182,58,208.80
2025-12-31,T007,SKU01189,73,102.20
2025-12-31,T007,SKU01196,73,357.70
2025-12-31,T007,SKU01210,27,5.94
2025-12-31,T007,SKU01224,28,190.40
2025-12-31,T007,SKU01231,36,338.40
2025-12-31,T007,SKU01238,37,514.30
2025-12-31,T007,SKU01245,75,1470.00
2025-12-31,T007,SKU01252,32,492.80
2025-12-31,T007,SKU01259,62,880.40
2025-12-31,T007,SKU01266,34,384.20
2025-12-31,T007,SKU01273,49,338.10
2025-12-31,T007,SKU01280,38,953.80
2025-12-31,T007,SKU01287,72,446.40
2025-12-31,T007,SKU01301,26,426.40
2025-12-31,T007,SKU01308,51,464.10
2025-12-31,T007,SKU01315,6,23.40
2025-12-31,T007,SKU01322,54,788.40
2025-12-31,T007,SKU01329,20,140.00
2025-12-31,T007,SKU01343,58,626.40
2025-12-31,T007,SKU01350,64,505.60
2025-12-31,T008,SKU01007,34,120.70
2025-12-31,T008,SKU01014,97,397.70
2025-12-31,T008,SKU01021,164,500.20
2025-12-31,T008,SKU01028,107,476.15
2025-12-31,T008,SKU01035,91,491.40
2025-12-31,T008,SKU01049,83,448.20
2025-12-31,T008,SKU01056,131,1218.30
2025-12-31,T008,SKU01063,58,649.60
2025-12-31,T008,SKU01070,125,887.50
2025-12-31,T008,SKU01077,81,380.70
2025-12-31,T008,SKU01084,30,192.00
2025-12-31,T008,SKU01091,87,269.70
2025-12-31,T008,SKU01098,81,153.90
2025-12-31,T008,SKU01105,122,475.80
2025-12-31,T008,SKU01112,112,341.60
2025-12-31,T008,SKU01119,34,74.80
2025-12-31,T008,SKU01126,35,749.00
2025-12-31,T008,SKU01133,141,2721.30
2025-12-31,T008,SKU01140,100,420.00
2025-12-31,T008,SKU01147,67,355.10
2025-12-31,T008,SKU01154,93,651.00
2025-12-31,T008,SKU01161,92,2060.80
2025-12-31,T008,SKU01168,93,269.70
2025-12-31,T008,SKU01175,128,326.40
2025-12-31,T008,SKU01182,132,475.20
2025-12-31,T008,SKU01189,76,106.40
2025-12-31,T008,SKU01196,53,259.70
2025-12-31,T008,SKU01203,127,762.00
2025-12-31,T008,SKU01217,61,555.10
2025-12-31,T008,SKU01224,100,680.00
2025-12-31,T008,SKU01231,144,1353.60
2025-12-31,T008,SKU01238,35,486.50
2025-12-31,T008,SKU01245,81,1587.60
2025-12-31,T008,SKU01252,141,2171.40
2025-12-31,T008,SKU01259,50,710.00
2025-12-31,T008,SKU01266,123,1389.90
2025-12-31,T008,SKU01273,138,952.20
2025-12-31,T008,SKU01280,87,2183.70
2025-12-31,T008,SKU01287,129,799.80
2025-12-31,T008,SKU01301,30,492.00
2025-12-31,T008,SKU01308,92,837.20
2025-12-31,T008,SKU01315,162,631.80
2025-12-31,T008,SKU01322,129,1883.40
2025-12-31,T008,SKU01329,86,602.00
2025-12-31,T008,SKU01336,112,582.40
2025-12-31,T008,SKU01343,125,1350.00
2025-12-31,T008,SKU01350,56,442.40
2025-12-31,T008,SKU01357,114,319.20
2025-12-31,T009,SKU01007,45,159.75
2025-12-31,T009,SKU01014,45,184.50
2025-12-31,T009,SKU01021,28,85.40
2025-12-31,T009,SKU01035,42,226.80
2025-12-31,T009,SKU01042,23,162.15
2025-12-31,T009,SKU01049,40,216.00
2025-12-31,T009,SKU01056,71,660.30
2025-12-31,T009,SKU01063,27,302.40
2025-12-31,T009,SKU01070,16,113.60
2025-12-31,T009,SKU01077,60,282.00
2025-12-31,T009,SKU01084,21,134.40
2025-12-31,T009,SKU01091,22,68.20
2025-12-31,T009,SKU01098,74,140.60
2025-12-31,T009,SKU01105,37,144.30
2025-12-31,T009,SKU01112,11,33.55
2025-12-31,T009,SKU01119,46,101.20
2025-12-31,T009,SKU01133,33,636.90
2025-12-31,T009,SKU01140,34,142.80
2025-12-31,T009,SKU01147,47,249.10
2025-12-31,T009,SKU01154,33,231.00
2025-12-31,T009,SKU01161,36,806.40
2025-12-31,T009,SKU01168,53,153.70
2025-12-31,T009,SKU01175,30,76.50
2025-12-31,T009,SKU01182,54,194.40
2025-12-31,T009,SKU01189,40,56.00
2025-12-31,T009,SKU01196,69,338.10
2025-12-31,T009,SKU01203,47,282.00
2025-12-31,T009,SKU01210,41,9.02
2025-12-31,T009,SKU01217,26,236.60
2025-12-31,T009,SKU01224,55,374.00
2025-12-31,T009,SKU01231,79,742.60
2025-12-31,T009,SKU01238,23,319.70
2025-12-31,T009,SKU01245,69,1352.40
2025-12-31,T009,SKU01252,22,338.80
2025-12-31,T009,SKU01259,52,738.40
2025-12-31,T009,SKU01266,50,565.00
2025-12-31,T009,SKU01273,58,400.20
2025-12-31,T009,SKU01287,60,372.00
2025-12-31,T009,SKU01294,47,159.80
2025-12-31,T009,SKU01301,18,295.20
2025-12-31,T009,SKU01308,58,527.80
2025-12-31,T009,SKU01315,57,222.30
2025-12-31,T009,SKU01322,35,511.00
2025-12-31,T009,SKU01329,47,329.00
2025-12-31,T009,SKU01336,63,327.60
2025-12-31,T009,SKU01343,60,648.00
2025-12-31,T009,SKU01350,19,150.10
2025-12-31,T009,SKU01357,47,131.60
2025-12-31,T010,SKU01007,33,117.15
2025-12-31,T010,SKU01014,175,717.50
2025-12-31,T010,SKU01021,100,305.00
2025-12-31,T010,SKU01042,33,232.65
2025-12-31,T010,SKU01049,32,172.80
2025-12-31,T010,SKU01063,73,817.60
2025-12-31,T010,SKU01070,93,660.30
2025-12-31,T010,SKU01077,96,451.20
2025-12-31,T010,SKU01084,171,1094.40
2025-12-31,T010,SKU01091,113,350.30
2025-12-31,T010,SKU01098,116,220.40
2025-12-31,T010,SKU01105,28,109.20
2025-12-31,T010,SKU01112,43,131.15
2025-12-31,T010,SKU01119,139,305.80
2025-12-31,T010,SKU01126,85,1819.00
2025-12-31,T010,SKU01133,110,2123.00
2025-12-31,T010,SKU01147,71,376.30
2025-12-31,T010,SKU01154,98,686.00
2025-12-31,T010,SKU01161,134,3001.60
2025-12-31,T010,SKU01168,89,258.10
2025-12-31,T010,SKU01182,92,331.20
2025-12-31,T010,SKU01189,153,214.20
2025-12-31,T010,SKU01196,102,499.80
2025-12-31,T010,SKU01203,140,840.00
2025-12-31,T010,SKU01210,0,0.00
2025-12-31,T010,SKU01224,107,727.60
2025-12-31,T010,SKU01231,102,958.80
2025-12-31,T010,SKU01238,99,1376.10
2025-12-31,T010,SKU01245,122,2391.20
2025-12-31,T010,SKU01252,134,2063.60
2025-12-31,T010,SKU01266,67,757.10
2025-12-31,T010,SKU01280,132,3313.20
2025-12-31,T010,SKU01294,81,275.40
2025-12-31,T010,SKU01301,69,1131.60
2025-12-31,T010,SKU01308,94,855.40
2025-12-31,T010,SKU01315,69,269.10
2025-12-31,T010,SKU01322,44,642.40
2025-12-31,T010,SKU01357,31,86.80
2025-12-31,T011,SKU01007,77,273.35
2025-12-31,T011,SKU01014,48,196.80
2025-12-31,T011,SKU01021,61,186.05
2025-12-31,T011,SKU01028,23,102.35
2025-12-31,T011,SKU01035,8,43.20
2025-12-31,T011,SKU01042,50,352.50
2025-12-31,T011,SKU01056,17,158.10
2025-12-31,T011,SKU01070,11,78.10
2025-12-31,T011,SKU01077,36,169.20
2025-12-31,T011,SKU01084,22,140.80
2025-12-31,T011,SKU01091,56,173.60
2025-12-31,T011,SKU01105,37,144.30
2025-12-31,T011,SKU01112,60,183.00
2025-12-31,T011,SKU01119,30,66.00
2025-12-31,T011,SKU01126,47,1005.80
2025-12-31,T011,SKU01133,41,791.30
2025-12-31,T011,SKU01140,41,172.20
2025-12-31,T011,SKU01147,85,450.50
2025-12-31,T011,SKU01154,41,287.00
2025-12-31,T011,SKU01161,22,492.80
2025-12-31,T011,SKU01168,40,116.00
2025-12-31,T011,SKU01175,6,15.30
2025-12-31,T011,SKU01189,35,49.00
2025-12-31,T011,SKU01196,60,294.00
2025-12-31,T011,SKU01203,79,474.00
2025-12-31,T011,SKU01210,71,15.62
2025-12-31,T011,SKU01224,32,217.60
2025-12-31,T011,SKU01231,65,611.00
2025-12-31,T011,SKU01238,62,861.80
2025-12-31,T011,SKU01245,44,862.40
2025-12-31,T011,SKU01252,64,985.60
2025-12-31,T011,SKU01259,44,624.80
2025-12-31,T011,SKU01266,71,802.30
2025-12-31,T011,SKU01273,23,158.70
2025-12-31,T011,SKU01280,34,853.40
2025-12-31,T011,SKU01287,21,130.20
2025-12-31,T011,SKU01294,40,136.00
2025-12-31,T011,SKU01301,48,787.20
2025-12-31,T011,SKU01308,58,527.80
2025-12-31,T011,SKU01315,20,78.00
2025-12-31,T011,SKU01322,52,759.20
2025-12-31,T011,SKU01329,47,329.00
2025-12-31,T011,SKU01336,49,254.80
2025-12-31,T011,SKU01343,47,507.60
2025-12-31,T011,SKU01350,63,497.70
2025-12-31,T011,SKU01357,20,56.00
2025-12-31,T012,SKU01007,52,184.60
2025-12-31,T012,SKU01014,49,200.90
2025-12-31,T012,SKU01021,46,140.30
2025-12-31,T012,SKU01028,14,62.30
2025-12-31,T012,SKU01035,55,297.00
2025-12-31,T012,SKU01042,60,423.00
2025-12-31,T012,SKU01049,56,302.40
2025-12-31,T012,SKU01056,65,604.50
2025-12-31,T012,SKU01063,39,436.80
2025-12-31,T012,SKU01070,50,355.00
2025-12-31,T012,SKU01077,31,145.70
2025-12-31,T012,SKU01084,49,313.60
2025-12-31,T012,SKU01091,32,99.20
2025-12-31,T012,SKU01098,63,119.70
2025-12-31,T012,SKU01105,66,257.40
2025-12-31,T012,SKU01133,83,1601.90
2025-12-31,T012,SKU01140,33,138.60
2025-12-31,T012,SKU01154,45,315.00
2025-12-31,T012,SKU01161,50,1120.00
2025-12-31,T012,SKU01168,44,127.60
2025-12-31,T012,SKU01175,56,142.80
2025-12-31,T012,SKU01182,40,144.00
2025-12-31,T012,SKU01203,37,222.00
2025-12-31,T012,SKU01210,47,10.34
2025-12-31,T012,SKU01217,56,509.60
2025-12-31,T012,SKU01224,41,278.80
2025-12-31,T012,SKU01231,10,94.00
2025-12-31,T012,SKU01238,36,500.40
2025-12-31,T012,SKU01245,56,1097.60
2025-12-31,T012,SKU01252,22,338.80
2025-12-31,T012,SKU01259,46,653.20
2025-12-31,T012,SKU01280,42,1054.20
2025-12-31,T012,SKU01287,38,235.60
2025-12-31,T012,SKU01294,62,210.80
2025-12-31,T012,SKU01301,54,885.60
2025-12-31,T012,SKU01308,71,646.10
2025-12-31,T012,SKU01315,40,156.00
2025-12-31,T012,SKU01322,50,730.00
2025-12-31,T012,SKU01329,19,133.00
2025-12-31,T012,SKU01336,33,171.60
2025-12-31,T012,SKU01343,46,496.80
2025-12-31,T012,SKU01350,44,347.60
2025-12-31,T012,SKU01357,37,103.60
2026-01-31,T001,SKU01007,89,315.95
2026-01-31,T001,SKU01014,127,520.70
2026-01-31,T001,SKU01021,102,311.10
2026-01-31,T001,SKU01028,98,436.10
2026-01-31,T001,SKU01035,115,621.00
2026-01-31,T001,SKU01042,100,705.00
2026-01-31,T001,SKU01049,48,259.20
2026-01-31,T001,SKU01063,37,414.40
2026-01-31,T001,SKU01070,104,738.40
2026-01-31,T001,SKU01077,12,56.40
2026-01-31,T001,SKU01084,91,582.40
2026-01-31,T001,SKU01091,61,189.10
2026-01-31,T001,SKU01098,126,239.40
2026-01-31,T001,SKU01105,35,136.50
2026-01-31,T001,SKU01112,140,427.00
2026-01-31,T001,SKU01119,81,178.20
2026-01-31,T001,SKU01126,53,1134.20
2026-01-31,T001,SKU01133,84,1621.20
2026-01-31,T001,SKU01140,103,432.60
2026-01-31,T001,SKU01147,87,461.10
2026-01-31,T001,SKU01154,46,322.00
2026-01-31,T001,SKU01161,96,2150.40
2026-01-31,T001,SKU01168,124,359.60
2026-01-31,T001,SKU01175,49,124.95
2026-01-31,T001,SKU01182,146,525.60
2026-01-31,T001,SKU01189,103,144.20
2026-01-31,T001,SKU01196,52,254.80
2026-01-31,T001,SKU01203,64,384.00
2026-01-31,T001,SKU01210,116,25.52
2026-01-31,T001,SKU01217,95,864.50
2026-01-31,T001,SKU01224,75,510.00
2026-01-31,T001,SKU01231,94,883.60
2026-01-31,T001,SKU01238,78,1084.20
2026-01-31,T001,SKU01252,136,2094.40
2026-01-31,T001,SKU01259,53,752.60
2026-01-31,T001,SKU01266,70,791.00
2026-01-31,T001,SKU01273,25,172.50
2026-01-31,T001,SKU01280,78,1957.80
2026-01-31,T001,SKU01287,134,830.80
2026-01-31,T001,SKU01294,50,170.00
2026-01-31,T001,SKU01301,24,393.60
2026-01-31,T001,SKU01308,78,709.80
2026-01-31,T001,SKU01315,40,156.00
2026-01-31,T001,SKU01322,101,1474.60
2026-01-31,T001,SKU01329,97,679.00
2026-01-31,T001,SKU01336,56,291.20
2026-01-31,T001,SKU01343,103,1112.40
2026-01-31,T001,SKU01350,77,608.30
2026-01-31,T001,SKU01357,112,313.60
2026-01-31,T002,SKU01007,42,149.10
2026-01-31,T002,SKU01014,61,250.10
2026-01-31,T002,SKU01021,58,176.90
2026-01-31,T002,SKU01028,11,48.95
2026-01-31,T002,SKU01035,49,264.60
2026-01-31,T002,SKU01042,77,542.85
2026-01-31,T002,SKU01056,72,669.60
2026-01-31,T002,SKU01070,53,376.30
2026-01-31,T002,SKU01077,23,108.10
2026-01-31,T002,SKU01084,33,211.20
2026-01-31,T002,SKU01091,37,114.70
2026-01-31,T002,SKU01098,58,110.20
2026-01-31,T002,SKU01105,38,148.20
2026-01-31,T002,SKU01112,67,204.35
2026-01-31,T002,SKU01119,50,110.00
2026-01-31,T002,SKU01126,39,834.60
2026-01-31,T002,SKU01147,44,233.20
2026-01-31,T002,SKU01154,46,322.00
2026-01-31,T002,SKU01161,27,604.80
2026-01-31,T002,SKU01168,37,107.30
2026-01-31,T002,SKU01182,39,140.40
2026-01-31,T002,SKU01189,60,84.00
2026-01-31,T002,SKU01203,43,258.00
2026-01-31,T002,SKU01210,66,14.52
2026-01-31,T002,SKU01217,5,45.50
2026-01-31,T002,SKU01224,69,469.20
2026-01-31,T002,SKU01231,83,780.20
2026-01-31,T002,SKU01238,40,556.00
2026-01-31,T002,SKU01245,20,392.00
2026-01-31,T002,SKU01252,73,1124.20
2026-01-31,T002,SKU01259,61,866.20
2026-01-31,T002,SKU01266,0,0.00
2026-01-31,T002,SKU01273,33,227.70
2026-01-31,T002,SKU01280,91,2284.10
2026-01-31,T002,SKU01287,37,229.40
2026-01-31,T002,SKU01294,31,105.40
2026-01-31,T002,SKU01301,23,377.20
2026-01-31,T002,SKU01308,19,172.90
2026-01-31,T002,SKU01315,57,222.30
2026-01-31,T002,SKU01322,63,919.80
2026-01-31,T002,SKU01329,28,196.00
2026-01-31,T002,SKU01343,63,680.40
2026-01-31,T002,SKU01357,38,106.40
2026-01-31,T003,SKU01007,122,433.10
2026-01-31,T003,SKU01014,102,418.20
2026-01-31,T003,SKU01021,154,469.70
2026-01-31,T003,SKU01035,73,394.20
2026-01-31,T003,SKU01042,135,951.75
2026-01-31,T003,SKU01049,83,448.20
2026-01-31,T003,SKU01056,105,976.50
2026-01-31,T003,SKU01063,126,1411.20
2026-01-31,T003,SKU01070,81,575.10
2026-01-31,T003,SKU01091,37,114.70
2026-01-31,T003,SKU01098,72,136.80
2026-01-31,T003,SKU01105,47,183.30
2026-01-31,T003,SKU01119,73,160.60
2026-01-31,T003,SKU01126,156,3338.40
2026-01-31,T003,SKU01133,66,1273.80
2026-01-31,T003,SKU01140,99,415.80
2026-01-31,T003,SKU01147,49,259.70
2026-01-31,T003,SKU01154,79,553.00
2026-01-31,T003,SKU01161,120,2688.00
2026-01-31,T003,SKU01168,134,388.60
2026-01-31,T003,SKU01182,35,126.00
2026-01-31,T003,SKU01196,130,637.00
2026-01-31,T003,SKU01203,141,846.00
2026-01-31,T003,SKU01210,63,13.86
2026-01-31,T003,SKU01217,137,1246.70
2026-01-31,T003,SKU01224,48,326.40
2026-01-31,T003,SKU01231,86,808.40
2026-01-31,T003,SKU01238,70,973.00
2026-01-31,T003,SKU01245,91,1783.60
2026-01-31,T003,SKU01252,132,2032.80
2026-01-31,T003,SKU01259,136,1931.20
2026-01-31,T003,SKU01266,88,994.40
2026-01-31,T003,SKU01273,127,876.30
2026-01-31,T003,SKU01287,124,768.80
2026-01-31,T003,SKU01294,2,6.80
2026-01-31,T003,SKU01301,165,2706.00
2026-01-31,T003,SKU01308,97,882.70
2026-01-31,T003,SKU01315,86,335.40
2026-01-31,T003,SKU01336,153,795.60
2026-01-31,T003,SKU01343,120,1296.00
2026-01-31,T003,SKU01350,0,0.00
2026-01-31,T003,SKU01357,103,288.40
2026-01-31,T004,SKU01007,24,85.20
2026-01-31,T004,SKU01014,56,229.60
2026-01-31,T004,SKU01021,71,216.55
2026-01-31,T004,SKU01028,63,280.35
2026-01-31,T004,SKU01035,52,280.80
2026-01-31,T004,SKU01042,51,359.55
2026-01-31,T004,SKU01049,8,43.20
2026-01-31,T004,SKU01063,52,582.40
2026-01-31,T004,SKU01070,65,461.50
2026-01-31,T004,SKU01077,30,141.00
2026-01-31,T004,SKU01084,36,230.40
2026-01-31,T004,SKU01091,58,179.80
2026-01-31,T004,SKU01098,2,3.80
2026-01-31,T004,SKU01112,48,146.40
2026-01-31,T004,SKU01119,24,52.80
2026-01-31,T004,SKU01126,46,984.40
2026-01-31,T004,SKU01133,52,1003.60
2026-01-31,T004,SKU01140,81,340.20
2026-01-31,T004,SKU01147,64,339.20
2026-01-31,T004,SKU01154,35,245.00
2026-01-31,T004,SKU01168,35,101.50
2026-01-31,T004,SKU01175,72,183.60
2026-01-31,T004,SKU01189,62,86.80
2026-01-31,T004,SKU01196,57,279.30
2026-01-31,T004,SKU01203,71,426.00
2026-01-31,T004,SKU01210,65,14.30
2026-01-31,T004,SKU01217,56,509.60
2026-01-31,T004,SKU01224,60,408.00
2026-01-31,T004,SKU01231,62,582.80
2026-01-31,T004,SKU01245,41,803.60
2026-01-31,T004,SKU01252,45,693.00
2026-01-31,T004,SKU01259,2,28.40
2026-01-31,T004,SKU01266,63,711.90
2026-01-31,T004,SKU01273,45,310.50
2026-01-31,T004,SKU01280,65,1631.50
2026-01-31,T004,SKU01294,52,176.80
2026-01-31,T004,SKU01301,22,360.80
2026-01-31,T004,SKU01308,51,464.10
2026-01-31,T004,SKU01315,61,237.90
2026-01-31,T004,SKU01322,21,306.60
2026-01-31,T004,SKU01329,38,266.00
2026-01-31,T004,SKU01336,69,358.80
2026-01-31,T004,SKU01343,33,356.40
2026-01-31,T004,SKU01350,64,505.60
2026-01-31,T004,SKU01357,37,103.60
2026-01-31,T005,SKU01014,49,200.90
2026-01-31,T005,SKU01021,161,491.05
2026-01-31,T005,SKU01028,71,315.95
2026-01-31,T005,SKU01035,78,421.20
2026-01-31,T005,SKU01042,90,634.50
2026-01-31,T005,SKU01049,66,356.40
2026-01-31,T005,SKU01056,40,372.00
2026-01-31,T005,SKU01063,98,1097.60
2026-01-31,T005,SKU01070,78,553.80
2026-01-31,T005,SKU01077,77,361.90
2026-01-31,T005,SKU01084,77,492.80
2026-01-31,T005,SKU01091,97,300.70
2026-01-31,T005,SKU01098,126,239.40
2026-01-31,T005,SKU01112,50,152.50
2026-01-31,T005,SKU01126,107,2289.80
2026-01-31,T005,SKU01154,63,441.00
2026-01-31,T005,SKU01168,109,316.10
2026-01-31,T005,SKU01175,97,247.35
2026-01-31,T005,SKU01182,100,360.00
2026-01-31,T005,SKU01189,30,42.00
2026-01-31,T005,SKU01196,126,617.40
2026-01-31,T005,SKU01203,18,108.00
2026-01-31,T005,SKU01210,116,25.52
2026-01-31,T005,SKU01217,85,773.50
2026-01-31,T005,SKU01224,95,646.00
2026-01-31,T005,SKU01231,66,620.40
2026-01-31,T005,SKU01238,72,1000.80
2026-01-31,T005,SKU01245,51,999.60
2026-01-31,T005,SKU01259,93,1320.60
2026-01-31,T005,SKU01273,92,634.80
2026-01-31,T005,SKU01280,89,2233.90
2026-01-31,T005,SKU01287,11,68.20
2026-01-31,T005,SKU01294,118,401.20
2026-01-31,T005,SKU01301,45,738.00
2026-01-31,T005,SKU01308,150,1365.00
2026-01-31,T005,SKU01315,114,444.60
2026-01-31,T005,SKU01322,102,1489.20
2026-01-31,T005,SKU01329,37,259.00
2026-01-31,T005,SKU01336,78,405.60
2026-01-31,T005,SKU01343,81,874.80
2026-01-31,T005,SKU01350,76,600.40
2026-01-31,T005,SKU01357,68,190.40
2026-01-31,T006,SKU01007,25,88.75
2026-01-31,T006,SKU01014,31,127.10
2026-01-31,T006,SKU01021,57,173.85
2026-01-31,T006,SKU01028,16,71.20
2026-01-31,T006,SKU01035,75,405.00
2026-01-31,T006,SKU01042,14,98.70
2026-01-31,T006,SKU01049,65,351.00
2026-01-31,T006,SKU01056,78,725.40
2026-01-31,T006,SKU01063,79,884.80
2026-01-31,T006,SKU01070,95,674.50
2026-01-31,T006,SKU01077,25,117.50
2026-01-31,T006,SKU01084,33,211.20
2026-01-31,T006,SKU01091,12,37.20
2026-01-31,T006,SKU01098,28,53.20
2026-01-31,T006,SKU01112,48,146.40
2026-01-31,T006,SKU01119,69,151.80
2026-01-31,T006,SKU01126,46,984.40
2026-01-31,T006,SKU01147,74,392.20
2026-01-31,T006,SKU01154,60,420.00
2026-01-31,T006,SKU01161,30,672.00
2026-01-31,T006,SKU01168,45,130.50
2026-01-31,T006,SKU01175,46,117.30
2026-01-31,T006,SKU01182,66,237.60
2026-01-31,T006,SKU01189,31,43.40
2026-01-31,T006,SKU01196,49,240.10
2026-01-31,T006,SKU01203,25,150.00
2026-01-31,T006,SKU01210,36,7.92
2026-01-31,T006,SKU01217,56,509.60
2026-01-31,T006,SKU01224,94,639.20
2026-01-31,T006,SKU01238,38,528.20
2026-01-31,T006,SKU01245,40,784.00
2026-01-31,T006,SKU01259,33,468.60
2026-01-31,T006,SKU01266,68,768.40
2026-01-31,T006,SKU01280,83,2083.30
2026-01-31,T006,SKU01287,80,496.00
2026-01-31,T006,SKU01294,34,115.60
2026-01-31,T006,SKU01301,83,1361.20
2026-01-31,T006,SKU01308,61,555.10
2026-01-31,T006,SKU01315,66,257.40
2026-01-31,T006,SKU01336,47,244.40
2026-01-31,T006,SKU01343,27,291.60
2026-01-31,T006,SKU01350,42,331.80
2026-01-31,T006,SKU01357,18,50.40
2026-01-31,T007,SKU01014,10,41.00
2026-01-31,T007,SKU01021,20,61.00
2026-01-31,T007,SKU01028,75,333.75
2026-01-31,T007,SKU01035,40,216.00
2026-01-31,T007,SKU01049,97,523.80
2026-01-31,T007,SKU01056,51,474.30
2026-01-31,T007,SKU01063,30,336.00
2026-01-31,T007,SKU01070,18,127.80
2026-01-31,T007,SKU01077,54,253.80
2026-01-31,T007,SKU01084,61,390.40
2026-01-31,T007,SKU01091,83,257.30
2026-01-31,T007,SKU01098,57,108.30
2026-01-31,T007,SKU01105,79,308.10
2026-01-31,T007,SKU01112,113,344.65
2026-01-31,T007,SKU01119,55,121.00
2026-01-31,T007,SKU01126,0,0.00
2026-01-31,T007,SKU01133,25,482.50
2026-01-31,T007,SKU01140,83,348.60
2026-01-31,T007,SKU01147,50,265.00
2026-01-31,T007,SKU01161,52,1164.80
2026-01-31,T007,SKU01168,57,165.30
2026-01-31,T007,SKU01175,7,17.85
2026-01-31,T007,SKU01182,87,313.20
2026-01-31,T007,SKU01189,48,67.20
2026-01-31,T007,SKU01196,46,225.40
2026-01-31,T007,SKU01203,15,90.00
2026-01-31,T007,SKU01210,76,16.72
2026-01-31,T007,SKU01217,47,427.70
2026-01-31,T007,SKU01224,6,40.80
2026-01-31,T007,SKU01231,73,686.20
2026-01-31,T007,SKU01238,66,917.40
2026-01-31,T007,SKU01245,5,98.00
2026-01-31,T007,SKU01252,17,261.80
2026-01-31,T007,SKU01259,80,1136.00
2026-01-31,T007,SKU01266,32,361.60
2026-01-31,T007,SKU01273,86,593.40
2026-01-31,T007,SKU01280,47,1179.70
2026-01-31,T007,SKU01287,48,297.60
2026-01-31,T007,SKU01294,48,163.20
2026-01-31,T007,SKU01301,31,508.40
2026-01-31,T007,SKU01308,18,163.80
2026-01-31,T007,SKU01315,47,183.30
2026-01-31,T007,SKU01322,13,189.80
2026-01-31,T007,SKU01329,42,294.00
2026-01-31,T007,SKU01343,40,432.00
2026-01-31,T007,SKU01350,16,126.40
2026-01-31,T007,SKU01357,6,16.80
2026-01-31,T008,SKU01007,8,28.40
2026-01-31,T008,SKU01014,101,414.10
2026-01-31,T008,SKU01021,116,353.80
2026-01-31,T008,SKU01028,189,841.05
2026-01-31,T008,SKU01035,56,302.40
2026-01-31,T008,SKU01042,126,888.30
2026-01-31,T008,SKU01049,62,334.80
2026-01-31,T008,SKU01056,60,558.00
2026-01-31,T008,SKU01063,97,1086.40
2026-01-31,T008,SKU01070,58,411.80
2026-01-31,T008,SKU01077,87,408.90
2026-01-31,T008,SKU01084,80,512.00
2026-01-31,T008,SKU01091,87,269.70
2026-01-31,T008,SKU01098,145,275.50
2026-01-31,T008,SKU01112,85,259.25
2026-01-31,T008,SKU01126,132,2824.80
2026-01-31,T008,SKU01133,119,2296.70
2026-01-31,T008,SKU01140,80,336.00
2026-01-31,T008,SKU01147,77,408.10
2026-01-31,T008,SKU01154,155,1085.00
2026-01-31,T008,SKU01161,93,2083.20
2026-01-31,T008,SKU01168,133,385.70
2026-01-31,T008,SKU01189,100,140.00
2026-01-31,T008,SKU01196,93,455.70
2026-01-31,T008,SKU01203,153,918.00
2026-01-31,T008,SKU01210,57,12.54
2026-01-31,T008,SKU01217,154,1401.40
2026-01-31,T008,SKU01224,132,897.60
2026-01-31,T008,SKU01238,92,1278.80
2026-01-31,T008,SKU01245,83,1626.80
2026-01-31,T008,SKU01252,33,508.20
2026-01-31,T008,SKU01259,104,1476.80
2026-01-31,T008,SKU01266,85,960.50
2026-01-31,T008,SKU01273,38,262.20
2026-01-31,T008,SKU01280,110,2761.00
2026-01-31,T008,SKU01287,147,911.40
2026-01-31,T008,SKU01294,60,204.00
2026-01-31,T008,SKU01308,109,991.90
2026-01-31,T008,SKU01315,111,432.90
2026-01-31,T008,SKU01322,48,700.80
2026-01-31,T008,SKU01329,107,749.00
2026-01-31,T008,SKU01336,67,348.40
2026-01-31,T008,SKU01343,107,1155.60
2026-01-31,T008,SKU01350,27,213.30
2026-01-31,T008,SKU01357,70,196.00
2026-01-31,T009,SKU01007,51,181.05
2026-01-31,T009,SKU01014,55,225.50
2026-01-31,T009,SKU01028,39,173.55
2026-01-31,T009,SKU01035,76,410.40
2026-01-31,T009,SKU01042,59,415.95
2026-01-31,T009,SKU01049,32,172.80
2026-01-31,T009,SKU01056,29,269.70
2026-01-31,T009,SKU01063,38,425.60
2026-01-31,T009,SKU01070,32,227.20
2026-01-31,T009,SKU01077,35,164.50
2026-01-31,T009,SKU01084,65,416.00
2026-01-31,T009,SKU01091,77,238.70
2026-01-31,T009,SKU01098,30,57.00
2026-01-31,T009,SKU01105,47,183.30
2026-01-31,T009,SKU01112,12,36.60
2026-01-31,T009,SKU01119,29,63.80
2026-01-31,T009,SKU01126,41,877.40
2026-01-31,T009,SKU01133,12,231.60
2026-01-31,T009,SKU01140,23,96.60
2026-01-31,T009,SKU01147,67,355.10
2026-01-31,T009,SKU01154,55,385.00
2026-01-31,T009,SKU01161,68,1523.20
2026-01-31,T009,SKU01175,46,117.30
2026-01-31,T009,SKU01182,45,162.00
2026-01-31,T009,SKU01189,30,42.00
2026-01-31,T009,SKU01203,67,402.00
2026-01-31,T009,SKU01210,43,9.46
2026-01-31,T009,SKU01217,32,291.20
2026-01-31,T009,SKU01224,86,584.80
2026-01-31,T009,SKU01231,59,554.60
2026-01-31,T009,SKU01238,38,528.20
2026-01-31,T009,SKU01245,33,646.80
2026-01-31,T009,SKU01252,42,646.80
2026-01-31,T009,SKU01259,38,539.60
2026-01-31,T009,SKU01266,74,836.20
2026-01-31,T009,SKU01273,45,310.50
2026-01-31,T009,SKU01287,34,210.80
2026-01-31,T009,SKU01294,39,132.60
2026-01-31,T009,SKU01301,53,869.20
2026-01-31,T009,SKU01308,36,327.60
2026-01-31,T009,SKU01315,23,89.70
2026-01-31,T009,SKU01322,61,890.60
2026-01-31,T009,SKU01329,25,175.00
2026-01-31,T009,SKU01336,39,202.80
2026-01-31,T009,SKU01343,51,550.80
2026-01-31,T009,SKU01350,49,387.10
2026-01-31,T009,SKU01357,38,106.40
2026-01-31,T010,SKU01014,88,360.80
2026-01-31,T010,SKU01021,101,308.05
2026-01-31,T010,SKU01028,139,618.55
2026-01-31,T010,SKU01035,59,318.60
2026-01-31,T010,SKU01056,104,967.20
2026-01-31,T010,SKU01063,0,0.00
2026-01-31,T010,SKU01070,85,603.50
2026-01-31,T010,SKU01077,165,775.50
2026-01-31,T010,SKU01105,169,659.10
2026-01-31,T010,SKU01112,116,353.80
2026-01-31,T010,SKU01119,100,220.00
2026-01-31,T010,SKU01133,87,1679.10
2026-01-31,T010,SKU01140,103,432.60
2026-01-31,T010,SKU01147,90,477.00
2026-01-31,T010,SKU01154,121,847.00
2026-01-31,T010,SKU01161,108,2419.20
2026-01-31,T010,SKU01182,68,244.80
2026-01-31,T010,SKU01189,96,134.40
2026-01-31,T010,SKU01196,141,690.90
2026-01-31,T010,SKU01203,81,486.00
2026-01-31,T010,SKU01210,84,18.48
2026-01-31,T010,SKU01217,97,882.70
2026-01-31,T010,SKU01224,121,822.80
2026-01-31,T010,SKU01231,163,1532.20
2026-01-31,T010,SKU01238,103,1431.70
2026-01-31,T010,SKU01245,81,1587.60
2026-01-31,T010,SKU01252,46,708.40
2026-01-31,T010,SKU01259,125,1775.00
2026-01-31,T010,SKU01266,144,1627.20
2026-01-31,T010,SKU01273,4,27.60
2026-01-31,T010,SKU01280,61,1531.10
2026-01-31,T010,SKU01287,84,520.80
2026-01-31,T010,SKU01294,50,170.00
2026-01-31,T010,SKU01301,115,1886.00
2026-01-31,T010,SKU01308,60,546.00
2026-01-31,T010,SKU01315,111,432.90
2026-01-31,T010,SKU01322,18,262.80
2026-01-31,T010,SKU01329,94,658.00
2026-01-31,T010,SKU01336,47,244.40
2026-01-31,T010,SKU01343,51,550.80
2026-01-31,T010,SKU01350,122,963.80
2026-01-31,T010,SKU01357,13,36.40
2026-01-31,T011,SKU01007,31,110.05
2026-01-31,T011,SKU01014,18,73.80
2026-01-31,T011,SKU01021,33,100.65
2026-01-31,T011,SKU01028,45,200.25
2026-01-31,T011,SKU01035,72,388.80
2026-01-31,T011,SKU01042,60,423.00
2026-01-31,T011,SKU01070,36,255.60
2026-01-31,T011,SKU01077,23,108.10
2026-01-31,T011,SKU01084,43,275.20
2026-01-31,T011,SKU01091,64,198.40
2026-01-31,T011,SKU01098,19,36.10
2026-01-31,T011,SKU01105,66,257.40
2026-01-31,T011,SKU01112,89,271.45
2026-01-31,T011,SKU01119,50,110.00
2026-01-31,T011,SKU01126,34,727.60
2026-01-31,T011,SKU01133,35,675.50
2026-01-31,T011,SKU01140,34,142.80
2026-01-31,T011,SKU01147,34,180.20
2026-01-31,T011,SKU01161,55,1232.00
2026-01-31,T011,SKU01175,54,137.70
2026-01-31,T011,SKU01182,13,46.80
2026-01-31,T011,SKU01189,71,99.40
2026-01-31,T011,SKU01203,31,186.00
2026-01-31,T011,SKU01210,47,10.34
2026-01-31,T011,SKU01217,56,509.60
2026-01-31,T011,SKU01224,38,258.40
2026-01-31,T011,SKU01231,54,507.60
2026-01-31,T011,SKU01245,30,588.00
2026-01-31,T011,SKU01252,21,323.40
2026-01-31,T011,SKU01259,56,795.20
2026-01-31,T011,SKU01273,56,386.40
2026-01-31,T011,SKU01280,45,1129.50
2026-01-31,T011,SKU01287,53,328.60
2026-01-31,T011,SKU01294,16,54.40
2026-01-31,T011,SKU01301,87,1426.80
2026-01-31,T011,SKU01308,59,536.90
2026-01-31,T011,SKU01315,31,120.90
2026-01-31,T011,SKU01322,36,525.60
2026-01-31,T011,SKU01329,69,483.00
2026-01-31,T011,SKU01336,30,156.00
2026-01-31,T011,SKU01343,90,972.00
2026-01-31,T011,SKU01350,88,695.20
2026-01-31,T011,SKU01357,102,285.60
2026-01-31,T012,SKU01014,62,254.20
2026-01-31,T012,SKU01021,29,88.45
2026-01-31,T012,SKU01028,49,218.05
2026-01-31,T012,SKU01042,23,162.15
2026-01-31,T012,SKU01049,59,318.60
2026-01-31,T012,SKU01056,15,139.50
2026-01-31,T012,SKU01063,81,907.20
2026-01-31,T012,SKU01070,28,198.80
2026-01-31,T012,SKU01077,9,42.30
2026-01-31,T012,SKU01084,38,243.20
2026-01-31,T012,SKU01091,56,173.60
2026-01-31,T012,SKU01098,43,81.70
2026-01-31,T012,SKU01105,42,163.80
2026-01-31,T012,SKU01112,43,131.15
2026-01-31,T012,SKU01119,9,19.80
2026-01-31,T012,SKU01126,47,1005.80
2026-01-31,T012,SKU01140,19,79.80
2026-01-31,T012,SKU01154,18,126.00
2026-01-31,T012,SKU01168,77,223.30
2026-01-31,T012,SKU01182,70,252.00
2026-01-31,T012,SKU01189,81,113.40
2026-01-31,T012,SKU01196,64,313.60
2026-01-31,T012,SKU01203,65,390.00
2026-01-31,T012,SKU01210,41,9.02
2026-01-31,T012,SKU01217,43,391.30
2026-01-31,T012,SKU01224,64,435.20
2026-01-31,T012,SKU01238,60,834.00
2026-01-31,T012,SKU01245,74,1450.40
2026-01-31,T012,SKU01252,16,246.40
2026-01-31,T012,SKU01259,60,852.00
2026-01-31,T012,SKU01266,23,259.90
2026-01-31,T012,SKU01273,38,262.20
2026-01-31,T012,SKU01280,68,1706.80
2026-01-31,T012,SKU01287,45,279.00
2026-01-31,T012,SKU01294,7,23.80
2026-01-31,T012,SKU01301,49,803.60
2026-01-31,T012,SKU01308,4,36.40
2026-01-31,T012,SKU01315,60,234.00
2026-01-31,T012,SKU01322,46,671.60
2026-01-31,T012,SKU01329,36,252.00
2026-01-31,T012,SKU01336,0,0.00
2026-01-31,T012,SKU01343,61,658.80
2026-01-31,T012,SKU01350,34,268.60
2026-01-31,T012,SKU01357,44,123.20
2026-02-28,T001,SKU01007,149,528.95
2026-02-28,T001,SKU01021,25,76.25
2026-02-28,T001,SKU01028,72,320.40
2026-02-28,T001,SKU01035,69,372.60
2026-02-28,T001,SKU01042,65,458.25
2026-02-28,T001,SKU01049,79,426.60
2026-02-28,T001,SKU01056,152,1413.60
2026-02-28,T001,SKU01063,93,1041.60
2026-02-28,T001,SKU01070,73,518.30
2026-02-28,T001,SKU01077,86,404.20
2026-02-28,T001,SKU01091,133,412.30
2026-02-28,T001,SKU01098,112,212.80
2026-02-28,T001,SKU01105,55,214.50
2026-02-28,T001,SKU01112,87,265.35
2026-02-28,T001,SKU01119,50,110.00
2026-02-28,T001,SKU01126,101,2161.40
2026-02-28,T001,SKU01133,60,1158.00
2026-02-28,T001,SKU01140,44,184.80
2026-02-28,T001,SKU01147,121,641.30
2026-02-28,T001,SKU01154,105,735.00
2026-02-28,T001,SKU01175,112,285.60
2026-02-28,T001,SKU01182,110,396.00
2026-02-28,T001,SKU01196,49,240.10
2026-02-28,T001,SKU01203,99,594.00
2026-02-28,T001,SKU01210,91,20.02
2026-02-28,T001,SKU01217,135,1228.50
2026-02-28,T001,SKU01224,109,741.20
2026-02-28,T001,SKU01231,162,1522.80
2026-02-28,T001,SKU01238,61,847.90
2026-02-28,T001,SKU01245,82,1607.20
2026-02-28,T001,SKU01252,28,431.20
2026-02-28,T001,SKU01266,57,644.10
2026-02-28,T001,SKU01280,70,1757.00
2026-02-28,T001,SKU01287,93,576.60
2026-02-28,T001,SKU01294,118,401.20
2026-02-28,T001,SKU01301,107,1754.80
2026-02-28,T001,SKU01308,72,655.20
2026-02-28,T001,SKU01315,88,343.20
2026-02-28,T001,SKU01322,119,1737.40
2026-02-28,T001,SKU01329,78,546.00
2026-02-28,T001,SKU01336,115,598.00
2026-02-28,T001,SKU01350,93,734.70
2026-02-28,T001,SKU01357,157,439.60
2026-02-28,T002,SKU01007,62,220.10
2026-02-28,T002,SKU01014,76,311.60
2026-02-28,T002,SKU01021,35,106.75
2026-02-28,T002,SKU01028,32,142.40
2026-02-28,T002,SKU01042,53,373.65
2026-02-28,T002,SKU01049,34,183.60
2026-02-28,T002,SKU01056,19,176.70
2026-02-28,T002,SKU01063,57,638.40
2026-02-28,T002,SKU01070,35,248.50
2026-02-28,T002,SKU01077,44,206.80
2026-02-28,T002,SKU01084,45,288.00
2026-02-28,T002,SKU01091,58,179.80
2026-02-28,T002,SKU01098,20,38.00
2026-02-28,T002,SKU01105,11,42.90
2026-02-28,T002,SKU01112,50,152.50
2026-02-28,T002,SKU01126,46,984.40
2026-02-28,T002,SKU01133,14,270.20
2026-02-28,T002,SKU01154,77,539.00
2026-02-28,T002,SKU01161,31,694.40
2026-02-28,T002,SKU01168,23,66.70
2026-02-28,T002,SKU01175,45,114.75
2026-02-28,T002,SKU01182,24,86.40
2026-02-28,T002,SKU01189,75,105.00
2026-02-28,T002,SKU01196,37,181.30
2026-02-28,T002,SKU01203,19,114.00
2026-02-28,T002,SKU01217,51,464.10
2026-02-28,T002,SKU01224,6,40.80
2026-02-28,T002,SKU01231,64,601.60
2026-02-28,T002,SKU01238,45,625.50
2026-02-28,T002,SKU01245,36,705.60
2026-02-28,T002,SKU01252,34,523.60
2026-02-28,T002,SKU01259,60,852.00
2026-02-28,T002,SKU01266,58,655.40
2026-02-28,T002,SKU01280,65,1631.50
2026-02-28,T002,SKU01287,32,198.40
2026-02-28,T002,SKU01294,53,180.20
2026-02-28,T002,SKU01301,14,229.60
2026-02-28,T002,SKU01308,82,746.20
2026-02-28,T002,SKU01315,51,198.90
2026-02-28,T002,SKU01322,44,642.40
2026-02-28,T002,SKU01329,22,154.00
2026-02-28,T002,SKU01336,39,202.80
2026-02-28,T002,SKU01343,22,237.60
2026-02-28,T002,SKU01350,59,466.10
2026-02-28,T002,SKU01357,36,100.80
2026-02-28,T003,SKU01007,91,323.05
2026-02-28,T003,SKU01014,82,336.20
2026-02-28,T003,SKU01021,71,216.55
2026-02-28,T003,SKU01028,88,391.60
2026-02-28,T003,SKU01035,140,756.00
2026-02-28,T003,SKU01042,92,648.60
2026-02-28,T003,SKU01049,68,367.20
2026-02-28,T003,SKU01056,33,306.90
2026-02-28,T003,SKU01063,12,134.40
2026-02-28,T003,SKU01070,144,1022.40
2026-02-28,T003,SKU01077,32,150.40
2026-02-28,T003,SKU01084,129,825.60
2026-02-28,T003,SKU01105,140,546.00
2026-02-28,T003,SKU01112,82,250.10
2026-02-28,T003,SKU01119,152,334.40
2026-02-28,T003,SKU01133,124,2393.20
2026-02-28,T003,SKU01147,165,874.50
2026-02-28,T003,SKU01161,80,1792.00
2026-02-28,T003,SKU01168,112,324.80
2026-02-28,T003,SKU01175,121,308.55
2026-02-28,T003,SKU01182,28,100.80
2026-02-28,T003,SKU01189,150,210.00
2026-02-28,T003,SKU01203,32,192.00
2026-02-28,T003,SKU01210,74,16.28
2026-02-28,T003,SKU01217,83,755.30
2026-02-28,T003,SKU01224,36,244.80
2026-02-28,T003,SKU01231,122,1146.80
2026-02-28,T003,SKU01238,106,1473.40
2026-02-28,T003,SKU01245,20,392.00
2026-02-28,T003,SKU01252,66,1016.40
2026-02-28,T003,SKU01259,93,1320.60
2026-02-28,T003,SKU01266,135,1525.50
2026-02-28,T003,SKU01273,36,248.40
2026-02-28,T003,SKU01287,69,427.80
2026-02-28,T003,SKU01301,132,2164.80
2026-02-28,T003,SKU01308,166,1510.60
2026-02-28,T003,SKU01315,90,351.00
2026-02-28,T003,SKU01322,143,2087.80
2026-02-28,T003,SKU01329,91,637.00
2026-02-28,T003,SKU01336,93,483.60
2026-02-28,T003,SKU01343,77,831.60
2026-02-28,T003,SKU01350,126,995.40
2026-02-28,T003,SKU01357,37,103.60
2026-02-28,T004,SKU01007,40,142.00
2026-02-28,T004,SKU01028,31,137.95
2026-02-28,T004,SKU01035,61,329.40
2026-02-28,T004,SKU01042,126,888.30
2026-02-28,T004,SKU01049,53,286.20
2026-02-28,T004,SKU01056,70,651.00
2026-02-28,T004,SKU01063,48,537.60
2026-02-28,T004,SKU01070,59,418.90
2026-02-28,T004,SKU01077,61,286.70
2026-02-28,T004,SKU01084,57,364.80
2026-02-28,T004,SKU01091,36,111.60
2026-02-28,T004,SKU01098,26,49.40
2026-02-28,T004,SKU01105,34,132.60
2026-02-28,T004,SKU01112,82,250.10
2026-02-28,T004,SKU01126,33,706.20
2026-02-28,T004,SKU01133,67,1293.10
2026-02-28,T004,SKU01140,29,121.80
2026-02-28,T004,SKU01147,37,196.10
2026-02-28,T004,SKU01154,22,154.00
2026-02-28,T004,SKU01161,55,1232.00
2026-02-28,T004,SKU01168,25,72.50
2026-02-28,T004,SKU01175,56,142.80
2026-02-28,T004,SKU01182,38,136.80
2026-02-28,T004,SKU01189,41,57.40
2026-02-28,T004,SKU01196,50,245.00
2026-02-28,T004,SKU01203,10,60.00
2026-02-28,T004,SKU01224,60,408.00
2026-02-28,T004,SKU01231,47,441.80
2026-02-28,T004,SKU01238,59,820.10
2026-02-28,T004,SKU01252,32,492.80
2026-02-28,T004,SKU01266,74,836.20
2026-02-28,T004,SKU01273,56,386.40
2026-02-28,T004,SKU01280,31,778.10
2026-02-28,T004,SKU01287,81,502.20
2026-02-28,T004,SKU01294,47,159.80
2026-02-28,T004,SKU01301,26,426.40
2026-02-28,T004,SKU01308,31,282.10
2026-02-28,T004,SKU01315,47,183.30
2026-02-28,T004,SKU01322,24,350.40
2026-02-28,T004,SKU01329,53,371.00
2026-02-28,T004,SKU01336,55,286.00
2026-02-28,T004,SKU01343,46,496.80
2026-02-28,T004,SKU01350,78,616.20
2026-02-28,T004,SKU01357,60,168.00
2026-02-28,T005,SKU01007,59,209.45
2026-02-28,T005,SKU01014,65,266.50
2026-02-28,T005,SKU01028,10,44.50
2026-02-28,T005,SKU01035,107,577.80
2026-02-28,T005,SKU01042,33,232.65
2026-02-28,T005,SKU01049,142,766.80
2026-02-28,T005,SKU01063,123,1377.60
2026-02-28,T005,SKU01070,48,340.80
2026-02-28,T005,SKU01077,171,803.70
2026-02-28,T005,SKU01084,104,665.60
2026-02-28,T005,SKU01091,74,229.40
2026-02-28,T005,SKU01105,146,569.40
2026-02-28,T005,SKU01112,107,326.35
2026-02-28,T005,SKU01119,47,103.40
2026-02-28,T005,SKU01126,145,3103.00
2026-02-28,T005,SKU01133,111,2142.30
2026-02-28,T005,SKU01140,106,445.20
2026-02-28,T005,SKU01147,70,371.00
2026-02-28,T005,SKU01154,68,476.00
2026-02-28,T005,SKU01161,113,2531.20
2026-02-28,T005,SKU01168,83,240.70
2026-02-28,T005,SKU01175,109,277.95
2026-02-28,T005,SKU01182,70,252.00
2026-02-28,T005,SKU01189,164,229.60
2026-02-28,T005,SKU01203,69,414.00
2026-02-28,T005,SKU01210,148,32.56
2026-02-28,T005,SKU01217,103,937.30
2026-02-28,T005,SKU01224,84,571.20
2026-02-28,T005,SKU01231,143,1344.20
2026-02-28,T005,SKU01238,157,2182.30
2026-02-28,T005,SKU01245,96,1881.60
2026-02-28,T005,SKU01252,68,1047.20
2026-02-28,T005,SKU01259,52,738.40
2026-02-28,T005,SKU01266,93,1050.90
2026-02-28,T005,SKU01280,127,3187.70
2026-02-28,T005,SKU01287,65,403.00
2026-02-28,T005,SKU01308,86,782.60
2026-02-28,T005,SKU01315,24,93.60
2026-02-28,T005,SKU01322,72,1051.20
2026-02-28,T005,SKU01329,121,847.00
2026-02-28,T005,SKU01336,123,639.60
2026-02-28,T005,SKU01343,96,1036.80
2026-02-28,T005,SKU01357,40,112.00
2026-02-28,T006,SKU01007,29,102.95
2026-02-28,T006,SKU01014,57,233.70
2026-02-28,T006,SKU01021,33,100.65
2026-02-28,T006,SKU01028,67,298.15
2026-02-28,T006,SKU01035,20,108.00
2026-02-28,T006,SKU01042,59,415.95
2026-02-28,T006,SKU01049,36,194.40
2026-02-28,T006,SKU01056,54,502.20
2026-02-28,T006,SKU01063,9,100.80
2026-02-28,T006,SKU01070,41,291.10
2026-02-28,T006,SKU01077,20,94.00
2026-02-28,T006,SKU01091,46,142.60
2026-02-28,T006,SKU01098,29,55.10
2026-02-28,T006,SKU01105,0,0.00
2026-02-28,T006,SKU01112,36,109.80
2026-02-28,T006,SKU01119,13,28.60
2026-02-28,T006,SKU01126,53,1134.20
2026-02-28,T006,SKU01140,0,0.00
2026-02-28,T006,SKU01147,60,318.00
2026-02-28,T006,SKU01154,59,413.00
2026-02-28,T006,SKU01161,62,1388.80
2026-02-28,T006,SKU01168,60,174.00
2026-02-28,T006,SKU01182,43,154.80
2026-02-28,T006,SKU01189,7,9.80
2026-02-28,T006,SKU01203,86,516.00
2026-02-28,T006,SKU01210,54,11.88
2026-02-28,T006,SKU01224,42,285.60
2026-02-28,T006,SKU01238,81,1125.90
2026-02-28,T006,SKU01245,28,548.80
2026-02-28,T006,SKU01252,51,785.40
2026-02-28,T006,SKU01259,45,639.00
2026-02-28,T006,SKU01273,55,379.50
2026-02-28,T006,SKU01280,50,1255.00
2026-02-28,T006,SKU01287,52,322.40
2026-02-28,T006,SKU01294,53,180.20
2026-02-28,T006,SKU01301,0,0.00
2026-02-28,T006,SKU01308,39,354.90
2026-02-28,T006,SKU01315,33,128.70
2026-02-28,T006,SKU01322,43,627.80
2026-02-28,T006,SKU01329,59,413.00
2026-02-28,T006,SKU01336,36,187.20
2026-02-28,T006,SKU01343,38,410.40
2026-02-28,T006,SKU01350,42,331.80
2026-02-28,T006,SKU01357,55,154.00
2026-02-28,T007,SKU01007,57,202.35
2026-02-28,T007,SKU01014,32,131.20
2026-02-28,T007,SKU01021,59,179.95
2026-02-28,T007,SKU01042,45,317.25
2026-02-28,T007,SKU01049,67,361.80
2026-02-28,T007,SKU01063,63,705.60
2026-02-28,T007,SKU01070,18,127.80
2026-02-28,T007,SKU01077,40,188.00
2026-02-28,T007,SKU01084,55,352.00
2026-02-28,T007,SKU01091,65,201.50
2026-02-28,T007,SKU01098,40,76.00
2026-02-28,T007,SKU01105,70,273.00
2026-02-28,T007,SKU01112,63,192.15
2026-02-28,T007,SKU01126,26,556.40
2026-02-28,T007,SKU01133,23,443.90
2026-02-28,T007,SKU01140,72,302.40
2026-02-28,T007,SKU01147,12,63.60
2026-02-28,T007,SKU01154,23,161.00
2026-02-28,T007,SKU01161,60,1344.00
2026-02-28,T007,SKU01168,47,136.30
2026-02-28,T007,SKU01175,58,147.90
2026-02-28,T007,SKU01189,44,61.60
2026-02-28,T007,SKU01196,67,328.30
2026-02-28,T007,SKU01203,58,348.00
2026-02-28,T007,SKU01210,46,10.12
2026-02-28,T007,SKU01217,53,482.30
2026-02-28,T007,SKU01224,58,394.40
2026-02-28,T007,SKU01231,57,535.80
2026-02-28,T007,SKU01238,33,458.70
2026-02-28,T007,SKU01245,51,999.60
2026-02-28,T007,SKU01252,43,662.20
2026-02-28,T007,SKU01259,71,1008.20
2026-02-28,T007,SKU01266,31,350.30
2026-02-28,T007,SKU01273,16,110.40
2026-02-28,T007,SKU01287,24,148.80
2026-02-28,T007,SKU01294,77,261.80
2026-02-28,T007,SKU01301,41,672.40
2026-02-28,T007,SKU01308,48,436.80
2026-02-28,T007,SKU01315,39,152.10
2026-02-28,T007,SKU01329,7,49.00
2026-02-28,T007,SKU01336,44,228.80
2026-02-28,T007,SKU01343,68,734.40
2026-02-28,T007,SKU01350,54,426.60
2026-02-28,T007,SKU01357,77,215.60
2026-02-28,T008,SKU01007,96,340.80
2026-02-28,T008,SKU01014,153,627.30
2026-02-28,T008,SKU01021,74,225.70
2026-02-28,T008,SKU01035,161,869.40
2026-02-28,T008,SKU01042,98,690.90
2026-02-28,T008,SKU01049,137,739.80
2026-02-28,T008,SKU01056,68,632.40
2026-02-28,T008,SKU01063,189,2116.80
2026-02-28,T008,SKU01070,98,695.80
2026-02-28,T008,SKU01077,68,319.60
2026-02-28,T008,SKU01084,98,627.20
2026-02-28,T008,SKU01091,90,279.00
2026-02-28,T008,SKU01098,128,243.20
2026-02-28,T008,SKU01112,105,320.25
2026-02-28,T008,SKU01119,74,162.80
2026-02-28,T008,SKU01126,134,2867.60
2026-02-28,T008,SKU01133,143,2759.90
2026-02-28,T008,SKU01140,6,25.20
2026-02-28,T008,SKU01147,95,503.50
2026-02-28,T008,SKU01154,162,1134.00
2026-02-28,T008,SKU01168,100,290.00
2026-02-28,T008,SKU01175,95,242.25
2026-02-28,T008,SKU01189,89,124.60
2026-02-28,T008,SKU01203,109,654.00
2026-02-28,T008,SKU01217,82,746.20
2026-02-28,T008,SKU01231,111,1043.40
2026-02-28,T008,SKU01238,51,708.90
2026-02-28,T008,SKU01245,37,725.20
2026-02-28,T008,SKU01252,89,1370.60
2026-02-28,T008,SKU01259,136,1931.20
2026-02-28,T008,SKU01266,66,745.80
2026-02-28,T008,SKU01273,64,441.60
2026-02-28,T008,SKU01280,111,2786.10
2026-02-28,T008,SKU01287,51,316.20
2026-02-28,T008,SKU01294,113,384.20
2026-02-28,T008,SKU01301,88,1443.20
2026-02-28,T008,SKU01308,128,1164.80
2026-02-28,T008,SKU01315,100,390.00
2026-02-28,T008,SKU01322,189,2759.40
2026-02-28,T008,SKU01329,106,742.00
2026-02-28,T008,SKU01336,144,748.80
2026-02-28,T008,SKU01343,91,982.80
2026-02-28,T008,SKU01350,109,861.10
2026-02-28,T008,SKU01357,99,277.20
2026-02-28,T009,SKU01007,30,106.50
2026-02-28,T009,SKU01014,28,114.80
2026-02-28,T009,SKU01021,43,131.15
2026-02-28,T009,SKU01035,33,178.20
2026-02-28,T009,SKU01042,33,232.65
2026-02-28,T009,SKU01049,58,313.20
2026-02-28,T009,SKU01056,71,660.30
2026-02-28,T009,SKU01063,28,313.60
2026-02-28,T009,SKU01070,58,411.80
2026-02-28,T009,SKU01077,14,65.80
2026-02-28,T009,SKU01091,28,86.80
2026-02-28,T009,SKU01098,39,74.10
2026-02-28,T009,SKU01105,59,230.10
2026-02-28,T009,SKU01112,29,88.45
2026-02-28,T009,SKU01119,52,114.40
2026-02-28,T009,SKU01126,44,941.60
2026-02-28,T009,SKU01133,14,270.20
2026-02-28,T009,SKU01140,42,176.40
2026-02-28,T009,SKU01147,0,0.00
2026-02-28,T009,SKU01154,48,336.00
2026-02-28,T009,SKU01161,30,672.00
2026-02-28,T009,SKU01168,26,75.40
2026-02-28,T009,SKU01175,29,73.95
2026-02-28,T009,SKU01182,40,144.00
2026-02-28,T009,SKU01189,61,85.40
2026-02-28,T009,SKU01196,55,269.50
2026-02-28,T009,SKU01203,84,504.00
2026-02-28,T009,SKU01210,68,14.96
2026-02-28,T009,SKU01217,75,682.50
2026-02-28,T009,SKU01224,91,618.80
2026-02-28,T009,SKU01238,69,959.10
2026-02-28,T009,SKU01245,28,548.80
2026-02-28,T009,SKU01252,44,677.60
2026-02-28,T009,SKU01259,44,624.80
2026-02-28,T009,SKU01266,7,79.10
2026-02-28,T009,SKU01273,30,207.00
2026-02-28,T009,SKU01280,65,1631.50
2026-02-28,T009,SKU01287,26,161.20
2026-02-28,T009,SKU01294,47,159.80
2026-02-28,T009,SKU01301,60,984.00
2026-02-28,T009,SKU01308,69,627.90
2026-02-28,T009,SKU01315,53,206.70
2026-02-28,T009,SKU01329,52,364.00
2026-02-28,T009,SKU01343,65,702.00
2026-02-28,T009,SKU01350,45,355.50
2026-02-28,T009,SKU01357,16,44.80
2026-02-28,T010,SKU01007,63,223.65
2026-02-28,T010,SKU01014,97,397.70
2026-02-28,T010,SKU01021,111,338.55
2026-02-28,T010,SKU01028,92,409.40
2026-02-28,T010,SKU01035,98,529.20
2026-02-28,T010,SKU01042,136,958.80
2026-02-28,T010,SKU01070,59,418.90
2026-02-28,T010,SKU01077,96,451.20
2026-02-28,T010,SKU01084,53,339.20
2026-02-28,T010,SKU01098,100,190.00
2026-02-28,T010,SKU01112,96,292.80
2026-02-28,T010,SKU01126,70,1498.00
2026-02-28,T010,SKU01133,67,1293.10
2026-02-28,T010,SKU01140,85,357.00
2026-02-28,T010,SKU01175,125,318.75
2026-02-28,T010,SKU01182,131,471.60
2026-02-28,T010,SKU01189,89,124.60
2026-02-28,T010,SKU01196,61,298.90
2026-02-28,T010,SKU01203,59,354.00
2026-02-28,T010,SKU01210,99,21.78
2026-02-28,T010,SKU01224,119,809.20
2026-02-28,T010,SKU01231,83,780.20
2026-02-28,T010,SKU01238,96,1334.40
2026-02-28,T010,SKU01245,126,2469.60
2026-02-28,T010,SKU01252,115,1771.00
2026-02-28,T010,SKU01259,92,1306.40
2026-02-28,T010,SKU01266,93,1050.90
2026-02-28,T010,SKU01273,53,365.70
2026-02-28,T010,SKU01280,80,2008.00
2026-02-28,T010,SKU01287,104,644.80
2026-02-28,T010,SKU01294,125,425.00
2026-02-28,T010,SKU01301,53,869.20
2026-02-28,T010,SKU01308,126,1146.60
2026-02-28,T010,SKU01315,40,156.00
2026-02-28,T010,SKU01322,118,1722.80
2026-02-28,T010,SKU01329,101,707.00
2026-02-28,T010,SKU01336,82,426.40
2026-02-28,T010,SKU01343,125,1350.00
2026-02-28,T010,SKU01350,66,521.40
2026-02-28,T010,SKU01357,97,271.60
2026-02-28,T011,SKU01007,51,181.05
2026-02-28,T011,SKU01014,71,291.10
2026-02-28,T011,SKU01021,13,39.65
2026-02-28,T011,SKU01028,56,249.20
2026-02-28,T011,SKU01035,42,226.80
2026-02-28,T011,SKU01042,55,387.75
2026-02-28,T011,SKU01049,54,291.60
2026-02-28,T011,SKU01056,45,418.50
2026-02-28,T011,SKU01063,23,257.60
2026-02-28,T011,SKU01070,58,411.80
2026-02-28,T011,SKU01077,42,197.40
2026-02-28,T011,SKU01084,41,262.40
2026-02-28,T011,SKU01091,42,130.20
2026-02-28,T011,SKU01098,2,3.80
2026-02-28,T011,SKU01105,10,39.00
2026-02-28,T011,SKU01112,60,183.00
2026-02-28,T011,SKU01119,41,90.20
2026-02-28,T011,SKU01133,38,733.40
2026-02-28,T011,SKU01147,35,185.50
2026-02-28,T011,SKU01161,44,985.60
2026-02-28,T011,SKU01168,49,142.10
2026-02-28,T011,SKU01175,87,221.85
2026-02-28,T011,SKU01182,27,97.20
2026-02-28,T011,SKU01189,74,103.60
2026-02-28,T011,SKU01203,33,198.00
2026-02-28,T011,SKU01210,38,8.36
2026-02-28,T011,SKU01217,30,273.00
2026-02-28,T011,SKU01224,61,414.80
2026-02-28,T011,SKU01238,55,764.50
2026-02-28,T011,SKU01245,50,980.00
2026-02-28,T011,SKU01252,56,862.40
2026-02-28,T011,SKU01259,47,667.40
2026-02-28,T011,SKU01266,84,949.20
2026-02-28,T011,SKU01273,7,48.30
2026-02-28,T011,SKU01280,28,702.80
2026-02-28,T011,SKU01287,48,297.60
2026-02-28,T011,SKU01294,53,180.20
2026-02-28,T011,SKU01301,54,885.60
2026-02-28,T011,SKU01308,61,555.10
2026-02-28,T011,SKU01315,32,124.80
2026-02-28,T011,SKU01322,37,540.20
2026-02-28,T011,SKU01329,31,217.00
2026-02-28,T011,SKU01336,42,218.40
2026-02-28,T011,SKU01343,46,496.80
2026-02-28,T011,SKU01350,14,110.60
2026-02-28,T012,SKU01007,49,173.95
2026-02-28,T012,SKU01014,39,159.90
2026-02-28,T012,SKU01021,96,292.80
2026-02-28,T012,SKU01028,44,195.80
2026-02-28,T012,SKU01035,55,297.00
2026-02-28,T012,SKU01042,54,380.70
2026-02-28,T012,SKU01049,8,43.20
2026-02-28,T012,SKU01056,85,790.50
2026-02-28,T012,SKU01063,47,526.40
2026-02-28,T012,SKU01070,59,418.90
2026-02-28,T012,SKU01077,69,324.30
2026-02-28,T012,SKU01084,34,217.60
2026-02-28,T012,SKU01091,23,71.30
2026-02-28,T012,SKU01098,52,98.80
2026-02-28,T012,SKU01112,45,137.25
2026-02-28,T012,SKU01119,27,59.40
2026-02-28,T012,SKU01126,32,684.80
2026-02-28,T012,SKU01133,46,887.80
2026-02-28,T012,SKU01140,36,151.20
2026-02-28,T012,SKU01147,26,137.80
2026-02-28,T012,SKU01154,32,224.00
2026-02-28,T012,SKU01168,2,5.80
2026-02-28,T012,SKU01175,30,76.50
2026-02-28,T012,SKU01189,37,51.80
2026-02-28,T012,SKU01196,26,127.40
2026-02-28,T012,SKU01203,64,384.00
2026-02-28,T012,SKU01210,41,9.02
2026-02-28,T012,SKU01217,10,91.00
2026-02-28,T012,SKU01231,102,958.80
2026-02-28,T012,SKU01238,54,750.60
2026-02-28,T012,SKU01259,48,681.60
2026-02-28,T012,SKU01266,51,576.30
2026-02-28,T012,SKU01273,54,372.60
2026-02-28,T012,SKU01280,40,1004.00
2026-02-28,T012,SKU01287,53,328.60
2026-02-28,T012,SKU01301,62,1016.80
2026-02-28,T012,SKU01315,55,214.50
2026-02-28,T012,SKU01322,50,730.00
2026-02-28,T012,SKU01329,44,308.00
2026-02-28,T012,SKU01343,50,540.00
2026-02-28,T012,SKU01357,19,53.20
2026-03-31,T001,SKU01007,123,436.65
2026-03-31,T001,SKU01021,59,179.95
2026-03-31,T001,SKU01028,33,146.85
2026-03-31,T001,SKU01035,138,745.20
2026-03-31,T001,SKU01056,113,1050.90
2026-03-31,T001,SKU01063,76,851.20
2026-03-31,T001,SKU01070,63,447.30
2026-03-31,T001,SKU01077,48,225.60
2026-03-31,T001,SKU01084,155,992.00
2026-03-31,T001,SKU01091,75,232.50
2026-03-31,T001,SKU01098,101,191.90
2026-03-31,T001,SKU01105,103,401.70
2026-03-31,T001,SKU01112,80,244.00
2026-03-31,T001,SKU01126,72,1540.80
2026-03-31,T001,SKU01133,178,3435.40
2026-03-31,T001,SKU01140,45,189.00
2026-03-31,T001,SKU01147,86,455.80
2026-03-31,T001,SKU01154,84,588.00
2026-03-31,T001,SKU01161,121,2710.40
2026-03-31,T001,SKU01168,134,388.60
2026-03-31,T001,SKU01175,91,232.05
2026-03-31,T001,SKU01182,35,126.00
2026-03-31,T001,SKU01189,92,128.80
2026-03-31,T001,SKU01196,173,847.70
2026-03-31,T001,SKU01203,108,648.00
2026-03-31,T001,SKU01210,117,25.74
2026-03-31,T001,SKU01217,49,445.90
2026-03-31,T001,SKU01231,62,582.80
2026-03-31,T001,SKU01238,102,1417.80
2026-03-31,T001,SKU01245,137,2685.20
2026-03-31,T001,SKU01252,141,2171.40
2026-03-31,T001,SKU01259,37,525.40
2026-03-31,T001,SKU01266,70,791.00
2026-03-31,T001,SKU01273,75,517.50
2026-03-31,T001,SKU01280,66,1656.60
2026-03-31,T001,SKU01287,77,477.40
2026-03-31,T001,SKU01294,36,122.40
2026-03-31,T001,SKU01301,106,1738.40
2026-03-31,T001,SKU01308,124,1128.40
2026-03-31,T001,SKU01315,98,382.20
2026-03-31,T001,SKU01322,79,1153.40
2026-03-31,T001,SKU01329,120,840.00
2026-03-31,T001,SKU01336,66,343.20
2026-03-31,T001,SKU01343,93,1004.40
2026-03-31,T001,SKU01350,128,1011.20
2026-03-31,T001,SKU01357,69,193.20
2026-03-31,T002,SKU01014,87,356.70
2026-03-31,T002,SKU01021,42,128.10
2026-03-31,T002,SKU01028,35,155.75
2026-03-31,T002,SKU01035,38,205.20
2026-03-31,T002,SKU01042,54,380.70
2026-03-31,T002,SKU01056,63,585.90
2026-03-31,T002,SKU01070,32,227.20
2026-03-31,T002,SKU01077,26,122.20
2026-03-31,T002,SKU01084,70,448.00
2026-03-31,T002,SKU01091,0,0.00
2026-03-31,T002,SKU01098,38,72.20
2026-03-31,T002,SKU01105,41,159.90
2026-03-31,T002,SKU01112,42,128.10
2026-03-31,T002,SKU01119,40,88.00
2026-03-31,T002,SKU01126,73,1562.20
2026-03-31,T002,SKU01133,30,579.00
2026-03-31,T002,SKU01140,37,155.40
2026-03-31,T002,SKU01147,9,47.70
2026-03-31,T002,SKU01154,22,154.00
2026-03-31,T002,SKU01168,50,145.00
2026-03-31,T002,SKU01175,25,63.75
2026-03-31,T002,SKU01189,26,36.40
2026-03-31,T002,SKU01203,30,180.00
2026-03-31,T002,SKU01210,50,11.00
2026-03-31,T002,SKU01217,31,282.10
2026-03-31,T002,SKU01224,1,6.80
2026-03-31,T002,SKU01238,54,750.60
2026-03-31,T002,SKU01245,39,764.40
2026-03-31,T002,SKU01252,44,677.60
2026-03-31,T002,SKU01259,53,752.60
2026-03-31,T002,SKU01273,53,365.70
2026-03-31,T002,SKU01280,27,677.70
2026-03-31,T002,SKU01287,46,285.20
2026-03-31,T002,SKU01294,60,204.00
2026-03-31,T002,SKU01301,0,0.00
2026-03-31,T002,SKU01315,25,97.50
2026-03-31,T002,SKU01322,25,365.00
2026-03-31,T002,SKU01329,57,399.00
2026-03-31,T002,SKU01336,69,358.80
2026-03-31,T002,SKU01343,43,464.40
2026-03-31,T002,SKU01357,49,137.20
2026-03-31,T003,SKU01007,151,536.05
2026-03-31,T003,SKU01014,45,184.50
2026-03-31,T003,SKU01021,88,268.40
2026-03-31,T003,SKU01028,45,200.25
2026-03-31,T003,SKU01035,46,248.40
2026-03-31,T003,SKU01042,94,662.70
2026-03-31,T003,SKU01049,14,75.60
2026-03-31,T003,SKU01063,102,1142.40
2026-03-31,T003,SKU01070,94,667.40
2026-03-31,T003,SKU01077,108,507.60
2026-03-31,T003,SKU01084,217,1388.80
2026-03-31,T003,SKU01091,128,396.80
2026-03-31,T003,SKU01098,39,74.10
2026-03-31,T003,SKU01105,79,308.10
2026-03-31,T003,SKU01112,98,298.90
2026-03-31,T003,SKU01119,106,233.20
2026-03-31,T003,SKU01126,133,2846.20
2026-03-31,T003,SKU01140,34,142.80
2026-03-31,T003,SKU01147,41,217.30
2026-03-31,T003,SKU01154,66,462.00
2026-03-31,T003,SKU01161,124,2777.60
2026-03-31,T003,SKU01168,88,255.20
2026-03-31,T003,SKU01175,67,170.85
2026-03-31,T003,SKU01182,85,306.00
2026-03-31,T003,SKU01189,103,144.20
2026-03-31,T003,SKU01196,86,421.40
2026-03-31,T003,SKU01203,76,456.00
2026-03-31,T003,SKU01224,101,686.80
2026-03-31,T003,SKU01231,9,84.60
2026-03-31,T003,SKU01238,81,1125.90
2026-03-31,T003,SKU01259,111,1576.20
2026-03-31,T003,SKU01266,18,203.40
2026-03-31,T003,SKU01280,82,2058.20
2026-03-31,T003,SKU01287,68,421.60
2026-03-31,T003,SKU01294,71,241.40
2026-03-31,T003,SKU01301,33,541.20
2026-03-31,T003,SKU01308,119,1082.90
2026-03-31,T003,SKU01315,140,546.00
2026-03-31,T003,SKU01322,113,1649.80
2026-03-31,T003,SKU01329,63,441.00
2026-03-31,T003,SKU01336,74,384.80
2026-03-31,T003,SKU01343,49,529.20
2026-03-31,T003,SKU01350,89,703.10
2026-03-31,T003,SKU01357,81,226.80
2026-03-31,T004,SKU01007,63,223.65
2026-03-31,T004,SKU01014,48,196.80
2026-03-31,T004,SKU01028,54,240.30
2026-03-31,T004,SKU01035,21,113.40
2026-03-31,T004,SKU01042,56,394.80
2026-03-31,T004,SKU01049,55,297.00
2026-03-31,T004,SKU01056,40,372.00
2026-03-31,T004,SKU01063,25,280.00
2026-03-31,T004,SKU01070,3,21.30
2026-03-31,T004,SKU01077,53,249.10
2026-03-31,T004,SKU01084,13,83.20
2026-03-31,T004,SKU01091,57,176.70
2026-03-31,T004,SKU01098,48,91.20
2026-03-31,T004,SKU01105,74,288.60
2026-03-31,T004,SKU01112,31,94.55
2026-03-31,T004,SKU01119,46,101.20
2026-03-31,T004,SKU01126,44,941.60
2026-03-31,T004,SKU01133,49,945.70
2026-03-31,T004,SKU01140,65,273.00
2026-03-31,T004,SKU01154,41,287.00
2026-03-31,T004,SKU01161,43,963.20
2026-03-31,T004,SKU01168,38,110.20
2026-03-31,T004,SKU01175,46,117.30
2026-03-31,T004,SKU01182,39,140.40
2026-03-31,T004,SKU01189,64,89.60
2026-03-31,T004,SKU01196,80,392.00
2026-03-31,T004,SKU01203,37,222.00
2026-03-31,T004,SKU01210,52,11.44
2026-03-31,T004,SKU01217,12,109.20
2026-03-31,T004,SKU01224,37,251.60
2026-03-31,T004,SKU01231,58,545.20
2026-03-31,T004,SKU01238,31,430.90
2026-03-31,T004,SKU01245,38,744.80
2026-03-31,T004,SKU01252,81,1247.40
2026-03-31,T004,SKU01259,83,1178.60
2026-03-31,T004,SKU01266,78,881.40
2026-03-31,T004,SKU01280,38,953.80
2026-03-31,T004,SKU01287,42,260.40
2026-03-31,T004,SKU01294,32,108.80
2026-03-31,T004,SKU01301,37,606.80
2026-03-31,T004,SKU01308,78,709.80
2026-03-31,T004,SKU01315,27,105.30
2026-03-31,T004,SKU01322,2,29.20
2026-03-31,T004,SKU01329,59,413.00
2026-03-31,T004,SKU01343,23,248.40
2026-03-31,T004,SKU01350,17,134.30
2026-03-31,T004,SKU01357,76,212.80
2026-03-31,T005,SKU01007,165,585.75
2026-03-31,T005,SKU01014,50,205.00
2026-03-31,T005,SKU01021,102,311.10
2026-03-31,T005,SKU01028,124,551.80
2026-03-31,T005,SKU01035,113,610.20
2026-03-31,T005,SKU01042,77,542.85
2026-03-31,T005,SKU01056,72,669.60
2026-03-31,T005,SKU01063,64,716.80
2026-03-31,T005,SKU01070,105,745.50
2026-03-31,T005,SKU01077,142,667.40
2026-03-31,T005,SKU01084,54,345.60
2026-03-31,T005,SKU01091,99,306.90
2026-03-31,T005,SKU01105,114,444.60
2026-03-31,T005,SKU01112,103,314.15
2026-03-31,T005,SKU01119,59,129.80
2026-03-31,T005,SKU01126,120,2568.00
2026-03-31,T005,SKU01133,6,115.80
2026-03-31,T005,SKU01140,38,159.60
2026-03-31,T005,SKU01147,173,916.90
2026-03-31,T005,SKU01175,184,469.20
2026-03-31,T005,SKU01182,117,421.20
2026-03-31,T005,SKU01189,54,75.60
2026-03-31,T005,SKU01196,26,127.40
2026-03-31,T005,SKU01203,53,318.00
2026-03-31,T005,SKU01210,107,23.54
2026-03-31,T005,SKU01217,85,773.50
2026-03-31,T005,SKU01224,118,802.40
2026-03-31,T005,SKU01231,115,1081.00
2026-03-31,T005,SKU01238,112,1556.80
2026-03-31,T005,SKU01245,154,3018.40
2026-03-31,T005,SKU01252,86,1324.40
2026-03-31,T005,SKU01259,47,667.40
2026-03-31,T005,SKU01266,53,598.90
2026-03-31,T005,SKU01273,41,282.90
2026-03-31,T005,SKU01280,43,1079.30
2026-03-31,T005,SKU01287,116,719.20
2026-03-31,T005,SKU01301,127,2082.80
2026-03-31,T005,SKU01308,18,163.80
2026-03-31,T005,SKU01315,12,46.80
2026-03-31,T005,SKU01322,93,1357.80
2026-03-31,T005,SKU01329,84,588.00
2026-03-31,T005,SKU01336,127,660.40
2026-03-31,T005,SKU01343,118,1274.40
2026-03-31,T005,SKU01350,125,987.50
2026-03-31,T006,SKU01007,12,42.60
2026-03-31,T006,SKU01014,18,73.80
2026-03-31,T006,SKU01021,43,131.15
2026-03-31,T006,SKU01028,12,53.40
2026-03-31,T006,SKU01035,56,302.40
2026-03-31,T006,SKU01049,57,307.80
2026-03-31,T006,SKU01056,0,0.00
2026-03-31,T006,SKU01063,48,537.60
2026-03-31,T006,SKU01070,93,660.30
2026-03-31,T006,SKU01077,39,183.30
2026-03-31,T006,SKU01084,48,307.20
2026-03-31,T006,SKU01091,57,176.70
2026-03-31,T006,SKU01098,51,96.90
2026-03-31,T006,SKU01105,22,85.80
2026-03-31,T006,SKU01112,98,298.90
2026-03-31,T006,SKU01119,25,55.00
2026-03-31,T006,SKU01126,47,1005.80
2026-03-31,T006,SKU01133,40,772.00
2026-03-31,T006,SKU01140,7,29.40
2026-03-31,T006,SKU01147,34,180.20
2026-03-31,T006,SKU01154,39,273.00
2026-03-31,T006,SKU01161,31,694.40
2026-03-31,T006,SKU01168,33,95.70
2026-03-31,T006,SKU01175,4,10.20
2026-03-31,T006,SKU01182,52,187.20
2026-03-31,T006,SKU01189,74,103.60
2026-03-31,T006,SKU01196,11,53.90
2026-03-31,T006,SKU01203,58,348.00
2026-03-31,T006,SKU01210,28,6.16
2026-03-31,T006,SKU01217,44,400.40
2026-03-31,T006,SKU01224,18,122.40
2026-03-31,T006,SKU01231,52,488.80
2026-03-31,T006,SKU01238,51,708.90
2026-03-31,T006,SKU01245,20,392.00
2026-03-31,T006,SKU01252,54,831.60
2026-03-31,T006,SKU01259,61,866.20
2026-03-31,T006,SKU01273,69,476.10
2026-03-31,T006,SKU01287,20,124.00
2026-03-31,T006,SKU01294,66,224.40
2026-03-31,T006,SKU01301,64,1049.60
2026-03-31,T006,SKU01308,55,500.50
2026-03-31,T006,SKU01322,81,1182.60
2026-03-31,T006,SKU01329,51,357.00
2026-03-31,T006,SKU01336,74,384.80
2026-03-31,T006,SKU01343,33,356.40
2026-03-31,T006,SKU01350,25,197.50
2026-03-31,T007,SKU01007,45,159.75
2026-03-31,T007,SKU01021,63,192.15
2026-03-31,T007,SKU01028,38,169.10
2026-03-31,T007,SKU01042,65,458.25
2026-03-31,T007,SKU01049,58,313.20
2026-03-31,T007,SKU01056,72,669.60
2026-03-31,T007,SKU01063,38,425.60
2026-03-31,T007,SKU01070,31,220.10
2026-03-31,T007,SKU01077,26,122.20
2026-03-31,T007,SKU01084,41,262.40
2026-03-31,T007,SKU01091,60,186.00
2026-03-31,T007,SKU01098,45,85.50
2026-03-31,T007,SKU01105,18,70.20
2026-03-31,T007,SKU01112,54,164.70
2026-03-31,T007,SKU01119,15,33.00
2026-03-31,T007,SKU01126,19,406.60
2026-03-31,T007,SKU01133,61,1177.30
2026-03-31,T007,SKU01140,62,260.40
2026-03-31,T007,SKU01147,28,148.40
2026-03-31,T007,SKU01154,29,203.00
2026-03-31,T007,SKU01168,63,182.70
2026-03-31,T007,SKU01175,27,68.85
2026-03-31,T007,SKU01182,30,108.00
2026-03-31,T007,SKU01189,37,51.80
2026-03-31,T007,SKU01203,32,192.00
2026-03-31,T007,SKU01210,51,11.22
2026-03-31,T007,SKU01217,12,109.20
2026-03-31,T007,SKU01224,60,408.00
2026-03-31,T007,SKU01231,52,488.80
2026-03-31,T007,SKU01238,51,708.90
2026-03-31,T007,SKU01245,34,666.40
2026-03-31,T007,SKU01252,30,462.00
2026-03-31,T007,SKU01259,32,454.40
2026-03-31,T007,SKU01266,55,621.50
2026-03-31,T007,SKU01273,27,186.30
2026-03-31,T007,SKU01280,4,100.40
2026-03-31,T007,SKU01294,40,136.00
2026-03-31,T007,SKU01301,65,1066.00
2026-03-31,T007,SKU01308,30,273.00
2026-03-31,T007,SKU01315,81,315.90
2026-03-31,T007,SKU01322,19,277.40
2026-03-31,T007,SKU01329,51,357.00
2026-03-31,T007,SKU01336,69,358.80
2026-03-31,T007,SKU01343,47,507.60
2026-03-31,T007,SKU01350,39,308.10
2026-03-31,T007,SKU01357,40,112.00
2026-03-31,T008,SKU01007,74,262.70
2026-03-31,T008,SKU01014,117,479.70
2026-03-31,T008,SKU01021,101,308.05
2026-03-31,T008,SKU01028,1,4.45
2026-03-31,T008,SKU01035,169,912.60
2026-03-31,T008,SKU01042,42,296.10
2026-03-31,T008,SKU01049,131,707.40
2026-03-31,T008,SKU01056,125,1162.50
2026-03-31,T008,SKU01063,94,1052.80
2026-03-31,T008,SKU01070,108,766.80
2026-03-31,T008,SKU01077,83,390.10
2026-03-31,T008,SKU01084,95,608.00
2026-03-31,T008,SKU01091,84,260.40
2026-03-31,T008,SKU01098,126,239.40
2026-03-31,T008,SKU01105,114,444.60
2026-03-31,T008,SKU01112,100,305.00
2026-03-31,T008,SKU01119,71,156.20
2026-03-31,T008,SKU01126,104,2225.60
2026-03-31,T008,SKU01140,50,210.00
2026-03-31,T008,SKU01154,149,1043.00
2026-03-31,T008,SKU01161,96,2150.40
2026-03-31,T008,SKU01168,0,0.00
2026-03-31,T008,SKU01175,32,81.60
2026-03-31,T008,SKU01182,93,334.80
2026-03-31,T008,SKU01189,83,116.20
2026-03-31,T008,SKU01196,45,220.50
2026-03-31,T008,SKU01203,52,312.00
2026-03-31,T008,SKU01210,147,32.34
2026-03-31,T008,SKU01217,124,1128.40
2026-03-31,T008,SKU01224,88,598.40
2026-03-31,T008,SKU01231,58,545.20
2026-03-31,T008,SKU01238,96,1334.40
2026-03-31,T008,SKU01245,42,823.20
2026-03-31,T008,SKU01252,101,1555.40
2026-03-31,T008,SKU01259,116,1647.20
2026-03-31,T008,SKU01266,149,1683.70
2026-03-31,T008,SKU01273,127,876.30
2026-03-31,T008,SKU01280,122,3062.20
2026-03-31,T008,SKU01287,21,130.20
2026-03-31,T008,SKU01294,94,319.60
2026-03-31,T008,SKU01301,78,1279.20
2026-03-31,T008,SKU01308,89,809.90
2026-03-31,T008,SKU01315,192,748.80
2026-03-31,T008,SKU01322,97,1416.20
2026-03-31,T008,SKU01329,128,896.00
2026-03-31,T008,SKU01336,75,390.00
2026-03-31,T008,SKU01350,85,671.50
2026-03-31,T008,SKU01357,62,173.60
2026-03-31,T009,SKU01007,59,209.45
2026-03-31,T009,SKU01014,70,287.00
2026-03-31,T009,SKU01021,39,118.95
2026-03-31,T009,SKU01028,53,235.85
2026-03-31,T009,SKU01035,30,162.00
2026-03-31,T009,SKU01042,12,84.60
2026-03-31,T009,SKU01049,75,405.00
2026-03-31,T009,SKU01063,64,716.80
2026-03-31,T009,SKU01070,43,305.30
2026-03-31,T009,SKU01077,29,136.30
2026-03-31,T009,SKU01084,70,448.00
2026-03-31,T009,SKU01091,86,266.60
2026-03-31,T009,SKU01098,17,32.30
2026-03-31,T009,SKU01105,49,191.10
2026-03-31,T009,SKU01112,72,219.60
2026-03-31,T009,SKU01119,68,149.60
2026-03-31,T009,SKU01126,31,663.40
2026-03-31,T009,SKU01140,29,121.80
2026-03-31,T009,SKU01147,8,42.40
2026-03-31,T009,SKU01154,105,735.00
2026-03-31,T009,SKU01161,31,694.40
2026-03-31,T009,SKU01168,27,78.30
2026-03-31,T009,SKU01182,38,136.80
2026-03-31,T009,SKU01189,37,51.80
2026-03-31,T009,SKU01196,52,254.80
2026-03-31,T009,SKU01203,16,96.00
2026-03-31,T009,SKU01210,37,8.14
2026-03-31,T009,SKU01217,48,436.80
2026-03-31,T009,SKU01224,81,550.80
2026-03-31,T009,SKU01231,71,667.40
2026-03-31,T009,SKU01238,58,806.20
2026-03-31,T009,SKU01245,66,1293.60
2026-03-31,T009,SKU01252,0,0.00
2026-03-31,T009,SKU01259,37,525.40
2026-03-31,T009,SKU01266,41,463.30
2026-03-31,T009,SKU01273,35,241.50
2026-03-31,T009,SKU01280,55,1380.50
2026-03-31,T009,SKU01287,39,241.80
2026-03-31,T009,SKU01294,95,323.00
2026-03-31,T009,SKU01301,60,984.00
2026-03-31,T009,SKU01308,36,327.60
2026-03-31,T009,SKU01322,48,700.80
2026-03-31,T009,SKU01329,21,147.00
2026-03-31,T009,SKU01336,52,270.40
2026-03-31,T009,SKU01343,53,572.40
2026-03-31,T009,SKU01350,34,268.60
2026-03-31,T009,SKU01357,10,28.00
2026-03-31,T010,SKU01007,108,383.40
2026-03-31,T010,SKU01014,37,151.70
2026-03-31,T010,SKU01021,88,268.40
2026-03-31,T010,SKU01028,84,373.80
2026-03-31,T010,SKU01035,38,205.20
2026-03-31,T010,SKU01042,50,352.50
2026-03-31,T010,SKU01049,119,642.60
2026-03-31,T010,SKU01056,76,706.80
2026-03-31,T010,SKU01063,70,784.00
2026-03-31,T010,SKU01070,116,823.60
2026-03-31,T010,SKU01077,131,615.70
2026-03-31,T010,SKU01084,35,224.00
2026-03-31,T010,SKU01091,64,198.40
2026-03-31,T010,SKU01098,155,294.50
2026-03-31,T010,SKU01105,31,120.90
2026-03-31,T010,SKU01112,73,222.65
2026-03-31,T010,SKU01119,87,191.40
2026-03-31,T010,SKU01126,84,1797.60
2026-03-31,T010,SKU01133,63,1215.90
2026-03-31,T010,SKU01140,0,0.00
2026-03-31,T010,SKU01147,209,1107.70
2026-03-31,T010,SKU01154,102,714.00
2026-03-31,T010,SKU01161,22,492.80
2026-03-31,T010,SKU01168,93,269.70
2026-03-31,T010,SKU01175,92,234.60
2026-03-31,T010,SKU01182,96,345.60
2026-03-31,T010,SKU01189,106,148.40
2026-03-31,T010,SKU01196,23,112.70
2026-03-31,T010,SKU01203,59,354.00
2026-03-31,T010,SKU01210,44,9.68
2026-03-31,T010,SKU01217,106,964.60
2026-03-31,T010,SKU01224,125,850.00
2026-03-31,T010,SKU01231,94,883.60
2026-03-31,T010,SKU01238,73,1014.70
2026-03-31,T010,SKU01245,140,2744.00
2026-03-31,T010,SKU01252,29,446.60
2026-03-31,T010,SKU01259,78,1107.60
2026-03-31,T010,SKU01266,65,734.50
2026-03-31,T010,SKU01273,70,483.00
2026-03-31,T010,SKU01280,111,2786.10
2026-03-31,T010,SKU01287,152,942.40
2026-03-31,T010,SKU01294,68,231.20
2026-03-31,T010,SKU01301,42,688.80
2026-03-31,T010,SKU01308,64,582.40
2026-03-31,T010,SKU01315,135,526.50
2026-03-31,T010,SKU01322,84,1226.40
2026-03-31,T010,SKU01336,27,140.40
2026-03-31,T010,SKU01343,50,540.00
2026-03-31,T010,SKU01350,71,560.90
2026-03-31,T010,SKU01357,77,215.60
2026-03-31,T011,SKU01007,1,3.55
2026-03-31,T011,SKU01014,5,20.50
2026-03-31,T011,SKU01021,28,85.40
2026-03-31,T011,SKU01028,0,0.00
2026-03-31,T011,SKU01035,8,43.20
2026-03-31,T011,SKU01042,70,493.50
2026-03-31,T011,SKU01049,30,162.00
2026-03-31,T011,SKU01056,66,613.80
2026-03-31,T011,SKU01063,61,683.20
2026-03-31,T011,SKU01070,46,326.60
2026-03-31,T011,SKU01084,40,256.00
2026-03-31,T011,SKU01091,56,173.60
2026-03-31,T011,SKU01098,9,17.10
2026-03-31,T011,SKU01105,52,202.80
2026-03-31,T011,SKU01112,55,167.75
2026-03-31,T011,SKU01133,61,1177.30
2026-03-31,T011,SKU01140,33,138.60
2026-03-31,T011,SKU01147,52,275.60
2026-03-31,T011,SKU01154,57,399.00
2026-03-31,T011,SKU01161,46,1030.40
2026-03-31,T011,SKU01168,74,214.60
2026-03-31,T011,SKU01182,55,198.00
2026-03-31,T011,SKU01189,61,85.40
2026-03-31,T011,SKU01196,52,254.80
2026-03-31,T011,SKU01203,38,228.00
2026-03-31,T011,SKU01210,88,19.36
2026-03-31,T011,SKU01217,62,564.20
2026-03-31,T011,SKU01224,19,129.20
2026-03-31,T011,SKU01231,62,582.80
2026-03-31,T011,SKU01238,57,792.30
2026-03-31,T011,SKU01245,48,940.80
2026-03-31,T011,SKU01252,42,646.80
2026-03-31,T011,SKU01259,57,809.40
2026-03-31,T011,SKU01266,41,463.30
2026-03-31,T011,SKU01273,39,269.10
2026-03-31,T011,SKU01280,17,426.70
2026-03-31,T011,SKU01287,19,117.80
2026-03-31,T011,SKU01294,51,173.40
2026-03-31,T011,SKU01301,27,442.80
2026-03-31,T011,SKU01308,33,300.30
2026-03-31,T011,SKU01315,66,257.40
2026-03-31,T011,SKU01322,47,686.20
2026-03-31,T011,SKU01329,10,70.00
2026-03-31,T011,SKU01336,65,338.00
2026-03-31,T011,SKU01343,50,540.00
2026-03-31,T011,SKU01350,53,418.70
2026-03-31,T011,SKU01357,72,201.60
2026-03-31,T012,SKU01007,59,209.45
2026-03-31,T012,SKU01014,41,168.10
2026-03-31,T012,SKU01028,65,289.25
2026-03-31,T012,SKU01035,21,113.40
2026-03-31,T012,SKU01042,42,296.10
2026-03-31,T012,SKU01049,35,189.00
2026-03-31,T012,SKU01056,65,604.50
2026-03-31,T012,SKU01063,40,448.00
2026-03-31,T012,SKU01070,52,369.20
2026-03-31,T012,SKU01077,60,282.00
2026-03-31,T012,SKU01084,18,115.20
2026-03-31,T012,SKU01091,36,111.60
2026-03-31,T012,SKU01098,24,45.60
2026-03-31,T012,SKU01105,29,113.10
2026-03-31,T012,SKU01112,33,100.65
2026-03-31,T012,SKU01119,47,103.40
2026-03-31,T012,SKU01126,56,1198.40
2026-03-31,T012,SKU01133,25,482.50
2026-03-31,T012,SKU01140,60,252.00
2026-03-31,T012,SKU01147,33,174.90
2026-03-31,T012,SKU01154,25,175.00
2026-03-31,T012,SKU01161,70,1568.00
2026-03-31,T012,SKU01168,59,171.10
2026-03-31,T012,SKU01175,45,114.75
2026-03-31,T012,SKU01189,64,89.60
2026-03-31,T012,SKU01196,37,181.30
2026-03-31,T012,SKU01203,53,318.00
2026-03-31,T012,SKU01210,26,5.72
2026-03-31,T012,SKU01217,22,200.20
2026-03-31,T012,SKU01231,54,507.60
2026-03-31,T012,SKU01238,21,291.90
2026-03-31,T012,SKU01245,32,627.20
2026-03-31,T012,SKU01259,70,994.00
2026-03-31,T012,SKU01266,43,485.90
2026-03-31,T012,SKU01280,58,1455.80
2026-03-31,T012,SKU01287,40,248.00
2026-03-31,T012,SKU01301,36,590.40
2026-03-31,T012,SKU01308,49,445.90
2026-03-31,T012,SKU01315,83,323.70
2026-03-31,T012,SKU01322,30,438.00
2026-03-31,T012,SKU01329,29,203.00
2026-03-31,T012,SKU01343,29,313.20
2026-03-31,T012,SKU01350,29,229.10
2026-03-31,T012,SKU01357,43,120.40
2026-04-30,T001,SKU01007,98,347.90
2026-04-30,T001,SKU01014,82,336.20
2026-04-30,T001,SKU01021,71,216.55
2026-04-30,T001,SKU01035,58,313.20
2026-04-30,T001,SKU01042,66,465.30
2026-04-30,T001,SKU01049,59,318.60
2026-04-30,T001,SKU01056,86,799.80
2026-04-30,T001,SKU01063,156,1747.20
2026-04-30,T001,SKU01070,190,1349.00
2026-04-30,T001,SKU01084,98,627.20
2026-04-30,T001,SKU01091,117,362.70
2026-04-30,T001,SKU01098,120,228.00
2026-04-30,T001,SKU01105,155,604.50
2026-04-30,T001,SKU01119,92,202.40
2026-04-30,T001,SKU01126,125,2675.00
2026-04-30,T001,SKU01133,129,2489.70
2026-04-30,T001,SKU01140,62,260.40
2026-04-30,T001,SKU01147,131,694.30
2026-04-30,T001,SKU01154,65,455.00
2026-04-30,T001,SKU01161,67,1500.80
2026-04-30,T001,SKU01168,99,287.10
2026-04-30,T001,SKU01175,102,260.10
2026-04-30,T001,SKU01182,100,360.00
2026-04-30,T001,SKU01189,104,145.60
2026-04-30,T001,SKU01196,134,656.60
2026-04-30,T001,SKU01203,96,576.00
2026-04-30,T001,SKU01210,60,13.20
2026-04-30,T001,SKU01224,111,754.80
2026-04-30,T001,SKU01231,19,178.60
2026-04-30,T001,SKU01238,81,1125.90
2026-04-30,T001,SKU01245,114,2234.40
2026-04-30,T001,SKU01252,78,1201.20
2026-04-30,T001,SKU01259,107,1519.40
2026-04-30,T001,SKU01266,116,1310.80
2026-04-30,T001,SKU01273,144,993.60
2026-04-30,T001,SKU01280,33,828.30
2026-04-30,T001,SKU01287,81,502.20
2026-04-30,T001,SKU01294,73,248.20
2026-04-30,T001,SKU01301,63,1033.20
2026-04-30,T001,SKU01308,90,819.00
2026-04-30,T001,SKU01315,107,417.30
2026-04-30,T001,SKU01322,113,1649.80
2026-04-30,T001,SKU01329,73,511.00
2026-04-30,T001,SKU01336,84,436.80
2026-04-30,T001,SKU01343,48,518.40
2026-04-30,T002,SKU01007,39,138.45
2026-04-30,T002,SKU01014,35,143.50
2026-04-30,T002,SKU01028,81,360.45
2026-04-30,T002,SKU01035,36,194.40
2026-04-30,T002,SKU01042,43,303.15
2026-04-30,T002,SKU01049,43,232.20
2026-04-30,T002,SKU01056,24,223.20
2026-04-30,T002,SKU01063,45,504.00
2026-04-30,T002,SKU01070,42,298.20
2026-04-30,T002,SKU01077,53,249.10
2026-04-30,T002,SKU01084,72,460.80
2026-04-30,T002,SKU01091,35,108.50
2026-04-30,T002,SKU01098,55,104.50
2026-04-30,T002,SKU01105,51,198.90
2026-04-30,T002,SKU01112,57,173.85
2026-04-30,T002,SKU01119,85,187.00
2026-04-30,T002,SKU01126,27,577.80
2026-04-30,T002,SKU01133,50,965.00
2026-04-30,T002,SKU01140,66,277.20
2026-04-30,T002,SKU01147,80,424.00
2026-04-30,T002,SKU01154,40,280.00
2026-04-30,T002,SKU01161,24,537.60
2026-04-30,T002,SKU01168,52,150.80
2026-04-30,T002,SKU01175,57,145.35
2026-04-30,T002,SKU01182,28,100.80
2026-04-30,T002,SKU01189,28,39.20
2026-04-30,T002,SKU01196,77,377.30
2026-04-30,T002,SKU01203,59,354.00
2026-04-30,T002,SKU01210,36,7.92
2026-04-30,T002,SKU01217,43,391.30
2026-04-30,T002,SKU01224,74,503.20
2026-04-30,T002,SKU01231,26,244.40
2026-04-30,T002,SKU01238,59,820.10
2026-04-30,T002,SKU01245,38,744.80
2026-04-30,T002,SKU01252,30,462.00
2026-04-30,T002,SKU01259,45,639.00
2026-04-30,T002,SKU01266,57,644.10
2026-04-30,T002,SKU01273,57,393.30
2026-04-30,T002,SKU01280,10,251.00
2026-04-30,T002,SKU01287,57,353.40
2026-04-30,T002,SKU01294,89,302.60
2026-04-30,T002,SKU01308,51,464.10
2026-04-30,T002,SKU01315,53,206.70
2026-04-30,T002,SKU01322,28,408.80
2026-04-30,T002,SKU01329,55,385.00
2026-04-30,T002,SKU01336,6,31.20
2026-04-30,T002,SKU01343,22,237.60
2026-04-30,T002,SKU01350,35,276.50
2026-04-30,T002,SKU01357,15,42.00
2026-04-30,T003,SKU01007,137,486.35
2026-04-30,T003,SKU01021,140,427.00
2026-04-30,T003,SKU01028,113,502.85
2026-04-30,T003,SKU01035,99,534.60
2026-04-30,T003,SKU01042,75,528.75
2026-04-30,T003,SKU01049,88,475.20
2026-04-30,T003,SKU01056,121,1125.30
2026-04-30,T003,SKU01063,0,0.00
2026-04-30,T003,SKU01070,113,802.30
2026-04-30,T003,SKU01077,104,488.80
2026-04-30,T003,SKU01091,62,192.20
2026-04-30,T003,SKU01098,61,115.90
2026-04-30,T003,SKU01105,112,436.80
2026-04-30,T003,SKU01112,136,414.80
2026-04-30,T003,SKU01119,165,363.00
2026-04-30,T003,SKU01126,65,1391.00
2026-04-30,T003,SKU01133,76,1466.80
2026-04-30,T003,SKU01140,55,231.00
2026-04-30,T003,SKU01147,112,593.60
2026-04-30,T003,SKU01154,72,504.00
2026-04-30,T003,SKU01161,84,1881.60
2026-04-30,T003,SKU01168,104,301.60
2026-04-30,T003,SKU01175,28,71.40
2026-04-30,T003,SKU01182,20,72.00
2026-04-30,T003,SKU01189,113,158.20
2026-04-30,T003,SKU01196,66,323.40
2026-04-30,T003,SKU01203,105,630.00
2026-04-30,T003,SKU01210,14,3.08
2026-04-30,T003,SKU01217,120,1092.00
2026-04-30,T003,SKU01231,29,272.60
2026-04-30,T003,SKU01238,169,2349.10
2026-04-30,T003,SKU01245,10,196.00
2026-04-30,T003,SKU01252,118,1817.20
2026-04-30,T003,SKU01259,152,2158.40
2026-04-30,T003,SKU01273,48,331.20
2026-04-30,T003,SKU01280,81,2033.10
2026-04-30,T003,SKU01287,120,744.00
2026-04-30,T003,SKU01294,87,295.80
2026-04-30,T003,SKU01301,102,1672.80
2026-04-30,T003,SKU01315,135,526.50
2026-04-30,T003,SKU01322,115,1679.00
2026-04-30,T003,SKU01329,33,231.00
2026-04-30,T003,SKU01336,86,447.20
2026-04-30,T003,SKU01350,54,426.60
2026-04-30,T003,SKU01357,142,397.60
2026-04-30,T004,SKU01007,38,134.90
2026-04-30,T004,SKU01021,38,115.90
2026-04-30,T004,SKU01028,0,0.00
2026-04-30,T004,SKU01035,43,232.20
2026-04-30,T004,SKU01042,50,352.50
2026-04-30,T004,SKU01049,100,540.00
2026-04-30,T004,SKU01056,29,269.70
2026-04-30,T004,SKU01063,65,728.00
2026-04-30,T004,SKU01070,45,319.50
2026-04-30,T004,SKU01077,0,0.00
2026-04-30,T004,SKU01084,60,384.00
2026-04-30,T004,SKU01091,80,248.00
2026-04-30,T004,SKU01098,33,62.70
2026-04-30,T004,SKU01112,39,118.95
2026-04-30,T004,SKU01119,20,44.00
2026-04-30,T004,SKU01126,65,1391.00
2026-04-30,T004,SKU01133,25,482.50
2026-04-30,T004,SKU01147,63,333.90
2026-04-30,T004,SKU01154,11,77.00
2026-04-30,T004,SKU01161,40,896.00
2026-04-30,T004,SKU01168,30,87.00
2026-04-30,T004,SKU01175,24,61.20
2026-04-30,T004,SKU01182,42,151.20
2026-04-30,T004,SKU01189,107,149.80
2026-04-30,T004,SKU01203,27,162.00
2026-04-30,T004,SKU01210,64,14.08
2026-04-30,T004,SKU01217,33,300.30
2026-04-30,T004,SKU01224,20,136.00
2026-04-30,T004,SKU01231,71,667.40
2026-04-30,T004,SKU01238,13,180.70
2026-04-30,T004,SKU01245,71,1391.60
2026-04-30,T004,SKU01252,65,1001.00
2026-04-30,T004,SKU01259,34,482.80
2026-04-30,T004,SKU01266,79,892.70
2026-04-30,T004,SKU01273,22,151.80
2026-04-30,T004,SKU01280,56,1405.60
2026-04-30,T004,SKU01287,40,248.00
2026-04-30,T004,SKU01294,21,71.40
2026-04-30,T004,SKU01308,48,436.80
2026-04-30,T004,SKU01315,37,144.30
2026-04-30,T004,SKU01322,55,803.00
2026-04-30,T004,SKU01336,33,171.60
2026-04-30,T004,SKU01343,80,864.00
2026-04-30,T004,SKU01350,57,450.30
2026-04-30,T004,SKU01357,37,103.60
2026-04-30,T005,SKU01014,115,471.50
2026-04-30,T005,SKU01021,85,259.25
2026-04-30,T005,SKU01028,151,671.95
2026-04-30,T005,SKU01035,144,777.60
2026-04-30,T005,SKU01042,90,634.50
2026-04-30,T005,SKU01049,0,0.00
2026-04-30,T005,SKU01063,105,1176.00
2026-04-30,T005,SKU01070,13,92.30
2026-04-30,T005,SKU01077,121,568.70
2026-04-30,T005,SKU01084,64,409.60
2026-04-30,T005,SKU01091,38,117.80
2026-04-30,T005,SKU01098,47,89.30
2026-04-30,T005,SKU01105,53,206.70
2026-04-30,T005,SKU01112,82,250.10
2026-04-30,T005,SKU01119,112,246.40
2026-04-30,T005,SKU01126,179,3830.60
2026-04-30,T005,SKU01133,151,2914.30
2026-04-30,T005,SKU01140,108,453.60
2026-04-30,T005,SKU01147,84,445.20
2026-04-30,T005,SKU01154,94,658.00
2026-04-30,T005,SKU01168,73,211.70
2026-04-30,T005,SKU01175,49,124.95
2026-04-30,T005,SKU01189,88,123.20
2026-04-30,T005,SKU01196,162,793.80
2026-04-30,T005,SKU01203,107,642.00
2026-04-30,T005,SKU01210,109,23.98
2026-04-30,T005,SKU01217,95,864.50
2026-04-30,T005,SKU01224,100,680.00
2026-04-30,T005,SKU01231,40,376.00
2026-04-30,T005,SKU01238,45,625.50
2026-04-30,T005,SKU01245,30,588.00
2026-04-30,T005,SKU01252,121,1863.40
2026-04-30,T005,SKU01266,172,1943.60
2026-04-30,T005,SKU01273,68,469.20
2026-04-30,T005,SKU01280,114,2861.40
2026-04-30,T005,SKU01287,128,793.60
2026-04-30,T005,SKU01294,128,435.20
2026-04-30,T005,SKU01301,102,1672.80
2026-04-30,T005,SKU01308,77,700.70
2026-04-30,T005,SKU01322,101,1474.60
2026-04-30,T005,SKU01329,50,350.00
2026-04-30,T005,SKU01336,45,234.00
2026-04-30,T005,SKU01343,99,1069.20
2026-04-30,T005,SKU01350,127,1003.30
2026-04-30,T005,SKU01357,123,344.40
2026-04-30,T006,SKU01007,46,163.30
2026-04-30,T006,SKU01021,38,115.90
2026-04-30,T006,SKU01028,18,80.10
2026-04-30,T006,SKU01042,24,169.20
2026-04-30,T006,SKU01056,53,492.90
2026-04-30,T006,SKU01063,43,481.60
2026-04-30,T006,SKU01077,79,371.30
2026-04-30,T006,SKU01084,60,384.00
2026-04-30,T006,SKU01091,35,108.50
2026-04-30,T006,SKU01098,37,70.30
2026-04-30,T006,SKU01105,51,198.90
2026-04-30,T006,SKU01112,54,164.70
2026-04-30,T006,SKU01119,52,114.40
2026-04-30,T006,SKU01126,45,963.00
2026-04-30,T006,SKU01133,74,1428.20
2026-04-30,T006,SKU01140,23,96.60
2026-04-30,T006,SKU01147,65,344.50
2026-04-30,T006,SKU01154,69,483.00
2026-04-30,T006,SKU01161,87,1948.80
2026-04-30,T006,SKU01168,56,162.40
2026-04-30,T006,SKU01182,64,230.40
2026-04-30,T006,SKU01189,58,81.20
2026-04-30,T006,SKU01196,65,318.50
2026-04-30,T006,SKU01210,39,8.58
2026-04-30,T006,SKU01224,58,394.40
2026-04-30,T006,SKU01231,24,225.60
2026-04-30,T006,SKU01238,61,847.90
2026-04-30,T006,SKU01245,40,784.00
2026-04-30,T006,SKU01252,55,847.00
2026-04-30,T006,SKU01266,9,101.70
2026-04-30,T006,SKU01273,40,276.00
2026-04-30,T006,SKU01280,38,953.80
2026-04-30,T006,SKU01287,84,520.80
2026-04-30,T006,SKU01294,75,255.00
2026-04-30,T006,SKU01301,46,754.40
2026-04-30,T006,SKU01308,26,236.60
2026-04-30,T006,SKU01322,37,540.20
2026-04-30,T006,SKU01329,57,399.00
2026-04-30,T006,SKU01336,33,171.60
2026-04-30,T006,SKU01343,55,594.00
2026-04-30,T006,SKU01357,31,86.80
2026-04-30,T007,SKU01007,46,163.30
2026-04-30,T007,SKU01014,53,217.30
2026-04-30,T007,SKU01021,69,210.45
2026-04-30,T007,SKU01028,32,142.40
2026-04-30,T007,SKU01042,34,239.70
2026-04-30,T007,SKU01056,35,325.50
2026-04-30,T007,SKU01091,52,161.20
2026-04-30,T007,SKU01098,57,108.30
2026-04-30,T007,SKU01105,10,39.00
2026-04-30,T007,SKU01112,63,192.15
2026-04-30,T007,SKU01119,1,2.20
2026-04-30,T007,SKU01126,40,856.00
2026-04-30,T007,SKU01133,54,1042.20
2026-04-30,T007,SKU01147,27,143.10
2026-04-30,T007,SKU01154,25,175.00
2026-04-30,T007,SKU01161,61,1366.40
2026-04-30,T007,SKU01168,42,121.80
2026-04-30,T007,SKU01175,49,124.95
2026-04-30,T007,SKU01189,72,100.80
2026-04-30,T007,SKU01196,69,338.10
2026-04-30,T007,SKU01210,69,15.18
2026-04-30,T007,SKU01217,57,518.70
2026-04-30,T007,SKU01224,54,367.20
2026-04-30,T007,SKU01231,76,714.40
2026-04-30,T007,SKU01238,44,611.60
2026-04-30,T007,SKU01245,49,960.40
2026-04-30,T007,SKU01252,36,554.40
2026-04-30,T007,SKU01259,42,596.40
2026-04-30,T007,SKU01266,40,452.00
2026-04-30,T007,SKU01273,36,248.40
2026-04-30,T007,SKU01280,39,978.90
2026-04-30,T007,SKU01287,33,204.60
2026-04-30,T007,SKU01294,68,231.20
2026-04-30,T007,SKU01301,51,836.40
2026-04-30,T007,SKU01308,14,127.40
2026-04-30,T007,SKU01315,40,156.00
2026-04-30,T007,SKU01322,35,511.00
2026-04-30,T007,SKU01329,67,469.00
2026-04-30,T007,SKU01336,36,187.20
2026-04-30,T007,SKU01350,77,608.30
2026-04-30,T007,SKU01357,51,142.80
2026-04-30,T008,SKU01014,0,0.00
2026-04-30,T008,SKU01021,86,262.30
2026-04-30,T008,SKU01028,125,556.25
2026-04-30,T008,SKU01042,108,761.40
2026-04-30,T008,SKU01049,83,448.20
2026-04-30,T008,SKU01056,144,1339.20
2026-04-30,T008,SKU01063,112,1254.40
2026-04-30,T008,SKU01070,130,923.00
2026-04-30,T008,SKU01077,61,286.70
2026-04-30,T008,SKU01084,104,665.60
2026-04-30,T008,SKU01091,122,378.20
2026-04-30,T008,SKU01098,77,146.30
2026-04-30,T008,SKU01105,5,19.50
2026-04-30,T008,SKU01112,110,335.50
2026-04-30,T008,SKU01119,107,235.40
2026-04-30,T008,SKU01126,47,1005.80
2026-04-30,T008,SKU01133,134,2586.20
2026-04-30,T008,SKU01140,71,298.20
2026-04-30,T008,SKU01147,117,620.10
2026-04-30,T008,SKU01154,106,742.00
2026-04-30,T008,SKU01168,52,150.80
2026-04-30,T008,SKU01175,40,102.00
2026-04-30,T008,SKU01182,104,374.40
2026-04-30,T008,SKU01189,88,123.20
2026-04-30,T008,SKU01196,151,739.90
2026-04-30,T008,SKU01203,60,360.00
2026-04-30,T008,SKU01210,101,22.22
2026-04-30,T008,SKU01217,43,391.30
2026-04-30,T008,SKU01224,141,958.80
2026-04-30,T008,SKU01231,96,902.40
2026-04-30,T008,SKU01238,127,1765.30
2026-04-30,T008,SKU01245,71,1391.60
2026-04-30,T008,SKU01252,133,2048.20
2026-04-30,T008,SKU01259,79,1121.80
2026-04-30,T008,SKU01266,56,632.80
2026-04-30,T008,SKU01273,104,717.60
2026-04-30,T008,SKU01280,97,2434.70
2026-04-30,T008,SKU01294,135,459.00
2026-04-30,T008,SKU01301,112,1836.80
2026-04-30,T008,SKU01308,108,982.80
2026-04-30,T008,SKU01315,107,417.30
2026-04-30,T008,SKU01322,53,773.80
2026-04-30,T008,SKU01329,2,14.00
2026-04-30,T008,SKU01336,133,691.60
2026-04-30,T008,SKU01350,49,387.10
2026-04-30,T008,SKU01357,89,249.20
2026-04-30,T009,SKU01007,47,166.85
2026-04-30,T009,SKU01014,26,106.60
2026-04-30,T009,SKU01021,59,179.95
2026-04-30,T009,SKU01035,37,199.80
2026-04-30,T009,SKU01049,65,351.00
2026-04-30,T009,SKU01056,22,204.60
2026-04-30,T009,SKU01063,95,1064.00
2026-04-30,T009,SKU01070,66,468.60
2026-04-30,T009,SKU01084,40,256.00
2026-04-30,T009,SKU01091,31,96.10
2026-04-30,T009,SKU01098,49,93.10
2026-04-30,T009,SKU01105,29,113.10
2026-04-30,T009,SKU01112,12,36.60
2026-04-30,T009,SKU01126,79,1690.60
2026-04-30,T009,SKU01133,48,926.40
2026-04-30,T009,SKU01140,45,189.00
2026-04-30,T009,SKU01147,53,280.90
2026-04-30,T009,SKU01154,49,343.00
2026-04-30,T009,SKU01161,43,963.20
2026-04-30,T009,SKU01175,45,114.75
2026-04-30,T009,SKU01182,40,144.00
2026-04-30,T009,SKU01189,49,68.60
2026-04-30,T009,SKU01196,62,303.80
2026-04-30,T009,SKU01203,51,306.00
2026-04-30,T009,SKU01210,43,9.46
2026-04-30,T009,SKU01217,46,418.60
2026-04-30,T009,SKU01224,21,142.80
2026-04-30,T009,SKU01231,65,611.00
2026-04-30,T009,SKU01238,37,514.30
2026-04-30,T009,SKU01245,26,509.60
2026-04-30,T009,SKU01252,76,1170.40
2026-04-30,T009,SKU01259,9,127.80
2026-04-30,T009,SKU01266,39,440.70
2026-04-30,T009,SKU01280,38,953.80
2026-04-30,T009,SKU01287,47,291.40
2026-04-30,T009,SKU01294,12,40.80
2026-04-30,T009,SKU01301,14,229.60
2026-04-30,T009,SKU01308,11,100.10
2026-04-30,T009,SKU01315,42,163.80
2026-04-30,T009,SKU01322,58,846.80
2026-04-30,T009,SKU01329,21,147.00
2026-04-30,T009,SKU01336,45,234.00
2026-04-30,T009,SKU01343,81,874.80
2026-04-30,T009,SKU01350,82,647.80
2026-04-30,T009,SKU01357,41,114.80
2026-04-30,T010,SKU01007,64,227.20
2026-04-30,T010,SKU01021,76,231.80
2026-04-30,T010,SKU01035,152,820.80
2026-04-30,T010,SKU01049,114,615.60
2026-04-30,T010,SKU01056,184,1711.20
2026-04-30,T010,SKU01063,122,1366.40
2026-04-30,T010,SKU01070,137,972.70
2026-04-30,T010,SKU01077,141,662.70
2026-04-30,T010,SKU01084,44,281.60
2026-04-30,T010,SKU01091,175,542.50
2026-04-30,T010,SKU01098,98,186.20
2026-04-30,T010,SKU01105,35,136.50
2026-04-30,T010,SKU01112,114,347.70
2026-04-30,T010,SKU01119,80,176.00
2026-04-30,T010,SKU01126,125,2675.00
2026-04-30,T010,SKU01133,99,1910.70
2026-04-30,T010,SKU01140,92,386.40
2026-04-30,T010,SKU01147,95,503.50
2026-04-30,T010,SKU01154,42,294.00
2026-04-30,T010,SKU01161,79,1769.60
2026-04-30,T010,SKU01168,128,371.20
2026-04-30,T010,SKU01175,109,277.95
2026-04-30,T010,SKU01182,109,392.40
2026-04-30,T010,SKU01189,158,221.20
2026-04-30,T010,SKU01196,88,431.20
2026-04-30,T010,SKU01203,122,732.00
2026-04-30,T010,SKU01217,100,910.00
2026-04-30,T010,SKU01224,88,598.40
2026-04-30,T010,SKU01231,116,1090.40
2026-04-30,T010,SKU01245,122,2391.20
2026-04-30,T010,SKU01252,112,1724.80
2026-04-30,T010,SKU01259,75,1065.00
2026-04-30,T010,SKU01266,118,1333.40
2026-04-30,T010,SKU01273,96,662.40
2026-04-30,T010,SKU01280,122,3062.20
2026-04-30,T010,SKU01294,128,435.20
2026-04-30,T010,SKU01301,143,2345.20
2026-04-30,T010,SKU01308,139,1264.90
2026-04-30,T010,SKU01315,5,19.50
2026-04-30,T010,SKU01322,58,846.80
2026-04-30,T010,SKU01329,96,672.00
2026-04-30,T010,SKU01350,105,829.50
2026-04-30,T010,SKU01357,129,361.20
2026-04-30,T011,SKU01021,31,94.55
2026-04-30,T011,SKU01028,32,142.40
2026-04-30,T011,SKU01035,71,383.40
2026-04-30,T011,SKU01042,24,169.20
2026-04-30,T011,SKU01049,22,118.80
2026-04-30,T011,SKU01056,53,492.90
2026-04-30,T011,SKU01063,32,358.40
2026-04-30,T011,SKU01070,83,589.30
2026-04-30,T011,SKU01077,24,112.80
2026-04-30,T011,SKU01084,55,352.00
2026-04-30,T011,SKU01091,29,89.90
2026-04-30,T011,SKU01098,59,112.10
2026-04-30,T011,SKU01105,64,249.60
2026-04-30,T011,SKU01119,45,99.00
2026-04-30,T011,SKU01126,30,642.00
2026-04-30,T011,SKU01133,39,752.70
2026-04-30,T011,SKU01140,62,260.40
2026-04-30,T011,SKU01147,39,206.70
2026-04-30,T011,SKU01154,59,413.00
2026-04-30,T011,SKU01161,47,1052.80
2026-04-30,T011,SKU01168,38,110.20
2026-04-30,T011,SKU01175,33,84.15
2026-04-30,T011,SKU01182,19,68.40
2026-04-30,T011,SKU01189,40,56.00
2026-04-30,T011,SKU01196,27,132.30
2026-04-30,T011,SKU01203,42,252.00
2026-04-30,T011,SKU01210,33,7.26
2026-04-30,T011,SKU01231,0,0.00
2026-04-30,T011,SKU01238,67,931.30
2026-04-30,T011,SKU01245,43,842.80
2026-04-30,T011,SKU01252,26,400.40
2026-04-30,T011,SKU01266,6,67.80
2026-04-30,T011,SKU01273,58,400.20
2026-04-30,T011,SKU01280,61,1531.10
2026-04-30,T011,SKU01287,61,378.20
2026-04-30,T011,SKU01294,36,122.40
2026-04-30,T011,SKU01301,33,541.20
2026-04-30,T011,SKU01308,82,746.20
2026-04-30,T011,SKU01315,52,202.80
2026-04-30,T011,SKU01322,28,408.80
2026-04-30,T011,SKU01329,41,287.00
2026-04-30,T011,SKU01336,27,140.40
2026-04-30,T011,SKU01343,33,356.40
2026-04-30,T011,SKU01350,34,268.60
2026-04-30,T011,SKU01357,52,145.60
2026-04-30,T012,SKU01007,36,127.80
2026-04-30,T012,SKU01014,62,254.20
2026-04-30,T012,SKU01021,38,115.90
2026-04-30,T012,SKU01028,86,382.70
2026-04-30,T012,SKU01042,0,0.00
2026-04-30,T012,SKU01049,0,0.00
2026-04-30,T012,SKU01056,27,251.10
2026-04-30,T012,SKU01063,56,627.20
2026-04-30,T012,SKU01070,36,255.60
2026-04-30,T012,SKU01077,52,244.40
2026-04-30,T012,SKU01084,41,262.40
2026-04-30,T012,SKU01091,6,18.60
2026-04-30,T012,SKU01098,33,62.70
2026-04-30,T012,SKU01105,31,120.90
2026-04-30,T012,SKU01126,61,1305.40
2026-04-30,T012,SKU01133,66,1273.80
2026-04-30,T012,SKU01140,57,239.40
2026-04-30,T012,SKU01154,42,294.00
2026-04-30,T012,SKU01161,29,649.60
2026-04-30,T012,SKU01168,53,153.70
2026-04-30,T012,SKU01175,84,214.20
2026-04-30,T012,SKU01182,78,280.80
2026-04-30,T012,SKU01189,60,84.00
2026-04-30,T012,SKU01196,28,137.20
2026-04-30,T012,SKU01210,35,7.70
2026-04-30,T012,SKU01217,82,746.20
2026-04-30,T012,SKU01224,45,306.00
2026-04-30,T012,SKU01231,27,253.80
2026-04-30,T012,SKU01238,59,820.10
2026-04-30,T012,SKU01245,62,1215.20
2026-04-30,T012,SKU01252,50,770.00
2026-04-30,T012,SKU01259,59,837.80
2026-04-30,T012,SKU01266,44,497.20
2026-04-30,T012,SKU01273,6,41.40
2026-04-30,T012,SKU01280,37,928.70
2026-04-30,T012,SKU01287,59,365.80
2026-04-30,T012,SKU01294,2,6.80
2026-04-30,T012,SKU01301,46,754.40
2026-04-30,T012,SKU01308,32,291.20
2026-04-30,T012,SKU01315,52,202.80
2026-04-30,T012,SKU01322,53,773.80
2026-04-30,T012,SKU01336,34,176.80
2026-04-30,T012,SKU01343,37,399.60
2026-04-30,T012,SKU01350,96,758.40
2026-04-30,T012,SKU01357,68,190.40
2026-05-31,T001,SKU01007,116,411.80
2026-05-31,T001,SKU01021,129,393.45
2026-05-31,T001,SKU01028,34,151.30
2026-05-31,T001,SKU01035,70,378.00
2026-05-31,T001,SKU01042,68,479.40
2026-05-31,T001,SKU01049,49,264.60
2026-05-31,T001,SKU01056,148,1376.40
2026-05-31,T001,SKU01063,74,828.80
2026-05-31,T001,SKU01077,53,249.10
2026-05-31,T001,SKU01084,57,364.80
2026-05-31,T001,SKU01091,14,43.40
2026-05-31,T001,SKU01098,138,262.20
2026-05-31,T001,SKU01105,34,132.60
2026-05-31,T001,SKU01112,91,277.55
2026-05-31,T001,SKU01119,117,257.40
2026-05-31,T001,SKU01126,150,3210.00
2026-05-31,T001,SKU01133,137,2644.10
2026-05-31,T001,SKU01140,88,369.60
2026-05-31,T001,SKU01147,71,376.30
2026-05-31,T001,SKU01154,64,448.00
2026-05-31,T001,SKU01168,173,501.70
2026-05-31,T001,SKU01182,138,496.80
2026-05-31,T001,SKU01189,138,193.20
2026-05-31,T001,SKU01196,37,181.30
2026-05-31,T001,SKU01203,80,480.00
2026-05-31,T001,SKU01210,160,35.20
2026-05-31,T001,SKU01217,124,1128.40
2026-05-31,T001,SKU01224,41,278.80
2026-05-31,T001,SKU01231,97,911.80
2026-05-31,T001,SKU01238,129,1793.10
2026-05-31,T001,SKU01245,96,1881.60
2026-05-31,T001,SKU01252,6,92.40
2026-05-31,T001,SKU01259,83,1178.60
2026-05-31,T001,SKU01266,17,192.10
2026-05-31,T001,SKU01273,18,124.20
2026-05-31,T001,SKU01280,99,2484.90
2026-05-31,T001,SKU01287,102,632.40
2026-05-31,T001,SKU01294,75,255.00
2026-05-31,T001,SKU01301,83,1361.20
2026-05-31,T001,SKU01308,13,118.30
2026-05-31,T001,SKU01315,0,0.00
2026-05-31,T001,SKU01322,92,1343.20
2026-05-31,T001,SKU01329,81,567.00
2026-05-31,T001,SKU01336,0,0.00
2026-05-31,T001,SKU01343,76,820.80
2026-05-31,T001,SKU01350,0,0.00
2026-05-31,T001,SKU01357,104,291.20
2026-05-31,T002,SKU01007,14,49.70
2026-05-31,T002,SKU01014,65,266.50
2026-05-31,T002,SKU01021,42,128.10
2026-05-31,T002,SKU01028,42,186.90
2026-05-31,T002,SKU01035,0,0.00
2026-05-31,T002,SKU01042,49,345.45
2026-05-31,T002,SKU01049,55,297.00
2026-05-31,T002,SKU01056,30,279.00
2026-05-31,T002,SKU01063,54,604.80
2026-05-31,T002,SKU01070,66,468.60
2026-05-31,T002,SKU01077,45,211.50
2026-05-31,T002,SKU01084,7,44.80
2026-05-31,T002,SKU01091,32,99.20
2026-05-31,T002,SKU01098,52,98.80
2026-05-31,T002,SKU01105,35,136.50
2026-05-31,T002,SKU01119,43,94.60
2026-05-31,T002,SKU01126,27,577.80
2026-05-31,T002,SKU01140,42,176.40
2026-05-31,T002,SKU01147,51,270.30
2026-05-31,T002,SKU01154,53,371.00
2026-05-31,T002,SKU01161,42,940.80
2026-05-31,T002,SKU01168,18,52.20
2026-05-31,T002,SKU01175,47,119.85
2026-05-31,T002,SKU01182,34,122.40
2026-05-31,T002,SKU01196,14,68.60
2026-05-31,T002,SKU01203,71,426.00
2026-05-31,T002,SKU01210,20,4.40
2026-05-31,T002,SKU01217,67,609.70
2026-05-31,T002,SKU01224,76,516.80
2026-05-31,T002,SKU01231,79,742.60
2026-05-31,T002,SKU01238,50,695.00
2026-05-31,T002,SKU01245,41,803.60
2026-05-31,T002,SKU01252,59,908.60
2026-05-31,T002,SKU01259,44,624.80
2026-05-31,T002,SKU01266,42,474.60
2026-05-31,T002,SKU01273,79,545.10
2026-05-31,T002,SKU01280,40,1004.00
2026-05-31,T002,SKU01287,51,316.20
2026-05-31,T002,SKU01294,38,129.20
2026-05-31,T002,SKU01301,40,656.00
2026-05-31,T002,SKU01308,64,582.40
2026-05-31,T002,SKU01329,30,210.00
2026-05-31,T002,SKU01336,27,140.40
2026-05-31,T002,SKU01343,55,594.00
2026-05-31,T002,SKU01350,42,331.80
2026-05-31,T002,SKU01357,51,142.80
2026-05-31,T003,SKU01014,29,118.90
2026-05-31,T003,SKU01021,74,225.70
2026-05-31,T003,SKU01028,70,311.50
2026-05-31,T003,SKU01035,87,469.80
2026-05-31,T003,SKU01042,72,507.60
2026-05-31,T003,SKU01049,98,529.20
2026-05-31,T003,SKU01056,163,1515.90
2026-05-31,T003,SKU01063,58,649.60
2026-05-31,T003,SKU01070,91,646.10
2026-05-31,T003,SKU01077,136,639.20
2026-05-31,T003,SKU01084,67,428.80
2026-05-31,T003,SKU01091,94,291.40
2026-05-31,T003,SKU01098,46,87.40
2026-05-31,T003,SKU01105,95,370.50
2026-05-31,T003,SKU01112,63,192.15
2026-05-31,T003,SKU01126,97,2075.80
2026-05-31,T003,SKU01140,47,197.40
2026-05-31,T003,SKU01147,99,524.70
2026-05-31,T003,SKU01154,0,0.00
2026-05-31,T003,SKU01168,66,191.40
2026-05-31,T003,SKU01175,112,285.60
2026-05-31,T003,SKU01182,60,216.00
2026-05-31,T003,SKU01189,87,121.80
2026-05-31,T003,SKU01196,85,416.50
2026-05-31,T003,SKU01203,114,684.00
2026-05-31,T003,SKU01210,84,18.48
2026-05-31,T003,SKU01217,116,1055.60
2026-05-31,T003,SKU01224,64,435.20
2026-05-31,T003,SKU01231,22,206.80
2026-05-31,T003,SKU01238,27,375.30
2026-05-31,T003,SKU01245,113,2214.80
2026-05-31,T003,SKU01252,56,862.40
2026-05-31,T003,SKU01259,128,1817.60
2026-05-31,T003,SKU01266,63,711.90
2026-05-31,T003,SKU01273,92,634.80
2026-05-31,T003,SKU01280,69,1731.90
2026-05-31,T003,SKU01294,97,329.80
2026-05-31,T003,SKU01301,146,2394.40
2026-05-31,T003,SKU01308,89,809.90
2026-05-31,T003,SKU01315,23,89.70
2026-05-31,T003,SKU01329,131,917.00
2026-05-31,T003,SKU01336,36,187.20
2026-05-31,T003,SKU01357,122,341.60
2026-05-31,T004,SKU01007,77,273.35
2026-05-31,T004,SKU01014,57,233.70
2026-05-31,T004,SKU01021,46,140.30
2026-05-31,T004,SKU01028,64,284.80
2026-05-31,T004,SKU01035,56,302.40
2026-05-31,T004,SKU01042,49,345.45
2026-05-31,T004,SKU01049,41,221.40
2026-05-31,T004,SKU01056,7,65.10
2026-05-31,T004,SKU01063,37,414.40
2026-05-31,T004,SKU01077,42,197.40
2026-05-31,T004,SKU01084,101,646.40
2026-05-31,T004,SKU01091,65,201.50
2026-05-31,T004,SKU01105,45,175.50
2026-05-31,T004,SKU01112,44,134.20
2026-05-31,T004,SKU01119,35,77.00
2026-05-31,T004,SKU01126,49,1048.60
2026-05-31,T004,SKU01133,46,887.80
2026-05-31,T004,SKU01140,48,201.60
2026-05-31,T004,SKU01147,47,249.10
2026-05-31,T004,SKU01154,53,371.00
2026-05-31,T004,SKU01168,12,34.80
2026-05-31,T004,SKU01175,31,79.05
2026-05-31,T004,SKU01182,15,54.00
2026-05-31,T004,SKU01189,20,28.00
2026-05-31,T004,SKU01196,13,63.70
2026-05-31,T004,SKU01210,93,20.46
2026-05-31,T004,SKU01217,34,309.40
2026-05-31,T004,SKU01231,52,488.80
2026-05-31,T004,SKU01238,13,180.70
2026-05-31,T004,SKU01245,55,1078.00
2026-05-31,T004,SKU01252,53,816.20
2026-05-31,T004,SKU01259,79,1121.80
2026-05-31,T004,SKU01273,42,289.80
2026-05-31,T004,SKU01287,54,334.80
2026-05-31,T004,SKU01301,35,574.00
2026-05-31,T004,SKU01308,57,518.70
2026-05-31,T004,SKU01315,42,163.80
2026-05-31,T004,SKU01322,36,525.60
2026-05-31,T004,SKU01329,43,301.00
2026-05-31,T004,SKU01336,70,364.00
2026-05-31,T004,SKU01343,56,604.80
2026-05-31,T004,SKU01357,36,100.80
2026-05-31,T005,SKU01007,50,177.50
2026-05-31,T005,SKU01014,126,516.60
2026-05-31,T005,SKU01021,136,414.80
2026-05-31,T005,SKU01028,127,565.15
2026-05-31,T005,SKU01035,82,442.80
2026-05-31,T005,SKU01042,84,592.20
2026-05-31,T005,SKU01049,121,653.40
2026-05-31,T005,SKU01056,76,706.80
2026-05-31,T005,SKU01084,81,518.40
2026-05-31,T005,SKU01091,118,365.80
2026-05-31,T005,SKU01098,0,0.00
2026-05-31,T005,SKU01105,95,370.50
2026-05-31,T005,SKU01112,65,198.25
2026-05-31,T005,SKU01119,106,233.20
2026-05-31,T005,SKU01133,150,2895.00
2026-05-31,T005,SKU01140,110,462.00
2026-05-31,T005,SKU01147,156,826.80
2026-05-31,T005,SKU01154,80,560.00
2026-05-31,T005,SKU01161,78,1747.20
2026-05-31,T005,SKU01168,52,150.80
2026-05-31,T005,SKU01175,122,311.10
2026-05-31,T005,SKU01182,102,367.20
2026-05-31,T005,SKU01189,31,43.40
2026-05-31,T005,SKU01196,99,485.10
2026-05-31,T005,SKU01203,115,690.00
2026-05-31,T005,SKU01210,7,1.54
2026-05-31,T005,SKU01217,63,573.30
2026-05-31,T005,SKU01231,136,1278.40
2026-05-31,T005,SKU01238,194,2696.60
2026-05-31,T005,SKU01252,54,831.60
2026-05-31,T005,SKU01266,129,1457.70
2026-05-31,T005,SKU01273,120,828.00
2026-05-31,T005,SKU01280,91,2284.10
2026-05-31,T005,SKU01287,89,551.80
2026-05-31,T005,SKU01294,89,302.60
2026-05-31,T005,SKU01301,96,1574.40
2026-05-31,T005,SKU01308,46,418.60
2026-05-31,T005,SKU01315,47,183.30
2026-05-31,T005,SKU01336,157,816.40
2026-05-31,T005,SKU01343,51,550.80
2026-05-31,T005,SKU01357,56,156.80
2026-05-31,T006,SKU01007,103,365.65
2026-05-31,T006,SKU01021,35,106.75
2026-05-31,T006,SKU01028,35,155.75
2026-05-31,T006,SKU01035,65,351.00
2026-05-31,T006,SKU01042,63,444.15
2026-05-31,T006,SKU01049,35,189.00
2026-05-31,T006,SKU01056,55,511.50
2026-05-31,T006,SKU01063,41,459.20
2026-05-31,T006,SKU01070,60,426.00
2026-05-31,T006,SKU01084,41,262.40
2026-05-31,T006,SKU01098,60,114.00
2026-05-31,T006,SKU01112,47,143.35
2026-05-31,T006,SKU01119,29,63.80
2026-05-31,T006,SKU01133,31,598.30
2026-05-31,T006,SKU01140,26,109.20
2026-05-31,T006,SKU01147,8,42.40
2026-05-31,T006,SKU01154,25,175.00
2026-05-31,T006,SKU01161,48,1075.20
2026-05-31,T006,SKU01175,85,216.75
2026-05-31,T006,SKU01182,42,151.20
2026-05-31,T006,SKU01189,82,114.80
2026-05-31,T006,SKU01196,4,19.60
2026-05-31,T006,SKU01203,24,144.00
2026-05-31,T006,SKU01210,43,9.46
2026-05-31,T006,SKU01217,43,391.30
2026-05-31,T006,SKU01224,67,455.60
2026-05-31,T006,SKU01231,44,413.60
2026-05-31,T006,SKU01238,0,0.00
2026-05-31,T006,SKU01245,56,1097.60
2026-05-31,T006,SKU01252,47,723.80
2026-05-31,T006,SKU01259,34,482.80
2026-05-31,T006,SKU01273,84,579.60
2026-05-31,T006,SKU01280,43,1079.30
2026-05-31,T006,SKU01287,56,347.20
2026-05-31,T006,SKU01294,33,112.20
2026-05-31,T006,SKU01301,56,918.40
2026-05-31,T006,SKU01308,57,518.70
2026-05-31,T006,SKU01336,68,353.60
2026-05-31,T006,SKU01350,52,410.80
2026-05-31,T006,SKU01357,0,0.00
2026-05-31,T007,SKU01014,82,336.20
2026-05-31,T007,SKU01021,52,158.60
2026-05-31,T007,SKU01028,35,155.75
2026-05-31,T007,SKU01035,99,534.60
2026-05-31,T007,SKU01042,34,239.70
2026-05-31,T007,SKU01049,4,21.60
2026-05-31,T007,SKU01056,61,567.30
2026-05-31,T007,SKU01063,41,459.20
2026-05-31,T007,SKU01070,39,276.90
2026-05-31,T007,SKU01077,6,28.20
2026-05-31,T007,SKU01084,21,134.40
2026-05-31,T007,SKU01091,62,192.20
2026-05-31,T007,SKU01098,86,163.40
2026-05-31,T007,SKU01105,75,292.50
2026-05-31,T007,SKU01112,49,149.45
2026-05-31,T007,SKU01119,32,70.40
2026-05-31,T007,SKU01126,61,1305.40
2026-05-31,T007,SKU01133,43,829.90
2026-05-31,T007,SKU01147,88,466.40
2026-05-31,T007,SKU01154,55,385.00
2026-05-31,T007,SKU01161,27,604.80
2026-05-31,T007,SKU01168,41,118.90
2026-05-31,T007,SKU01175,0,0.00
2026-05-31,T007,SKU01182,46,165.60
2026-05-31,T007,SKU01189,53,74.20
2026-05-31,T007,SKU01196,26,127.40
2026-05-31,T007,SKU01203,29,174.00
2026-05-31,T007,SKU01210,59,12.98
2026-05-31,T007,SKU01217,83,755.30
2026-05-31,T007,SKU01224,75,510.00
2026-05-31,T007,SKU01231,53,498.20
2026-05-31,T007,SKU01238,43,597.70
2026-05-31,T007,SKU01245,10,196.00
2026-05-31,T007,SKU01252,40,616.00
2026-05-31,T007,SKU01259,51,724.20
2026-05-31,T007,SKU01273,28,193.20
2026-05-31,T007,SKU01280,39,978.90
2026-05-31,T007,SKU01294,86,292.40
2026-05-31,T007,SKU01301,30,492.00
2026-05-31,T007,SKU01308,77,700.70
2026-05-31,T007,SKU01315,46,179.40
2026-05-31,T007,SKU01322,28,408.80
2026-05-31,T007,SKU01329,44,308.00
2026-05-31,T007,SKU01336,23,119.60
2026-05-31,T007,SKU01350,41,323.90
2026-05-31,T007,SKU01357,66,184.80
2026-05-31,T008,SKU01007,74,262.70
2026-05-31,T008,SKU01014,100,410.00
2026-05-31,T008,SKU01021,27,82.35
2026-05-31,T008,SKU01028,43,191.35
2026-05-31,T008,SKU01035,87,469.80
2026-05-31,T008,SKU01042,115,810.75
2026-05-31,T008,SKU01049,16,86.40
2026-05-31,T008,SKU01056,176,1636.80
2026-05-31,T008,SKU01063,119,1332.80
2026-05-31,T008,SKU01077,80,376.00
2026-05-31,T008,SKU01091,42,130.20
2026-05-31,T008,SKU01098,105,199.50
2026-05-31,T008,SKU01105,92,358.80
2026-05-31,T008,SKU01112,48,146.40
2026-05-31,T008,SKU01119,68,149.60
2026-05-31,T008,SKU01126,57,1219.80
2026-05-31,T008,SKU01133,95,1833.50
2026-05-31,T008,SKU01140,61,256.20
2026-05-31,T008,SKU01147,159,842.70
2026-05-31,T008,SKU01154,135,945.00
2026-05-31,T008,SKU01161,80,1792.00
2026-05-31,T008,SKU01168,110,319.00
2026-05-31,T008,SKU01175,66,168.30
2026-05-31,T008,SKU01182,85,306.00
2026-05-31,T008,SKU01189,112,156.80
2026-05-31,T008,SKU01196,128,627.20
2026-05-31,T008,SKU01203,109,654.00
2026-05-31,T008,SKU01210,69,15.18
2026-05-31,T008,SKU01217,127,1155.70
2026-05-31,T008,SKU01224,142,965.60
2026-05-31,T008,SKU01231,123,1156.20
2026-05-31,T008,SKU01238,69,959.10
2026-05-31,T008,SKU01245,54,1058.40
2026-05-31,T008,SKU01252,28,431.20
2026-05-31,T008,SKU01259,117,1661.40
2026-05-31,T008,SKU01273,73,503.70
2026-05-31,T008,SKU01280,90,2259.00
2026-05-31,T008,SKU01287,78,483.60
2026-05-31,T008,SKU01294,81,275.40
2026-05-31,T008,SKU01301,78,1279.20
2026-05-31,T008,SKU01308,0,0.00
2026-05-31,T008,SKU01315,54,210.60
2026-05-31,T008,SKU01322,41,598.60
2026-05-31,T008,SKU01329,78,546.00
2026-05-31,T008,SKU01336,126,655.20
2026-05-31,T008,SKU01343,60,648.00
2026-05-31,T008,SKU01350,59,466.10
2026-05-31,T008,SKU01357,93,260.40
2026-05-31,T009,SKU01007,52,184.60
2026-05-31,T009,SKU01014,73,299.30
2026-05-31,T009,SKU01021,63,192.15
2026-05-31,T009,SKU01028,67,298.15
2026-05-31,T009,SKU01035,64,345.60
2026-05-31,T009,SKU01042,76,535.80
2026-05-31,T009,SKU01049,70,378.00
2026-05-31,T009,SKU01056,62,576.60
2026-05-31,T009,SKU01063,40,448.00
2026-05-31,T009,SKU01070,67,475.70
2026-05-31,T009,SKU01077,54,253.80
2026-05-31,T009,SKU01084,63,403.20
2026-05-31,T009,SKU01091,47,145.70
2026-05-31,T009,SKU01098,46,87.40
2026-05-31,T009,SKU01105,36,140.40
2026-05-31,T009,SKU01112,48,146.40
2026-05-31,T009,SKU01119,46,101.20
2026-05-31,T009,SKU01126,40,856.00
2026-05-31,T009,SKU01133,28,540.40
2026-05-31,T009,SKU01140,14,58.80
2026-05-31,T009,SKU01147,68,360.40
2026-05-31,T009,SKU01161,11,246.40
2026-05-31,T009,SKU01168,37,107.30
2026-05-31,T009,SKU01175,13,33.15
2026-05-31,T009,SKU01182,62,223.20
2026-05-31,T009,SKU01189,30,42.00
2026-05-31,T009,SKU01196,31,151.90
2026-05-31,T009,SKU01203,48,288.00
2026-05-31,T009,SKU01217,37,336.70
2026-05-31,T009,SKU01231,59,554.60
2026-05-31,T009,SKU01238,26,361.40
2026-05-31,T009,SKU01245,68,1332.80
2026-05-31,T009,SKU01252,30,462.00
2026-05-31,T009,SKU01259,0,0.00
2026-05-31,T009,SKU01266,69,779.70
2026-05-31,T009,SKU01273,58,400.20
2026-05-31,T009,SKU01280,62,1556.20
2026-05-31,T009,SKU01287,41,254.20
2026-05-31,T009,SKU01294,55,187.00
2026-05-31,T009,SKU01301,37,606.80
2026-05-31,T009,SKU01308,45,409.50
2026-05-31,T009,SKU01315,49,191.10
2026-05-31,T009,SKU01322,56,817.60
2026-05-31,T009,SKU01329,51,357.00
2026-05-31,T009,SKU01336,43,223.60
2026-05-31,T009,SKU01343,37,399.60
2026-05-31,T009,SKU01350,76,600.40
2026-05-31,T009,SKU01357,40,112.00
2026-05-31,T010,SKU01007,0,0.00
2026-05-31,T010,SKU01014,17,69.70
2026-05-31,T010,SKU01021,75,228.75
2026-05-31,T010,SKU01035,62,334.80
2026-05-31,T010,SKU01042,73,514.65
2026-05-31,T010,SKU01049,70,378.00
2026-05-31,T010,SKU01056,38,353.40
2026-05-31,T010,SKU01063,135,1512.00
2026-05-31,T010,SKU01070,82,582.20
2026-05-31,T010,SKU01077,95,446.50
2026-05-31,T010,SKU01091,64,198.40
2026-05-31,T010,SKU01098,32,60.80
2026-05-31,T010,SKU01105,130,507.00
2026-05-31,T010,SKU01112,94,286.70
2026-05-31,T010,SKU01119,46,101.20
2026-05-31,T010,SKU01126,114,2439.60
2026-05-31,T010,SKU01133,149,2875.70
2026-05-31,T010,SKU01140,102,428.40
2026-05-31,T010,SKU01147,28,148.40
2026-05-31,T010,SKU01154,104,728.00
2026-05-31,T010,SKU01161,84,1881.60
2026-05-31,T010,SKU01168,92,266.80
2026-05-31,T010,SKU01175,112,285.60
2026-05-31,T010,SKU01182,156,561.60
2026-05-31,T010,SKU01189,61,85.40
2026-05-31,T010,SKU01203,76,456.00
2026-05-31,T010,SKU01210,155,34.10
2026-05-31,T010,SKU01217,47,427.70
2026-05-31,T010,SKU01231,39,366.60
2026-05-31,T010,SKU01238,130,1807.00
2026-05-31,T010,SKU01245,148,2900.80
2026-05-31,T010,SKU01252,73,1124.20
2026-05-31,T010,SKU01266,48,542.40
2026-05-31,T010,SKU01273,34,234.60
2026-05-31,T010,SKU01280,151,3790.10
2026-05-31,T010,SKU01287,84,520.80
2026-05-31,T010,SKU01294,88,299.20
2026-05-31,T010,SKU01301,133,2181.20
2026-05-31,T010,SKU01308,74,673.40
2026-05-31,T010,SKU01315,92,358.80
2026-05-31,T010,SKU01322,113,1649.80
2026-05-31,T010,SKU01329,123,861.00
2026-05-31,T010,SKU01336,50,260.00
2026-05-31,T010,SKU01343,96,1036.80
2026-05-31,T010,SKU01350,105,829.50
2026-05-31,T010,SKU01357,81,226.80
2026-05-31,T011,SKU01014,60,246.00
2026-05-31,T011,SKU01028,38,169.10
2026-05-31,T011,SKU01035,36,194.40
2026-05-31,T011,SKU01042,38,267.90
2026-05-31,T011,SKU01049,28,151.20
2026-05-31,T011,SKU01056,17,158.10
2026-05-31,T011,SKU01063,51,571.20
2026-05-31,T011,SKU01070,10,71.00
2026-05-31,T011,SKU01077,58,272.60
2026-05-31,T011,SKU01084,67,428.80
2026-05-31,T011,SKU01091,25,77.50
2026-05-31,T011,SKU01098,17,32.30
2026-05-31,T011,SKU01112,51,155.55
2026-05-31,T011,SKU01119,60,132.00
2026-05-31,T011,SKU01126,57,1219.80
2026-05-31,T011,SKU01133,28,540.40
2026-05-31,T011,SKU01140,55,231.00
2026-05-31,T011,SKU01147,62,328.60
2026-05-31,T011,SKU01154,52,364.00
2026-05-31,T011,SKU01161,31,694.40
2026-05-31,T011,SKU01168,35,101.50
2026-05-31,T011,SKU01175,42,107.10
2026-05-31,T011,SKU01182,29,104.40
2026-05-31,T011,SKU01189,46,64.40
2026-05-31,T011,SKU01196,37,181.30
2026-05-31,T011,SKU01203,47,282.00
2026-05-31,T011,SKU01210,20,4.40
2026-05-31,T011,SKU01217,79,718.90
2026-05-31,T011,SKU01224,22,149.60
2026-05-31,T011,SKU01231,51,479.40
2026-05-31,T011,SKU01238,44,611.60
2026-05-31,T011,SKU01252,11,169.40
2026-05-31,T011,SKU01259,60,852.00
2026-05-31,T011,SKU01280,31,778.10
2026-05-31,T011,SKU01287,34,210.80
2026-05-31,T011,SKU01294,46,156.40
2026-05-31,T011,SKU01301,67,1098.80
2026-05-31,T011,SKU01308,20,182.00
2026-05-31,T011,SKU01315,78,304.20
2026-05-31,T011,SKU01322,78,1138.80
2026-05-31,T011,SKU01329,26,182.00
2026-05-31,T011,SKU01343,64,691.20
2026-05-31,T011,SKU01350,34,268.60
2026-05-31,T011,SKU01357,44,123.20
2026-05-31,T012,SKU01007,31,110.05
2026-05-31,T012,SKU01014,55,225.50
2026-05-31,T012,SKU01021,39,118.95
2026-05-31,T012,SKU01028,29,129.05
2026-05-31,T012,SKU01035,24,129.60
2026-05-31,T012,SKU01042,76,535.80
2026-05-31,T012,SKU01049,36,194.40
2026-05-31,T012,SKU01056,49,455.70
2026-05-31,T012,SKU01063,49,548.80
2026-05-31,T012,SKU01070,68,482.80
2026-05-31,T012,SKU01077,6,28.20
2026-05-31,T012,SKU01084,62,396.80
2026-05-31,T012,SKU01091,34,105.40
2026-05-31,T012,SKU01098,30,57.00
2026-05-31,T012,SKU01112,26,79.30
2026-05-31,T012,SKU01119,79,173.80
2026-05-31,T012,SKU01126,25,535.00
2026-05-31,T012,SKU01154,30,210.00
2026-05-31,T012,SKU01161,64,1433.60
2026-05-31,T012,SKU01168,36,104.40
2026-05-31,T012,SKU01175,47,119.85
2026-05-31,T012,SKU01182,48,172.80
2026-05-31,T012,SKU01189,28,39.20
2026-05-31,T012,SKU01196,36,176.40
2026-05-31,T012,SKU01203,31,186.00
2026-05-31,T012,SKU01210,45,9.90
2026-05-31,T012,SKU01217,79,718.90
2026-05-31,T012,SKU01238,63,875.70
2026-05-31,T012,SKU01252,0,0.00
2026-05-31,T012,SKU01259,55,781.00
2026-05-31,T012,SKU01266,54,610.20
2026-05-31,T012,SKU01273,20,138.00
2026-05-31,T012,SKU01280,39,978.90
2026-05-31,T012,SKU01287,43,266.60
2026-05-31,T012,SKU01294,102,346.80
2026-05-31,T012,SKU01301,73,1197.20
2026-05-31,T012,SKU01308,76,691.60
2026-05-31,T012,SKU01315,14,54.60
2026-05-31,T012,SKU01322,67,978.20
2026-05-31,T012,SKU01329,55,385.00
2026-05-31,T012,SKU01336,11,57.20
2026-05-31,T012,SKU01343,20,216.00
2026-05-31,T012,SKU01350,4,31.60
2026-05-31,T012,SKU01357,0,0.00
2026-06-30,T001,SKU01007,104,369.20
2026-06-30,T001,SKU01014,34,139.40
2026-06-30,T001,SKU01021,114,347.70
2026-06-30,T001,SKU01028,106,471.70
2026-06-30,T001,SKU01035,104,561.60
2026-06-30,T001,SKU01042,107,754.35
2026-06-30,T001,SKU01056,31,288.30
2026-06-30,T001,SKU01063,46,515.20
2026-06-30,T001,SKU01070,88,624.80
2026-06-30,T001,SKU01077,93,437.10
2026-06-30,T001,SKU01084,0,0.00
2026-06-30,T001,SKU01091,110,341.00
2026-06-30,T001,SKU01098,104,197.60
2026-06-30,T001,SKU01105,125,487.50
2026-06-30,T001,SKU01112,121,369.05
2026-06-30,T001,SKU01119,78,171.60
2026-06-30,T001,SKU01126,154,3295.60
2026-06-30,T001,SKU01133,26,501.80
2026-06-30,T001,SKU01140,172,722.40
2026-06-30,T001,SKU01154,54,378.00
2026-06-30,T001,SKU01161,16,358.40
2026-06-30,T001,SKU01168,75,217.50
2026-06-30,T001,SKU01189,25,35.00
2026-06-30,T001,SKU01196,107,524.30
2026-06-30,T001,SKU01203,75,450.00
2026-06-30,T001,SKU01210,56,12.32
2026-06-30,T001,SKU01217,125,1137.50
2026-06-30,T001,SKU01224,125,850.00
2026-06-30,T001,SKU01231,109,1024.60
2026-06-30,T001,SKU01238,67,931.30
2026-06-30,T001,SKU01245,84,1646.40
2026-06-30,T001,SKU01259,50,710.00
2026-06-30,T001,SKU01266,177,2000.10
2026-06-30,T001,SKU01273,135,931.50
2026-06-30,T001,SKU01280,131,3288.10
2026-06-30,T001,SKU01287,37,229.40
2026-06-30,T001,SKU01294,89,302.60
2026-06-30,T001,SKU01301,26,426.40
2026-06-30,T001,SKU01315,71,276.90
2026-06-30,T001,SKU01336,168,873.60
2026-06-30,T001,SKU01343,49,529.20
2026-06-30,T001,SKU01350,95,750.50
2026-06-30,T001,SKU01357,116,324.80
2026-06-30,T002,SKU01007,82,291.10
2026-06-30,T002,SKU01014,59,241.90
2026-06-30,T002,SKU01021,37,112.85
2026-06-30,T002,SKU01028,71,315.95
2026-06-30,T002,SKU01035,62,334.80
2026-06-30,T002,SKU01042,61,430.05
2026-06-30,T002,SKU01049,12,64.80
2026-06-30,T002,SKU01056,27,251.10
2026-06-30,T002,SKU01063,21,235.20
2026-06-30,T002,SKU01070,55,390.50
2026-06-30,T002,SKU01084,34,217.60
2026-06-30,T002,SKU01091,39,120.90
2026-06-30,T002,SKU01098,4,7.60
2026-06-30,T002,SKU01112,83,253.15
2026-06-30,T002,SKU01119,43,94.60
2026-06-30,T002,SKU01126,43,920.20
2026-06-30,T002,SKU01133,46,887.80
2026-06-30,T002,SKU01140,36,151.20
2026-06-30,T002,SKU01147,52,275.60
2026-06-30,T002,SKU01154,23,161.00
2026-06-30,T002,SKU01161,37,828.80
2026-06-30,T002,SKU01168,41,118.90
2026-06-30,T002,SKU01175,28,71.40
2026-06-30,T002,SKU01182,62,223.20
2026-06-30,T002,SKU01189,28,39.20
2026-06-30,T002,SKU01196,76,372.40
2026-06-30,T002,SKU01203,37,222.00
2026-06-30,T002,SKU01217,59,536.90
2026-06-30,T002,SKU01224,62,421.60
2026-06-30,T002,SKU01238,41,569.90
2026-06-30,T002,SKU01245,71,1391.60
2026-06-30,T002,SKU01252,62,954.80
2026-06-30,T002,SKU01259,31,440.20
2026-06-30,T002,SKU01266,32,361.60
2026-06-30,T002,SKU01273,55,379.50
2026-06-30,T002,SKU01280,60,1506.00
2026-06-30,T002,SKU01287,30,186.00
2026-06-30,T002,SKU01294,44,149.60
2026-06-30,T002,SKU01301,18,295.20
2026-06-30,T002,SKU01308,54,491.40
2026-06-30,T002,SKU01315,47,183.30
2026-06-30,T002,SKU01322,65,949.00
2026-06-30,T002,SKU01329,42,294.00
2026-06-30,T002,SKU01336,45,234.00
2026-06-30,T002,SKU01343,0,0.00
2026-06-30,T002,SKU01357,68,190.40
2026-06-30,T003,SKU01014,40,164.00
2026-06-30,T003,SKU01028,180,801.00
2026-06-30,T003,SKU01035,61,329.40
2026-06-30,T003,SKU01042,138,972.90
2026-06-30,T003,SKU01056,185,1720.50
2026-06-30,T003,SKU01063,86,963.20
2026-06-30,T003,SKU01070,151,1072.10
2026-06-30,T003,SKU01077,146,686.20
2026-06-30,T003,SKU01084,64,409.60
2026-06-30,T003,SKU01091,76,235.60
2026-06-30,T003,SKU01098,43,81.70
2026-06-30,T003,SKU01105,97,378.30
2026-06-30,T003,SKU01112,0,0.00
2026-06-30,T003,SKU01119,80,176.00
2026-06-30,T003,SKU01126,108,2311.20
2026-06-30,T003,SKU01133,141,2721.30
2026-06-30,T003,SKU01140,123,516.60
2026-06-30,T003,SKU01147,58,307.40
2026-06-30,T003,SKU01154,90,630.00
2026-06-30,T003,SKU01168,37,107.30
2026-06-30,T003,SKU01175,109,277.95
2026-06-30,T003,SKU01182,114,410.40
2026-06-30,T003,SKU01189,61,85.40
2026-06-30,T003,SKU01196,155,759.50
2026-06-30,T003,SKU01203,59,354.00
2026-06-30,T003,SKU01210,161,35.42
2026-06-30,T003,SKU01217,100,910.00
2026-06-30,T003,SKU01224,79,537.20
2026-06-30,T003,SKU01231,125,1175.00
2026-06-30,T003,SKU01238,110,1529.00
2026-06-30,T003,SKU01245,113,2214.80
2026-06-30,T003,SKU01252,68,1047.20
2026-06-30,T003,SKU01259,67,951.40
2026-06-30,T003,SKU01266,78,881.40
2026-06-30,T003,SKU01273,81,558.90
2026-06-30,T003,SKU01280,109,2735.90
2026-06-30,T003,SKU01287,96,595.20
2026-06-30,T003,SKU01294,56,190.40
2026-06-30,T003,SKU01301,76,1246.40
2026-06-30,T003,SKU01308,107,973.70
2026-06-30,T003,SKU01322,59,861.40
2026-06-30,T003,SKU01329,101,707.00
2026-06-30,T003,SKU01336,80,416.00
2026-06-30,T003,SKU01343,149,1609.20
2026-06-30,T003,SKU01350,122,963.80
2026-06-30,T003,SKU01357,48,134.40
2026-06-30,T004,SKU01007,51,181.05
2026-06-30,T004,SKU01014,45,184.50
2026-06-30,T004,SKU01021,43,131.15
2026-06-30,T004,SKU01035,24,129.60
2026-06-30,T004,SKU01042,56,394.80
2026-06-30,T004,SKU01049,73,394.20
2026-06-30,T004,SKU01056,51,474.30
2026-06-30,T004,SKU01063,53,593.60
2026-06-30,T004,SKU01070,58,411.80
2026-06-30,T004,SKU01077,17,79.90
2026-06-30,T004,SKU01084,17,108.80
2026-06-30,T004,SKU01098,42,79.80
2026-06-30,T004,SKU01112,41,125.05
2026-06-30,T004,SKU01119,60,132.00
2026-06-30,T004,SKU01126,64,1369.60
2026-06-30,T004,SKU01133,12,231.60
2026-06-30,T004,SKU01140,11,46.20
2026-06-30,T004,SKU01147,0,0.00
2026-06-30,T004,SKU01161,73,1635.20
2026-06-30,T004,SKU01168,24,69.60
2026-06-30,T004,SKU01182,39,140.40
2026-06-30,T004,SKU01189,55,77.00
2026-06-30,T004,SKU01196,15,73.50
2026-06-30,T004,SKU01203,62,372.00
2026-06-30,T004,SKU01210,47,10.34
2026-06-30,T004,SKU01217,39,354.90
2026-06-30,T004,SKU01224,22,149.60
2026-06-30,T004,SKU01231,37,347.80
2026-06-30,T004,SKU01238,50,695.00
2026-06-30,T004,SKU01245,66,1293.60
2026-06-30,T004,SKU01252,31,477.40
2026-06-30,T004,SKU01259,32,454.40
2026-06-30,T004,SKU01266,59,666.70
2026-06-30,T004,SKU01273,29,200.10
2026-06-30,T004,SKU01280,40,1004.00
2026-06-30,T004,SKU01287,46,285.20
2026-06-30,T004,SKU01294,29,98.60
2026-06-30,T004,SKU01308,62,564.20
2026-06-30,T004,SKU01315,39,152.10
2026-06-30,T004,SKU01322,38,554.80
2026-06-30,T004,SKU01329,37,259.00
2026-06-30,T004,SKU01343,84,907.20
2026-06-30,T004,SKU01350,46,363.40
2026-06-30,T004,SKU01357,101,282.80
2026-06-30,T005,SKU01007,98,347.90
2026-06-30,T005,SKU01014,119,487.90
2026-06-30,T005,SKU01021,99,301.95
2026-06-30,T005,SKU01028,98,436.10
2026-06-30,T005,SKU01035,86,464.40
2026-06-30,T005,SKU01049,57,307.80
2026-06-30,T005,SKU01056,165,1534.50
2026-06-30,T005,SKU01063,50,560.00
2026-06-30,T005,SKU01070,58,411.80
2026-06-30,T005,SKU01077,0,0.00
2026-06-30,T005,SKU01084,92,588.80
2026-06-30,T005,SKU01091,66,204.60
2026-06-30,T005,SKU01098,86,163.40
2026-06-30,T005,SKU01105,109,425.10
2026-06-30,T005,SKU01112,93,283.65
2026-06-30,T005,SKU01119,102,224.40
2026-06-30,T005,SKU01126,125,2675.00
2026-06-30,T005,SKU01133,140,2702.00
2026-06-30,T005,SKU01147,75,397.50
2026-06-30,T005,SKU01154,123,861.00
2026-06-30,T005,SKU01161,107,2396.80
2026-06-30,T005,SKU01168,57,165.30
2026-06-30,T005,SKU01175,68,173.40
2026-06-30,T005,SKU01189,134,187.60
2026-06-30,T005,SKU01196,108,529.20
2026-06-30,T005,SKU01203,70,420.00
2026-06-30,T005,SKU01210,162,35.64
2026-06-30,T005,SKU01224,51,346.80
2026-06-30,T005,SKU01231,95,893.00
2026-06-30,T005,SKU01238,35,486.50
2026-06-30,T005,SKU01245,42,823.20
2026-06-30,T005,SKU01252,102,1570.80
2026-06-30,T005,SKU01266,110,1243.00
2026-06-30,T005,SKU01273,65,448.50
2026-06-30,T005,SKU01280,140,3514.00
2026-06-30,T005,SKU01287,121,750.20
2026-06-30,T005,SKU01294,85,289.00
2026-06-30,T005,SKU01301,82,1344.80
2026-06-30,T005,SKU01308,97,882.70
2026-06-30,T005,SKU01315,93,362.70
2026-06-30,T005,SKU01329,5,35.00
2026-06-30,T005,SKU01336,103,535.60
2026-06-30,T005,SKU01343,58,626.40
2026-06-30,T005,SKU01350,86,679.40
2026-06-30,T005,SKU01357,107,299.60
2026-06-30,T006,SKU01007,37,131.35
2026-06-30,T006,SKU01014,27,110.70
2026-06-30,T006,SKU01021,37,112.85
2026-06-30,T006,SKU01028,67,298.15
2026-06-30,T006,SKU01035,49,264.60
2026-06-30,T006,SKU01042,28,197.40
2026-06-30,T006,SKU01049,52,280.80
2026-06-30,T006,SKU01056,30,279.00
2026-06-30,T006,SKU01063,38,425.60
2026-06-30,T006,SKU01070,49,347.90
2026-06-30,T006,SKU01077,50,235.00
2026-06-30,T006,SKU01091,31,96.10
2026-06-30,T006,SKU01105,37,144.30
2026-06-30,T006,SKU01112,32,97.60
2026-06-30,T006,SKU01133,47,907.10
2026-06-30,T006,SKU01140,51,214.20
2026-06-30,T006,SKU01147,56,296.80
2026-06-30,T006,SKU01154,57,399.00
2026-06-30,T006,SKU01161,74,1657.60
2026-06-30,T006,SKU01168,33,95.70
2026-06-30,T006,SKU01175,34,86.70
2026-06-30,T006,SKU01182,81,291.60
2026-06-30,T006,SKU01189,18,25.20
2026-06-30,T006,SKU01196,48,235.20
2026-06-30,T006,SKU01203,33,198.00
2026-06-30,T006,SKU01210,52,11.44
2026-06-30,T006,SKU01217,12,109.20
2026-06-30,T006,SKU01224,59,401.20
2026-06-30,T006,SKU01231,56,526.40
2026-06-30,T006,SKU01238,51,708.90
2026-06-30,T006,SKU01245,49,960.40
2026-06-30,T006,SKU01252,68,1047.20
2026-06-30,T006,SKU01259,26,369.20
2026-06-30,T006,SKU01273,19,131.10
2026-06-30,T006,SKU01280,60,1506.00
2026-06-30,T006,SKU01287,45,279.00
2026-06-30,T006,SKU01294,62,210.80
2026-06-30,T006,SKU01301,82,1344.80
2026-06-30,T006,SKU01308,15,136.50
2026-06-30,T006,SKU01315,42,163.80
2026-06-30,T006,SKU01322,33,481.80
2026-06-30,T006,SKU01343,30,324.00
2026-06-30,T006,SKU01357,59,165.20
2026-06-30,T007,SKU01007,49,173.95
2026-06-30,T007,SKU01021,69,210.45
2026-06-30,T007,SKU01028,63,280.35
2026-06-30,T007,SKU01035,68,367.20
2026-06-30,T007,SKU01042,10,70.50
2026-06-30,T007,SKU01049,58,313.20
2026-06-30,T007,SKU01056,92,855.60
2026-06-30,T007,SKU01063,37,414.40
2026-06-30,T007,SKU01070,10,71.00
2026-06-30,T007,SKU01077,48,225.60
2026-06-30,T007,SKU01091,51,158.10
2026-06-30,T007,SKU01105,19,74.10
2026-06-30,T007,SKU01112,46,140.30
2026-06-30,T007,SKU01119,52,114.40
2026-06-30,T007,SKU01126,59,1262.60
2026-06-30,T007,SKU01133,31,598.30
2026-06-30,T007,SKU01140,32,134.40
2026-06-30,T007,SKU01147,40,212.00
2026-06-30,T007,SKU01161,77,1724.80
2026-06-30,T007,SKU01168,60,174.00
2026-06-30,T007,SKU01175,42,107.10
2026-06-30,T007,SKU01189,21,29.40
2026-06-30,T007,SKU01196,22,107.80
2026-06-30,T007,SKU01203,40,240.00
2026-06-30,T007,SKU01210,7,1.54
2026-06-30,T007,SKU01217,42,382.20
2026-06-30,T007,SKU01231,65,611.00
2026-06-30,T007,SKU01238,36,500.40
2026-06-30,T007,SKU01245,78,1528.80
2026-06-30,T007,SKU01252,52,800.80
2026-06-30,T007,SKU01259,50,710.00
2026-06-30,T007,SKU01266,25,282.50
2026-06-30,T007,SKU01273,35,241.50
2026-06-30,T007,SKU01280,65,1631.50
2026-06-30,T007,SKU01287,31,192.20
2026-06-30,T007,SKU01294,21,71.40
2026-06-30,T007,SKU01308,49,445.90
2026-06-30,T007,SKU01315,52,202.80
2026-06-30,T007,SKU01322,32,467.20
2026-06-30,T007,SKU01336,24,124.80
2026-06-30,T007,SKU01343,9,97.20
2026-06-30,T007,SKU01350,57,450.30
2026-06-30,T008,SKU01007,123,436.65
2026-06-30,T008,SKU01014,82,336.20
2026-06-30,T008,SKU01021,33,100.65
2026-06-30,T008,SKU01028,81,360.45
2026-06-30,T008,SKU01042,82,578.10
2026-06-30,T008,SKU01049,100,540.00
2026-06-30,T008,SKU01056,85,790.50
2026-06-30,T008,SKU01063,64,716.80
2026-06-30,T008,SKU01070,171,1214.10
2026-06-30,T008,SKU01077,168,789.60
2026-06-30,T008,SKU01084,86,550.40
2026-06-30,T008,SKU01091,118,365.80
2026-06-30,T008,SKU01098,96,182.40
2026-06-30,T008,SKU01105,73,284.70
2026-06-30,T008,SKU01112,79,240.95
2026-06-30,T008,SKU01119,102,224.40
2026-06-30,T008,SKU01126,83,1776.20
2026-06-30,T008,SKU01133,74,1428.20
2026-06-30,T008,SKU01140,18,75.60
2026-06-30,T008,SKU01147,65,344.50
2026-06-30,T008,SKU01154,83,581.00
2026-06-30,T008,SKU01161,105,2352.00
2026-06-30,T008,SKU01168,91,263.90
2026-06-30,T008,SKU01175,138,351.90
2026-06-30,T008,SKU01182,79,284.40
2026-06-30,T008,SKU01189,124,173.60
2026-06-30,T008,SKU01196,72,352.80
2026-06-30,T008,SKU01203,108,648.00
2026-06-30,T008,SKU01210,18,3.96
2026-06-30,T008,SKU01217,102,928.20
2026-06-30,T008,SKU01224,88,598.40
2026-06-30,T008,SKU01238,113,1570.70
2026-06-30,T008,SKU01245,47,921.20
2026-06-30,T008,SKU01252,129,1986.60
2026-06-30,T008,SKU01259,123,1746.60
2026-06-30,T008,SKU01266,83,937.90
2026-06-30,T008,SKU01273,130,897.00
2026-06-30,T008,SKU01280,111,2786.10
2026-06-30,T008,SKU01287,81,502.20
2026-06-30,T008,SKU01294,71,241.40
2026-06-30,T008,SKU01301,123,2017.20
2026-06-30,T008,SKU01308,61,555.10
2026-06-30,T008,SKU01336,123,639.60
2026-06-30,T008,SKU01343,93,1004.40
2026-06-30,T008,SKU01350,100,790.00
2026-06-30,T008,SKU01357,142,397.60
2026-06-30,T009,SKU01007,41,145.55
2026-06-30,T009,SKU01014,41,168.10
2026-06-30,T009,SKU01021,28,85.40
2026-06-30,T009,SKU01028,60,267.00
2026-06-30,T009,SKU01035,32,172.80
2026-06-30,T009,SKU01042,27,190.35
2026-06-30,T009,SKU01049,73,394.20
2026-06-30,T009,SKU01056,75,697.50
2026-06-30,T009,SKU01063,45,504.00
2026-06-30,T009,SKU01070,63,447.30
2026-06-30,T009,SKU01084,82,524.80
2026-06-30,T009,SKU01098,5,9.50
2026-06-30,T009,SKU01105,43,167.70
2026-06-30,T009,SKU01112,87,265.35
2026-06-30,T009,SKU01119,20,44.00
2026-06-30,T009,SKU01126,46,984.40
2026-06-30,T009,SKU01133,6,115.80
2026-06-30,T009,SKU01140,52,218.40
2026-06-30,T009,SKU01147,38,201.40
2026-06-30,T009,SKU01154,62,434.00
2026-06-30,T009,SKU01161,30,672.00
2026-06-30,T009,SKU01168,47,136.30
2026-06-30,T009,SKU01175,45,114.75
2026-06-30,T009,SKU01182,50,180.00
2026-06-30,T009,SKU01189,27,37.80
2026-06-30,T009,SKU01196,45,220.50
2026-06-30,T009,SKU01203,41,246.00
2026-06-30,T009,SKU01210,11,2.42
2026-06-30,T009,SKU01217,50,455.00
2026-06-30,T009,SKU01224,9,61.20
2026-06-30,T009,SKU01231,12,112.80
2026-06-30,T009,SKU01238,27,375.30
2026-06-30,T009,SKU01245,46,901.60
2026-06-30,T009,SKU01252,62,954.80
2026-06-30,T009,SKU01266,54,610.20
2026-06-30,T009,SKU01273,45,310.50
2026-06-30,T009,SKU01280,52,1305.20
2026-06-30,T009,SKU01287,79,489.80
2026-06-30,T009,SKU01301,49,803.60
2026-06-30,T009,SKU01308,51,464.10
2026-06-30,T009,SKU01315,13,50.70
2026-06-30,T009,SKU01322,21,306.60
2026-06-30,T009,SKU01329,30,210.00
2026-06-30,T009,SKU01336,11,57.20
2026-06-30,T009,SKU01343,41,442.80
2026-06-30,T009,SKU01350,22,173.80
2026-06-30,T009,SKU01357,28,78.40
2026-06-30,T010,SKU01007,136,482.80
2026-06-30,T010,SKU01014,90,369.00
2026-06-30,T010,SKU01021,39,118.95
2026-06-30,T010,SKU01028,11,48.95
2026-06-30,T010,SKU01035,144,777.60
2026-06-30,T010,SKU01042,114,803.70
2026-06-30,T010,SKU01049,73,394.20
2026-06-30,T010,SKU01056,52,483.60
2026-06-30,T010,SKU01063,37,414.40
2026-06-30,T010,SKU01070,81,575.10
2026-06-30,T010,SKU01077,80,376.00
2026-06-30,T010,SKU01084,71,454.40
2026-06-30,T010,SKU01091,56,173.60
2026-06-30,T010,SKU01098,85,161.50
2026-06-30,T010,SKU01105,154,600.60
2026-06-30,T010,SKU01112,58,176.90
2026-06-30,T010,SKU01119,76,167.20
2026-06-30,T010,SKU01126,87,1861.80
2026-06-30,T010,SKU01133,124,2393.20
2026-06-30,T010,SKU01140,28,117.60
2026-06-30,T010,SKU01154,27,189.00
2026-06-30,T010,SKU01161,73,1635.20
2026-06-30,T010,SKU01175,139,354.45
2026-06-30,T010,SKU01182,40,144.00
2026-06-30,T010,SKU01189,86,120.40
2026-06-30,T010,SKU01196,106,519.40
2026-06-30,T010,SKU01203,0,0.00
2026-06-30,T010,SKU01217,120,1092.00
2026-06-30,T010,SKU01224,120,816.00
2026-06-30,T010,SKU01231,89,836.60
2026-06-30,T010,SKU01238,79,1098.10
2026-06-30,T010,SKU01245,67,1313.20
2026-06-30,T010,SKU01252,105,1617.00
2026-06-30,T010,SKU01259,103,1462.60
2026-06-30,T010,SKU01266,49,553.70
2026-06-30,T010,SKU01273,108,745.20
2026-06-30,T010,SKU01280,171,4292.10
2026-06-30,T010,SKU01287,73,452.60
2026-06-30,T010,SKU01294,75,255.00
2026-06-30,T010,SKU01301,88,1443.20
2026-06-30,T010,SKU01329,102,714.00
2026-06-30,T010,SKU01336,85,442.00
2026-06-30,T010,SKU01350,75,592.50
2026-06-30,T010,SKU01357,139,389.20
2026-06-30,T011,SKU01007,45,159.75
2026-06-30,T011,SKU01014,38,155.80
2026-06-30,T011,SKU01021,61,186.05
2026-06-30,T011,SKU01028,76,338.20
2026-06-30,T011,SKU01035,50,270.00
2026-06-30,T011,SKU01042,55,387.75
2026-06-30,T011,SKU01049,73,394.20
2026-06-30,T011,SKU01056,62,576.60
2026-06-30,T011,SKU01063,23,257.60
2026-06-30,T011,SKU01070,40,284.00
2026-06-30,T011,SKU01077,47,220.90
2026-06-30,T011,SKU01084,88,563.20
2026-06-30,T011,SKU01091,47,145.70
2026-06-30,T011,SKU01098,61,115.90
2026-06-30,T011,SKU01105,19,74.10
2026-06-30,T011,SKU01119,53,116.60
2026-06-30,T011,SKU01126,33,706.20
2026-06-30,T011,SKU01133,66,1273.80
2026-06-30,T011,SKU01147,70,371.00
2026-06-30,T011,SKU01154,40,280.00
2026-06-30,T011,SKU01161,33,739.20
2026-06-30,T011,SKU01182,49,176.40
2026-06-30,T011,SKU01189,36,50.40
2026-06-30,T011,SKU01196,73,357.70
2026-06-30,T011,SKU01203,81,486.00
2026-06-30,T011,SKU01210,43,9.46
2026-06-30,T011,SKU01217,45,409.50
2026-06-30,T011,SKU01224,31,210.80
2026-06-30,T011,SKU01238,40,556.00
2026-06-30,T011,SKU01245,38,744.80
2026-06-30,T011,SKU01252,46,708.40
2026-06-30,T011,SKU01259,76,1079.20
2026-06-30,T011,SKU01266,13,146.90
2026-06-30,T011,SKU01280,33,828.30
2026-06-30,T011,SKU01287,26,161.20
2026-06-30,T011,SKU01301,64,1049.60
2026-06-30,T011,SKU01308,49,445.90
2026-06-30,T011,SKU01315,8,31.20
2026-06-30,T011,SKU01322,55,803.00
2026-06-30,T011,SKU01329,37,259.00
2026-06-30,T011,SKU01336,59,306.80
2026-06-30,T011,SKU01343,52,561.60
2026-06-30,T011,SKU01350,49,387.10
2026-06-30,T011,SKU01357,60,168.00
2026-06-30,T012,SKU01007,45,159.75
2026-06-30,T012,SKU01014,52,213.20
2026-06-30,T012,SKU01021,73,222.65
2026-06-30,T012,SKU01035,32,172.80
2026-06-30,T012,SKU01042,47,331.35
2026-06-30,T012,SKU01049,38,205.20
2026-06-30,T012,SKU01056,24,223.20
2026-06-30,T012,SKU01063,66,739.20
2026-06-30,T012,SKU01098,56,106.40
2026-06-30,T012,SKU01105,58,226.20
2026-06-30,T012,SKU01112,15,45.75
2026-06-30,T012,SKU01126,31,663.40
2026-06-30,T012,SKU01133,45,868.50
2026-06-30,T012,SKU01140,75,315.00
2026-06-30,T012,SKU01147,74,392.20
2026-06-30,T012,SKU01154,52,364.00
2026-06-30,T012,SKU01161,49,1097.60
2026-06-30,T012,SKU01168,48,139.20
2026-06-30,T012,SKU01175,80,204.00
2026-06-30,T012,SKU01182,26,93.60
2026-06-30,T012,SKU01189,37,51.80
2026-06-30,T012,SKU01196,43,210.70
2026-06-30,T012,SKU01203,38,228.00
2026-06-30,T012,SKU01210,77,16.94
2026-06-30,T012,SKU01217,8,72.80
2026-06-30,T012,SKU01224,50,340.00
2026-06-30,T012,SKU01231,48,451.20
2026-06-30,T012,SKU01238,89,1237.10
2026-06-30,T012,SKU01245,47,921.20
2026-06-30,T012,SKU01252,17,261.80
2026-06-30,T012,SKU01259,50,710.00
2026-06-30,T012,SKU01266,55,621.50
2026-06-30,T012,SKU01280,59,1480.90
2026-06-30,T012,SKU01287,64,396.80
2026-06-30,T012,SKU01294,75,255.00
2026-06-30,T012,SKU01301,56,918.40
2026-06-30,T012,SKU01308,48,436.80
2026-06-30,T012,SKU01315,27,105.30
2026-06-30,T012,SKU01322,43,627.80
2026-06-30,T012,SKU01329,30,210.00
2026-06-30,T012,SKU01336,39,202.80
2026-06-30,T012,SKU01350,42,331.80
2026-06-30,T012,SKU01357,39,109.20
