id_pedido,id_tiempo,id_material,id_cliente,id_representante,nro_pedido,cantidad_pedida,precio_unitario_sol,monto_bruto_sol,descuento_comercial_sol,monto_neto_sol,costo_sol,margen_sol
1,20240913,26,98,3,PED-258-6277,326,27.47,8955.22,288.36,8666.86,5414.34,3252.52
2,20230315,34,26,14,PED-740-9641,295,12.87,3796.65,61.51,3735.14,2585.86,1149.28
3,20240713,14,88,7,PED-156-7561,423,40.83,17271.09,1162.34,16108.75,10468.43,5640.32
4,20231127,12,87,3,PED-481-5184,193,125.66,24252.38,361.36,23891.02,16938.79,6952.23
5,20250829,26,69,3,PED-474-8498,305,25.95,7914.75,11.08,7903.67,4874.02,3029.65
6,20231007,13,92,6,PED-766-7238,46,90.5,4163.0,268.1,3894.9,2410.35,1484.55
7,20231107,12,22,16,PED-701-6866,358,127.45,45627.1,1446.38,44180.72,26497.95,17682.77
8,20240510,6,1,13,PED-338-2226,343,28.89,9909.27,153.59,9755.68,6202.32,3553.36
9,20240514,34,28,15,PED-264-8937,480,12.31,5908.8,837.28,5071.52,2992.05,2079.47
10,20241109,26,8,5,PED-757-9825,84,29.46,2474.64,157.63,2317.01,1633.72,683.29
11,20251222,10,38,6,PED-182-6716,229,49.75,11392.75,255.2,11137.55,6697.77,4439.78
12,20231115,10,30,9,PED-121-5927,470,52.22,24543.4,2478.88,22064.52,15857.82,6206.7
13,20250831,12,7,11,PED-222-6177,276,122.4,33782.4,1749.93,32032.47,21955.84,10076.63
14,20240326,26,48,18,PED-095-2970,435,27.27,11862.45,852.91,11009.54,7206.09,3803.45
15,20240930,3,30,10,PED-875-3704,389,32.88,12790.32,1973.55,10816.77,7774.53,3042.24
16,20250908,20,92,8,PED-393-4856,372,60.9,22654.8,2938.33,19716.47,12211.37,7505.1
17,20250305,29,33,3,PED-516-4802,61,19.24,1173.64,186.49,987.15,647.37,339.78
18,20230525,21,56,10,PED-420-2612,293,75.32,22068.76,505.37,21563.39,15984.56,5578.83
19,20251128,19,86,15,PED-200-6224,367,41.19,15116.73,1644.7,13472.03,10207.93,3264.1
20,20241227,22,38,7,PED-913-2813,196,100.89,19774.44,15.82,19758.62,12723.6,7035.02
21,20250727,17,53,12,PED-673-6552,400,29.22,11688.0,1583.72,10104.28,7145.01,2959.27
22,20241016,1,87,6,PED-524-7277,292,30.48,8900.16,323.97,8576.19,5780.16,2796.03
23,20240127,14,68,20,PED-787-9928,455,37.53,17076.15,2271.13,14805.02,9834.15,4970.87
24,20241125,19,10,19,PED-033-0956,30,39.99,1199.7,215.83,983.87,713.45,270.42
25,20230905,27,74,10,PED-199-1641,305,8.23,2510.15,283.14,2227.01,1576.64,650.37
26,20231206,26,17,15,PED-889-6374,108,27.55,2975.4,141.93,2833.47,1811.24,1022.23
27,20250117,27,36,15,PED-587-6270,386,8.58,3311.88,106.64,3205.24,2003.37,1201.87
28,20240828,12,81,16,PED-681-2777,499,125.22,62484.78,11228.51,51256.27,35013.34,16242.93
29,20250517,5,64,3,PED-344-0065,255,25.63,6535.65,615.66,5919.99,3556.0,2363.99
30,20241108,35,22,5,PED-603-0779,26,17.35,451.1,47.32,403.78,264.28,139.5
31,20231102,26,38,6,PED-858-7194,195,25.92,5054.4,465.0,4589.4,3120.55,1468.85
32,20241218,4,63,6,PED-280-4514,233,43.31,10091.23,416.77,9674.46,5939.4,3735.06
33,20251116,24,90,12,PED-669-8765,490,41.91,20535.9,733.13,19802.77,13478.16,6324.61
34,20250516,6,20,18,PED-089-0543,78,28.05,2187.9,285.52,1902.38,1385.91,516.47
35,20240903,33,30,20,PED-623-2640,105,225.16,23641.8,1505.98,22135.82,15955.73,6180.09
36,20240307,22,25,10,PED-184-1821,477,99.15,47294.55,2913.34,44381.21,30734.48,13646.73
37,20251213,10,49,4,PED-802-3857,286,48.87,13976.82,1837.95,12138.87,7067.94,5070.93
38,20240211,29,21,6,PED-793-7274,328,19.19,6294.32,990.73,5303.59,3152.62,2150.97
39,20240801,24,39,6,PED-136-0185,321,43.22,13873.62,113.76,13759.86,8962.83,4797.03
40,20250816,19,10,2,PED-363-2687,171,44.08,7537.68,393.47,7144.21,4776.9,2367.31
41,20241224,21,5,13,PED-834-4435,359,75.99,27280.41,1606.82,25673.59,18721.91,6951.68
42,20250723,15,37,13,PED-430-8394,375,45.35,17006.25,2064.56,14941.69,10720.16,4221.53
43,20241019,15,83,9,PED-168-9293,228,42.65,9724.2,1735.77,7988.43,4938.36,3050.07
44,20231120,7,17,6,PED-645-4923,309,37.6,11618.4,1972.8,9645.6,7048.79,2596.81
45,20230520,4,20,1,PED-956-0584,150,45.29,6793.5,224.19,6569.31,4713.85,1855.46
46,20251020,33,44,14,PED-136-7835,248,216.33,53649.84,713.54,52936.3,36308.0,16628.3
47,20231017,6,27,4,PED-447-3305,101,26.44,2670.44,111.89,2558.55,1747.79,810.76
48,20250129,12,88,9,PED-172-8452,397,112.04,44479.88,7183.5,37296.38,22789.14,14507.24
49,20250103,33,68,8,PED-704-6898,455,234.68,106779.4,10443.03,96336.37,59945.61,36390.76
50,20230508,26,73,11,PED-508-3099,57,28.11,1602.27,69.7,1532.57,978.28,554.29
51,20250830,7,41,7,PED-948-0819,35,39.78,1392.3,236.41,1155.89,761.29,394.6
52,20230620,19,74,17,PED-303-3216,480,39.88,19142.4,3181.47,15960.93,9989.71,5971.22
53,20230202,24,68,9,PED-203-7413,196,42.22,8275.12,580.09,7695.03,5427.97,2267.06
54,20251225,4,11,13,PED-019-5880,33,44.98,1484.34,94.85,1389.49,841.2,548.29
55,20231115,21,3,1,PED-181-3472,145,76.49,11091.05,1074.72,10016.33,7215.4,2800.93
56,20230206,15,1,14,PED-117-7141,151,43.87,6624.37,906.88,5717.49,3388.66,2328.83
57,20251208,6,49,18,PED-927-4307,392,27.83,10909.36,726.56,10182.8,6682.72,3500.08
58,20241128,21,9,2,PED-225-4376,433,74.44,32232.52,676.88,31555.64,21319.32,10236.32
59,20241121,21,32,7,PED-453-7287,158,73.39,11595.62,1828.63,9766.99,6757.22,3009.77
60,20251110,34,16,1,PED-290-8097,400,11.53,4612.0,217.23,4394.77,3163.4,1231.37
61,20240612,29,31,20,PED-711-8759,495,18.28,9048.6,1228.8,7819.8,5252.85,2566.95
62,20251205,7,36,15,PED-761-8030,223,40.53,9038.19,1260.83,7777.36,4606.23,3171.13
63,20250113,22,11,5,PED-884-6718,63,102.54,6460.02,810.09,5649.93,3325.32,2324.61
64,20240826,13,3,4,PED-819-5250,359,87.91,31559.69,3736.67,27823.02,19035.74,8787.28
65,20250723,14,56,10,PED-188-2210,347,37.15,12891.05,2304.92,10586.13,6164.19,4421.94
66,20240606,19,24,14,PED-396-1578,381,45.35,17278.35,1292.42,15985.93,10163.18,5822.75
67,20251005,5,94,6,PED-772-4492,289,24.56,7097.84,388.25,6709.59,4916.77,1792.82
68,20240325,8,51,5,PED-910-4764,329,19.44,6395.76,953.61,5442.15,3402.14,2040.01
69,20231022,31,58,9,PED-513-4145,461,176.64,81431.04,11278.2,70152.84,44560.65,25592.19
70,20250825,12,65,8,PED-629-5818,96,118.23,11350.08,389.31,10960.77,7364.22,3596.55
71,20240218,34,1,11,PED-743-6547,304,11.64,3538.56,277.07,3261.49,1976.54,1284.95
72,20251125,6,1,7,PED-891-1444,65,24.89,1617.85,123.93,1493.92,895.15,598.77
73,20230908,16,40,6,PED-847-9093,78,65.81,5133.18,135.52,4997.66,3130.57,1867.09
74,20241025,13,28,10,PED-415-5486,77,83.15,6402.55,373.27,6029.28,4545.04,1484.24
75,20251216,33,79,12,PED-224-5704,352,203.91,71776.32,12481.9,59294.42,39508.69,19785.73
76,20231216,9,87,8,PED-872-3420,186,32.44,6033.84,755.44,5278.4,3587.18,1691.22
77,20250410,34,45,18,PED-181-8486,387,12.71,4918.77,421.54,4497.23,2740.82,1756.41
78,20240916,35,17,14,PED-047-1120,28,17.44,488.32,53.28,435.04,279.26,155.78
79,20250404,35,23,18,PED-337-1647,364,17.48,6362.72,639.45,5723.27,4178.68,1544.59
80,20251224,36,82,6,PED-042-2877,361,27.08,9775.88,1598.36,8177.52,5366.53,2810.99
81,20250522,6,48,19,PED-657-6183,239,26.89,6426.71,1003.85,5422.86,3677.04,1745.82
82,20240825,17,9,9,PED-698-1616,124,26.7,3310.8,585.02,2725.78,1753.53,972.25
83,20251217,1,78,10,PED-956-4525,180,31.81,5725.8,611.52,5114.28,3512.74,1601.54
84,20241101,27,17,10,PED-994-0444,89,9.04,804.56,96.63,707.93,535.68,172.25
85,20240717,36,71,5,PED-272-4970,154,28.04,4318.16,110.54,4207.62,2751.93,1455.69
86,20231114,28,63,8,PED-490-1087,67,12.47,835.49,125.99,709.5,455.65,253.85
87,20231025,32,17,15,PED-831-1146,143,302.31,43230.33,6065.22,37165.11,28170.74,8994.37
88,20230608,23,46,18,PED-042-1059,86,38.37,3299.82,573.18,2726.64,2036.41,690.23
89,20230415,1,26,17,PED-781-7507,390,34.21,13341.9,1765.13,11576.77,6747.03,4829.74
90,20250304,32,29,5,PED-656-7069,21,291.18,6114.78,238.48,5876.3,3455.5,2420.8
91,20241217,12,37,20,PED-022-0535,460,126.39,58139.4,9593.0,48546.4,32957.02,15589.38
92,20240111,20,48,16,PED-783-2232,36,60.39,2174.04,268.71,1905.33,1300.43,604.9
93,20250618,19,5,11,PED-590-6110,377,42.5,16022.5,2570.01,13452.49,9476.6,3975.89
94,20250219,35,23,17,PED-261-7842,361,18.98,6851.78,511.83,6339.95,4449.36,1890.59
95,20250514,6,78,10,PED-491-0002,231,26.52,6126.12,794.56,5331.56,3342.07,1989.49
96,20250918,36,87,1,PED-164-8661,35,26.53,928.55,117.37,811.18,504.33,306.85
97,20231029,15,34,12,PED-802-2719,184,43.56,8015.04,567.46,7447.58,4857.29,2590.29
98,20230406,1,62,11,PED-750-2906,257,30.71,7892.47,659.81,7232.66,5152.92,2079.74
99,20230906,21,72,19,PED-158-7653,373,72.77,27143.21,3015.61,24127.6,16180.15,7947.45
100,20241130,14,99,14,PED-545-5182,426,39.0,16614.0,2056.81,14557.19,11025.15,3532.04
101,20231127,22,81,8,PED-814-6336,380,102.26,38858.8,450.76,38408.04,23824.18,14583.86
102,20240422,11,44,3,PED-189-0976,384,84.43,32421.12,2379.71,30041.41,22581.95,7459.46
103,20250707,4,34,15,PED-348-8285,261,39.22,10236.42,700.17,9536.25,6782.52,2753.73
104,20240827,1,77,14,PED-327-4539,354,34.87,12343.98,1235.63,11108.35,7716.44,3391.91
105,20230714,11,18,16,PED-455-7604,93,80.04,7443.72,644.63,6799.09,4401.65,2397.44
106,20241211,12,69,15,PED-630-7602,285,118.14,33669.9,2952.85,30717.05,21110.04,9607.01
107,20250103,7,16,12,PED-502-0191,491,37.9,18608.9,3022.09,15586.81,10315.56,5271.25
108,20251024,25,17,4,PED-956-8976,180,31.67,5700.6,849.96,4850.64,3449.96,1400.68
109,20241128,28,15,5,PED-603-3094,496,12.87,6383.52,866.88,5516.64,4061.07,1455.57
110,20250503,9,91,2,PED-982-0712,414,37.55,15545.7,2151.52,13394.18,7817.39,5576.79
111,20250927,13,28,17,PED-772-0106,132,82.44,10882.08,1840.16,9041.92,6862.43,2179.49
112,20240707,12,44,8,PED-300-0285,263,118.26,31102.38,1971.89,29130.49,18818.73,10311.76
113,20240421,29,28,13,PED-937-4627,317,17.33,5493.61,944.35,4549.26,3311.7,1237.56
114,20240406,24,39,16,PED-664-8099,382,43.85,16750.7,2040.24,14710.46,9417.2,5293.26
115,20240210,1,14,1,PED-975-6959,150,32.34,4851.0,468.12,4382.88,2613.22,1769.66
116,20250422,24,46,12,PED-604-5556,494,46.37,22906.78,2906.87,19999.91,12229.63,7770.28
117,20240824,18,34,13,PED-172-9881,489,23.62,11550.18,1546.57,10003.61,7511.56,2492.05
118,20251218,15,12,16,PED-074-1337,447,46.19,20646.93,3388.16,17258.77,11683.04,5575.73
119,20240413,13,32,2,PED-858-2175,219,83.47,18279.93,2837.05,15442.88,11672.45,3770.43
120,20230721,36,1,11,PED-322-3124,307,26.89,8255.23,589.42,7665.81,5608.07,2057.74
121,20241002,25,91,19,PED-803-0376,396,30.82,12204.72,1742.83,10461.89,6387.03,4074.86
122,20251110,4,8,5,PED-295-5799,176,39.68,6983.68,1241.0,5742.68,3815.87,1926.81
123,20240624,17,56,4,PED-845-9802,494,27.35,13510.9,580.97,12929.93,8077.44,4852.49
124,20230310,6,25,11,PED-502-6300,110,28.33,3116.3,0.62,3115.68,2138.93,976.75
125,20231107,24,30,7,PED-953-7015,335,42.41,14207.35,2143.89,12063.46,8896.11,3167.35
126,20250922,33,58,8,PED-911-4611,233,218.37,50880.21,8822.63,42057.58,31041.28,11016.3
127,20241211,34,95,7,PED-103-9072,131,11.57,1515.67,238.57,1277.1,964.06,313.04
128,20230818,3,2,3,PED-090-2784,121,29.2,3533.2,173.13,3360.07,2461.96,898.11
129,20241118,2,93,9,PED-817-6086,83,30.62,2541.46,34.06,2507.4,1489.93,1017.47
130,20231104,24,61,7,PED-525-7588,217,42.65,9255.05,998.62,8256.43,5425.33,2831.1
131,20231117,21,40,20,PED-044-3546,201,76.88,15452.88,483.68,14969.2,9520.07,5449.13
132,20240709,13,79,15,PED-114-4423,302,82.51,24918.02,1417.84,23500.18,16387.41,7112.77
133,20240730,36,16,6,PED-207-2136,128,27.63,3536.64,78.87,3457.77,2107.23,1350.54
134,20240327,11,34,3,PED-803-3968,451,80.09,36120.59,502.08,35618.51,26491.75,9126.76
135,20230627,14,79,15,PED-695-9966,413,41.08,16966.04,2836.72,14129.32,8240.91,5888.41
136,20250113,30,57,5,PED-574-7614,400,32.61,13044.0,1355.27,11688.73,7313.47,4375.26
137,20240904,35,66,20,PED-889-1782,405,17.55,7107.75,611.98,6495.77,4054.14,2441.63
138,20240113,9,31,17,PED-129-8577,482,32.58,15703.56,1815.33,13888.23,8483.61,5404.62
139,20240918,27,24,12,PED-900-9804,169,8.85,1495.65,215.07,1280.58,807.75,472.83
140,20241113,4,47,5,PED-973-2533,121,39.12,4733.52,641.87,4091.65,2923.09,1168.56
141,20251226,31,48,8,PED-215-4558,456,180.53,82321.68,6865.63,75456.05,46051.06,29404.99
142,20240131,18,62,19,PED-129-7796,279,21.02,5864.58,626.34,5238.24,3727.98,1510.26
143,20230430,18,28,20,PED-312-0479,255,22.52,5742.6,975.67,4766.93,3536.88,1230.05
144,20231023,34,49,5,PED-637-8793,29,12.42,360.18,55.11,305.07,177.72,127.35
145,20251207,18,74,20,PED-187-8800,91,22.22,2022.02,141.54,1880.48,1264.36,616.12
146,20250822,24,62,4,PED-621-7109,443,42.8,18960.4,83.43,18876.97,12687.7,6189.27
147,20250925,20,67,16,PED-004-1374,490,66.72,32692.8,2347.34,30345.46,20791.42,9554.04
148,20241029,30,42,4,PED-707-0406,320,32.4,10368.0,1113.52,9254.48,5774.48,3480.0
149,20250102,8,73,7,PED-817-3749,402,21.98,8835.96,387.9,8448.06,5332.41,3115.65
150,20240801,31,60,9,PED-937-0936,178,193.57,34455.46,1354.1,33101.36,24078.16,9023.2
151,20230816,12,56,20,PED-151-3430,64,113.41,7258.24,108.87,7149.37,4383.6,2765.77
152,20230301,28,43,16,PED-148-3802,434,12.75,5533.5,105.69,5427.81,4017.79,1410.02
153,20231108,33,61,7,PED-885-9177,55,235.09,12929.95,929.66,12000.29,8067.39,3932.9
154,20240206,22,22,15,PED-140-3780,479,96.32,46137.28,4890.55,41246.73,26344.64,14902.09
155,20240713,10,49,12,PED-078-8436,266,48.18,12815.88,583.12,12232.76,7918.02,4314.74
156,20240809,3,87,14,PED-545-0936,286,29.39,8405.54,1025.48,7380.06,4308.96,3071.1
157,20251106,14,62,1,PED-193-3687,246,41.72,10263.12,1089.94,9173.18,6355.29,2817.89
158,20250826,5,29,11,PED-393-5852,351,24.47,8588.97,600.37,7988.6,4835.38,3153.22
159,20230215,5,26,14,PED-570-6617,313,25.85,8091.05,922.38,7168.67,4199.02,2969.65
160,20230929,9,47,4,PED-253-7743,181,32.26,5839.06,564.05,5275.01,3244.61,2030.4
161,20240902,19,87,6,PED-956-0458,339,41.73,14146.47,2005.97,12140.5,9061.89,3078.61
162,20240829,5,96,11,PED-513-4752,318,26.82,8528.76,787.2,7741.56,5218.81,2522.75
163,20241104,30,21,10,PED-943-6171,433,29.63,12829.79,1705.08,11124.71,7398.72,3725.99
164,20231108,22,75,19,PED-748-6495,363,87.95,31925.85,1548.4,30377.45,20240.17,10137.28
165,20250612,3,28,6,PED-733-7786,465,29.33,13638.45,214.12,13424.33,9066.98,4357.35
166,20230705,22,77,20,PED-994-2383,276,89.18,24613.68,487.35,24126.33,18331.94,5794.39
167,20250102,4,33,5,PED-656-2341,99,43.69,4325.31,305.37,4019.94,2921.17,1098.77
168,20230730,2,57,19,PED-881-5088,197,30.66,6040.02,510.38,5529.64,3404.97,2124.67
169,20250430,7,7,12,PED-233-2097,482,38.1,18364.2,2106.37,16257.83,11540.58,4717.25
170,20230316,21,2,11,PED-534-7128,426,66.37,28273.62,3508.76,24764.86,16288.26,8476.6
171,20250727,25,93,3,PED-354-9466,452,33.12,14970.24,1000.01,13970.23,8679.36,5290.87
172,20251019,11,70,12,PED-411-0601,92,79.97,7357.24,1009.41,6347.83,4606.67,1741.16
173,20251117,21,10,8,PED-673-0884,168,74.16,12458.88,1989.68,10469.2,6351.44,4117.76
174,20231111,19,14,10,PED-517-1611,63,39.29,2475.27,273.76,2201.51,1450.06,751.45
175,20230422,30,88,4,PED-334-8346,400,30.58,12232.0,299.68,11932.32,8993.58,2938.74
176,20240426,17,76,16,PED-709-3064,240,30.25,7260.0,93.65,7166.35,5290.98,1875.37
177,20240519,23,99,16,PED-884-1985,297,38.87,11544.39,1216.78,10327.61,7644.82,2682.79
178,20231004,1,66,15,PED-539-3555,40,30.74,1229.6,14.88,1214.72,754.55,460.17
179,20240623,25,40,15,PED-889-2011,110,33.04,3634.4,129.38,3505.02,2414.03,1090.99
180,20230315,1,31,10,PED-312-1485,44,34.85,1533.4,93.69,1439.71,900.75,538.96
181,20240514,9,44,19,PED-866-3198,56,35.46,1985.76,116.76,1869.0,1395.38,473.62
182,20251124,12,75,2,PED-744-0053,240,113.81,27314.4,4687.15,22627.25,13977.95,8649.3
183,20240926,21,25,18,PED-230-6886,240,66.59,15981.6,1288.12,14693.48,10400.49,4292.99
184,20231116,16,14,11,PED-973-0884,317,70.63,22389.71,1103.81,21285.9,14902.64,6383.26
185,20231105,1,85,13,PED-187-3666,58,33.72,1955.76,214.35,1741.41,1199.93,541.48
186,20230513,35,32,12,PED-453-9520,64,18.19,1164.16,172.18,991.98,702.96,289.02
187,20230822,27,59,9,PED-358-8040,226,7.99,1805.74,66.09,1739.65,1105.58,634.07
188,20240426,34,48,7,PED-593-9163,269,11.94,3211.86,403.73,2808.13,1907.31,900.82
189,20250701,27,40,12,PED-208-4263,155,9.0,1395.0,110.34,1284.66,813.18,471.48
190,20231209,12,87,19,PED-199-7352,172,114.96,19773.12,177.96,19595.16,14736.93,4858.23
191,20231114,8,59,8,PED-055-0449,220,20.67,4547.4,79.12,4468.28,2962.91,1505.37
192,20230620,36,5,4,PED-060-5178,298,27.97,8335.06,1026.88,7308.18,5037.11,2271.07
193,20230104,32,90,11,PED-596-6447,323,286.02,92384.46,5108.86,87275.6,61393.01,25882.59
194,20250125,8,71,7,PED-674-0094,255,19.65,5010.75,155.33,4855.42,3593.63,1261.79
195,20240503,10,45,5,PED-304-3040,460,49.33,22691.8,3816.76,18875.04,11680.34,7194.7
196,20240709,2,47,10,PED-416-3102,155,31.22,4839.1,100.17,4738.93,2914.21,1824.72
197,20240624,21,52,4,PED-344-0027,158,69.57,10992.06,1751.04,9241.02,5503.64,3737.38
198,20230916,32,24,14,PED-478-5707,469,300.8,141075.2,2666.32,138408.88,89113.41,49295.47
199,20250816,5,79,14,PED-193-9621,266,25.09,6673.94,567.95,6105.99,3893.98,2212.01
200,20240829,31,20,16,PED-876-4827,459,177.92,81665.28,1772.14,79893.14,55835.11,24058.03
201,20240812,11,77,10,PED-043-0003,247,82.25,20315.75,1966.56,18349.19,11029.92,7319.27
202,20230212,5,77,11,PED-674-6292,46,25.83,1188.18,91.01,1097.17,799.64,297.53
203,20240822,8,58,7,PED-857-2154,94,21.13,1986.22,157.11,1829.11,1101.96,727.15
204,20230906,4,10,2,PED-404-2865,20,43.93,878.6,138.73,739.87,434.19,305.68
205,20240503,3,29,12,PED-678-8379,53,30.3,1605.9,93.3,1512.6,1065.69,446.91
206,20241128,18,8,11,PED-993-2264,81,23.31,1888.11,175.22,1712.89,1212.52,500.37
207,20250619,23,76,18,PED-186-7479,373,38.83,14483.59,2601.25,11882.34,7847.43,4034.91
208,20240512,7,10,15,PED-402-3108,220,35.64,7840.8,380.28,7460.52,4553.08,2907.44
209,20230921,23,90,13,PED-801-0935,33,40.13,1324.29,40.26,1284.03,802.13,481.9
210,20230703,4,15,17,PED-637-5150,330,44.96,14836.8,2482.2,12354.6,8394.41,3960.19
211,20251023,1,98,12,PED-073-1656,98,34.72,3402.56,229.67,3172.89,2003.62,1169.27
212,20251224,9,88,18,PED-203-4581,212,36.07,7646.84,972.68,6674.16,5009.01,1665.15
213,20241113,32,20,14,PED-311-5316,278,296.06,82304.68,13958.87,68345.81,41225.82,27119.99
214,20230913,2,51,13,PED-194-1880,366,31.36,11477.76,1892.68,9585.08,6484.21,3100.87
215,20230218,9,13,8,PED-359-6583,290,33.84,9813.6,729.15,9084.45,6204.57,2879.88
216,20250614,1,77,13,PED-620-9997,136,30.47,4143.92,555.7,3588.22,2517.96,1070.26
217,20230809,31,68,10,PED-214-0669,484,197.56,95619.04,16369.98,79249.06,46235.47,33013.59
218,20251009,8,99,7,PED-257-6687,37,21.52,796.24,72.7,723.54,420.68,302.86
219,20251016,13,55,4,PED-971-3076,48,88.38,4242.24,590.1,3652.14,2605.85,1046.29
220,20240810,32,31,5,PED-932-2195,348,278.0,96744.0,7517.01,89226.99,59808.0,29418.99
221,20231015,2,33,4,PED-599-3953,270,32.87,8874.9,1077.41,7797.49,5550.32,2247.17
222,20251105,17,31,13,PED-253-1351,411,30.46,12519.06,48.82,12470.24,9076.05,3394.19
223,20231208,30,92,18,PED-837-7213,291,33.78,9829.98,822.77,9007.21,5403.06,3604.15
224,20230901,5,15,3,PED-880-2810,125,26.91,3363.75,342.09,3021.66,1946.37,1075.29
225,20231207,22,94,14,PED-879-4096,401,92.32,37020.32,2980.14,34040.18,21839.63,12200.55
226,20240908,29,17,3,PED-068-9812,76,18.26,1387.76,68.69,1319.07,892.16,426.91
227,20250421,10,45,2,PED-352-1251,183,47.52,8696.16,958.32,7737.84,5543.67,2194.17
228,20241222,10,77,14,PED-169-6933,142,49.04,6963.68,14.62,6949.06,4366.31,2582.75
229,20250325,31,83,10,PED-784-1210,117,195.76,22903.92,1243.68,21660.24,15077.67,6582.57
230,20240719,4,94,19,PED-834-9611,129,44.08,5686.32,784.71,4901.61,3550.1,1351.51
231,20240822,21,39,12,PED-724-0694,388,66.43,25774.84,1788.77,23986.07,15589.69,8396.38
232,20230911,28,40,12,PED-635-6554,155,11.92,1847.6,139.86,1707.74,995.0,712.74
233,20240128,26,41,14,PED-704-7170,121,26.37,3190.77,237.71,2953.06,1968.8,984.26
234,20230501,11,5,5,PED-035-9291,197,78.98,15559.06,1022.23,14536.83,8918.24,5618.59
235,20240725,21,40,3,PED-361-4329,440,75.86,33378.4,1438.61,31939.79,19159.81,12779.98
236,20241011,5,35,20,PED-267-7449,154,23.62,3637.48,585.63,3051.85,2318.91,732.94
237,20240711,8,51,18,PED-011-2149,332,20.83,6915.56,1047.71,5867.85,3719.72,2148.13
238,20250619,4,62,1,PED-530-3004,271,44.38,12026.98,354.8,11672.18,7294.26,4377.92
239,20230801,18,41,11,PED-847-9117,300,22.5,6750.0,113.4,6636.6,3964.67,2671.93
240,20240125,11,94,19,PED-099-4301,455,83.4,37947.0,1483.73,36463.27,25668.81,10794.46
241,20230506,29,7,17,PED-995-2409,393,19.48,7655.64,42.87,7612.77,5518.63,2094.14
242,20241124,6,54,1,PED-549-1895,372,26.4,9820.8,78.57,9742.23,6078.67,3663.56
243,20230626,22,7,15,PED-107-7967,32,99.31,3177.92,274.57,2903.35,1840.44,1062.91
244,20240410,16,70,1,PED-303-8527,133,71.42,9498.86,1436.23,8062.63,4949.09,3113.54
245,20251230,15,80,16,PED-519-0433,379,48.52,18389.08,2874.21,15514.87,10347.72,5167.15
246,20240621,8,97,7,PED-354-6802,198,21.23,4203.54,422.04,3781.5,2799.99,981.51
247,20231021,28,48,3,PED-343-2924,400,12.7,5080.0,172.21,4907.79,2849.82,2057.97
248,20230308,34,75,20,PED-682-0093,294,12.25,3601.5,237.7,3363.8,2132.57,1231.23
249,20240627,11,45,8,PED-575-9866,353,75.0,26475.0,926.63,25548.37,17927.75,7620.62
250,20240826,36,37,17,PED-826-5463,119,26.21,3118.99,222.7,2896.29,2107.99,788.3
251,20251007,19,44,9,PED-608-3500,152,41.96,6377.92,478.98,5898.94,3887.25,2011.69
252,20230724,15,35,13,PED-865-7224,332,43.23,14352.36,1907.43,12444.93,7326.39,5118.54
253,20241011,1,88,16,PED-523-4172,260,33.86,8803.6,365.35,8438.25,5735.5,2702.75
254,20230124,24,33,12,PED-972-2255,471,47.81,22518.51,1769.95,20748.56,15680.72,5067.84
255,20241114,13,49,18,PED-479-8545,443,94.37,41805.91,6015.87,35790.04,26240.57,9549.47
256,20230210,10,38,4,PED-618-1000,79,48.51,3832.29,554.92,3277.37,2229.59,1047.78
257,20240529,27,71,15,PED-537-9407,490,8.64,4233.6,309.48,3924.12,2836.63,1087.49
258,20241229,32,71,5,PED-335-4160,309,267.62,82694.58,2604.88,80089.7,47459.36,32630.34
259,20231105,23,19,14,PED-253-9471,500,36.41,18205.0,2135.45,16069.55,9931.43,6138.12
260,20240520,23,24,20,PED-128-1210,246,40.89,10058.94,1733.16,8325.78,6159.03,2166.75
261,20250323,27,1,14,PED-339-3688,466,8.89,4142.74,302.42,3840.32,2425.69,1414.63
262,20240420,4,64,19,PED-379-2886,121,40.46,4895.66,16.65,4879.01,2985.68,1893.33
263,20230925,8,52,3,PED-187-1433,113,20.99,2371.87,237.42,2134.45,1281.7,852.75
264,20241216,32,37,17,PED-545-9599,258,265.71,68553.18,6423.43,62129.75,38982.52,23147.23
265,20231205,27,97,17,PED-582-1852,237,8.41,1993.17,71.75,1921.42,1164.91,756.51
266,20241219,15,61,6,PED-300-3819,139,45.08,6266.12,398.53,5867.59,4309.13,1558.46
267,20240910,34,32,4,PED-412-1724,485,12.47,6047.95,347.15,5700.8,4269.33,1431.47
268,20230304,11,89,18,PED-943-4234,72,77.08,5549.76,947.9,4601.86,3049.34,1552.52
269,20231128,3,15,17,PED-609-3458,261,31.1,8117.1,134.74,7982.36,4833.12,3149.24
270,20250416,9,7,16,PED-572-4380,345,33.68,11619.6,633.27,10986.33,7597.92,3388.41
271,20240510,21,20,19,PED-184-4427,99,71.48,7076.52,831.49,6245.03,4355.47,1889.56
272,20250406,28,69,4,PED-698-2461,64,12.5,800.0,127.92,672.08,448.84,223.24
273,20230223,16,71,8,PED-635-6769,394,67.91,26756.54,2523.14,24233.4,18104.82,6128.58
274,20231204,3,32,2,PED-851-0130,121,30.77,3723.17,510.82,3212.35,1879.95,1332.4
275,20251113,2,78,15,PED-668-1115,251,33.57,8426.07,1281.61,7144.46,4672.72,2471.74
276,20230730,5,70,9,PED-280-7990,52,23.82,1238.64,99.22,1139.42,832.46,306.96
277,20241018,20,79,14,PED-454-5117,190,68.52,13018.8,915.22,12103.58,7575.18,4528.4
278,20241201,3,74,3,PED-723-7680,480,28.63,13742.4,1386.61,12355.79,8691.78,3664.01
279,20250315,35,89,20,PED-074-3656,124,18.29,2267.96,291.21,1976.75,1339.94,636.81
280,20240721,27,45,16,PED-120-2230,308,8.54,2630.32,270.92,2359.4,1762.9,596.5
281,20251021,1,78,19,PED-387-6132,66,30.65,2022.9,298.38,1724.52,1023.55,700.97
282,20231206,35,26,15,PED-684-0688,203,19.03,3863.09,693.42,3169.67,2218.77,950.9
283,20240302,26,88,6,PED-882-0331,56,27.09,1517.04,187.81,1329.23,804.62,524.61
284,20230305,27,90,4,PED-682-3812,299,7.9,2362.1,33.78,2328.32,1517.12,811.2
285,20230424,7,46,7,PED-364-3272,378,39.2,14817.6,1413.6,13404.0,9232.89,4171.11
286,20240615,8,39,6,PED-809-7042,200,21.04,4208.0,511.27,3696.73,2716.72,980.01
287,20231019,11,85,2,PED-745-3343,407,79.31,32279.17,797.3,31481.87,20726.12,10755.75
288,20250408,27,33,2,PED-225-1874,40,8.91,356.4,51.43,304.97,193.97,111.0
289,20230102,30,24,19,PED-593-9157,67,30.84,2066.28,162.0,1904.28,1117.44,786.84
290,20240330,2,74,1,PED-411-0655,22,31.59,694.98,9.03,685.95,518.22,167.73
291,20251223,26,47,20,PED-139-1109,138,26.54,3662.52,13.55,3648.97,2629.39,1019.58
292,20250221,30,86,7,PED-934-7427,480,34.09,16363.2,2847.2,13516.0,8413.92,5102.08
293,20240409,12,8,2,PED-776-4879,495,110.68,54786.6,6870.24,47916.36,33528.29,14388.07
294,20251008,12,34,17,PED-405-2895,198,121.29,24015.42,2466.38,21549.04,16319.27,5229.77
295,20250706,24,7,8,PED-475-9155,128,45.42,5813.76,305.22,5508.54,3845.03,1663.51
296,20241104,29,96,20,PED-164-4492,23,19.35,445.05,71.21,373.84,221.87,151.97
297,20240301,29,37,20,PED-288-2356,315,19.36,6098.4,1072.71,5025.69,3752.1,1273.59
298,20231020,2,99,19,PED-153-7421,386,30.24,11672.64,1098.4,10574.24,7596.63,2977.61
299,20231022,13,97,2,PED-885-4322,174,88.16,15339.84,116.58,15223.26,9553.13,5670.13
300,20230820,27,9,15,PED-136-7963,186,8.85,1646.1,203.79,1442.31,1071.79,370.52
301,20251207,13,28,2,PED-676-7640,187,83.08,15535.96,1233.56,14302.4,9299.93,5002.47
302,20251203,9,32,14,PED-484-8818,343,33.46,11476.78,754.02,10722.76,7360.87,3361.89
303,20230201,13,71,4,PED-908-1039,49,81.89,4012.61,442.99,3569.62,2194.21,1375.41
304,20250317,11,89,18,PED-111-8301,214,80.23,17169.22,1557.25,15611.97,11568.49,4043.48
305,20240309,22,54,3,PED-607-5142,62,88.92,5513.04,510.51,5002.53,3801.61,1200.92
306,20250101,33,67,15,PED-323-4824,389,226.34,88046.26,369.79,87676.47,60853.83,26822.64
307,20251117,19,28,5,PED-908-9333,225,39.09,8795.25,29.9,8765.35,6566.12,2199.23
308,20250717,24,1,2,PED-558-9966,35,41.86,1465.1,226.65,1238.45,879.59,358.86
309,20251121,28,84,16,PED-964-6877,24,11.35,272.4,31.71,240.69,153.1,87.59
310,20230918,1,99,3,PED-817-5311,227,29.99,6807.73,380.55,6427.18,3976.77,2450.41
311,20240202,21,92,18,PED-273-3301,30,67.99,2039.7,294.12,1745.58,1312.53,433.05
312,20250305,13,67,6,PED-977-3315,303,93.31,28272.93,2162.88,26110.05,17385.33,8724.72
313,20230327,33,43,17,PED-004-7847,500,224.03,112015.0,11358.32,100656.68,66345.98,34310.7
314,20241125,13,8,2,PED-731-8112,77,88.39,6806.03,53.77,6752.26,4757.53,1994.73
315,20230611,15,16,9,PED-234-2595,226,46.34,10472.84,566.58,9906.26,6667.42,3238.84
316,20231213,11,38,10,PED-371-4053,452,76.65,34645.8,2116.86,32528.94,21077.47,11451.47
317,20250726,31,3,15,PED-509-6537,421,193.92,81640.32,7682.35,73957.97,54747.82,19210.15
318,20241224,25,99,13,PED-286-9653,352,32.99,11612.48,358.83,11253.65,8430.62,2823.03
319,20240908,23,56,10,PED-754-4967,218,35.22,7677.96,824.61,6853.35,4365.43,2487.92
320,20241123,29,32,8,PED-797-0947,358,17.83,6383.14,423.84,5959.3,3476.66,2482.64
321,20230719,26,36,12,PED-130-8279,409,27.59,11284.31,990.76,10293.55,6668.45,3625.1
322,20231221,32,1,20,PED-797-6675,99,283.98,28114.02,3559.23,24554.79,18276.28,6278.51
323,20230406,9,83,18,PED-788-8729,280,33.2,9296.0,186.85,9109.15,6279.81,2829.34
324,20231211,20,1,11,PED-582-9817,236,66.71,15743.56,1631.03,14112.53,10388.35,3724.18
325,20230927,13,27,20,PED-247-5436,375,93.75,35156.25,2770.31,32385.94,23321.68,9064.26
326,20230715,28,88,4,PED-645-7013,466,11.7,5452.2,945.41,4506.79,2673.85,1832.94
327,20230322,10,14,4,PED-348-8955,213,49.67,10579.71,1381.71,9198.0,6907.08,2290.92
328,20250810,6,89,13,PED-633-8134,163,25.65,4180.95,122.08,4058.87,3030.03,1028.84
329,20230302,10,67,17,PED-613-9907,333,49.27,16406.91,2283.84,14123.07,8487.28,5635.79
330,20240627,34,60,15,PED-873-7213,168,12.49,2098.32,218.85,1879.47,1359.39,520.08
331,20230403,4,72,6,PED-454-9563,207,45.34,9385.38,1260.46,8124.92,4779.14,3345.78
332,20241001,16,80,17,PED-297-3355,419,68.58,28735.02,3456.82,25278.2,17808.74,7469.46
333,20230828,12,44,20,PED-402-9456,73,111.75,8157.75,159.08,7998.67,6017.56,1981.11
334,20251210,10,18,18,PED-785-4821,395,47.45,18742.75,410.47,18332.28,12661.66,5670.62
335,20240303,22,74,9,PED-502-1551,89,97.06,8638.34,807.68,7830.66,5492.36,2338.3
336,20240724,25,21,15,PED-717-4923,149,32.74,4878.26,8.29,4869.97,3271.38,1598.59
337,20240624,2,14,9,PED-735-4862,281,30.79,8651.99,728.5,7923.49,5965.02,1958.47
338,20240509,10,22,2,PED-792-9306,30,48.47,1454.1,139.74,1314.36,766.47,547.89
339,20231106,3,25,3,PED-314-5226,444,33.09,14691.96,1889.39,12802.57,9101.63,3700.94
340,20231120,8,65,17,PED-351-2819,57,20.24,1153.68,129.21,1024.47,712.47,312.0
341,20240429,11,14,18,PED-538-3432,487,80.86,39378.82,4178.09,35200.73,23113.7,12087.03
342,20251015,23,50,19,PED-298-5427,474,38.53,18263.22,558.85,17704.37,12551.25,5153.12
343,20230915,26,9,19,PED-376-5803,351,28.21,9901.71,1284.25,8617.46,6203.97,2413.49
344,20250330,6,6,11,PED-177-0501,234,25.04,5859.36,761.72,5097.64,3100.58,1997.06
345,20250815,18,57,1,PED-365-8367,396,20.35,8058.6,595.53,7463.07,5024.98,2438.09
346,20240106,22,94,15,PED-540-6030,361,93.67,33814.87,5707.95,28106.92,20016.75,8090.17
347,20231128,21,12,20,PED-053-0557,97,71.04,6890.88,802.1,6088.78,4018.49,2070.29
348,20230908,29,88,2,PED-073-3754,176,18.36,3231.36,412.97,2818.39,1923.15,895.24
349,20240726,16,47,15,PED-369-7242,311,65.02,20221.22,3528.6,16692.62,12082.96,4609.66
350,20251117,14,61,8,PED-545-6616,314,37.82,11875.48,877.6,10997.88,6895.48,4102.4
351,20250422,15,60,14,PED-998-5702,427,45.16,19283.32,2936.85,16346.47,9953.28,6393.19
352,20240723,4,62,8,PED-870-8768,126,40.39,5089.14,719.6,4369.54,2768.39,1601.15
353,20240417,27,26,8,PED-444-6255,131,8.8,1152.8,85.19,1067.61,626.42,441.19
354,20241208,34,96,9,PED-500-0351,240,13.01,3122.4,255.72,2866.68,1836.75,1029.93
355,20240217,26,63,1,PED-706-2210,454,29.9,13574.6,116.74,13457.86,9608.18,3849.68
356,20250409,34,73,8,PED-057-3529,312,13.46,4199.52,38.22,4161.3,2990.58,1170.72
357,20250913,25,19,2,PED-866-4895,129,31.46,4058.34,676.93,3381.41,2307.45,1073.96
358,20231120,16,33,19,PED-514-2004,79,73.42,5800.18,142.68,5657.5,3655.68,2001.82
359,20240406,18,16,4,PED-066-4035,236,22.53,5317.08,642.3,4674.78,3141.61,1533.17
360,20230518,2,16,10,PED-077-7802,179,32.77,5865.83,413.54,5452.29,3356.85,2095.44
361,20240815,34,36,7,PED-268-5458,395,12.41,4901.95,68.14,4833.81,3300.36,1533.45
362,20231115,6,2,11,PED-331-6715,316,27.12,8569.92,1480.88,7089.04,4876.02,2213.02
363,20251121,4,45,10,PED-796-9728,442,41.08,18157.36,1552.45,16604.91,11533.29,5071.62
364,20250410,17,52,9,PED-359-8185,339,26.73,9061.47,1075.6,7985.87,5022.3,2963.57
365,20240814,5,21,15,PED-682-2727,428,23.89,10224.92,1118.61,9106.31,5580.48,3525.83
366,20230131,35,31,4,PED-271-7081,441,18.63,8215.83,828.98,7386.85,4482.73,2904.12
367,20230403,27,8,17,PED-727-8041,405,8.71,3527.55,426.48,3101.07,2005.72,1095.35
368,20250704,11,26,20,PED-144-2384,494,84.22,41604.68,3087.07,38517.61,25756.04,12761.57
369,20250921,32,35,17,PED-077-3530,397,264.72,105093.84,4960.43,100133.41,61491.32,38642.09
370,20240221,26,15,19,PED-575-3830,432,29.89,12912.48,1603.73,11308.75,7702.94,3605.81
371,20240907,23,8,12,PED-140-5129,421,37.39,15741.19,2033.76,13707.43,8364.61,5342.82
372,20230210,18,35,13,PED-877-5393,110,21.24,2336.4,259.57,2076.83,1577.21,499.62
373,20250101,14,25,3,PED-761-6347,155,38.37,5947.35,99.92,5847.43,4418.31,1429.12
374,20250708,4,40,9,PED-457-1737,186,40.77,7583.22,707.51,6875.71,4894.1,1981.61
375,20240412,23,80,19,PED-378-9270,69,35.59,2455.71,346.75,2108.96,1320.47,788.49
376,20230911,31,91,11,PED-353-9530,151,177.03,26731.53,3718.36,23013.17,15499.71,7513.46
377,20241004,24,37,10,PED-272-1350,134,44.91,6017.94,677.62,5340.32,3659.28,1681.04
378,20250806,17,73,15,PED-224-6947,239,28.34,6773.26,41.99,6731.27,4967.89,1763.38
379,20230714,17,61,1,PED-527-7064,266,27.58,7336.28,45.48,7290.8,4485.43,2805.37
380,20231120,23,48,3,PED-998-4296,287,40.79,11706.73,815.96,10890.77,7528.0,3362.77
381,20231127,25,68,1,PED-492-1866,368,30.17,11102.56,954.82,10147.74,7219.96,2927.78
382,20230625,8,67,15,PED-420-4627,198,19.46,3853.08,312.48,3540.6,2485.82,1054.78
383,20230410,29,79,15,PED-121-6894,130,19.68,2558.4,291.66,2266.74,1691.09,575.65
384,20250515,1,76,15,PED-634-6636,217,33.48,7265.16,858.74,6406.42,4573.35,1833.07
385,20250615,12,28,1,PED-260-5977,485,118.19,57322.15,9601.46,47720.69,29927.74,17792.95
386,20230607,15,30,18,PED-577-9780,425,42.67,18134.75,2965.03,15169.72,10875.87,4293.85
387,20241001,1,68,7,PED-225-8285,461,32.39,14931.79,1736.57,13195.22,9561.62,3633.6
388,20230409,19,22,9,PED-183-5626,408,44.87,18306.96,3205.55,15101.41,9465.51,5635.9
389,20240701,10,70,11,PED-430-4970,357,50.77,18124.89,47.12,18077.77,12464.12,5613.65
390,20240518,18,50,17,PED-765-1475,478,20.42,9760.76,132.75,9628.01,5854.77,3773.24
391,20241206,3,78,8,PED-550-2310,413,29.37,12129.81,1443.45,10686.36,7381.33,3305.03
392,20230316,15,47,11,PED-261-2786,483,44.87,21672.21,3064.45,18607.76,12514.78,6092.98
393,20240714,27,27,2,PED-684-4620,437,8.78,3836.86,158.08,3678.78,2764.29,914.49
394,20230407,22,32,16,PED-746-7633,190,88.31,16778.9,2454.75,14324.15,9616.96,4707.19
395,20250112,24,13,19,PED-168-7584,165,43.65,7202.25,286.65,6915.6,4751.52,2164.08
396,20250812,29,58,18,PED-990-2402,427,18.49,7895.23,1379.3,6515.93,3955.08,2560.85
397,20230821,36,29,19,PED-639-8717,234,27.22,6369.48,189.81,6179.67,4241.56,1938.11
398,20240906,25,62,20,PED-826-7339,114,30.8,3511.2,380.26,3130.94,2078.28,1052.66
399,20250117,12,62,5,PED-142-9525,30,127.91,3837.3,105.14,3732.16,2744.0,988.16
400,20250823,11,2,20,PED-802-2464,468,76.4,35755.2,1687.65,34067.55,21111.26,12956.29
401,20251011,34,40,17,PED-934-2095,306,12.47,3815.82,546.04,3269.78,2370.73,899.05
402,20240203,36,13,14,PED-807-5265,214,29.81,6379.34,991.99,5387.35,3137.14,2250.21
403,20250521,2,39,6,PED-206-9726,340,33.83,11502.2,1498.74,10003.46,7509.65,2493.81
404,20240510,31,46,13,PED-511-1340,72,175.2,12614.4,650.9,11963.5,8875.81,3087.69
405,20241023,13,95,4,PED-945-4912,249,82.92,20647.08,2021.35,18625.73,10849.78,7775.95
406,20231125,26,61,4,PED-780-1614,133,26.01,3459.33,117.96,3341.37,2538.5,802.87
407,20250327,5,93,12,PED-946-5759,391,23.7,9266.7,123.25,9143.45,5996.81,3146.64
408,20250805,5,32,11,PED-413-7764,170,24.94,4239.8,238.28,4001.52,2971.41,1030.11
409,20250801,3,17,3,PED-375-9499,460,28.39,13059.4,1676.83,11382.57,7897.43,3485.14
410,20230228,24,61,9,PED-198-7691,225,45.19,10167.75,989.32,9178.43,6752.14,2426.29
411,20250823,3,6,9,PED-483-0986,446,32.86,14655.56,1789.44,12866.12,7810.99,5055.13
412,20240716,29,74,4,PED-771-8841,151,17.57,2653.07,191.82,2461.25,1765.26,695.99
413,20231028,1,10,3,PED-605-8173,320,34.27,10966.4,502.26,10464.14,6990.29,3473.85
414,20251209,30,84,3,PED-168-7374,464,31.03,14397.92,551.44,13846.48,10423.38,3423.1
415,20230526,9,8,19,PED-141-4035,334,35.96,12010.64,1631.04,10379.6,7324.98,3054.62
416,20240409,26,1,12,PED-271-0368,245,29.11,7131.95,983.5,6148.45,3832.21,2316.24
417,20230130,8,44,12,PED-594-4712,93,20.11,1870.23,97.81,1772.42,1259.34,513.08
418,20240921,30,20,19,PED-019-7067,274,30.24,8285.76,149.14,8136.62,5115.66,3020.96
419,20250612,21,32,13,PED-228-4515,487,66.48,32375.76,2279.25,30096.51,22745.84,7350.67
420,20230426,29,93,20,PED-231-6184,27,17.42,470.34,4.7,465.64,282.52,183.12
421,20240212,6,18,12,PED-154-3362,478,25.56,12217.68,1583.41,10634.27,6476.75,4157.52
422,20240410,33,31,15,PED-917-1674,90,224.8,20232.0,1292.82,18939.18,12791.52,6147.66
423,20240729,33,47,18,PED-957-3572,168,220.7,37077.6,4401.11,32676.49,23581.98,9094.51
424,20251005,16,71,10,PED-257-4885,110,65.65,7221.5,870.19,6351.31,4768.58,1582.73
425,20240131,25,83,15,PED-957-2998,221,31.99,7069.79,425.6,6644.19,4949.65,1694.54
426,20240422,31,18,7,PED-287-2613,138,191.25,26392.5,3325.45,23067.05,15162.19,7904.86
427,20251218,27,37,4,PED-504-2071,353,8.83,3116.99,126.86,2990.13,1793.64,1196.49
428,20250306,31,15,17,PED-782-3502,246,189.51,46619.46,8195.7,38423.76,29065.48,9358.28
429,20230513,19,72,16,PED-546-4168,277,39.87,11043.99,864.74,10179.25,7017.76,3161.49
430,20250926,24,67,14,PED-944-2885,231,43.74,10103.94,1096.28,9007.66,5637.72,3369.94
431,20250305,20,54,15,PED-478-0696,493,63.38,31246.34,5299.38,25946.96,15461.25,10485.71
432,20250512,27,62,20,PED-998-5910,115,8.1,931.5,161.43,770.07,473.86,296.21
433,20250701,27,87,12,PED-022-3509,403,8.03,3236.09,559.2,2676.89,2004.86,672.03
434,20231011,31,81,6,PED-893-4958,54,179.66,9701.64,1273.83,8427.81,4961.07,3466.74
435,20250807,21,10,14,PED-099-8521,246,70.13,17251.98,1142.08,16109.9,11876.91,4232.99
436,20251103,21,25,2,PED-935-7360,187,74.2,13875.4,939.36,12936.04,7848.78,5087.26
437,20230303,32,63,11,PED-496-5953,175,285.55,49971.25,7870.47,42100.78,27795.93,14304.85
438,20231121,21,27,15,PED-393-5043,393,73.8,29003.4,687.38,28316.02,18360.06,9955.96
439,20240410,9,36,6,PED-006-1677,334,33.56,11209.04,1166.86,10042.18,6333.73,3708.45
440,20240721,24,76,15,PED-812-1478,366,46.32,16953.12,834.09,16119.03,9940.06,6178.97
441,20250820,33,30,13,PED-075-2027,20,207.31,4146.2,560.57,3585.63,2694.33,891.3
442,20231218,25,69,12,PED-774-1412,53,34.36,1821.08,116.91,1704.17,1173.53,530.64
443,20230922,13,38,7,PED-265-7720,493,84.69,41752.17,2772.34,38979.83,23815.63,15164.2
444,20240828,28,56,19,PED-175-8112,306,11.97,3662.82,379.47,3283.35,2196.53,1086.82
445,20240922,29,35,20,PED-900-4962,448,19.87,8901.76,350.73,8551.03,5504.2,3046.83
446,20241017,17,100,13,PED-680-2754,284,27.73,7875.32,833.21,7042.11,5083.42,1958.69
447,20231114,6,29,12,PED-510-4090,322,29.01,9341.22,1678.62,7662.6,4833.91,2828.69
448,20231208,34,92,3,PED-439-5778,120,12.81,1537.2,56.11,1481.09,1097.07,384.02
449,20240718,35,83,6,PED-664-5422,25,17.21,430.25,12.74,417.51,260.74,156.77
450,20231225,13,71,8,PED-374-4662,87,83.71,7282.77,368.51,6914.26,5072.98,1841.28
451,20230902,13,95,9,PED-075-6262,253,86.77,21952.81,1622.31,20330.5,13372.17,6958.33
452,20240716,25,91,11,PED-661-2714,128,34.48,4413.44,756.9,3656.54,2695.23,961.31
453,20250807,7,32,3,PED-714-6015,311,40.03,12449.33,1620.9,10828.43,6486.12,4342.31
454,20230216,17,65,19,PED-143-7266,271,27.4,7425.4,1287.56,6137.84,3968.92,2168.92
455,20241020,10,96,10,PED-591-2101,160,45.38,7260.8,296.97,6963.83,5232.88,1730.95
456,20250501,13,33,3,PED-659-9169,21,95.12,1997.52,75.71,1921.81,1167.77,754.04
457,20240810,36,58,15,PED-653-9715,421,27.7,11661.7,1499.69,10162.01,7679.45,2482.56
458,20240327,25,59,4,PED-265-3218,373,33.14,12361.22,2012.41,10348.81,6490.86,3857.95
459,20251002,9,48,7,PED-142-8599,190,33.28,6323.2,940.26,5382.94,3603.93,1779.01
460,20240528,20,89,4,PED-924-4166,92,61.44,5652.48,176.92,5475.56,3879.75,1595.81
461,20250128,21,40,10,PED-788-2909,194,68.38,13265.72,778.7,12487.02,9120.98,3366.04
462,20230927,2,35,4,PED-374-5735,422,29.91,12622.02,1441.43,11180.59,7336.15,3844.44
463,20240317,22,93,13,PED-266-0834,180,88.36,15904.8,1040.17,14864.63,9126.79,5737.84
464,20241122,8,18,17,PED-346-3833,85,20.03,1702.55,80.53,1622.02,945.31,676.71
465,20250127,36,84,6,PED-939-8975,119,27.27,3245.13,305.37,2939.76,1871.81,1067.95
466,20241217,33,21,12,PED-333-8661,167,222.31,37125.77,3727.43,33398.34,20675.42,12722.92
467,20230429,20,54,18,PED-335-6443,226,67.26,15200.76,2295.31,12905.45,9448.02,3457.43
468,20251013,30,2,10,PED-162-8011,294,34.21,10057.74,1657.52,8400.22,4966.02,3434.2
469,20230330,19,26,12,PED-369-7314,78,43.49,3392.22,600.76,2791.46,1786.21,1005.25
470,20240813,15,12,9,PED-687-9324,423,45.18,19111.14,2450.05,16661.09,10163.77,6497.32
471,20240325,2,52,15,PED-676-7503,343,30.26,10379.18,333.17,10046.01,7052.92,2993.09
472,20230106,11,39,19,PED-195-0883,321,79.63,25561.23,779.62,24781.61,17079.41,7702.2
473,20240217,14,39,10,PED-116-7188,306,37.57,11496.42,1092.16,10404.26,6987.83,3416.43
474,20240930,29,79,8,PED-761-0363,319,17.18,5480.42,804.53,4675.89,3372.37,1303.52
475,20231129,29,12,11,PED-395-8787,126,18.4,2318.4,86.48,2231.92,1513.27,718.65
476,20230907,27,37,10,PED-844-1760,499,9.13,4555.87,139.87,4416.0,2702.62,1713.38
477,20251209,18,16,14,PED-523-2703,380,22.41,8515.8,269.1,8246.7,4973.65,3273.05
478,20231002,2,58,6,PED-362-6102,403,34.14,13758.42,1580.84,12177.58,9037.0,3140.58
479,20251203,9,51,9,PED-869-8683,311,37.74,11737.14,913.15,10823.99,6991.13,3832.86
480,20240804,27,1,12,PED-593-5847,150,9.18,1377.0,200.35,1176.65,844.07,332.58
481,20230423,18,46,4,PED-420-5704,195,22.16,4321.2,421.75,3899.45,2398.16,1501.29
482,20240122,2,14,18,PED-942-3396,186,34.12,6346.32,420.13,5926.19,3848.37,2077.82
483,20241111,2,84,7,PED-739-0007,322,30.95,9965.9,519.22,9446.68,7137.47,2309.21
484,20231119,30,43,14,PED-544-6646,406,31.01,12590.06,2161.71,10428.35,7768.3,2660.05
485,20241110,19,35,5,PED-412-9985,72,42.65,3070.8,404.12,2666.68,1554.93,1111.75
486,20240323,17,50,7,PED-781-7157,121,26.86,3250.06,89.38,3160.68,2321.11,839.57
487,20250407,8,17,10,PED-217-4632,297,20.82,6183.54,537.35,5646.19,3895.25,1750.94
488,20230628,23,7,16,PED-843-2581,470,38.13,17921.1,1491.04,16430.06,10188.88,6241.18
489,20250818,24,43,1,PED-162-0373,328,43.21,14172.88,2131.6,12041.28,8439.01,3602.27
490,20251118,4,50,12,PED-817-5624,161,44.11,7101.71,1018.39,6083.32,4564.61,1518.71
491,20240929,14,97,16,PED-129-7369,375,40.83,15311.25,1993.52,13317.73,10087.08,3230.65
492,20250615,3,33,9,PED-410-5759,193,32.19,6212.67,777.21,5435.46,3235.37,2200.09
493,20250531,15,57,15,PED-286-5250,422,42.57,17964.54,535.34,17429.2,11094.21,6334.99
494,20230726,12,71,7,PED-348-7380,247,112.2,27713.4,382.44,27330.96,18674.4,8656.56
495,20230126,18,27,19,PED-726-8679,432,22.84,9866.88,96.7,9770.18,7424.41,2345.77
496,20250707,3,14,12,PED-971-3930,360,29.39,10580.4,788.24,9792.16,5996.37,3795.79
497,20241103,10,29,10,PED-688-2951,312,50.85,15865.2,2738.33,13126.87,9222.76,3904.11
498,20231027,13,59,5,PED-729-4715,160,87.99,14078.4,225.25,13853.15,9507.31,4345.84
499,20240401,15,67,4,PED-109-1506,400,42.9,17160.0,2000.86,15159.14,10740.19,4418.95
500,20230118,22,68,13,PED-414-0376,257,100.5,25828.5,1216.52,24611.98,14657.98,9954.0
501,20250727,11,19,5,PED-927-2439,335,75.52,25299.2,159.38,25139.82,16060.5,9079.32
502,20240703,18,78,1,PED-528-1435,206,20.55,4233.3,717.12,3516.18,2379.8,1136.38
503,20230520,24,95,14,PED-188-7957,126,43.08,5428.08,334.37,5093.71,3002.41,2091.3
504,20240713,8,37,14,PED-206-4516,251,21.41,5373.91,522.34,4851.57,3023.57,1828.0
505,20250808,21,3,1,PED-192-9825,466,75.93,35383.38,2490.99,32892.39,20367.42,12524.97
506,20240624,1,1,10,PED-054-8972,484,33.42,16175.28,1636.94,14538.34,11012.01,3526.33
507,20241117,20,80,18,PED-580-3499,484,61.16,29601.44,2749.97,26851.47,16096.08,10755.39
508,20230508,23,76,18,PED-631-0393,107,35.31,3778.17,267.87,3510.3,2599.09,911.21
509,20250218,34,47,20,PED-493-4350,346,12.76,4414.96,560.26,3854.7,2651.86,1202.84
510,20230929,35,50,12,PED-769-1186,425,19.21,8164.25,493.12,7671.13,4635.94,3035.19
511,20250711,32,83,7,PED-921-5963,154,293.94,45266.76,2661.69,42605.07,28857.41,13747.66
512,20240209,34,36,12,PED-704-3761,93,13.03,1211.79,143.48,1068.31,622.78,445.53
513,20231011,1,26,18,PED-479-5642,453,33.82,15320.46,1470.76,13849.7,8621.83,5227.87
514,20240314,16,57,14,PED-580-3097,483,72.42,34978.86,4725.64,30253.22,20496.86,9756.36
515,20230108,34,89,20,PED-319-8534,204,12.07,2462.28,151.43,2310.85,1414.88,895.97
516,20250916,12,14,7,PED-393-3917,446,112.15,50018.9,6592.49,43426.41,26524.65,16901.76
517,20240627,22,45,15,PED-175-1541,495,97.54,48282.3,8512.17,39770.13,27865.29,11904.84
518,20230331,23,12,10,PED-038-5006,49,35.58,1743.42,69.21,1674.21,1041.16,633.05
519,20240304,12,89,4,PED-612-5809,221,114.98,25410.58,686.09,24724.49,15969.58,8754.91
520,20251226,20,87,12,PED-553-8280,358,60.59,21691.22,2043.31,19647.91,12508.46,7139.45
521,20231116,28,45,19,PED-103-9888,474,11.36,5384.64,957.39,4427.25,2747.47,1679.78
522,20241220,34,54,15,PED-364-4073,390,11.88,4633.2,486.95,4146.25,2658.87,1487.38
523,20241003,26,57,11,PED-133-5365,129,25.77,3324.33,272.26,3052.07,2123.07,929.0
524,20240202,14,12,11,PED-560-5385,450,39.2,17640.0,776.16,16863.84,11063.06,5800.78
525,20231225,36,27,14,PED-321-5694,168,29.95,5031.6,27.17,5004.43,3523.06,1481.37
526,20250831,27,91,6,PED-919-7748,255,8.01,2042.55,129.29,1913.26,1156.99,756.27
527,20241105,24,47,1,PED-116-3948,288,46.13,13285.44,2077.84,11207.6,7422.74,3784.86
528,20250120,21,27,10,PED-428-8588,167,73.11,12209.37,1200.18,11009.19,7610.38,3398.81
529,20230902,7,59,4,PED-539-1048,177,38.85,6876.45,867.12,6009.33,4147.53,1861.8
530,20241018,19,46,4,PED-384-4550,282,41.08,11584.56,169.13,11415.43,8598.61,2816.82
531,20241006,12,77,2,PED-644-9154,180,115.67,20820.6,3737.3,17083.3,10938.63,6144.67
532,20230424,1,25,3,PED-822-7917,161,33.26,5354.86,345.39,5009.47,3709.37,1300.1
533,20231024,32,59,9,PED-243-8444,326,269.23,87768.98,14411.67,73357.31,45089.79,28267.52
534,20250617,22,45,12,PED-855-8324,190,88.11,16740.9,768.41,15972.49,11534.33,4438.16
535,20240313,23,40,12,PED-133-9472,446,40.25,17951.5,2064.42,15887.08,11879.22,4007.86
536,20240418,10,82,17,PED-891-0454,475,47.65,22633.75,3773.05,18860.7,12039.13,6821.57
537,20240406,5,71,12,PED-478-7526,363,24.63,8940.69,1306.23,7634.46,4664.53,2969.93
538,20240806,31,35,18,PED-677-9159,152,179.67,27309.84,958.58,26351.26,19689.83,6661.43
539,20250729,28,36,12,PED-022-0648,62,12.51,775.62,52.66,722.96,492.99,229.97
540,20230312,7,37,10,PED-073-4035,496,38.56,19125.76,2560.94,16564.82,9771.93,6792.89
541,20241024,6,45,10,PED-391-4566,365,28.54,10417.1,351.06,10066.04,6614.12,3451.92
542,20241101,17,33,8,PED-386-8540,380,28.05,10659.0,644.87,10014.13,7003.11,3011.02
543,20250811,36,40,9,PED-701-4199,470,26.14,12285.8,1710.18,10575.62,6578.15,3997.47
544,20230730,7,4,6,PED-703-8241,435,38.52,16756.2,2185.01,14571.19,10341.02,4230.17
545,20250106,21,38,8,PED-885-5752,362,71.94,26042.28,3586.02,22456.26,16407.45,6048.81
546,20250413,13,61,5,PED-444-9614,282,95.49,26928.18,3904.59,23023.59,14932.27,8091.32
547,20240112,28,19,11,PED-863-9796,123,11.84,1456.32,40.05,1416.27,1044.91,371.36
548,20250816,8,98,2,PED-687-7138,192,21.01,4033.92,164.99,3868.93,2344.99,1523.94
549,20250225,18,40,14,PED-029-2714,446,23.49,10476.54,1515.96,8960.58,5636.24,3324.34
550,20240829,32,42,14,PED-695-5366,344,278.57,95828.08,14067.56,81760.52,55234.87,26525.65
551,20250903,30,87,3,PED-305-7317,324,33.99,11012.76,25.33,10987.43,7644.56,3342.87
552,20250119,24,81,12,PED-523-3716,339,41.42,14041.38,2385.63,11655.75,6874.86,4780.89
553,20240918,5,18,14,PED-534-3505,329,24.38,8021.02,1337.91,6683.11,4656.22,2026.89
554,20241006,8,20,14,PED-663-6298,206,21.56,4441.36,355.75,4085.61,2716.89,1368.72
555,20251024,10,27,11,PED-825-6003,491,50.42,24756.22,1185.82,23570.4,16212.41,7357.99
556,20250721,31,5,7,PED-916-9322,68,199.59,13572.12,1921.81,11650.31,8290.27,3360.04
557,20241117,10,42,17,PED-152-5739,227,46.99,10666.73,1524.28,9142.45,6773.89,2368.56
558,20251023,13,16,17,PED-780-3075,234,82.29,19255.86,887.7,18368.16,10838.23,7529.93
559,20230310,15,8,5,PED-610-4554,231,45.9,10602.9,468.65,10134.25,6060.45,4073.8
560,20240519,35,34,18,PED-477-7654,387,17.91,6931.17,453.99,6477.18,4448.08,2029.1
561,20230828,19,31,9,PED-503-1729,349,40.24,14043.76,1322.92,12720.84,8029.61,4691.23
562,20250629,24,42,4,PED-029-2647,189,45.1,8523.9,467.96,8055.94,5032.31,3023.63
563,20240313,12,32,19,PED-490-5769,374,112.34,42015.16,2096.56,39918.6,24067.24,15851.36
564,20231208,12,35,1,PED-891-6209,101,123.21,12444.21,874.83,11569.38,6760.25,4809.13
565,20230120,21,12,14,PED-027-9391,181,66.84,12098.04,1671.95,10426.09,7353.25,3072.84
566,20251209,6,51,8,PED-304-6901,188,27.06,5087.28,884.17,4203.11,2443.95,1759.16
567,20230830,15,66,18,PED-829-1517,267,44.49,11878.83,373.0,11505.83,8246.25,3259.58
568,20250604,7,67,12,PED-093-4319,402,35.01,14074.02,1532.66,12541.36,8346.44,4194.92
569,20241218,28,44,7,PED-903-2123,374,12.23,4574.02,655.46,3918.56,2730.94,1187.62
570,20230509,2,34,6,PED-734-7819,56,33.27,1863.12,113.46,1749.66,1216.83,532.83
571,20231224,15,41,13,PED-650-1394,316,46.46,14681.36,167.37,14513.99,9388.34,5125.65
572,20230725,11,63,19,PED-776-3009,113,80.25,9068.25,472.46,8595.79,5904.97,2690.82
573,20240508,26,68,17,PED-595-2489,186,29.36,5460.96,901.6,4559.36,3015.18,1544.18
574,20251118,15,54,5,PED-537-6352,295,47.78,14095.1,2280.59,11814.51,7791.47,4023.04
575,20241123,3,15,12,PED-887-7227,156,31.01,4837.56,574.7,4262.86,2782.71,1480.15
576,20231010,16,81,9,PED-129-2332,462,68.79,31780.98,1503.24,30277.74,20796.14,9481.6
577,20230107,32,40,8,PED-890-4226,288,294.72,84879.36,9319.75,75559.61,46616.61,28943.0
578,20250402,15,59,17,PED-756-4658,25,46.63,1165.75,205.52,960.23,575.98,384.25
579,20240116,9,90,4,PED-284-6442,84,34.68,2913.12,516.2,2396.92,1514.68,882.24
580,20250106,35,2,19,PED-399-3888,320,18.4,5888.0,699.49,5188.51,3067.49,2121.02
581,20250814,26,36,7,PED-135-1892,374,29.12,10890.88,1114.14,9776.74,6334.75,3441.99
582,20240609,2,47,2,PED-488-5705,331,31.02,10267.62,985.69,9281.93,6516.64,2765.29
583,20230509,36,79,18,PED-757-0994,394,28.52,11236.88,224.74,11012.14,8074.91,2937.23
584,20231030,22,96,19,PED-676-7631,364,92.48,33662.72,4982.08,28680.64,21265.88,7414.76
585,20240709,13,3,6,PED-067-3410,409,93.91,38409.19,3276.3,35132.89,24114.49,11018.4
586,20251027,19,75,11,PED-047-5219,458,42.46,19446.68,1019.01,18427.67,12734.91,5692.76
587,20240912,14,79,20,PED-497-4209,411,36.57,15030.27,2379.29,12650.98,8587.25,4063.73
588,20251012,16,18,19,PED-949-7278,308,66.59,20509.72,992.67,19517.05,14136.16,5380.89
589,20230325,11,52,3,PED-146-2534,91,79.71,7253.61,477.29,6776.32,3990.99,2785.33
590,20250621,27,50,6,PED-171-2207,471,8.92,4201.32,324.76,3876.56,2267.48,1609.08
591,20251203,5,65,10,PED-381-0999,431,25.31,10908.61,68.72,10839.89,7860.67,2979.22
592,20241118,15,31,3,PED-962-6006,359,43.15,15490.85,579.36,14911.49,9521.71,5389.78
593,20230313,23,5,9,PED-951-5865,67,40.49,2712.83,27.4,2685.43,2034.09,651.34
594,20231022,29,64,10,PED-282-0047,259,17.73,4592.07,100.11,4491.96,3000.14,1491.82
595,20250726,20,18,5,PED-948-1589,140,67.35,9429.0,979.67,8449.33,5372.5,3076.83
596,20240209,17,76,17,PED-318-9400,437,28.13,12292.81,213.89,12078.92,7355.28,4723.64
597,20251007,16,31,13,PED-907-9822,29,64.0,1856.0,121.94,1734.06,1117.96,616.1
598,20251210,4,45,8,PED-887-0574,195,43.82,8544.9,405.03,8139.87,5525.39,2614.48
599,20250814,10,43,20,PED-627-8191,366,52.09,19064.94,1361.24,17703.7,12217.36,5486.34
600,20240417,27,1,11,PED-470-5976,460,8.3,3818.0,235.95,3582.05,2704.15,877.9
601,20241003,21,77,18,PED-407-3110,189,73.76,13940.64,1737.0,12203.64,8460.98,3742.66
602,20230209,15,51,17,PED-691-9302,409,43.18,17660.62,65.34,17595.28,12602.4,4992.88
603,20250221,36,93,8,PED-925-5639,383,29.52,11306.16,1238.02,10068.14,7645.22,2422.92
604,20250507,9,77,17,PED-993-7580,143,32.28,4616.04,126.94,4489.1,3272.12,1216.98
605,20230503,16,3,19,PED-264-2224,460,64.33,29591.8,2216.43,27375.37,19739.64,7635.73
606,20241007,25,2,18,PED-402-1530,255,31.64,8068.2,148.45,7919.75,4635.22,3284.53
607,20251225,26,8,1,PED-328-1503,151,26.8,4046.8,363.4,3683.4,2349.43,1333.97
608,20230904,1,97,8,PED-511-5711,253,34.33,8685.49,535.89,8149.6,5825.2,2324.4
609,20250719,34,57,5,PED-298-3422,412,11.67,4808.04,311.08,4496.96,2985.05,1511.91
610,20241204,10,97,10,PED-545-7158,26,52.27,1359.02,211.74,1147.28,813.73,333.55
611,20240930,23,20,5,PED-022-0495,327,35.62,11647.74,1749.49,9898.25,6355.61,3542.64
612,20240906,10,51,12,PED-281-1779,85,48.71,4140.35,141.6,3998.75,2632.86,1365.89
613,20251231,31,66,9,PED-418-3220,269,192.16,51691.04,9216.51,42474.53,31699.96,10774.57
614,20230811,3,27,16,PED-227-5244,358,30.25,10829.5,1889.75,8939.75,5346.0,3593.75
615,20230611,6,23,2,PED-841-4509,337,25.37,8549.69,165.01,8384.68,5435.53,2949.15
616,20250528,7,77,4,PED-306-2511,284,40.51,11504.84,1965.03,9539.81,6762.05,2777.76
617,20250418,10,49,16,PED-370-7505,163,48.55,7913.65,493.02,7420.63,5425.12,1995.51
618,20240714,6,54,17,PED-004-7798,172,28.24,4857.28,67.03,4790.25,3253.61,1536.64
619,20251011,18,64,15,PED-582-6563,148,20.32,3007.36,139.24,2868.12,1837.87,1030.25
620,20250106,32,100,12,PED-072-0444,355,272.34,96680.7,12046.42,84634.28,49744.52,34889.76
621,20251212,18,87,3,PED-238-5149,471,23.52,11077.92,1514.35,9563.57,5912.61,3650.96
622,20250202,34,77,14,PED-245-9028,235,13.46,3163.1,259.06,2904.04,1922.28,981.76
623,20231121,12,35,9,PED-050-8514,360,118.49,42656.4,6982.85,35673.55,26185.0,9488.55
624,20240105,18,56,2,PED-700-8321,216,22.39,4836.24,199.25,4636.99,3485.35,1151.64
625,20250818,26,90,18,PED-156-9300,134,30.14,4038.76,398.22,3640.54,2551.22,1089.32
626,20230529,31,88,19,PED-726-4539,324,189.34,61346.16,4877.02,56469.14,41799.12,14670.02
627,20230222,6,72,12,PED-942-4210,462,26.43,12210.66,146.53,12064.13,7601.31,4462.82
628,20230115,5,33,20,PED-510-8355,68,24.6,1672.8,62.4,1610.4,1073.08,537.32
629,20231207,23,10,1,PED-691-9746,449,39.52,17744.48,3112.38,14632.1,9363.23,5268.87
630,20230502,29,57,4,PED-326-3162,369,17.71,6534.99,610.37,5924.62,3943.11,1981.51
631,20230830,2,24,7,PED-624-2797,134,34.21,4584.14,214.08,4370.06,3112.48,1257.58
632,20240418,12,31,16,PED-750-3176,448,122.52,54888.96,8101.61,46787.35,35081.35,11706.0
633,20240117,7,12,4,PED-527-7328,376,39.34,14791.84,1949.56,12842.28,8919.16,3923.12
634,20250226,15,78,1,PED-794-3472,77,46.55,3584.35,317.21,3267.14,2120.14,1147.0
635,20241223,36,74,5,PED-602-0308,432,28.12,12147.84,888.01,11259.83,7117.96,4141.87
636,20230203,15,95,10,PED-525-9685,421,46.98,19778.58,2501.99,17276.59,11866.79,5409.8
637,20240510,13,41,4,PED-149-2969,85,82.98,7053.3,1136.99,5916.31,3797.42,2118.89
638,20241210,36,72,1,PED-076-8826,342,26.24,8974.08,408.32,8565.76,5199.18,3366.58
639,20230601,23,85,18,PED-851-3048,486,36.88,17923.68,3149.19,14774.49,10160.08,4614.41
640,20250407,21,71,2,PED-910-1045,387,74.29,28750.23,1756.64,26993.59,18526.53,8467.06
641,20240817,32,44,10,PED-474-5032,126,272.59,34346.34,1312.03,33034.31,22748.81,10285.5
642,20241012,15,75,2,PED-608-1091,284,43.5,12354.0,1155.1,11198.9,6931.95,4266.95
643,20230315,29,90,13,PED-360-8003,229,17.69,4051.01,441.15,3609.86,2738.97,870.89
644,20230302,29,74,18,PED-867-9050,162,18.29,2962.98,324.74,2638.24,1719.88,918.36
645,20251124,12,50,13,PED-210-4972,446,117.5,52405.0,3091.89,49313.11,33097.65,16215.46
646,20240612,14,56,13,PED-671-9374,434,39.86,17299.24,283.71,17015.53,9872.2,7143.33
647,20240604,1,64,10,PED-794-5275,66,31.18,2057.88,200.03,1857.85,1203.98,653.87
648,20240929,19,46,6,PED-801-1251,303,39.4,11938.2,2145.29,9792.91,7316.04,2476.87
649,20250629,36,70,11,PED-473-3995,44,26.38,1160.72,93.9,1066.82,799.83,266.99
650,20251110,28,51,12,PED-197-7923,463,11.18,5176.34,402.2,4774.14,3474.21,1299.93
651,20240714,1,73,3,PED-394-8613,377,30.13,11359.01,1097.28,10261.73,7351.59,2910.14
652,20230725,18,47,14,PED-716-0270,277,22.57,6251.89,652.07,5599.82,3520.45,2079.37
653,20250611,25,79,1,PED-324-7954,458,29.53,13524.74,581.56,12943.18,9203.56,3739.62
654,20250419,5,83,17,PED-293-5243,447,27.2,12158.4,2068.14,10090.26,6883.43,3206.83
655,20230909,26,72,13,PED-851-6718,311,28.09,8735.99,1509.58,7226.41,5214.14,2012.27
656,20250216,27,79,4,PED-168-2637,407,9.12,3711.84,321.45,3390.39,2473.88,916.51
657,20231219,15,2,10,PED-421-1515,316,47.37,14968.92,675.1,14293.82,8816.98,5476.84
658,20240421,20,28,5,PED-467-6641,252,69.11,17415.72,1492.53,15923.19,10401.89,5521.3
659,20251115,28,92,10,PED-839-0821,209,12.67,2648.03,85.53,2562.5,1553.07,1009.43
660,20240507,21,43,8,PED-163-9756,179,69.41,12424.39,2110.9,10313.49,6762.07,3551.42
661,20251029,27,11,12,PED-015-3091,369,8.96,3306.24,274.42,3031.82,1935.65,1096.17
662,20250107,11,72,14,PED-693-4217,265,78.27,20741.55,72.6,20668.95,14609.39,6059.56
663,20230926,21,21,2,PED-773-5613,500,71.02,35510.0,1644.11,33865.89,22372.59,11493.3
664,20250622,34,22,5,PED-679-1828,164,12.96,2125.44,173.44,1952.0,1194.05,757.95
665,20241226,25,68,19,PED-681-1745,350,30.5,10675.0,1651.42,9023.58,5610.86,3412.72
666,20231103,35,1,15,PED-573-2239,86,16.76,1441.36,145.87,1295.49,861.7,433.79
667,20231107,34,44,18,PED-256-7451,495,13.49,6677.55,831.35,5846.2,3720.72,2125.48
668,20240322,17,98,20,PED-024-5853,86,29.41,2529.26,43.25,2486.01,1830.76,655.25
669,20250307,22,42,1,PED-856-3413,295,92.25,27213.75,1317.15,25896.6,17434.75,8461.85
670,20230907,8,16,19,PED-488-4226,115,21.62,2486.3,323.72,2162.58,1455.27,707.31
671,20251128,5,44,18,PED-194-7617,205,27.5,5637.5,794.89,4842.61,3227.45,1615.16
672,20250919,32,67,9,PED-077-9021,25,295.27,7381.75,601.61,6780.14,3953.08,2827.06
673,20250220,5,69,5,PED-768-6468,310,25.62,7942.2,220.79,7721.41,4912.23,2809.18
674,20230225,32,94,2,PED-192-4513,320,283.68,90777.6,8950.67,81826.93,54736.16,27090.77
675,20230622,34,14,15,PED-460-3954,466,12.18,5675.88,316.71,5359.17,3593.7,1765.47
676,20250318,24,59,3,PED-405-2770,420,46.33,19458.6,1153.89,18304.71,11302.86,7001.85
677,20231021,26,67,1,PED-314-2561,334,28.88,9645.92,467.83,9178.09,6232.97,2945.12
678,20231015,35,84,20,PED-936-1844,307,17.78,5458.46,167.57,5290.89,3124.62,2166.27
679,20240702,1,11,20,PED-378-4047,486,30.26,14706.36,1744.17,12962.19,8049.4,4912.79
680,20250201,28,35,14,PED-144-7108,403,11.23,4525.69,182.84,4342.85,2897.56,1445.29
681,20250612,20,61,14,PED-640-8270,117,68.49,8013.33,420.7,7592.63,5384.72,2207.91
682,20230202,7,90,19,PED-140-4856,52,37.19,1933.88,20.89,1912.99,1262.65,650.34
683,20240415,19,81,8,PED-785-1286,268,41.21,11044.28,1949.32,9094.96,6400.62,2694.34
684,20230112,15,49,19,PED-708-4868,379,46.54,17638.66,2053.14,15585.52,10400.53,5184.99
685,20240713,32,48,10,PED-826-9955,435,286.95,124823.25,5429.81,119393.44,89926.16,29467.28
686,20251226,3,98,9,PED-859-8793,201,30.48,6126.48,525.04,5601.44,3674.03,1927.41
687,20231121,28,62,1,PED-671-7558,376,12.15,4568.4,618.56,3949.84,2441.13,1508.71
688,20240713,18,51,15,PED-105-9853,365,20.47,7471.55,1027.34,6444.21,4801.59,1642.62
689,20230927,20,27,3,PED-062-6063,46,63.19,2906.74,281.37,2625.37,1546.98,1078.39
690,20230331,6,66,18,PED-317-6075,277,26.82,7429.14,138.18,7290.96,4837.8,2453.16
691,20230930,17,97,13,PED-538-8093,332,29.29,9724.28,1272.91,8451.37,5471.28,2980.09
692,20250818,9,76,9,PED-660-2321,293,36.98,10835.14,173.36,10661.78,7102.28,3559.5
693,20241229,4,98,16,PED-815-6432,171,42.9,7335.9,569.27,6766.63,4078.57,2688.06
694,20250223,16,38,7,PED-556-5113,478,70.28,33593.84,3436.65,30157.19,17784.08,12373.11
695,20251008,1,97,16,PED-685-1317,476,31.38,14936.88,1301.0,13635.88,9289.28,4346.6
696,20231010,25,14,12,PED-492-7087,157,31.21,4899.97,673.26,4226.71,2875.76,1350.95
697,20240511,36,5,1,PED-228-2806,302,29.35,8863.7,308.46,8555.24,4983.5,3571.74
698,20241211,15,95,7,PED-949-4934,106,43.69,4631.14,805.82,3825.32,2590.83,1234.49
699,20240229,26,95,13,PED-411-3417,413,28.24,11663.12,457.19,11205.93,7280.77,3925.16
700,20240211,22,67,14,PED-531-6425,269,92.71,24938.99,3805.69,21133.3,13550.86,7582.44
701,20240820,7,76,16,PED-013-7668,359,37.48,13455.32,2341.23,11114.09,7143.63,3970.46
702,20250413,28,93,19,PED-872-7101,189,11.67,2205.63,210.2,1995.43,1358.49,636.94
703,20230622,35,81,4,PED-388-8885,405,17.73,7180.65,833.67,6346.98,3739.21,2607.77
704,20250814,18,10,12,PED-469-5970,121,20.75,2510.75,196.09,2314.66,1464.54,850.12
705,20230223,18,96,12,PED-684-1755,122,21.37,2607.14,324.33,2282.81,1381.88,900.93
706,20251111,6,2,4,PED-733-0522,308,25.18,7755.44,359.85,7395.59,5178.78,2216.81
707,20230311,15,68,12,PED-666-7242,327,41.88,13694.76,1277.72,12417.04,7908.73,4508.31
708,20241228,23,3,16,PED-118-6988,316,37.04,11704.64,1534.48,10170.16,6935.77,3234.39
709,20230919,13,44,7,PED-532-4039,222,83.6,18559.2,308.08,18251.12,12170.1,6081.02
710,20251028,5,52,18,PED-603-8899,231,25.01,5777.31,436.19,5341.12,3995.74,1345.38
711,20250125,8,17,2,PED-103-5389,398,20.03,7971.94,1194.2,6777.74,3980.94,2796.8
712,20230616,8,94,11,PED-173-6243,396,21.49,8510.04,351.46,8158.58,5963.07,2195.51
713,20230207,16,31,16,PED-342-7338,261,69.19,18058.59,2244.68,15813.91,10554.52,5259.39
714,20231020,33,78,18,PED-729-9858,66,211.96,13989.36,766.62,13222.74,9391.53,3831.21
715,20251216,14,33,7,PED-250-7735,446,37.79,16854.34,1098.9,15755.44,10937.92,4817.52
716,20230121,5,3,17,PED-090-6962,165,24.9,4108.5,394.01,3714.49,2804.54,909.95
717,20230417,2,39,6,PED-535-2988,194,30.26,5870.44,713.26,5157.18,3765.4,1391.78
718,20251113,14,99,5,PED-965-2926,499,41.44,20678.56,2619.97,18058.59,12641.36,5417.23
719,20231226,4,30,10,PED-732-0797,353,43.99,15528.47,212.74,15315.73,9823.73,5492.0
720,20250404,6,29,5,PED-002-2737,481,26.37,12683.97,497.21,12186.76,8836.51,3350.25
721,20250325,35,44,19,PED-246-8401,458,18.91,8660.78,85.74,8575.04,6109.13,2465.91
722,20230331,11,98,8,PED-620-4680,385,74.88,28828.8,4393.51,24435.29,15089.72,9345.57
723,20251025,6,5,1,PED-122-9351,480,27.39,13147.2,1476.43,11670.77,6786.09,4884.68
724,20251004,36,31,8,PED-326-8323,229,26.87,6153.23,805.46,5347.77,3167.49,2180.28
725,20230816,22,51,2,PED-637-2367,438,93.32,40874.16,1115.86,39758.3,24340.52,15417.78
726,20251031,15,92,9,PED-877-1813,20,42.62,852.4,86.52,765.88,537.27,228.61
727,20241127,28,36,16,PED-711-3498,457,12.89,5890.73,42.41,5848.32,3615.58,2232.74
728,20231027,23,94,16,PED-240-8180,247,37.52,9267.44,945.28,8322.16,5569.74,2752.42
729,20240909,35,76,17,PED-833-1535,343,17.48,5995.64,1068.42,4927.22,3662.21,1265.01
730,20240525,9,76,19,PED-201-1958,498,36.61,18231.78,2016.43,16215.35,11054.11,5161.24
731,20230407,27,76,17,PED-505-1250,231,8.64,1995.84,346.68,1649.16,1131.21,517.95
732,20230326,3,86,9,PED-747-3749,127,29.83,3788.41,205.33,3583.08,2378.4,1204.68
733,20231222,17,15,18,PED-536-8872,157,26.77,4202.89,638.0,3564.89,2634.02,930.87
734,20250518,19,48,13,PED-234-4389,350,43.73,15305.5,166.83,15138.67,10520.52,4618.15
735,20230315,24,75,16,PED-968-0633,166,48.16,7994.56,10.39,7984.17,5744.08,2240.09
736,20230107,6,66,11,PED-404-3786,40,26.57,1062.8,34.12,1028.68,682.52,346.16
737,20230728,3,34,8,PED-697-4088,32,31.62,1011.84,136.7,875.14,527.26,347.88
738,20231205,13,63,12,PED-986-4015,116,87.83,10188.28,1780.91,8407.37,5301.64,3105.73
739,20241015,14,41,11,PED-661-5100,482,40.93,19728.26,3207.82,16520.44,11672.08,4848.36
740,20230824,32,53,6,PED-501-9423,312,267.34,83410.08,14571.74,68838.34,49622.14,19216.2
741,20250412,34,89,20,PED-053-4736,408,12.38,5051.04,727.35,4323.69,3203.83,1119.86
742,20230927,33,20,3,PED-753-6954,126,221.28,27881.28,3284.41,24596.87,17047.86,7549.01
743,20240617,3,12,14,PED-378-2912,145,29.79,4319.55,253.99,4065.56,2578.31,1487.25
744,20240729,2,8,8,PED-565-8492,369,31.91,11774.79,1496.58,10278.21,7408.47,2869.74
745,20250410,23,64,16,PED-575-3527,231,40.44,9341.64,578.25,8763.39,5444.47,3318.92
746,20230228,15,71,20,PED-089-1891,82,42.34,3471.88,294.07,3177.81,1848.85,1328.96
747,20240805,24,60,8,PED-811-2794,73,47.24,3448.52,119.66,3328.86,2190.03,1138.83
748,20240908,18,73,5,PED-807-0949,404,21.41,8649.64,728.3,7921.34,4601.78,3319.56
749,20231110,36,27,12,PED-719-2556,74,26.03,1926.22,248.1,1678.12,1229.36,448.76
750,20230803,26,18,3,PED-334-6027,190,26.28,4993.2,279.12,4714.08,2988.3,1725.78
751,20230502,9,59,13,PED-153-3870,295,36.95,10900.25,1318.93,9581.32,6199.48,3381.84
752,20230712,4,3,14,PED-537-1505,290,40.14,11640.6,1917.21,9723.39,5679.94,4043.45
753,20250822,25,38,6,PED-024-9146,405,29.81,12073.05,1405.3,10667.75,6378.79,4288.96
754,20250228,24,27,5,PED-907-1712,437,45.6,19927.2,1442.73,18484.47,13138.16,5346.31
755,20240603,21,84,18,PED-503-0269,205,66.36,13603.8,310.17,13293.63,8299.54,4994.09
756,20240823,14,17,2,PED-478-8004,411,42.07,17290.77,525.64,16765.13,11366.9,5398.23
757,20230820,17,24,4,PED-190-1920,491,30.14,14798.74,1352.6,13446.14,9765.91,3680.23
758,20231103,24,45,2,PED-109-1186,51,45.8,2335.8,384.47,1951.33,1426.61,524.72
759,20240808,4,38,17,PED-003-2115,48,42.74,2051.52,334.81,1716.71,1025.2,691.51
760,20230309,19,62,17,PED-441-7016,35,40.18,1406.3,176.49,1229.81,761.97,467.84
761,20241227,29,20,12,PED-575-7429,498,19.7,9810.6,540.56,9270.04,6170.21,3099.83
762,20250624,15,74,17,PED-542-6943,211,47.04,9925.44,549.87,9375.57,6996.73,2378.84
763,20251129,28,70,5,PED-534-4588,201,11.71,2353.71,66.61,2287.1,1398.33,888.77
764,20230408,22,22,1,PED-486-8989,489,88.74,43393.86,724.68,42669.18,31030.32,11638.86
765,20231111,7,37,12,PED-410-7209,239,40.97,9791.83,99.88,9691.95,5751.38,3940.57
766,20250331,10,6,19,PED-908-4148,228,48.96,11162.88,1962.43,9200.45,6501.36,2699.09
767,20240210,6,2,8,PED-862-5902,415,27.94,11595.1,352.49,11242.61,7016.63,4225.98
768,20230810,3,23,6,PED-728-9659,402,31.14,12518.28,789.9,11728.38,7013.84,4714.54
769,20251007,29,69,13,PED-755-2768,87,17.75,1544.25,1.39,1542.86,1149.79,393.07
770,20230305,34,37,8,PED-268-3425,320,11.68,3737.6,162.21,3575.39,2632.07,943.32
771,20241214,34,46,18,PED-731-5239,449,12.84,5765.16,68.61,5696.55,3427.62,2268.93
772,20240426,16,80,18,PED-990-9513,56,71.8,4020.8,156.01,3864.79,2888.72,976.07
773,20250412,30,15,17,PED-080-0362,421,29.5,12419.5,684.31,11735.19,7998.86,3736.33
774,20250406,16,47,6,PED-600-8991,245,66.77,16358.65,516.93,15841.72,9637.79,6203.93
775,20230829,32,36,5,PED-831-2888,94,295.93,27817.42,2005.64,25811.78,18839.48,6972.3
776,20231218,13,57,14,PED-012-4896,324,86.88,28149.12,4154.81,23994.31,17312.11,6682.2
777,20250215,5,63,19,PED-043-4441,82,23.99,1967.18,21.25,1945.93,1305.72,640.21
778,20240817,33,20,17,PED-335-7010,343,219.52,75295.36,5172.79,70122.57,42322.17,27800.4
779,20251221,21,54,2,PED-819-1261,368,67.75,24932.0,2917.04,22014.96,14234.93,7780.03
780,20240120,24,1,18,PED-984-5959,139,47.51,6603.89,526.33,6077.56,3987.79,2089.77
781,20231029,17,2,17,PED-797-5663,487,30.18,14697.66,2504.48,12193.18,8255.85,3937.33
782,20240818,22,86,7,PED-485-6839,300,97.77,29331.0,3710.37,25620.63,15099.52,10521.11
783,20240202,36,26,6,PED-552-6591,467,29.74,13888.58,1984.68,11903.9,7479.19,4424.71
784,20230406,4,82,2,PED-578-8061,252,44.41,11191.32,1013.93,10177.39,6523.19,3654.2
785,20240424,24,12,11,PED-826-9641,354,43.93,15551.22,253.48,15297.74,9959.89,5337.85
786,20241105,25,94,15,PED-573-2667,302,32.32,9760.64,1108.81,8651.83,5405.95,3245.88
787,20251209,5,16,10,PED-819-3428,375,24.1,9037.5,484.41,8553.09,6193.59,2359.5
788,20250226,35,41,18,PED-948-9246,240,18.32,4396.8,170.6,4226.2,2581.28,1644.92
789,20251218,32,30,13,PED-167-6082,132,281.26,37126.32,2921.84,34204.48,21694.65,12509.83
790,20250726,28,8,15,PED-471-7696,428,12.69,5431.32,137.41,5293.91,3536.94,1756.97
791,20240725,20,43,6,PED-249-8012,143,67.7,9681.1,652.51,9028.59,5448.07,3580.52
792,20240308,15,33,13,PED-243-7775,400,44.59,17836.0,1908.45,15927.55,10189.01,5738.54
793,20250805,3,85,12,PED-369-4539,294,28.52,8384.88,1134.47,7250.41,5443.56,1806.85
794,20240609,18,51,3,PED-300-1375,184,20.79,3825.36,77.65,3747.71,2278.3,1469.41
795,20230701,29,83,11,PED-450-1191,52,18.86,980.72,81.5,899.22,615.8,283.42
796,20251124,24,6,17,PED-228-6366,314,44.54,13985.56,1714.63,12270.93,9235.53,3035.4
797,20230504,7,67,9,PED-991-9969,303,39.23,11886.69,1194.61,10692.08,6920.55,3771.53
798,20241102,31,77,13,PED-729-7653,354,172.01,60891.54,8573.53,52318.01,33540.3,18777.71
799,20251030,9,84,13,PED-134-5181,313,35.71,11177.23,536.51,10640.72,6311.53,4329.19
800,20250805,20,34,18,PED-838-7185,397,65.44,25979.68,194.85,25784.83,18450.45,7334.38
801,20250328,19,38,17,PED-162-9111,361,43.97,15873.17,1411.12,14462.05,10389.07,4072.98
802,20250301,12,86,5,PED-228-7334,27,123.8,3342.6,235.65,3106.95,1984.0,1122.95
803,20241209,3,73,17,PED-257-8920,61,29.32,1788.52,169.73,1618.79,1211.68,407.11
804,20241204,28,80,7,PED-144-1361,108,11.5,1242.0,184.19,1057.81,657.1,400.71
805,20230816,14,34,15,PED-479-3686,280,37.14,10399.2,381.65,10017.55,7013.58,3003.97
806,20251101,31,93,10,PED-504-5956,275,176.17,48446.75,5178.96,43267.79,30001.24,13266.55
807,20250629,33,71,18,PED-159-2516,326,232.91,75928.66,11898.02,64030.64,42189.3,21841.34
808,20251001,25,41,15,PED-801-3558,159,34.3,5453.7,877.5,4576.2,3222.96,1353.24
809,20251121,28,70,12,PED-850-6747,265,12.84,3402.6,233.42,3169.18,2048.46,1120.72
810,20231121,26,22,19,PED-318-9194,29,26.96,781.84,81.55,700.29,458.05,242.24
811,20250316,4,74,18,PED-317-3087,78,43.33,3379.74,292.35,3087.39,1903.83,1183.56
812,20251025,30,73,5,PED-991-9024,407,34.39,13996.73,1266.7,12730.03,9005.06,3724.97
813,20240613,29,82,2,PED-320-2779,224,17.03,3814.72,351.72,3463.0,2557.09,905.91
814,20230301,2,13,19,PED-709-9245,309,32.5,10042.5,860.64,9181.86,5693.4,3488.46
815,20250820,29,76,4,PED-125-8111,141,19.48,2746.68,94.49,2652.19,1908.44,743.75
816,20240421,32,37,11,PED-597-9125,306,294.73,90187.38,3463.2,86724.18,52430.09,34294.09
817,20230507,11,81,7,PED-579-6910,452,82.16,37136.32,5990.09,31146.23,18626.36,12519.87
818,20240306,6,86,1,PED-492-7788,126,25.62,3228.12,58.75,3169.37,2174.95,994.42
819,20240201,34,80,6,PED-793-2836,433,12.71,5503.43,717.65,4785.78,3167.25,1618.53
820,20250120,20,25,18,PED-282-5936,197,67.54,13305.38,862.19,12443.19,8346.47,4096.72
821,20240226,12,28,6,PED-790-8475,319,111.34,35517.46,4748.68,30768.78,21238.92,9529.86
822,20251010,20,69,8,PED-078-2149,485,65.73,31879.05,3229.35,28649.7,19457.42,9192.28
823,20240806,30,68,5,PED-920-2373,419,31.89,13361.91,1002.14,12359.77,8350.46,4009.31
824,20240627,32,90,13,PED-555-5989,365,279.58,102046.7,14215.11,87831.59,54731.33,33100.26
825,20230509,16,23,3,PED-527-2478,34,64.67,2198.78,312.01,1886.77,1376.61,510.16
826,20250211,26,71,14,PED-554-8276,372,26.89,10003.08,1542.47,8460.61,4966.17,3494.44
827,20240611,19,32,5,PED-533-8117,499,43.38,21646.62,1177.58,20469.04,13813.58,6655.46
828,20241016,31,25,6,PED-628-5999,343,187.98,64477.14,1889.18,62587.96,37224.33,25363.63
829,20251109,20,71,4,PED-134-0290,37,64.1,2371.7,258.52,2113.18,1585.85,527.33
830,20230930,11,41,20,PED-892-1015,261,77.67,20271.87,289.89,19981.98,13959.61,6022.37
831,20230606,10,77,14,PED-005-4191,64,46.84,2997.76,157.68,2840.08,1748.74,1091.34
832,20250205,19,16,10,PED-122-5478,135,40.85,5514.75,277.39,5237.36,3480.57,1756.79
833,20240901,13,98,4,PED-639-2317,301,84.57,25455.57,659.3,24796.27,17230.91,7565.36
834,20251218,33,1,20,PED-250-4547,50,230.99,11549.5,1934.54,9614.96,6758.23,2856.73
835,20240225,31,41,11,PED-998-5281,412,177.41,73092.92,2945.64,70147.28,51051.84,19095.44
836,20240906,30,54,14,PED-275-8269,301,31.31,9424.31,1256.26,8168.05,5705.54,2462.51
837,20240118,19,29,8,PED-745-1897,342,42.57,14558.94,1300.11,13258.83,9090.52,4168.31
838,20231205,15,82,11,PED-015-9230,350,42.73,14955.5,288.64,14666.86,9837.28,4829.58
839,20251211,18,3,8,PED-567-7054,201,22.62,4546.62,273.25,4273.37,3124.02,1149.35
840,20250527,10,95,14,PED-157-4067,95,48.07,4566.65,243.4,4323.25,2915.36,1407.89
841,20231028,26,59,1,PED-518-2164,258,27.57,7113.06,840.05,6273.01,4714.92,1558.09
842,20250127,28,71,11,PED-312-2660,406,12.55,5095.3,699.58,4395.72,2607.82,1787.9
843,20230402,29,94,3,PED-842-0456,172,18.22,3133.84,169.23,2964.61,2007.93,956.68
844,20230831,7,20,3,PED-698-9669,55,35.97,1978.35,352.94,1625.41,1029.92,595.49
845,20231116,19,25,11,PED-133-8968,206,44.76,9220.56,54.4,9166.16,6008.76,3157.4
846,20250917,8,22,8,PED-098-1669,316,21.9,6920.4,543.25,6377.15,4826.53,1550.62
847,20230604,23,4,16,PED-572-9909,276,37.53,10358.28,1124.91,9233.37,5535.94,3697.43
848,20240611,7,50,17,PED-775-1070,350,39.59,13856.5,616.61,13239.89,8753.77,4486.12
849,20250525,8,72,10,PED-903-5272,368,21.94,8073.92,1316.05,6757.87,4501.64,2256.23
850,20240819,18,31,14,PED-359-7349,80,22.12,1769.6,6.9,1762.7,1051.1,711.6
851,20250610,35,15,14,PED-918-3803,308,18.33,5645.64,954.68,4690.96,3343.43,1347.53
852,20251003,19,35,3,PED-924-3317,66,40.05,2643.3,361.87,2281.43,1473.76,807.67
853,20240912,34,27,17,PED-605-8991,181,13.15,2380.15,115.91,2264.24,1539.86,724.38
854,20231227,30,4,3,PED-108-4263,85,31.07,2640.95,264.36,2376.59,1715.84,660.75
855,20250612,14,80,15,PED-111-2991,77,35.9,2764.3,429.57,2334.73,1623.7,711.03
856,20241110,12,42,10,PED-138-3858,33,113.93,3759.69,50.0,3709.69,2673.48,1036.21
857,20251014,35,89,4,PED-706-3484,449,19.08,8566.92,47.12,8519.8,6018.58,2501.22
858,20230718,28,56,1,PED-117-3975,343,12.53,4297.79,489.52,3808.27,2840.59,967.68
859,20230316,36,78,9,PED-128-5744,460,27.96,12861.6,1774.9,11086.7,7137.1,3949.6
860,20240409,19,92,14,PED-400-3464,407,45.14,18371.98,900.23,17471.75,12056.55,5415.2
861,20240409,7,19,12,PED-484-0952,54,36.42,1966.68,86.53,1880.15,1269.77,610.38
862,20251003,33,8,8,PED-593-0701,214,228.69,48939.66,6822.19,42117.47,28650.8,13466.67
863,20241012,36,71,11,PED-053-8683,473,27.18,12856.14,1167.34,11688.8,7822.92,3865.88
864,20250930,2,67,10,PED-442-3044,477,34.04,16237.08,263.04,15974.04,10569.04,5405.0
865,20250211,4,26,18,PED-104-6131,185,44.53,8238.05,442.38,7795.67,5771.97,2023.7
866,20230126,1,77,8,PED-234-8643,309,34.55,10675.95,499.63,10176.32,7728.26,2448.06
867,20251028,9,79,8,PED-567-7368,177,36.0,6372.0,910.56,5461.44,3715.61,1745.83
868,20240416,20,96,12,PED-171-0410,330,68.37,22562.1,586.61,21975.49,13709.47,8266.02
869,20250609,28,24,7,PED-654-0198,240,12.85,3084.0,397.22,2686.78,1592.11,1094.67
870,20250619,24,2,2,PED-623-6364,97,43.57,4226.29,508.85,3717.44,2333.49,1383.95
871,20240911,13,41,12,PED-372-5366,236,83.18,19630.48,2567.67,17062.81,10870.62,6192.19
872,20230516,11,62,14,PED-968-9462,280,83.71,23438.8,1155.53,22283.27,14330.13,7953.14
873,20241031,35,74,1,PED-041-8288,419,19.11,8007.09,680.6,7326.49,5170.15,2156.34
874,20250923,20,97,7,PED-125-8509,75,63.3,4747.5,639.01,4108.49,3080.14,1028.35
875,20241006,29,17,17,PED-394-1765,203,19.73,4005.19,337.64,3667.55,2455.02,1212.53
876,20241202,30,96,1,PED-579-1069,343,33.83,11603.69,954.98,10648.71,7442.63,3206.08
877,20230320,16,64,14,PED-640-0799,272,71.76,19518.72,472.35,19046.37,13534.84,5511.53
878,20230109,33,54,7,PED-605-8864,101,208.81,21089.81,3597.92,17491.89,12853.22,4638.67
879,20231031,9,80,4,PED-094-0298,362,37.45,13556.9,2175.88,11381.02,7146.22,4234.8
880,20231001,6,76,10,PED-042-9475,446,25.02,11158.92,632.71,10526.21,7389.56,3136.65
881,20250207,5,79,8,PED-138-5229,285,23.85,6797.25,466.97,6330.28,4449.29,1880.99
882,20250427,15,7,8,PED-338-2317,336,48.13,16171.68,1272.71,14898.97,10510.1,4388.87
883,20251022,13,70,6,PED-418-2369,432,87.42,37765.44,6000.93,31764.51,18921.11,12843.4
884,20250908,29,38,20,PED-636-2789,450,18.0,8100.0,1195.56,6904.44,4051.02,2853.42
885,20231007,32,59,6,PED-688-5106,317,284.33,90132.61,1243.83,88888.78,52585.53,36303.25
886,20251114,15,85,12,PED-826-2958,208,46.35,9640.8,1710.28,7930.52,4659.5,3271.02
887,20230526,22,51,20,PED-730-9659,482,91.39,44049.98,7034.78,37015.2,27446.73,9568.47
888,20250711,29,42,12,PED-988-6177,121,17.24,2086.04,338.98,1747.06,1190.85,556.21
889,20250410,16,51,13,PED-794-6881,36,62.76,2259.36,319.7,1939.66,1434.71,504.95
890,20230220,33,76,16,PED-554-5397,45,211.87,9534.15,1041.13,8493.02,5128.09,3364.93
891,20230312,23,62,4,PED-030-7724,41,39.52,1620.32,207.24,1413.08,1000.0,413.08
892,20240316,1,30,14,PED-710-8228,464,34.84,16165.76,520.54,15645.22,9888.86,5756.36
893,20251024,18,33,1,PED-240-1675,327,20.64,6749.28,157.93,6591.35,5001.5,1589.85
894,20250609,28,54,1,PED-136-0035,415,11.1,4606.5,422.88,4183.62,2578.35,1605.27
895,20250424,27,10,15,PED-741-9188,221,8.63,1907.23,213.42,1693.81,995.92,697.89
896,20230123,5,83,14,PED-104-1877,380,26.34,10009.2,70.06,9939.14,6034.74,3904.4
897,20240423,22,87,16,PED-266-8106,335,99.28,33258.8,3884.63,29374.17,17346.95,12027.22
898,20250116,27,18,13,PED-412-0693,233,8.58,1999.14,222.5,1776.64,1180.32,596.32
899,20240711,18,72,7,PED-650-8971,360,23.29,8384.4,1012.0,7372.4,5458.3,1914.1
900,20230510,27,64,15,PED-789-4587,437,7.93,3465.41,129.26,3336.15,2187.95,1148.2
901,20250126,30,24,20,PED-135-9968,304,32.76,9959.04,1758.77,8200.27,4820.4,3379.87
902,20241030,31,8,11,PED-097-3750,448,190.26,85236.48,5796.08,79440.4,55428.89,24011.51
903,20230801,31,65,16,PED-101-3146,25,192.98,4824.5,426.0,4398.5,3205.28,1193.22
904,20231219,35,33,2,PED-169-1448,488,18.24,8901.12,1039.65,7861.47,5302.22,2559.25
905,20250227,11,97,5,PED-818-4992,467,79.07,36925.69,1960.75,34964.94,20944.29,14020.65
906,20250811,23,71,10,PED-890-8152,258,40.79,10523.82,1855.35,8668.47,5994.67,2673.8
907,20250625,4,28,1,PED-165-7651,416,42.31,17600.96,732.2,16868.76,9937.97,6930.79
908,20250706,27,95,18,PED-250-1325,316,8.61,2720.76,250.85,2469.91,1797.44,672.47
909,20251026,18,1,7,PED-638-0659,229,21.06,4822.74,397.39,4425.35,2642.12,1783.23
910,20241126,34,93,2,PED-207-0667,472,12.05,5687.6,675.12,5012.48,3265.55,1746.93
911,20250816,33,59,13,PED-961-9462,23,227.09,5223.07,28.2,5194.87,3775.22,1419.65
912,20240207,7,11,1,PED-372-1896,175,36.99,6473.25,1005.3,5467.95,3451.45,2016.5
913,20250503,10,17,5,PED-775-6296,472,46.63,22009.36,308.13,21701.23,15756.01,5945.22
914,20250915,7,92,9,PED-557-4319,435,38.77,16864.95,844.93,16020.02,11525.68,4494.34
915,20250818,23,39,4,PED-131-1342,47,39.13,1839.11,86.62,1752.49,1124.2,628.29
916,20250716,5,100,13,PED-771-6662,389,24.94,9701.66,526.8,9174.86,5550.96,3623.9
917,20250804,13,54,8,PED-088-4468,130,90.62,11780.6,1751.78,10028.82,7380.87,2647.95
918,20250518,10,19,20,PED-294-9966,411,47.58,19555.38,719.64,18835.74,12887.44,5948.3
919,20250615,14,63,1,PED-943-3226,373,41.95,15647.35,251.92,15395.43,9488.13,5907.3
920,20231206,22,10,7,PED-201-7807,129,97.97,12638.13,2015.78,10622.35,7433.89,3188.46
921,20250228,12,1,15,PED-855-2382,386,120.14,46374.04,8175.74,38198.3,27668.44,10529.86
922,20251113,1,2,13,PED-674-7145,399,30.76,12273.24,1481.38,10791.86,6262.39,4529.47
923,20250324,29,91,5,PED-233-7833,393,18.85,7408.05,17.78,7390.27,5179.61,2210.66
924,20241012,26,51,14,PED-843-3283,385,26.67,10267.95,808.09,9459.86,6940.08,2519.78
925,20241031,35,99,3,PED-359-4328,417,18.9,7881.3,1343.76,6537.54,4509.5,2028.04
926,20251102,16,70,4,PED-198-9802,213,65.07,13859.91,632.01,13227.9,8253.28,4974.62
927,20250723,2,60,20,PED-781-2709,191,34.02,6497.82,421.06,6076.76,4275.84,1800.92
928,20240915,36,27,11,PED-640-2101,342,27.53,9415.26,784.29,8630.97,6426.49,2204.48
929,20240210,25,54,7,PED-001-8884,98,32.39,3174.22,370.43,2803.79,1934.19,869.6
930,20241213,30,36,6,PED-995-9182,118,29.78,3514.04,102.26,3411.78,2125.03,1286.75
931,20241012,25,84,9,PED-741-7942,428,34.43,14736.04,1956.95,12779.09,7749.82,5029.27
932,20231205,8,46,3,PED-066-9321,210,21.78,4573.8,444.57,4129.23,2594.87,1534.36
933,20240422,32,49,11,PED-561-7462,33,295.29,9744.57,1687.76,8056.81,4906.23,3150.58
934,20251222,34,20,4,PED-278-1877,480,13.39,6427.2,823.97,5603.23,3766.04,1837.19
935,20230112,31,47,3,PED-847-8320,320,190.77,61046.4,3247.67,57798.73,34628.27,23170.46
936,20230902,2,82,8,PED-534-1159,139,34.21,4755.19,784.61,3970.58,2346.42,1624.16
937,20250507,22,71,12,PED-044-6863,78,98.09,7651.02,786.52,6864.5,4624.11,2240.39
938,20241117,1,70,10,PED-870-3154,249,34.02,8470.98,1131.72,7339.26,4870.3,2468.96
939,20230520,31,79,20,PED-311-5283,380,191.35,72713.0,1090.69,71622.31,50674.52,20947.79
940,20250523,30,4,6,PED-455-7270,77,29.94,2305.38,98.67,2206.71,1409.34,797.37
941,20241214,19,14,13,PED-325-6241,459,43.26,19856.34,530.16,19326.18,12906.72,6419.46
942,20250612,8,25,11,PED-930-3619,204,21.47,4379.88,596.1,3783.78,2237.68,1546.1
943,20240315,9,82,18,PED-561-4853,302,33.93,10246.86,1363.86,8883.0,6666.9,2216.1
944,20250905,28,97,18,PED-750-7472,471,12.2,5746.2,229.27,5516.93,3949.73,1567.2
945,20250929,19,56,7,PED-982-6502,252,43.89,11060.28,1357.1,9703.18,5847.63,3855.55
946,20230602,30,74,5,PED-568-3952,392,33.69,13206.48,48.86,13157.62,8966.23,4191.39
947,20251209,27,86,8,PED-042-1264,442,8.04,3553.68,84.58,3469.1,2124.1,1345.0
948,20240619,5,29,14,PED-694-9656,185,26.51,4904.35,260.91,4643.44,2857.56,1785.88
949,20241214,20,49,1,PED-159-2957,45,61.51,2767.95,488.27,2279.68,1541.73,737.95
950,20250219,17,94,20,PED-183-2129,42,27.99,1175.58,202.08,973.5,728.4,245.1
951,20240524,21,54,16,PED-993-5696,39,67.12,2617.68,113.08,2504.6,1601.09,903.51
952,20241211,34,33,3,PED-148-3626,427,12.57,5367.39,711.18,4656.21,2711.84,1944.37
953,20241211,16,16,7,PED-506-8363,475,64.62,30694.5,2320.5,28374.0,19145.67,9228.33
954,20240825,5,10,1,PED-776-7767,278,27.26,7578.28,832.1,6746.18,4713.59,2032.59
955,20250216,22,45,6,PED-491-4786,272,96.48,26242.56,3692.33,22550.23,13412.66,9137.57
956,20240518,22,76,6,PED-598-3436,133,101.83,13543.39,10.83,13532.56,9850.07,3682.49
957,20240227,26,20,20,PED-183-1590,201,26.53,5332.53,411.14,4921.39,3548.84,1372.55
958,20240412,5,83,1,PED-126-3893,248,24.87,6167.76,279.4,5888.36,4417.64,1470.72
959,20251201,15,57,17,PED-858-7864,150,43.52,6528.0,1055.58,5472.42,3484.46,1987.96
960,20230330,24,4,9,PED-645-6405,221,43.06,9516.26,1521.65,7994.61,5091.21,2903.4
961,20240916,8,79,12,PED-615-6102,61,21.78,1328.58,88.48,1240.1,822.8,417.3
962,20240826,20,5,13,PED-869-4003,188,60.62,11396.56,754.45,10642.11,7385.97,3256.14
963,20240927,21,55,19,PED-529-7207,373,70.86,26430.78,2838.67,23592.11,14209.25,9382.86
964,20251103,9,40,5,PED-202-9844,310,36.03,11169.3,1908.83,9260.47,6177.89,3082.58
965,20230325,32,15,3,PED-968-2442,37,270.54,10009.98,1247.24,8762.74,6528.52,2234.22
966,20250622,3,78,20,PED-688-3615,326,32.15,10480.9,983.11,9497.79,6349.14,3148.65
967,20250823,16,72,13,PED-525-3511,125,70.81,8851.25,892.21,7959.04,5658.45,2300.59
968,20230404,25,65,14,PED-149-9040,364,29.68,10803.52,982.04,9821.48,6243.79,3577.69
969,20250106,10,43,5,PED-089-7487,255,47.43,12094.65,1731.95,10362.7,6725.5,3637.2
970,20240424,34,63,9,PED-273-5144,152,12.11,1840.72,257.52,1583.2,1020.04,563.16
971,20231208,16,3,1,PED-623-3524,413,66.75,27567.75,474.17,27093.58,18803.48,8290.1
972,20250706,7,4,15,PED-568-3666,239,36.69,8768.91,555.95,8212.96,5773.43,2439.53
973,20250209,6,38,7,PED-767-3656,232,28.46,6602.72,877.5,5725.22,3363.06,2362.16
974,20230327,24,70,16,PED-522-2263,364,46.41,16893.24,457.81,16435.43,11129.88,5305.55
975,20230127,25,42,2,PED-825-3193,315,30.97,9755.55,696.55,9059.0,6444.62,2614.38
976,20250907,36,76,4,PED-377-0529,59,27.31,1611.29,19.82,1591.47,1136.28,455.19
977,20230719,34,47,6,PED-543-0751,493,11.89,5861.77,794.86,5066.91,3774.09,1292.82
978,20250423,18,83,13,PED-215-0981,249,20.89,5201.61,764.64,4436.97,3045.85,1391.12
979,20240630,24,57,6,PED-735-4627,288,48.02,13829.76,206.06,13623.7,9306.56,4317.14
980,20230817,18,63,3,PED-242-5303,125,20.77,2596.25,321.42,2274.83,1358.48,916.35
981,20250222,27,78,12,PED-883-0448,304,8.63,2623.52,286.75,2336.77,1492.76,844.01
982,20241203,7,1,8,PED-967-8189,473,38.22,18078.06,2883.45,15194.61,11282.48,3912.13
983,20240826,25,99,17,PED-792-4069,457,30.07,13741.99,754.44,12987.55,8756.11,4231.44
984,20240922,24,16,12,PED-045-2936,100,44.57,4457.0,414.95,4042.05,2678.28,1363.77
985,20250913,35,23,10,PED-540-2092,449,19.29,8661.21,662.58,7998.63,5329.78,2668.85
986,20251022,18,84,13,PED-949-9878,229,20.57,4710.53,537.47,4173.06,2880.78,1292.28
987,20240129,13,18,9,PED-332-7723,30,92.42,2772.6,70.98,2701.62,1596.42,1105.2
988,20250128,32,54,1,PED-523-5854,74,290.27,21479.98,749.65,20730.33,13809.16,6921.17
989,20240125,12,69,2,PED-819-1067,97,109.67,10637.99,339.35,10298.64,6148.31,4150.33
990,20241014,3,66,14,PED-028-4247,100,32.51,3251.0,445.71,2805.29,1663.49,1141.8
991,20240406,26,38,5,PED-353-2940,454,28.36,12875.44,1116.3,11759.14,8772.16,2986.98
992,20251109,11,89,20,PED-407-4791,364,75.43,27456.52,2155.34,25301.18,17671.87,7629.31
993,20231223,3,38,2,PED-975-2010,347,32.27,11197.69,184.76,11012.93,6717.83,4295.1
994,20241008,1,31,16,PED-179-7487,158,30.58,4831.64,514.57,4317.07,3276.7,1040.37
995,20230717,36,35,5,PED-739-2470,194,28.66,5560.04,612.72,4947.32,3001.5,1945.82
996,20251221,22,6,18,PED-772-8127,99,93.49,9255.51,1090.3,8165.21,5518.06,2647.15
997,20250602,36,39,5,PED-607-9018,177,29.81,5276.37,465.38,4810.99,2815.81,1995.18
998,20250601,10,50,11,PED-196-2987,405,47.73,19330.65,2166.97,17163.68,11622.11,5541.57
999,20251212,14,20,13,PED-040-1171,314,40.92,12848.88,1147.4,11701.48,8620.66,3080.82
1000,20230808,23,88,19,PED-333-1951,135,38.37,5179.95,439.26,4740.69,3361.07,1379.62
1001,20231224,31,53,7,PED-562-9710,384,174.9,67161.6,7642.99,59518.61,37028.6,22490.01
1002,20250508,11,48,18,PED-937-8556,379,83.95,31817.05,2634.45,29182.6,17146.15,12036.45
1003,20250818,12,54,6,PED-211-7224,316,122.31,38649.96,5550.13,33099.83,21050.89,12048.94
1004,20250928,29,80,9,PED-067-9331,201,17.8,3577.8,414.67,3163.13,2171.06,992.07
1005,20240304,17,10,11,PED-839-7630,162,27.67,4482.54,752.17,3730.37,2373.28,1357.09
1006,20230508,15,73,5,PED-031-0405,320,41.41,13251.2,304.78,12946.42,7986.73,4959.69
1007,20230224,6,66,2,PED-284-6709,448,29.09,13032.32,779.33,12252.99,7878.77,4374.22
1008,20250526,30,65,8,PED-865-8831,425,33.04,14042.0,2218.64,11823.36,7901.54,3921.82
1009,20250719,29,35,7,PED-671-3865,216,17.31,3738.96,635.62,3103.34,2014.93,1088.41
1010,20250821,35,90,16,PED-353-5186,59,16.64,981.76,168.96,812.8,603.61,209.19
1011,20240214,33,59,5,PED-044-2797,344,218.75,75250.0,7795.9,67454.1,44034.0,23420.1
1012,20230326,36,42,1,PED-643-0852,94,26.96,2534.24,36.75,2497.49,1554.49,943.0
1013,20250603,6,83,17,PED-013-2617,258,26.02,6713.16,1203.0,5510.16,3900.83,1609.33
1014,20250818,33,19,16,PED-856-1758,221,233.71,51649.91,7101.86,44548.05,29355.39,15192.66
1015,20250815,24,56,10,PED-720-1518,105,47.14,4949.7,352.42,4597.28,2862.09,1735.19
1016,20251126,27,44,2,PED-397-6428,37,7.87,291.19,24.69,266.5,198.27,68.23
1017,20230307,7,46,2,PED-177-8167,166,39.03,6478.98,189.19,6289.79,4017.22,2272.57
1018,20230402,30,85,3,PED-888-3006,359,32.54,11681.86,157.71,11524.15,7347.87,4176.28
1019,20240406,6,21,1,PED-665-6557,377,25.58,9643.66,1136.02,8507.64,5361.69,3145.95
1020,20230523,11,6,14,PED-187-0166,367,81.87,30046.29,1105.7,28940.59,20556.37,8384.22
1021,20250126,3,40,14,PED-874-5369,314,30.07,9441.98,382.4,9059.58,5977.2,3082.38
1022,20250329,26,71,9,PED-095-6092,481,27.15,13059.15,2004.58,11054.57,8324.17,2730.4
1023,20230603,32,26,11,PED-003-6017,183,305.13,55838.79,6214.86,49623.93,30128.48,19495.45
1024,20240509,30,55,9,PED-075-9774,465,30.89,14363.85,1200.82,13163.03,7977.96,5185.07
1025,20230524,28,89,16,PED-264-3181,466,11.51,5363.66,476.83,4886.83,3311.68,1575.15
1026,20250715,20,9,11,PED-855-2828,419,62.05,25998.95,3845.24,22153.71,14506.72,7646.99
1027,20231014,10,67,6,PED-758-4989,118,52.33,6174.94,329.74,5845.2,4410.06,1435.14
1028,20250702,10,27,3,PED-720-5296,155,51.41,7968.55,1085.32,6883.23,4646.56,2236.67
1029,20231025,27,63,18,PED-475-0727,452,8.66,3914.32,89.64,3824.68,2708.81,1115.87
1030,20240222,13,61,20,PED-609-9663,493,93.5,46095.5,1834.6,44260.9,31500.12,12760.78
1031,20250626,23,35,14,PED-404-3366,50,35.56,1778.0,32.72,1745.28,1236.97,508.31
1032,20251011,29,41,5,PED-097-2131,348,17.17,5975.16,187.62,5787.54,3825.62,1961.92
1033,20250914,11,63,1,PED-938-4551,382,80.75,30846.5,1070.37,29776.13,20132.68,9643.45
1034,20250922,21,96,1,PED-996-5398,91,67.39,6132.49,684.39,5448.1,3367.73,2080.37
1035,20250507,26,50,5,PED-802-1629,218,26.93,5870.74,189.62,5681.12,4288.41,1392.71
1036,20231205,32,66,7,PED-353-4493,280,270.58,75762.4,196.98,75565.42,57004.34,18561.08
1037,20230314,1,96,6,PED-837-9220,205,31.88,6535.4,1031.94,5503.46,3522.2,1981.26
1038,20241017,8,90,11,PED-957-5968,400,19.32,7728.0,1132.92,6595.08,4264.15,2330.93
1039,20240701,19,20,8,PED-050-4443,166,45.18,7499.88,1239.73,6260.15,4128.8,2131.35
1040,20240903,33,15,9,PED-399-2006,247,231.81,57257.07,8594.29,48662.78,30740.34,17922.44
1041,20251101,33,83,4,PED-864-6603,64,213.42,13658.88,1296.23,12362.65,8015.56,4347.09
1042,20240402,24,56,9,PED-275-8404,140,42.33,5926.2,537.51,5388.69,3161.53,2227.16
1043,20240301,7,71,14,PED-275-5701,433,40.35,17471.55,104.83,17366.72,11550.98,5815.74
1044,20250613,8,94,2,PED-595-5365,122,20.47,2497.34,314.42,2182.92,1651.38,531.54
1045,20230629,9,39,4,PED-487-6555,185,33.11,6125.35,952.49,5172.86,3657.73,1515.13
1046,20240722,19,16,19,PED-937-1379,21,40.01,840.21,8.65,831.56,627.81,203.75
1047,20250708,9,56,19,PED-390-0416,264,34.62,9139.68,1208.27,7931.41,4796.64,3134.77
1048,20250226,17,51,17,PED-161-4154,339,26.74,9064.86,1551.9,7512.96,5319.31,2193.65
1049,20231011,28,34,1,PED-259-9580,369,11.05,4077.45,147.2,3930.25,2832.94,1097.31
1050,20230611,26,49,3,PED-833-3959,86,29.44,2531.84,319.52,2212.32,1516.59,695.73
1051,20241206,19,29,2,PED-343-8054,104,43.01,4473.04,685.72,3787.32,2286.1,1501.22
1052,20240909,14,88,12,PED-143-2889,192,37.37,7175.04,1098.5,6076.54,4092.47,1984.07
1053,20231220,35,90,10,PED-046-0245,161,16.66,2682.26,267.69,2414.57,1484.91,929.66
1054,20230121,18,51,2,PED-930-0841,444,23.19,10296.36,325.36,9971.0,5898.46,4072.54
1055,20241114,11,55,6,PED-061-0834,339,80.94,27438.66,3503.92,23934.74,14430.92,9503.82
1056,20230330,27,22,16,PED-352-8240,203,8.8,1786.4,170.07,1616.33,993.93,622.4
1057,20230218,35,82,7,PED-309-6298,189,18.57,3509.73,175.49,3334.24,2348.67,985.57
1058,20230722,15,97,19,PED-544-9970,401,45.07,18073.07,2971.21,15101.86,10982.21,4119.65
1059,20240425,4,34,2,PED-554-7061,307,40.11,12313.77,1252.31,11061.46,6745.3,4316.16
1060,20250314,8,30,18,PED-925-8883,70,22.04,1542.8,63.1,1479.7,998.66,481.04
1061,20230508,29,26,20,PED-500-1766,314,18.16,5702.24,61.58,5640.66,3289.57,2351.09
1062,20251010,25,25,5,PED-445-0977,32,32.21,1030.72,135.54,895.18,557.13,338.05
1063,20240413,4,2,16,PED-546-1656,154,41.71,6423.34,472.12,5951.22,3643.46,2307.76
1064,20230606,14,67,10,PED-500-5293,489,39.34,19237.26,2333.48,16903.78,12483.71,4420.07
1065,20240130,33,2,4,PED-608-4453,402,237.39,95430.78,8903.69,86527.09,64073.51,22453.58
1066,20230729,17,92,20,PED-235-9179,425,29.72,12631.0,1580.14,11050.86,7604.01,3446.85
1067,20230804,33,68,10,PED-626-6032,31,234.1,7257.1,1129.2,6127.9,4016.82,2111.08
1068,20231022,4,49,13,PED-913-1971,122,41.63,5078.86,592.7,4486.16,3357.37,1128.79
1069,20250815,5,88,11,PED-139-0841,379,25.03,9486.37,1536.79,7949.58,4705.23,3244.35
1070,20230226,28,29,15,PED-439-7532,236,11.4,2690.4,146.09,2544.31,1511.01,1033.3
1071,20231203,7,94,11,PED-216-0106,390,35.37,13794.3,609.71,13184.59,8889.5,4295.09
1072,20241216,18,7,11,PED-049-2182,25,21.76,544.0,77.85,466.15,348.99,117.16
1073,20251116,14,46,1,PED-119-7683,351,37.37,13116.87,2071.15,11045.72,7961.75,3083.97
1074,20250930,35,63,8,PED-035-9080,360,18.99,6836.4,880.53,5955.87,4330.65,1625.22
1075,20241210,21,78,19,PED-438-6795,388,70.72,27439.36,2711.01,24728.35,18005.21,6723.14
1076,20250502,14,2,4,PED-308-5210,25,41.54,1038.5,178.31,860.19,583.95,276.24
1077,20231222,29,39,19,PED-465-5950,431,17.68,7620.08,438.92,7181.16,4465.24,2715.92
1078,20250419,3,99,20,PED-153-8440,31,33.02,1023.62,151.6,872.02,548.92,323.1
1079,20240817,7,96,8,PED-007-4651,426,36.71,15638.46,2122.14,13516.32,7989.06,5527.26
1080,20230113,25,73,18,PED-461-8749,329,33.76,11107.04,1182.9,9924.14,6459.56,3464.58
1081,20250726,21,99,16,PED-569-0038,86,72.85,6265.1,536.29,5728.81,4106.62,1622.19
1082,20241224,25,48,5,PED-950-6746,281,32.33,9084.73,1439.02,7645.71,5326.3,2319.41
1083,20230611,10,2,7,PED-862-9206,197,50.46,9940.62,1626.29,8314.33,5951.13,2363.2
1084,20231106,2,35,13,PED-292-0901,61,30.61,1867.21,256.74,1610.47,1219.24,391.23
1085,20251225,12,6,17,PED-432-0288,457,109.57,50073.49,3715.45,46358.04,34725.08,11632.96
1086,20250516,34,68,9,PED-903-4647,132,12.51,1651.32,46.9,1604.42,1138.41,466.01
1087,20250806,8,41,20,PED-555-5300,475,19.89,9447.75,301.38,9146.37,5530.74,3615.63
1088,20231215,32,46,7,PED-269-9142,49,267.56,13110.44,1988.85,11121.59,8133.9,2987.69
1089,20251210,21,32,9,PED-680-3461,133,74.29,9880.57,1019.67,8860.9,6289.39,2571.51
1090,20240619,34,80,6,PED-966-8417,402,13.15,5286.3,820.43,4465.87,2800.71,1665.16
1091,20231115,11,34,11,PED-283-0459,383,80.93,30996.19,2309.22,28686.97,19592.22,9094.75
1092,20250501,19,3,16,PED-613-3475,362,42.02,15211.24,2607.21,12604.03,8047.11,4556.92
1093,20250810,22,91,4,PED-419-0530,168,88.87,14930.16,2627.71,12302.45,8768.02,3534.43
1094,20231105,12,55,6,PED-552-2065,246,113.99,28041.54,2655.53,25386.01,16748.58,8637.43
1095,20251221,32,85,12,PED-277-8623,87,284.61,24761.07,2295.35,22465.72,14075.55,8390.17
1096,20230905,21,85,10,PED-932-7745,415,76.49,31743.35,2482.33,29261.02,19725.19,9535.83
1097,20230930,15,23,15,PED-985-7038,476,44.29,21082.04,1033.02,20049.02,11828.38,8220.64
1098,20230923,5,6,13,PED-833-8860,87,25.96,2258.52,377.85,1880.67,1271.18,609.49
1099,20240823,14,76,19,PED-214-7400,35,40.83,1429.05,12.0,1417.05,913.9,503.15
1100,20250507,15,35,20,PED-869-0030,224,46.31,10373.44,675.31,9698.13,6933.79,2764.34
1101,20251121,3,96,17,PED-612-7795,398,32.06,12759.88,373.86,12386.02,8307.47,4078.55
1102,20241104,28,65,5,PED-146-6543,253,12.75,3225.75,245.16,2980.59,2019.13,961.46
1103,20240827,36,75,8,PED-112-3262,218,29.25,6376.5,1117.16,5259.34,3098.58,2160.76
1104,20250422,33,98,5,PED-737-4855,496,203.33,100851.68,17749.9,83101.78,51132.62,31969.16
1105,20240501,14,34,20,PED-185-6037,127,39.74,5046.98,618.26,4428.72,3308.65,1120.07
1106,20251217,35,61,10,PED-472-6955,459,17.95,8239.05,690.43,7548.62,4800.86,2747.76
1107,20240721,7,40,12,PED-876-3142,351,37.77,13257.27,514.38,12742.89,9487.26,3255.63
1108,20240714,14,16,13,PED-574-7510,153,41.81,6396.93,438.83,5958.1,4408.69,1549.41
1109,20230830,13,38,18,PED-378-7671,130,88.9,11557.0,1802.89,9754.11,7144.05,2610.06
1110,20241011,9,84,19,PED-703-3587,420,36.75,15435.0,2136.2,13298.8,9946.09,3352.71
1111,20250721,11,72,8,PED-095-1009,429,76.99,33028.71,971.04,32057.67,22548.03,9509.64
1112,20230708,8,78,19,PED-589-4721,170,19.7,3349.0,215.01,3133.99,2009.78,1124.21
1113,20241017,31,31,16,PED-196-6232,332,177.72,59003.04,7652.69,51350.35,32067.26,19283.09
1114,20250606,29,29,9,PED-119-7508,43,17.19,739.17,102.67,636.5,475.39,161.11
1115,20230424,10,100,11,PED-907-5432,479,48.37,23169.23,1278.94,21890.29,13924.17,7966.12
1116,20240830,35,46,9,PED-944-3131,217,18.69,4055.73,20.68,4035.05,2799.36,1235.69
1117,20240122,14,44,9,PED-911-1915,383,39.96,15304.68,1357.53,13947.15,8431.68,5515.47
1118,20230702,7,37,14,PED-130-2656,207,35.15,7276.05,651.93,6624.12,4323.89,2300.23
1119,20230823,30,45,15,PED-917-5503,368,32.08,11805.44,1195.89,10609.55,6534.48,4075.07
1120,20240519,21,57,7,PED-971-1940,420,72.98,30651.6,2691.21,27960.39,18609.12,9351.27
1121,20230928,2,63,6,PED-900-7151,241,29.41,7087.81,662.71,6425.1,4132.42,2292.68
1122,20250517,14,67,17,PED-120-3673,185,38.35,7094.75,1147.22,5947.53,3664.05,2283.48
1123,20241025,8,14,2,PED-556-3463,38,21.07,800.66,137.71,662.95,389.56,273.39
1124,20231206,12,26,4,PED-941-4516,148,118.53,17542.44,203.49,17338.95,13005.22,4333.73
1125,20231212,32,70,12,PED-365-7549,271,287.42,77890.82,615.34,77275.48,46126.78,31148.7
1126,20231015,19,92,19,PED-390-4493,70,43.54,3047.8,507.15,2540.65,1512.21,1028.44
1127,20231230,22,73,5,PED-772-7534,204,97.81,19953.24,586.63,19366.61,14514.98,4851.63
1128,20240619,29,90,1,PED-634-2443,357,17.3,6176.1,219.25,5956.85,3889.96,2066.89
1129,20240427,36,15,18,PED-695-3191,269,27.77,7470.13,1166.83,6303.3,4157.53,2145.77
1130,20251013,20,76,15,PED-162-8908,199,67.41,13414.59,1933.04,11481.55,6743.94,4737.61
1131,20240924,15,29,11,PED-655-5461,259,47.73,12362.07,1968.04,10394.03,6394.64,3999.39
1132,20250513,20,37,14,PED-859-7260,255,67.27,17153.85,2665.71,14488.14,10448.23,4039.91
1133,20240825,33,79,18,PED-365-0800,33,236.59,7807.47,607.42,7200.05,5323.69,1876.36
1134,20250426,31,29,10,PED-029-9732,289,186.95,54028.55,1512.8,52515.75,36064.07,16451.68
1135,20250203,7,89,15,PED-023-4219,109,36.92,4024.28,412.49,3611.79,2519.92,1091.87
1136,20250220,14,34,19,PED-310-3243,317,37.45,11871.65,1340.31,10531.34,7809.43,2721.91
1137,20230611,32,1,9,PED-925-8275,460,303.91,139798.6,22032.26,117766.34,82286.18,35480.16
1138,20250413,23,90,16,PED-216-1258,354,37.84,13395.36,211.65,13183.71,9275.36,3908.35
1139,20230903,21,47,6,PED-170-7779,241,67.53,16274.73,1882.99,14391.74,8775.73,5616.01
1140,20240126,18,88,19,PED-294-8566,254,21.13,5367.02,806.13,4560.89,3104.67,1456.22
1141,20231121,11,15,5,PED-644-5752,179,72.63,13000.77,1601.69,11399.08,8504.93,2894.15
1142,20251110,26,34,4,PED-161-5053,39,29.07,1133.73,50.45,1083.28,770.92,312.36
1143,20250510,31,40,20,PED-776-1380,300,172.39,51717.0,2984.07,48732.93,36998.85,11734.08
1144,20240325,24,10,16,PED-262-7823,372,41.41,15404.52,2276.79,13127.73,8947.17,4180.56
1145,20241123,7,74,16,PED-802-0691,203,38.56,7827.68,50.88,7776.8,5383.35,2393.45
1146,20230707,29,29,4,PED-325-9219,157,18.59,2918.63,164.9,2753.73,2052.98,700.75
1147,20230726,27,5,3,PED-750-6627,429,8.23,3530.67,112.28,3418.39,2334.84,1083.55
1148,20250602,1,93,7,PED-721-1431,234,30.61,7162.74,1166.81,5995.93,3886.91,2109.02
1149,20250704,3,60,11,PED-787-6473,66,30.08,1985.28,293.42,1691.86,1187.83,504.03
1150,20240320,18,28,17,PED-843-3442,298,21.32,6353.36,915.52,5437.84,3326.61,2111.23
1151,20230322,18,19,7,PED-020-8038,380,21.79,8280.2,1354.64,6925.56,4251.83,2673.73
1152,20241121,17,87,16,PED-038-9386,62,29.34,1819.08,208.28,1610.8,1049.34,561.46
1153,20240405,24,8,3,PED-492-5584,280,45.84,12835.2,1841.85,10993.35,7979.89,3013.46
1154,20251124,3,79,1,PED-957-6082,436,31.11,13563.96,1089.19,12474.77,9174.42,3300.35
1155,20230320,33,94,16,PED-586-4122,475,203.82,96814.5,5673.33,91141.17,62581.44,28559.73
1156,20240530,32,6,19,PED-994-3538,59,265.16,15644.44,1835.09,13809.35,8654.47,5154.88
1157,20250306,18,97,6,PED-487-2198,285,23.02,6560.7,696.09,5864.61,3428.12,2436.49
1158,20230115,24,36,2,PED-697-8386,114,43.23,4928.22,188.26,4739.96,3570.3,1169.66
1159,20230715,19,30,20,PED-039-3126,142,43.37,6158.54,1070.97,5087.57,3128.8,1958.77
1160,20231009,14,72,10,PED-099-7153,462,41.64,19237.68,2281.59,16956.09,11035.97,5920.12
1161,20241007,26,40,5,PED-190-5992,478,30.14,14406.92,1445.01,12961.91,7754.41,5207.5
1162,20240716,31,47,19,PED-136-2066,79,172.92,13660.68,1829.17,11831.51,7418.77,4412.74
1163,20230924,23,94,6,PED-378-7994,188,35.32,6640.16,1098.95,5541.21,3468.31,2072.9
1164,20250929,15,93,13,PED-678-6460,300,46.07,13821.0,168.62,13652.38,8270.33,5382.05
1165,20231012,4,10,4,PED-277-3493,143,44.12,6309.16,318.61,5990.55,3604.8,2385.75
1166,20230503,25,19,8,PED-272-4465,375,30.88,11580.0,583.63,10996.37,7181.46,3814.91
1167,20240511,22,74,1,PED-486-6356,347,96.03,33322.41,4145.31,29177.1,21638.81,7538.29
1168,20250801,2,92,11,PED-918-2627,366,30.01,10983.66,1230.17,9753.49,6955.71,2797.78
1169,20230327,14,94,7,PED-770-0647,327,40.5,13243.5,952.21,12291.29,8943.27,3348.02
1170,20240324,26,11,5,PED-537-1532,290,29.18,8462.2,847.91,7614.29,4451.67,3162.62
1171,20230308,11,73,4,PED-946-5336,427,81.92,34979.84,5463.85,29515.99,20683.8,8832.19
1172,20250130,12,100,11,PED-945-2443,287,119.53,34305.11,3025.71,31279.4,23760.52,7518.88
1173,20230206,2,62,12,PED-289-2321,306,32.58,9969.48,1274.1,8695.38,5091.92,3603.46
1174,20231212,13,40,14,PED-625-0606,300,82.71,24813.0,1585.55,23227.45,14798.91,8428.54
1175,20231130,18,82,9,PED-043-2400,126,21.22,2673.72,5.88,2667.84,1716.98,950.86
1176,20251115,26,9,4,PED-518-8044,328,27.43,8997.04,834.93,8162.11,5694.35,2467.76
1177,20230225,27,11,15,PED-566-7826,217,7.9,1714.3,212.57,1501.73,893.19,608.54
1178,20250322,23,39,19,PED-351-4964,248,40.73,10101.04,1021.22,9079.82,6481.31,2598.51
1179,20240514,30,44,2,PED-319-1634,37,34.04,1259.48,111.59,1147.89,723.09,424.8
1180,20250409,17,93,9,PED-242-2477,147,27.19,3996.93,355.73,3641.2,2255.41,1385.79
1181,20241117,17,66,12,PED-656-9026,181,30.26,5477.06,521.96,4955.1,3577.73,1377.37
1182,20231215,8,64,9,PED-771-0772,370,21.16,7829.2,249.75,7579.45,4651.78,2927.67
1183,20240910,23,35,1,PED-651-6624,161,40.13,6460.93,1134.54,5326.39,3694.37,1632.02
1184,20241123,16,57,12,PED-652-7080,106,64.05,6789.3,1034.01,5755.29,3469.33,2285.96
1185,20250117,11,86,10,PED-073-4527,223,79.39,17703.97,2209.46,15494.51,10158.29,5336.22
1186,20240920,8,65,18,PED-004-6582,396,21.24,8411.04,155.6,8255.44,5408.48,2846.96
1187,20230804,2,96,5,PED-695-4461,406,31.61,12833.66,794.4,12039.26,8215.94,3823.32
1188,20250316,16,49,19,PED-821-4376,337,66.73,22488.01,251.87,22236.14,16495.89,5740.25
1189,20231014,23,83,19,PED-984-8632,222,36.69,8145.18,826.74,7318.44,4804.1,2514.34
1190,20241220,35,81,4,PED-671-7777,263,18.8,4944.4,116.19,4828.21,3377.19,1451.02
1191,20231206,34,91,15,PED-059-4082,252,13.38,3371.76,132.51,3239.25,2009.88,1229.37
1192,20230527,13,51,2,PED-415-1031,293,87.64,25678.52,3071.15,22607.37,17143.8,5463.57
1193,20230724,8,39,16,PED-262-0939,41,20.62,845.42,99.93,745.49,435.46,310.03
1194,20230909,19,86,3,PED-132-6370,446,42.48,18946.08,1839.66,17106.42,10887.41,6219.01
1195,20230908,12,81,15,PED-786-9684,348,121.0,42108.0,75.79,42032.21,31897.45,10134.76
1196,20250817,11,57,8,PED-015-9389,30,76.29,2288.7,170.97,2117.73,1556.11,561.62
1197,20250108,22,39,3,PED-827-4035,133,100.41,13354.53,2029.89,11324.64,8494.46,2830.18
1198,20231230,24,32,8,PED-839-4399,417,44.14,18406.38,176.7,18229.68,13473.26,4756.42
1199,20230510,21,36,1,PED-795-8680,500,77.04,38520.0,3243.38,35276.62,21727.16,13549.46
1200,20230717,26,99,20,PED-390-4001,367,29.1,10679.7,1199.33,9480.37,5850.66,3629.71
1201,20241029,19,14,2,PED-206-4957,293,40.96,12001.28,102.01,11899.27,7265.01,4634.26
1202,20240229,26,32,2,PED-242-8458,410,29.52,12103.2,1163.12,10940.08,8259.01,2681.07
1203,20251118,29,65,19,PED-310-9139,467,19.58,9143.86,91.44,9052.42,6223.36,2829.06
1204,20250126,4,79,1,PED-483-2361,198,43.05,8523.9,1090.21,7433.69,4801.97,2631.72
1205,20231110,34,91,1,PED-757-3543,260,11.73,3049.8,237.58,2812.22,1742.82,1069.4
1206,20240707,24,67,13,PED-882-7767,361,46.19,16674.59,1934.25,14740.34,10627.93,4112.41
1207,20240118,27,60,19,PED-901-8098,254,8.01,2034.54,266.52,1768.02,1086.61,681.41
1208,20240527,5,20,6,PED-589-8710,454,25.49,11572.46,363.38,11209.08,8354.47,2854.61
1209,20230811,20,73,3,PED-728-7973,372,65.64,24418.08,3035.17,21382.91,15180.02,6202.89
1210,20240630,2,40,9,PED-186-6281,418,31.91,13338.38,266.77,13071.61,8343.73,4727.88
1211,20241026,15,98,15,PED-690-7491,87,46.25,4023.75,514.64,3509.11,2645.82,863.29
1212,20240427,6,24,17,PED-665-0958,362,25.78,9332.36,917.37,8414.99,5878.53,2536.46
1213,20241113,26,30,6,PED-473-7668,150,28.07,4210.5,440.84,3769.66,2211.63,1558.03
1214,20231228,7,69,20,PED-150-4716,41,35.61,1460.01,168.34,1291.67,904.29,387.38
1215,20240104,19,15,2,PED-516-8040,298,42.35,12620.3,1171.16,11449.14,7630.2,3818.94
1216,20240331,26,67,9,PED-112-9104,136,30.09,4092.24,159.6,3932.64,2765.95,1166.69
1217,20251216,19,89,11,PED-963-2929,235,44.08,10358.8,159.53,10199.27,6759.4,3439.87
1218,20250413,31,65,4,PED-049-8790,246,191.52,47113.92,3604.21,43509.71,28809.84,14699.87
1219,20250507,33,46,7,PED-053-7142,40,203.11,8124.4,277.04,7847.36,4823.27,3024.09
1220,20240205,2,74,18,PED-471-5385,108,32.83,3545.64,9.93,3535.71,2194.15,1341.56
1221,20241214,16,76,7,PED-056-9360,317,73.21,23207.57,1814.83,21392.74,13026.61,8366.13
1222,20240101,17,65,8,PED-383-4933,231,30.42,7027.02,514.38,6512.64,3922.3,2590.34
1223,20230212,23,87,4,PED-284-2497,188,40.27,7570.76,1037.19,6533.57,4348.6,2184.97
1224,20241227,17,63,16,PED-505-3679,320,27.01,8643.2,932.6,7710.6,4631.93,3078.67
1225,20230801,16,75,5,PED-503-4860,79,64.2,5071.8,859.67,4212.13,3029.98,1182.15
1226,20230310,34,59,1,PED-029-0798,326,13.17,4293.42,234.85,4058.57,2708.81,1349.76
1227,20231010,23,97,9,PED-857-6108,449,39.58,17771.42,556.25,17215.17,10156.32,7058.85
1228,20230304,10,79,6,PED-081-3521,161,45.09,7259.49,167.69,7091.8,4740.82,2350.98
1229,20251113,15,72,7,PED-847-6438,218,47.54,10363.72,295.37,10068.35,7198.92,2869.43
1230,20241015,22,67,9,PED-771-9737,24,102.15,2451.6,252.76,2198.84,1478.91,719.93
1231,20241230,31,72,16,PED-366-4511,314,187.5,58875.0,2826.0,56049.0,41729.26,14319.74
1232,20230117,26,59,8,PED-827-5277,408,26.78,10926.24,1746.01,9180.23,6657.33,2522.9
1233,20230719,36,7,20,PED-914-8323,492,26.49,13033.08,2213.02,10820.06,6984.91,3835.15
1234,20230918,12,36,14,PED-767-1223,53,113.96,6039.88,1003.22,5036.66,3728.22,1308.44
1235,20230411,13,32,2,PED-501-0006,297,91.85,27279.45,4836.65,22442.8,16302.73,6140.07
1236,20230209,4,89,5,PED-747-6876,324,41.61,13481.64,1976.41,11505.23,7675.67,3829.56
1237,20250331,9,96,16,PED-862-5744,473,33.55,15869.15,1521.85,14347.3,8327.07,6020.23
1238,20230719,21,12,20,PED-311-9819,89,76.75,6830.75,224.73,6606.02,4695.34,1910.68
1239,20250513,12,4,8,PED-116-3069,420,119.67,50261.4,6800.37,43461.03,27752.37,15708.66
1240,20241031,13,97,6,PED-384-8641,213,95.84,20413.92,387.86,20026.06,14935.51,5090.55
1241,20240819,15,24,4,PED-560-6191,25,47.32,1183.0,170.83,1012.17,697.64,314.53
1242,20250815,33,43,17,PED-707-1926,321,236.63,75958.23,6707.11,69251.12,46619.97,22631.15
1243,20240206,4,9,17,PED-757-3700,377,40.38,15223.26,765.73,14457.53,9687.21,4770.32
1244,20240703,33,89,6,PED-507-6755,122,209.31,25535.82,3429.46,22106.36,14891.85,7214.51
1245,20251019,28,92,19,PED-604-2205,427,11.26,4808.02,560.13,4247.89,2807.71,1440.18
1246,20251015,16,10,1,PED-468-5294,492,72.55,35694.6,4097.74,31596.86,23568.98,8027.88
1247,20240807,8,5,6,PED-278-0559,232,20.1,4663.2,754.97,3908.23,2804.84,1103.39
1248,20241027,26,84,19,PED-325-2544,327,28.98,9476.46,852.88,8623.58,5538.8,3084.78
1249,20251125,7,40,16,PED-916-2415,68,39.85,2709.8,213.26,2496.54,1554.02,942.52
1250,20250930,17,45,18,PED-537-6695,359,30.73,11032.07,110.32,10921.75,6339.93,4581.82
1251,20230624,24,82,3,PED-472-2489,490,42.29,20722.1,1688.85,19033.25,14046.15,4987.1
1252,20230619,35,79,12,PED-156-8857,333,17.61,5864.13,1052.61,4811.52,3475.58,1335.94
1253,20230730,27,47,3,PED-322-4476,255,8.83,2251.65,272.9,1978.75,1236.42,742.33
1254,20250711,21,84,4,PED-865-1114,229,67.61,15482.69,2718.76,12763.93,9662.83,3101.1
1255,20240309,5,87,15,PED-952-0469,451,26.28,11852.28,1724.51,10127.77,7402.58,2725.19
1256,20240603,18,88,18,PED-590-3379,176,22.79,4011.04,543.5,3467.54,2163.29,1304.25
1257,20250806,7,48,8,PED-095-0456,67,38.66,2590.22,117.08,2473.14,1470.41,1002.73
1258,20230315,5,41,15,PED-297-8185,428,25.81,11046.68,183.37,10863.31,8092.99,2770.32
1259,20231019,20,75,5,PED-598-3662,432,66.89,28896.48,5088.67,23807.81,15305.66,8502.15
1260,20251023,33,9,20,PED-943-4733,110,209.95,23094.5,2861.41,20233.09,13801.29,6431.8
1261,20250710,15,36,2,PED-073-3665,144,43.41,6251.04,726.37,5524.67,3717.09,1807.58
1262,20250505,23,13,10,PED-203-6772,32,40.31,1289.92,39.21,1250.71,854.39,396.32
1263,20231230,4,13,8,PED-042-5941,190,40.41,7677.9,56.05,7621.85,4881.07,2740.78
1264,20240615,23,34,13,PED-742-2073,242,39.89,9653.38,1152.61,8500.77,6295.63,2205.14
1265,20250913,9,70,5,PED-161-9602,431,32.57,14037.67,2494.49,11543.18,7890.6,3652.58
1266,20230516,12,88,14,PED-858-7403,465,118.93,55302.45,7510.07,47792.38,29753.59,18038.79
1267,20230820,20,70,5,PED-942-1847,23,68.37,1572.51,224.55,1347.96,951.41,396.55
1268,20240602,6,51,10,PED-743-6835,458,25.31,11591.98,639.88,10952.1,7564.48,3387.62
1269,20250807,33,79,3,PED-427-4820,95,218.24,20732.8,1820.34,18912.46,13724.43,5188.03
1270,20240709,13,13,17,PED-810-9313,163,93.84,15295.92,940.7,14355.22,9708.17,4647.05
1271,20250201,4,50,19,PED-124-8310,43,44.95,1932.85,190.19,1742.66,1060.98,681.68
1272,20241007,3,8,5,PED-652-6163,322,32.61,10500.42,919.84,9580.58,7253.13,2327.45
1273,20240902,17,18,2,PED-937-1953,174,27.99,4870.26,693.53,4176.73,2442.01,1734.72
1274,20250613,36,19,9,PED-703-4456,324,27.62,8948.88,562.88,8386.0,5935.98,2450.02
1275,20240319,13,21,5,PED-793-2085,338,90.46,30575.48,1219.96,29355.52,21146.22,8209.3
1276,20241202,24,20,17,PED-395-1501,318,46.21,14694.78,386.47,14308.31,10813.76,3494.55
1277,20251209,3,14,10,PED-676-1719,226,30.02,6784.52,69.88,6714.64,4821.01,1893.63
1278,20230915,29,26,10,PED-913-2650,499,18.24,9101.76,1116.79,7984.97,5472.3,2512.67
1279,20231025,20,70,20,PED-586-9581,311,66.5,20681.5,2628.62,18052.88,12487.05,5565.83
1280,20251104,26,74,19,PED-312-9629,159,26.41,4199.19,377.51,3821.68,2739.41,1082.27
1281,20241027,14,17,15,PED-192-7884,424,39.16,16603.84,1245.29,15358.55,9106.04,6252.51
1282,20250515,33,37,20,PED-247-5632,124,221.42,27456.08,3330.42,24125.66,14582.39,9543.27
1283,20250311,1,68,2,PED-272-9425,83,35.05,2909.15,118.98,2790.17,1964.35,825.82
1284,20250531,23,42,10,PED-362-5371,314,36.76,11542.64,1949.55,9593.09,6239.27,3353.82
1285,20250809,35,85,4,PED-331-8747,166,17.45,2896.7,508.37,2388.33,1469.62,918.71
1286,20250910,5,39,9,PED-723-3399,348,26.0,9048.0,1560.78,7487.22,5292.75,2194.47
1287,20240822,21,93,16,PED-651-0371,284,68.75,19525.0,2700.31,16824.69,10832.95,5991.74
1288,20240326,6,36,3,PED-561-5006,101,27.91,2818.91,324.46,2494.45,1706.77,787.68
1289,20240112,27,63,3,PED-771-9060,364,8.35,3039.4,477.19,2562.21,1671.29,890.92
1290,20230309,13,36,17,PED-079-1892,428,94.82,40582.96,6765.18,33817.78,22191.6,11626.18
1291,20240124,24,98,14,PED-973-3738,83,46.39,3850.37,40.43,3809.94,2601.99,1207.95
1292,20250415,10,95,10,PED-563-2840,91,46.24,4207.84,326.95,3880.89,2419.16,1461.73
1293,20250329,5,29,16,PED-353-2184,99,25.54,2528.46,231.1,2297.36,1665.24,632.12
1294,20231023,21,77,10,PED-436-4400,439,70.77,31068.03,2367.38,28700.65,17991.35,10709.3
1295,20240727,22,10,15,PED-661-4849,156,101.38,15815.28,460.22,15355.06,9431.67,5923.39
1296,20230814,14,12,8,PED-544-1433,112,40.22,4504.64,678.4,3826.24,2872.53,953.71
1297,20251122,1,33,6,PED-983-3081,178,30.8,5482.4,237.94,5244.46,3359.05,1885.41
1298,20240109,19,73,11,PED-304-0027,291,39.3,11436.3,431.15,11005.15,8259.66,2745.49
1299,20240330,16,56,8,PED-040-6658,175,69.52,12166.0,749.43,11416.57,7009.98,4406.59
1300,20250613,27,88,18,PED-675-8972,42,8.15,342.3,49.77,292.53,201.25,91.28
1301,20251223,17,15,17,PED-284-6443,100,27.19,2719.0,444.01,2274.99,1583.73,691.26
1302,20231102,4,1,3,PED-840-9346,67,42.14,2823.38,136.93,2686.45,1874.08,812.37
1303,20251016,30,18,7,PED-634-0025,464,31.6,14662.4,2171.5,12490.9,8112.47,4378.43
1304,20251119,4,25,17,PED-287-4695,24,41.78,1002.72,74.8,927.92,555.57,372.35
1305,20250525,23,94,14,PED-449-8780,121,40.38,4885.98,265.31,4620.67,3305.92,1314.75
1306,20230524,22,6,11,PED-073-2699,49,90.7,4444.3,321.32,4122.98,2567.09,1555.89
1307,20250913,2,33,9,PED-510-9731,287,33.07,9491.09,575.16,8915.93,5754.02,3161.91
1308,20251124,34,67,14,PED-474-1911,96,13.1,1257.6,213.41,1044.19,665.52,378.67
1309,20250405,5,97,15,PED-828-0365,101,26.72,2698.72,67.47,2631.25,1610.74,1020.51
1310,20251124,19,65,13,PED-850-2903,437,42.3,18485.1,2116.54,16368.56,10841.46,5527.1
1311,20250328,10,20,17,PED-250-2926,385,50.13,19300.05,1713.84,17586.21,12360.62,5225.59
1312,20250702,23,13,14,PED-840-7129,224,35.58,7969.92,1235.34,6734.58,4015.54,2719.04
1313,20250106,3,91,2,PED-860-2441,466,30.2,14073.2,2272.82,11800.38,6851.77,4948.61
1314,20230421,33,56,6,PED-125-8265,35,205.7,7199.5,758.83,6440.67,4389.51,2051.16
1315,20230219,26,84,12,PED-767-3917,42,26.74,1123.08,129.6,993.48,587.71,405.77
1316,20251005,35,93,6,PED-777-0078,200,18.78,3756.0,435.32,3320.68,1966.96,1353.72
1317,20250921,35,88,1,PED-211-1947,450,18.41,8284.5,329.72,7954.78,5181.38,2773.4
1318,20251116,9,32,8,PED-471-6344,128,32.82,4200.96,727.19,3473.77,2520.32,953.45
1319,20251127,15,82,14,PED-438-3049,444,47.29,20996.76,1234.61,19762.15,14767.16,4994.99
1320,20230315,16,10,18,PED-088-6772,461,64.13,29563.93,4130.08,25433.85,19075.15,6358.7
1321,20240427,9,37,4,PED-680-8942,20,35.84,716.8,73.19,643.61,410.9,232.71
1322,20240107,5,40,18,PED-263-2004,197,24.77,4879.69,503.1,4376.59,2968.94,1407.65
1323,20230806,33,12,5,PED-384-5326,30,204.95,6148.5,656.04,5492.46,3578.17,1914.29
1324,20240206,23,70,1,PED-597-2087,56,38.21,2139.76,21.18,2118.58,1306.38,812.2
1325,20230628,25,48,9,PED-750-3928,47,31.14,1463.58,184.41,1279.17,926.89,352.28
1326,20250131,8,37,16,PED-727-0211,488,20.95,10223.6,1265.68,8957.92,6167.95,2789.97
1327,20231004,20,48,5,PED-478-5335,22,63.28,1392.16,192.26,1199.9,787.99,411.91
1328,20250523,24,36,13,PED-263-3402,135,41.46,5597.1,734.9,4862.2,3533.93,1328.27
1329,20240114,1,61,15,PED-969-0223,311,34.9,10853.9,1181.99,9671.91,6586.7,3085.21
1330,20250426,20,21,13,PED-694-4352,484,67.94,32882.96,1055.54,31827.42,20608.35,11219.07
1331,20241126,3,21,11,PED-908-5983,70,30.39,2127.3,378.02,1749.28,1189.28,560.0
1332,20230704,19,92,2,PED-769-9433,491,45.32,22252.12,1275.05,20977.07,12369.08,8607.99
1333,20240808,10,15,11,PED-523-6755,358,51.85,18562.3,3320.8,15241.5,9653.03,5588.47
1334,20241130,17,1,4,PED-390-8103,260,28.17,7324.2,678.95,6645.25,4471.01,2174.24
1335,20251016,6,71,19,PED-956-2836,79,28.72,2268.88,255.25,2013.63,1439.82,573.81
1336,20230315,31,19,4,PED-581-8386,415,173.01,71799.15,8113.3,63685.85,46265.08,17420.77
1337,20251105,30,5,17,PED-835-3047,118,29.88,3525.84,193.57,3332.27,2104.56,1227.71
1338,20250724,5,67,9,PED-701-8424,496,24.2,12003.2,92.42,11910.78,7445.76,4465.02
1339,20251201,23,45,8,PED-812-3461,245,40.35,9885.75,1221.88,8663.87,5229.73,3434.14
1340,20251225,7,84,10,PED-708-7668,456,40.08,18276.48,429.5,17846.98,12326.24,5520.74
1341,20251122,19,4,8,PED-190-1775,141,41.73,5883.93,405.4,5478.53,3232.51,2246.02
1342,20231026,23,41,15,PED-106-5682,64,38.62,2471.68,240.25,2231.43,1390.78,840.65
1343,20251018,16,54,4,PED-390-2468,226,65.63,14832.38,692.67,14139.71,9695.53,4444.18
1344,20231218,26,85,14,PED-180-4643,499,29.29,14615.71,2294.67,12321.04,8088.53,4232.51
1345,20230726,17,59,6,PED-519-8829,367,29.04,10657.68,1815.0,8842.68,5621.03,3221.65
1346,20240406,19,59,5,PED-608-5003,336,42.31,14216.16,1791.24,12424.92,8344.53,4080.39
1347,20240205,3,8,17,PED-868-1559,381,28.41,10824.21,177.52,10646.69,6489.81,4156.88
1348,20250801,23,15,19,PED-993-3665,123,36.32,4467.36,288.59,4178.77,3105.5,1073.27
1349,20240302,3,79,12,PED-148-2212,209,31.64,6612.76,425.86,6186.9,4479.13,1707.77
1350,20251226,17,95,18,PED-784-0121,21,27.98,587.58,75.39,512.19,314.87,197.32
1351,20230813,20,75,12,PED-441-2135,177,64.12,11349.24,2022.43,9326.81,6405.59,2921.22
1352,20230428,2,78,19,PED-798-1967,45,29.42,1323.9,186.27,1137.63,735.72,401.91
1353,20251219,8,65,17,PED-798-9102,52,22.61,1175.72,107.93,1067.79,641.81,425.98
1354,20240819,2,92,13,PED-528-5796,112,32.81,3674.72,66.88,3607.84,2406.49,1201.35
1355,20250330,17,46,11,PED-864-6887,61,27.73,1691.53,39.92,1651.61,1142.81,508.8
1356,20250413,22,66,11,PED-121-1817,93,87.54,8141.22,1035.56,7105.66,4224.06,2881.6
1357,20230618,16,35,9,PED-335-4192,365,71.9,26243.5,3191.21,23052.29,13735.4,9316.89
1358,20251209,16,3,10,PED-954-0745,130,72.53,9428.9,1367.19,8061.71,5252.98,2808.73
1359,20250503,33,17,14,PED-372-5441,205,233.21,47808.05,7448.49,40359.56,23963.36,16396.2
1360,20230818,25,53,16,PED-223-7009,255,29.52,7527.6,3.76,7523.84,5553.13,1970.71
1361,20230524,32,90,18,PED-238-0809,330,293.78,96947.4,11197.42,85749.98,62419.25,23330.73
1362,20230210,2,31,17,PED-670-6836,482,30.05,14484.1,576.47,13907.63,9469.22,4438.41
1363,20230913,29,62,17,PED-777-6704,382,17.85,6818.7,719.37,6099.33,4263.61,1835.72
1364,20240130,4,43,19,PED-561-3127,45,41.84,1882.8,117.3,1765.5,1305.77,459.73
1365,20240701,19,53,5,PED-990-2391,249,40.01,9962.49,1459.5,8502.99,5312.26,3190.73
1366,20230525,20,42,3,PED-028-6269,345,64.04,22093.8,3311.86,18781.94,12219.49,6562.45
1367,20251122,32,41,6,PED-356-5560,43,287.19,12349.17,1539.94,10809.23,6681.51,4127.72
1368,20230902,3,99,1,PED-463-9727,208,31.26,6502.08,862.83,5639.25,3306.46,2332.79
1369,20241002,29,72,8,PED-359-3306,408,17.59,7176.72,897.09,6279.63,3828.27,2451.36
1370,20250517,26,63,17,PED-925-7271,340,26.75,9095.0,408.37,8686.63,6375.45,2311.18
1371,20240130,33,27,19,PED-939-2647,408,216.91,88499.28,11027.01,77472.27,58210.52,19261.75
1372,20230624,32,50,12,PED-384-9241,123,294.74,36253.02,2965.5,33287.52,22711.97,10575.55
1373,20250928,6,59,14,PED-939-6039,400,26.83,10732.0,17.17,10714.83,7235.53,3479.3
1374,20250721,28,32,3,PED-664-1142,170,11.66,1982.2,105.85,1876.35,1142.59,733.76
1375,20230709,5,43,18,PED-886-9333,298,26.22,7813.56,439.9,7373.66,4901.81,2471.85
1376,20250825,16,13,12,PED-855-6679,485,67.3,32640.5,2748.33,29892.17,21065.1,8827.07
1377,20241120,31,95,5,PED-902-4780,367,171.19,62826.73,5321.42,57505.31,38866.58,18638.73
1378,20230825,25,56,9,PED-745-6658,37,31.36,1160.32,137.27,1023.05,598.46,424.59
1379,20241005,10,20,8,PED-553-0450,456,52.21,23807.76,2354.59,21453.17,14829.97,6623.2
1380,20240607,31,57,10,PED-108-5726,326,185.97,60626.22,9203.06,51423.16,32086.88,19336.28
1381,20231007,11,57,18,PED-863-6293,276,78.07,21547.32,1029.96,20517.36,14848.51,5668.85
1382,20251229,24,75,10,PED-124-4633,26,47.86,1244.36,43.8,1200.56,765.34,435.22
1383,20250311,31,50,12,PED-414-7612,153,181.54,27775.62,4791.29,22984.33,17023.51,5960.82
1384,20240529,25,100,18,PED-567-4438,317,31.06,9846.02,1534.99,8311.03,5243.03,3068.0
1385,20251021,9,15,18,PED-343-3192,256,35.52,9093.12,1219.39,7873.73,5878.8,1994.93
1386,20231117,19,39,11,PED-233-1921,97,42.59,4131.23,124.76,4006.47,2416.88,1589.59
1387,20230404,18,36,9,PED-127-4985,334,22.71,7585.14,3.03,7582.11,5584.56,1997.55
1388,20230404,26,77,13,PED-948-9873,258,28.67,7396.86,157.55,7239.31,5068.07,2171.24
1389,20231110,18,12,19,PED-982-1397,359,22.66,8134.94,1031.51,7103.43,4330.85,2772.58
1390,20241202,23,25,18,PED-729-8649,175,40.32,7056.0,608.93,6447.07,4463.59,1983.48
1391,20230816,28,77,5,PED-781-7676,385,11.26,4335.1,256.64,4078.46,2610.9,1467.56
1392,20230421,9,69,7,PED-646-4287,40,32.81,1312.4,24.54,1287.86,851.93,435.93
1393,20240421,30,97,19,PED-649-4820,460,31.25,14375.0,294.69,14080.31,9812.26,4268.05
1394,20250511,19,82,20,PED-822-3202,80,40.07,3205.6,439.17,2766.43,2086.3,680.13
1395,20250828,19,78,13,PED-476-9911,268,42.19,11306.92,1613.5,9693.42,7320.94,2372.48
1396,20251203,1,67,10,PED-237-9087,393,34.82,13684.26,466.63,13217.63,9524.85,3692.78
1397,20231127,25,23,3,PED-324-5246,183,32.15,5883.45,119.43,5764.02,3752.26,2011.76
1398,20240709,18,86,12,PED-668-6692,137,21.07,2886.59,422.89,2463.7,1444.72,1018.98
1399,20230515,32,12,4,PED-960-4895,356,304.98,108572.88,15829.93,92742.95,59186.66,33556.29
1400,20240323,6,52,1,PED-111-8091,117,25.95,3036.15,484.87,2551.28,1690.33,860.95
1401,20230526,10,10,14,PED-419-0344,228,51.84,11819.52,964.47,10855.05,7666.08,3188.97
1402,20230321,36,60,10,PED-064-3256,423,28.11,11890.53,999.99,10890.54,7566.45,3324.09
1403,20250907,3,31,15,PED-678-2462,437,31.07,13577.59,1460.95,12116.64,7181.2,4935.44
1404,20241012,10,2,18,PED-791-1199,360,45.48,16372.8,2581.99,13790.81,9562.07,4228.74
1405,20231118,20,55,14,PED-404-6008,373,64.95,24226.35,2912.01,21314.34,14181.79,7132.55
1406,20230310,13,85,17,PED-971-9992,371,89.97,33378.87,133.52,33245.35,21890.89,11354.46
1407,20240708,5,55,10,PED-139-1075,33,26.67,880.11,147.68,732.43,540.78,191.65
1408,20250922,19,44,11,PED-728-1347,52,40.15,2087.8,259.1,1828.7,1160.36,668.34
1409,20231118,11,80,15,PED-271-1586,428,76.49,32737.72,2488.07,30249.65,22233.44,8016.21
1410,20250101,1,31,13,PED-673-0407,141,34.57,4874.37,797.45,4076.92,2376.46,1700.46
1411,20230601,6,15,15,PED-019-1677,471,28.53,13437.63,2147.33,11290.3,7134.73,4155.57
1412,20250709,1,53,14,PED-703-3994,496,32.82,16278.72,2213.91,14064.81,9986.69,4078.12
1413,20241226,33,58,13,PED-645-1622,463,208.93,96734.59,11076.11,85658.48,61145.08,24513.4
1414,20241112,33,14,2,PED-610-0202,441,220.68,97319.88,16680.63,80639.25,49057.23,31582.02
1415,20240122,21,93,4,PED-783-0351,314,72.77,22849.78,3715.37,19134.41,13429.19,5705.22
1416,20230804,18,30,19,PED-262-8325,497,21.61,10740.17,1762.46,8977.71,5322.05,3655.66
1417,20231213,21,40,10,PED-643-7605,430,74.5,32035.0,2428.25,29606.75,21506.08,8100.67
1418,20230829,29,82,20,PED-714-3434,184,17.94,3300.96,457.51,2843.45,2072.94,770.51
1419,20230412,16,81,17,PED-252-7369,443,70.09,31049.87,3446.54,27603.33,16607.25,10996.08
1420,20240204,19,65,5,PED-713-8920,308,42.23,13006.84,1236.95,11769.89,6923.69,4846.2
1421,20251006,2,37,3,PED-672-5015,371,29.57,10970.47,1973.59,8996.88,6686.62,2310.26
1422,20230404,36,18,11,PED-118-9597,212,28.99,6145.88,346.01,5799.87,3439.23,2360.64
1423,20250217,33,100,16,PED-385-2069,415,234.8,97442.0,14090.11,83351.89,56567.63,26784.26
1424,20231103,31,38,1,PED-504-1681,446,175.57,78304.22,9443.49,68860.73,46405.15,22455.58
1425,20230111,30,98,20,PED-248-1428,494,34.16,16875.04,371.25,16503.79,11505.24,4998.55
1426,20251126,1,51,19,PED-393-9349,320,32.86,10515.2,356.47,10158.73,6740.16,3418.57
1427,20250618,9,92,13,PED-057-3358,271,37.56,10178.76,1798.59,8380.17,5931.95,2448.22
1428,20250124,16,22,4,PED-439-4405,329,71.61,23559.69,1811.74,21747.95,15457.23,6290.72
1429,20231105,33,56,17,PED-314-3992,326,230.95,75289.7,5669.31,69620.39,48952.55,20667.84
1430,20231121,8,86,10,PED-349-3692,461,21.22,9782.42,666.18,9116.24,5891.07,3225.17
1431,20250228,27,82,10,PED-513-7516,46,8.14,374.44,10.6,363.84,231.3,132.54
1432,20230124,24,72,15,PED-733-1339,164,43.87,7194.68,1148.27,6046.41,3830.02,2216.39
1433,20240213,7,66,8,PED-793-6972,181,38.19,6912.39,569.58,6342.81,4472.79,1870.02
1434,20241109,16,96,7,PED-722-5023,379,71.67,27162.93,268.91,26894.02,15757.51,11136.51
1435,20250727,11,39,18,PED-679-4986,297,81.52,24211.44,2946.53,21264.91,14135.94,7128.97
1436,20250525,36,16,14,PED-003-7665,369,26.33,9715.77,157.4,9558.37,6841.85,2716.52
1437,20230315,4,81,5,PED-834-5658,245,43.47,10650.15,1840.35,8809.8,5330.41,3479.39
1438,20231111,29,63,5,PED-694-5918,329,18.64,6132.56,173.55,5959.01,3549.74,2409.27
1439,20230903,29,83,18,PED-468-9874,148,17.35,2567.8,157.15,2410.65,1398.97,1011.68
1440,20231115,27,11,19,PED-754-9370,274,9.0,2466.0,184.21,2281.79,1575.31,706.48
1441,20241112,34,9,17,PED-342-6678,28,11.75,329.0,15.1,313.9,224.88,89.02
1442,20241110,2,85,8,PED-581-6603,339,30.52,10346.28,1259.14,9087.14,6802.14,2285.0
1443,20230914,22,46,5,PED-381-4782,141,98.99,13957.59,85.14,13872.45,9595.31,4277.14
1444,20251222,31,86,20,PED-057-5132,276,193.03,53276.28,7788.99,45487.29,33901.22,11586.07
1445,20240404,2,68,19,PED-450-0575,371,30.67,11378.57,748.71,10629.86,7274.25,3355.61
1446,20251110,8,35,20,PED-628-8871,205,21.29,4364.45,71.14,4293.31,2858.55,1434.76
1447,20230404,31,96,3,PED-198-6221,317,186.28,59050.76,8639.13,50411.63,31827.5,18584.13
1448,20240325,1,17,16,PED-903-5519,485,33.52,16257.2,369.04,15888.16,10302.91,5585.25
1449,20251101,23,67,1,PED-819-4665,344,40.36,13883.84,1257.88,12625.96,9523.38,3102.58
1450,20240905,5,93,6,PED-042-8738,486,27.32,13277.52,1468.49,11809.03,7502.39,4306.64
1451,20250212,9,5,11,PED-499-1231,154,36.8,5667.2,582.59,5084.61,3198.05,1886.56
1452,20230112,20,27,19,PED-344-0958,148,65.26,9658.48,1322.25,8336.23,5062.33,3273.9
1453,20230729,5,2,11,PED-961-1356,470,27.44,12896.8,1984.82,10911.98,7310.07,3601.91
1454,20230922,34,4,8,PED-574-0478,230,13.21,3038.3,16.41,3021.89,2192.61,829.28
1455,20240715,8,25,8,PED-310-5169,153,21.58,3301.74,562.95,2738.79,1632.92,1105.87
1456,20251010,16,5,2,PED-269-4575,418,69.42,29017.56,3992.82,25024.74,18629.9,6394.84
1457,20230827,15,51,20,PED-913-5191,391,44.34,17336.94,631.06,16705.88,12021.47,4684.41
1458,20250719,2,97,6,PED-649-0647,497,30.06,14939.82,412.34,14527.48,9106.51,5420.97
1459,20240725,2,21,9,PED-791-9693,304,32.58,9904.32,902.28,9002.04,5763.12,3238.92
1460,20230616,4,58,14,PED-343-8455,156,42.94,6698.64,957.91,5740.73,3827.18,1913.55
1461,20250921,36,63,3,PED-586-0539,330,27.53,9084.9,1427.24,7657.66,4478.07,3179.59
1462,20240731,22,92,8,PED-190-8670,345,99.65,34379.25,3073.5,31305.75,23366.66,7939.09
1463,20230119,4,5,14,PED-917-8597,297,42.48,12616.56,1423.15,11193.41,7666.43,3526.98
1464,20250430,32,32,8,PED-386-4744,463,304.6,141029.8,7037.39,133992.41,79982.5,54009.91
1465,20230527,29,50,13,PED-133-1565,435,19.09,8304.15,618.66,7685.49,4738.79,2946.7
1466,20230419,32,61,1,PED-725-4838,31,263.83,8178.73,1193.28,6985.45,4753.4,2232.05
1467,20241201,16,82,2,PED-849-7853,129,64.97,8381.13,664.62,7716.51,5465.73,2250.78
1468,20231006,2,18,8,PED-136-8162,388,30.55,11853.4,1671.33,10182.07,6165.78,4016.29
1469,20240531,36,76,7,PED-573-4637,478,29.24,13976.72,887.52,13089.2,9449.04,3640.16
1470,20231218,19,99,14,PED-586-1857,326,44.58,14533.08,20.35,14512.73,10859.72,3653.01
1471,20250928,24,60,14,PED-439-2986,240,43.1,10344.0,925.79,9418.21,5789.61,3628.6
1472,20250723,35,87,6,PED-420-3766,246,16.68,4103.28,81.66,4021.62,2583.96,1437.66
1473,20241204,14,14,3,PED-965-1727,272,40.92,11130.24,1882.12,9248.12,5589.52,3658.6
1474,20231027,7,13,7,PED-411-0801,284,36.19,10277.96,407.01,9870.95,7346.89,2524.06
1475,20241213,5,10,20,PED-436-6389,114,26.04,2968.56,300.12,2668.44,1557.93,1110.51
1476,20251013,21,30,3,PED-161-6796,137,76.3,10453.1,149.48,10303.62,6811.05,3492.57
1477,20230917,7,46,16,PED-128-9967,63,37.67,2373.21,83.77,2289.44,1466.51,822.93
1478,20240408,16,9,3,PED-852-4643,171,71.18,12171.78,985.91,11185.87,7659.25,3526.62
1479,20251230,8,73,9,PED-125-3955,270,22.48,6069.6,1029.4,5040.2,3005.96,2034.24
1480,20250929,21,9,15,PED-974-6324,46,77.19,3550.74,259.2,3291.54,1991.81,1299.73
1481,20230315,18,49,2,PED-751-5601,288,21.49,6189.12,745.79,5443.33,3203.99,2239.34
1482,20230511,26,27,2,PED-507-3410,139,28.96,4025.44,137.27,3888.17,2912.88,975.29
1483,20231028,9,32,4,PED-449-9238,77,35.28,2716.56,13.04,2703.52,1804.19,899.33
1484,20241218,33,60,7,PED-491-7921,36,216.27,7785.72,725.63,7060.09,4923.66,2136.43
1485,20250731,29,69,4,PED-277-6180,106,19.96,2115.76,278.43,1837.33,1228.06,609.27
1486,20241120,5,74,16,PED-522-7414,331,27.02,8943.62,984.69,7958.93,5592.78,2366.15
1487,20240920,36,51,4,PED-644-2321,336,28.09,9438.24,538.92,8899.32,5268.34,3630.98
1488,20230402,18,29,3,PED-576-9653,50,22.49,1124.5,2.02,1122.48,669.56,452.92
1489,20250627,1,14,5,PED-370-1162,197,32.76,6453.72,1101.65,5352.07,3382.86,1969.21
1490,20231114,34,11,1,PED-150-1957,490,13.43,6580.7,950.91,5629.79,3593.64,2036.15
1491,20231129,30,90,10,PED-314-9632,399,31.16,12432.84,2092.45,10340.39,7578.01,2762.38
1492,20250514,32,45,15,PED-145-9666,213,294.19,62662.47,2976.47,59686.0,38916.97,20769.03
1493,20230801,7,29,7,PED-317-9398,422,37.17,15685.74,1668.96,14016.78,10497.89,3518.89
1494,20240907,6,81,4,PED-855-4763,223,27.67,6170.41,239.41,5931.0,3761.46,2169.54
1495,20250326,17,89,15,PED-881-5912,424,26.99,11443.76,330.72,11113.04,6527.65,4585.39
1496,20250130,14,74,5,PED-905-1685,334,37.47,12514.98,341.66,12173.32,7676.07,4497.25
1497,20231227,32,43,18,PED-405-7454,219,273.56,59909.64,6488.21,53421.43,37706.53,15714.9
1498,20250116,19,52,6,PED-983-3582,186,42.69,7940.34,503.42,7436.92,4745.19,2691.73
1499,20241220,22,54,3,PED-009-0278,230,98.81,22726.3,465.89,22260.41,14901.47,7358.94
1500,20230427,7,98,15,PED-252-9922,162,35.89,5814.18,579.67,5234.51,3196.25,2038.26
1501,20250525,21,91,6,PED-004-4422,88,77.63,6831.44,662.65,6168.79,4492.49,1676.3
1502,20240811,30,51,20,PED-781-4567,480,33.26,15964.8,1293.15,14671.65,9164.92,5506.73
1503,20250322,11,68,12,PED-025-3647,71,80.9,5743.9,510.06,5233.84,3256.59,1977.25
1504,20250602,9,98,15,PED-663-4256,196,36.09,7073.64,461.91,6611.73,4784.55,1827.18
1505,20250918,16,74,9,PED-779-5602,95,62.87,5972.65,520.22,5452.43,3956.67,1495.76
1506,20240918,16,2,19,PED-301-3460,379,62.81,23804.99,3537.42,20267.57,13870.3,6397.27
1507,20250913,11,26,10,PED-187-3698,375,75.84,28440.0,1021.0,27419.0,17988.11,9430.89
1508,20250212,16,85,20,PED-408-7227,258,66.79,17231.82,1218.29,16013.53,10171.3,5842.23
1509,20251004,13,32,11,PED-400-8882,256,91.26,23362.56,3186.65,20175.91,13308.37,6867.54
1510,20250522,30,16,10,PED-921-6860,265,33.04,8755.6,1268.69,7486.91,5439.28,2047.63
1511,20240416,8,19,19,PED-446-4490,342,22.37,7650.54,832.38,6818.16,4141.86,2676.3
1512,20240521,5,65,20,PED-098-8020,292,27.35,7986.2,998.27,6987.93,5035.66,1952.27
1513,20240325,25,91,18,PED-614-7035,158,30.94,4888.52,78.22,4810.3,3118.26,1692.04
1514,20230303,11,17,14,PED-445-2776,234,83.16,19459.44,1344.65,18114.79,11726.97,6387.82
1515,20240728,31,23,19,PED-070-3544,366,180.73,66147.18,3029.54,63117.64,38864.76,24252.88
1516,20230709,5,7,18,PED-729-8256,497,25.82,12832.54,1068.95,11763.59,8482.23,3281.36
1517,20230228,21,43,11,PED-577-8896,121,67.14,8123.94,1351.82,6772.12,4594.6,2177.52
1518,20231212,18,88,9,PED-448-8292,396,23.29,9222.84,231.49,8991.35,6046.18,2945.17
1519,20241021,30,62,18,PED-771-2532,283,34.47,9755.01,1393.02,8361.99,4893.13,3468.86
1520,20250702,33,56,10,PED-729-3781,155,209.2,32426.0,2221.18,30204.82,19707.32,10497.5
1521,20231002,33,94,15,PED-679-0910,265,203.17,53840.05,9163.58,44676.47,27750.61,16925.86
1522,20230524,9,77,13,PED-112-2042,226,33.77,7632.02,58.77,7573.25,4644.32,2928.93
1523,20251230,6,90,12,PED-190-0919,438,24.9,10906.2,599.84,10306.36,6676.26,3630.1
1524,20241031,19,57,10,PED-308-2705,251,44.51,11172.01,870.3,10301.71,6214.08,4087.63
1525,20231018,33,1,19,PED-540-5455,196,220.77,43270.92,2803.96,40466.96,28726.69,11740.27
1526,20251201,34,30,13,PED-272-3630,28,11.59,324.52,57.89,266.63,195.08,71.55
1527,20241122,27,99,9,PED-618-3906,296,9.14,2705.44,430.71,2274.73,1619.87,654.86
1528,20240823,8,50,14,PED-087-6763,356,22.28,7931.68,592.5,7339.18,5173.91,2165.27
1529,20250320,29,51,16,PED-352-2873,165,17.65,2912.25,148.23,2764.02,2048.82,715.2
1530,20251016,2,82,5,PED-911-9364,377,31.5,11875.5,365.77,11509.73,7226.1,4283.63
1531,20230914,3,42,19,PED-135-3672,257,28.37,7291.09,1290.52,6000.57,3767.01,2233.56
1532,20241205,7,32,8,PED-036-2288,90,39.01,3510.9,604.23,2906.67,1789.31,1117.36
1533,20250504,19,67,20,PED-492-2815,497,41.81,20779.57,3617.72,17161.85,10100.47,7061.38
1534,20241022,22,47,4,PED-125-2760,377,91.55,34514.35,831.8,33682.55,24050.22,9632.33
1535,20250422,17,46,11,PED-217-5618,114,27.94,3185.16,260.55,2924.61,1900.02,1024.59
1536,20251031,4,33,17,PED-933-3570,372,40.06,14902.32,1934.32,12968.0,8308.05,4659.95
1537,20230303,26,11,9,PED-253-9597,199,28.82,5735.18,133.06,5602.12,3666.01,1936.11
1538,20230926,14,50,13,PED-290-3765,98,35.89,3517.22,592.65,2924.57,1815.6,1108.97
1539,20231231,18,30,16,PED-973-0533,298,22.08,6579.84,934.34,5645.5,4114.74,1530.76
1540,20240618,25,24,5,PED-563-0504,249,31.42,7823.58,82.15,7741.43,4512.44,3228.99
1541,20230920,27,59,13,PED-073-7859,384,8.06,3095.04,356.24,2738.8,1594.32,1144.48
1542,20240203,30,8,6,PED-934-8657,332,32.03,10633.96,445.56,10188.4,6660.64,3527.76
1543,20230929,9,30,17,PED-194-3386,43,34.31,1475.33,163.91,1311.42,787.65,523.77
1544,20230408,4,57,14,PED-845-2536,26,40.36,1049.36,81.12,968.24,693.12,275.12
1545,20240325,27,12,16,PED-474-4679,68,9.0,612.0,24.66,587.34,404.75,182.59
1546,20250122,6,10,12,PED-156-5074,163,27.35,4458.05,356.64,4101.41,2677.64,1423.77
1547,20240327,30,28,13,PED-475-7881,433,33.92,14687.36,1429.08,13258.28,9310.05,3948.23
1548,20230927,29,34,8,PED-619-8699,35,19.54,683.9,92.26,591.64,359.19,232.45
1549,20250513,35,22,13,PED-808-9372,70,18.88,1321.6,136.39,1185.21,741.42,443.79
1550,20240722,20,53,15,PED-075-5747,354,63.44,22457.76,240.3,22217.46,15102.48,7114.98
1551,20250822,13,35,9,PED-808-2037,147,95.5,14038.5,2060.85,11977.65,8928.41,3049.24
1552,20230717,31,69,16,PED-382-9305,421,185.19,77964.99,3991.81,73973.18,50469.86,23503.32
1553,20250219,10,31,12,PED-439-4350,209,46.55,9728.95,248.09,9480.86,6767.98,2712.88
1554,20230218,5,49,14,PED-371-7372,132,26.3,3471.6,216.28,3255.32,2452.08,803.24
1555,20230506,9,27,4,PED-733-4972,113,37.07,4188.91,311.65,3877.26,2340.28,1536.98
1556,20231030,34,20,9,PED-695-6278,289,12.61,3644.29,324.34,3319.95,2014.23,1305.72
1557,20250717,16,81,15,PED-355-1794,470,73.17,34389.9,1888.01,32501.89,22743.27,9758.62
1558,20240107,24,73,7,PED-811-4624,192,44.97,8634.24,29.36,8604.88,5394.54,3210.34
1559,20250514,3,37,11,PED-637-5096,498,32.56,16214.88,697.24,15517.64,11714.82,3802.82
1560,20230123,30,39,8,PED-232-1494,399,33.9,13526.1,2039.74,11486.36,8293.26,3193.1
1561,20250729,24,25,6,PED-968-4450,90,46.44,4179.6,387.87,3791.73,2578.92,1212.81
1562,20240215,4,46,20,PED-293-5485,418,42.84,17907.12,1009.96,16897.16,12227.69,4669.47
1563,20250423,17,45,4,PED-787-4160,175,29.12,5096.0,453.03,4642.97,3202.32,1440.65
1564,20241225,19,83,20,PED-282-3469,491,44.01,21608.91,1765.45,19843.46,14353.21,5490.25
1565,20240909,15,56,18,PED-945-3512,409,44.6,18241.4,452.39,17789.01,10936.16,6852.85
1566,20241228,29,92,18,PED-014-5229,229,17.41,3986.89,704.88,3282.01,2039.98,1242.03
1567,20240826,25,64,8,PED-549-6954,287,32.27,9261.49,415.84,8845.65,5313.64,3532.01
1568,20230125,10,1,2,PED-020-0489,221,52.42,11584.82,951.11,10633.71,7665.31,2968.4
1569,20250509,22,97,18,PED-136-4919,496,102.03,50606.88,3243.9,47362.98,33441.6,13921.38
1570,20240911,3,37,2,PED-467-5556,500,29.03,14515.0,2065.48,12449.52,7936.73,4512.79
1571,20251225,20,36,19,PED-406-3717,443,64.73,28675.39,1769.27,26906.12,19755.92,7150.2
1572,20241104,10,48,17,PED-270-2017,444,45.3,20113.2,629.54,19483.66,13838.31,5645.35
1573,20240404,31,83,1,PED-887-9976,359,179.42,64411.78,2286.62,62125.16,36235.51,25889.65
1574,20230404,4,38,5,PED-310-0517,353,42.26,14917.78,2450.99,12466.79,8588.11,3878.68
1575,20240610,31,89,19,PED-833-0909,277,193.5,53599.5,1264.95,52334.55,32485.67,19848.88
1576,20240615,15,88,15,PED-897-6866,70,41.52,2906.4,357.2,2549.2,1927.98,621.22
1577,20230318,28,83,4,PED-965-1231,70,11.3,791.0,75.86,715.14,488.17,226.97
1578,20230424,18,3,12,PED-858-5284,499,21.65,10803.35,733.55,10069.8,5874.8,4195.0
1579,20230313,16,44,17,PED-276-6176,217,63.39,13755.63,579.11,13176.52,9266.59,3909.93
1580,20250709,7,57,11,PED-820-2468,114,35.27,4020.78,568.14,3452.64,2395.3,1057.34
1581,20230903,15,17,2,PED-591-9215,41,44.38,1819.58,156.3,1663.28,1024.96,638.32
1582,20250907,18,68,17,PED-736-2213,76,20.82,1582.32,104.27,1478.05,929.52,548.53
1583,20250719,17,81,15,PED-385-8416,380,29.46,11194.8,137.7,11057.1,6701.77,4355.33
1584,20230807,20,41,3,PED-662-4274,361,67.94,24526.34,1837.02,22689.32,14204.85,8484.47
1585,20230715,28,25,7,PED-596-8446,408,11.5,4692.0,534.42,4157.58,2589.57,1568.01
1586,20230621,1,31,13,PED-238-4209,206,32.05,6602.3,397.46,6204.84,3607.46,2597.38
1587,20231113,30,27,2,PED-151-6414,144,32.28,4648.32,356.53,4291.79,3144.02,1147.77
1588,20240805,34,89,10,PED-309-0702,127,11.63,1477.01,54.94,1422.07,1075.97,346.1
1589,20241218,3,2,9,PED-090-5022,434,28.5,12369.0,2173.23,10195.77,7278.03,2917.74
1590,20241022,29,71,11,PED-699-1012,226,17.56,3968.56,302.01,3666.55,2746.39,920.16
1591,20230911,15,12,8,PED-698-8629,128,43.92,5621.76,770.74,4851.02,3120.91,1730.11
1592,20250830,26,97,3,PED-431-8846,198,26.52,5250.96,769.27,4481.69,2759.04,1722.65
1593,20231127,2,13,4,PED-517-5164,261,33.04,8623.44,1014.98,7608.46,4686.47,2921.99
1594,20230213,25,62,7,PED-294-2024,157,34.02,5341.14,400.59,4940.55,3711.04,1229.51
1595,20250111,31,91,18,PED-232-6568,243,199.05,48369.15,7951.89,40417.26,25224.79,15192.47
1596,20240723,3,56,3,PED-231-4879,177,30.27,5357.79,325.75,5032.04,3001.19,2030.85
1597,20230509,7,27,8,PED-059-9450,163,36.85,6006.55,43.25,5963.3,3575.19,2388.11
1598,20240815,36,93,14,PED-703-9800,337,27.58,9294.46,1202.7,8091.76,5267.6,2824.16
1599,20241004,20,13,9,PED-593-6698,174,63.6,11066.4,1123.24,9943.16,7174.91,2768.25
1600,20231105,29,39,17,PED-661-9150,99,19.64,1944.36,35.97,1908.39,1329.08,579.31
1601,20240509,26,84,7,PED-454-8346,427,30.09,12848.43,495.95,12352.48,8614.0,3738.48
1602,20241016,31,14,8,PED-471-5454,428,187.84,80395.52,64.32,80331.2,54047.55,26283.65
1603,20240419,31,91,8,PED-893-7361,168,198.51,33349.68,4102.01,29247.67,22215.49,7032.18
1604,20240624,20,8,13,PED-029-4696,167,67.63,11294.21,489.04,10805.17,7277.58,3527.59
1605,20230925,22,67,3,PED-416-9502,424,93.56,39669.44,5906.78,33762.66,24445.85,9316.81
1606,20240128,12,19,11,PED-091-6066,440,116.02,51048.8,9132.63,41916.17,29398.9,12517.27
1607,20231105,3,82,2,PED-002-0386,363,30.38,11027.94,1277.04,9750.9,7053.57,2697.33
1608,20241224,24,40,4,PED-283-2831,421,45.23,19041.83,1420.52,17621.31,11674.53,5946.78
1609,20250410,14,57,9,PED-814-6263,386,40.85,15768.1,80.42,15687.68,11569.23,4118.45
1610,20230727,10,74,1,PED-036-3698,161,47.38,7628.18,977.17,6651.01,4130.06,2520.95
1611,20230312,36,25,2,PED-744-2641,74,28.06,2076.44,363.38,1713.06,1107.6,605.46
1612,20250524,25,1,7,PED-250-4649,42,34.01,1428.42,193.12,1235.3,760.2,475.1
1613,20250318,23,6,9,PED-577-9488,81,40.79,3303.99,335.35,2968.64,1810.95,1157.69
1614,20240102,34,45,3,PED-478-1389,434,13.42,5824.28,968.0,4856.28,2969.7,1886.58
1615,20241228,19,54,11,PED-564-5877,90,40.69,3662.1,651.49,3010.61,2163.85,846.76
1616,20231029,5,32,11,PED-621-7043,125,26.89,3361.25,369.74,2991.51,1992.5,999.01
1617,20251026,11,94,20,PED-100-7897,104,82.69,8599.76,1088.73,7511.03,5067.68,2443.35
1618,20230919,35,25,4,PED-644-8790,415,17.52,7270.8,1307.29,5963.51,4496.27,1467.24
1619,20230415,24,33,18,PED-846-3191,102,43.54,4441.08,438.33,4002.75,2727.52,1275.23
1620,20250807,20,91,6,PED-341-9972,494,69.25,34209.5,3020.7,31188.8,18946.75,12242.05
1621,20230525,8,71,19,PED-433-4256,343,21.49,7371.07,1104.92,6266.15,4035.1,2231.05
1622,20240421,15,15,10,PED-766-5144,156,42.0,6552.0,880.59,5671.41,3915.41,1756.0
1623,20231030,5,15,6,PED-821-8486,480,23.78,11414.4,575.29,10839.11,7495.29,3343.82
1624,20250226,34,100,1,PED-850-1490,388,12.8,4966.4,274.15,4692.25,3216.46,1475.79
1625,20231230,11,89,1,PED-384-2211,190,73.79,14020.1,2335.75,11684.35,8749.51,2934.84
1626,20251203,21,24,4,PED-121-4748,296,73.12,21643.52,3315.79,18327.73,10785.67,7542.06
1627,20251104,36,87,17,PED-359-2773,288,27.68,7971.84,545.27,7426.57,4389.8,3036.77
1628,20250410,33,67,15,PED-945-1960,224,228.23,51123.52,5633.81,45489.71,28469.08,17020.63
1629,20250802,2,24,10,PED-696-3367,393,32.93,12941.49,640.6,12300.89,8747.93,3552.96
1630,20230109,27,33,6,PED-396-2443,100,8.64,864.0,58.92,805.08,533.26,271.82
1631,20250125,24,69,9,PED-096-5953,256,47.64,12195.84,940.3,11255.54,6704.14,4551.4
1632,20250811,25,48,1,PED-049-9043,489,31.39,15349.71,1708.42,13641.29,9977.15,3664.14
1633,20241118,23,60,9,PED-868-1255,165,38.57,6364.05,535.85,5828.2,3598.85,2229.35
1634,20240202,19,36,2,PED-294-9906,450,44.78,20151.0,529.97,19621.03,13129.36,6491.67
1635,20230822,18,60,1,PED-867-3626,317,20.25,6419.25,629.73,5789.52,3897.75,1891.77
1636,20230628,26,6,16,PED-870-3083,79,27.79,2195.41,181.12,2014.29,1419.61,594.68
1637,20230824,2,79,7,PED-249-4850,74,34.34,2541.16,78.27,2462.89,1729.97,732.92
1638,20230805,12,89,7,PED-654-3127,487,115.27,56136.49,5108.42,51028.07,37166.1,13861.97
1639,20240908,26,80,4,PED-214-0625,165,28.55,4710.75,460.71,4250.04,3006.17,1243.87
1640,20240102,25,55,2,PED-174-8425,406,33.35,13540.1,1163.09,12377.01,7221.13,5155.88
1641,20250905,6,8,15,PED-508-0337,187,25.86,4835.82,341.41,4494.41,3413.6,1080.81
1642,20250403,29,5,17,PED-030-2301,371,17.78,6596.38,391.82,6204.56,4398.75,1805.81
1643,20230220,20,97,14,PED-770-5975,274,60.77,16650.98,2063.06,14587.92,8934.25,5653.67
1644,20230930,19,48,5,PED-496-9679,265,44.23,11720.95,649.34,11071.61,7505.56,3566.05
1645,20250920,26,21,2,PED-826-0980,319,30.24,9646.56,702.27,8944.29,5257.96,3686.33
1646,20251206,15,9,12,PED-992-8131,295,43.15,12729.25,1666.26,11062.99,7133.09,3929.9
1647,20250208,36,46,17,PED-011-4643,112,27.7,3102.4,78.49,3023.91,1871.38,1152.53
1648,20230525,22,37,8,PED-842-6906,417,94.21,39285.57,6065.69,33219.88,21085.87,12134.01
1649,20240402,18,100,15,PED-021-9324,51,21.78,1110.78,151.29,959.49,713.96,245.53
1650,20250202,17,88,13,PED-196-1256,24,26.45,634.8,28.69,606.11,404.23,201.88
1651,20230912,34,22,15,PED-641-2525,156,12.57,1960.92,48.63,1912.29,1415.88,496.41
1652,20251218,21,82,16,PED-596-0188,142,74.75,10614.5,1396.87,9217.63,6210.77,3006.86
1653,20241229,26,71,7,PED-160-1781,390,26.66,10397.4,718.46,9678.94,5761.96,3916.98
1654,20240901,6,97,18,PED-871-9036,441,27.98,12339.18,1690.47,10648.71,7101.28,3547.43
1655,20241009,4,53,7,PED-112-5692,316,40.77,12883.32,2312.56,10570.76,6969.34,3601.42
1656,20250227,8,94,11,PED-125-8273,384,19.65,7545.6,887.36,6658.24,3923.88,2734.36
1657,20231020,22,17,20,PED-896-6648,224,97.44,21826.56,425.62,21400.94,12576.43,8824.51
1658,20240916,6,88,14,PED-219-7780,223,27.12,6047.76,1013.0,5034.76,3172.2,1862.56
1659,20240310,5,1,16,PED-127-0078,376,27.47,10328.72,236.53,10092.19,7657.17,2435.02
1660,20231107,30,53,7,PED-143-7932,405,34.27,13879.35,1789.05,12090.3,7794.92,4295.38
1661,20251013,4,90,15,PED-495-6655,180,43.25,7785.0,987.14,6797.86,4699.49,2098.37
1662,20230607,14,1,9,PED-722-2422,172,37.18,6394.96,462.36,5932.6,4340.27,1592.33
1663,20241217,4,76,13,PED-703-1661,329,43.69,14374.01,160.99,14213.02,8708.35,5504.67
1664,20251226,23,42,4,PED-145-2685,364,39.5,14378.0,503.23,13874.77,8113.64,5761.13
1665,20251031,12,28,13,PED-716-3238,193,119.1,22986.3,2045.78,20940.52,13744.93,7195.59
1666,20250212,25,2,1,PED-118-7694,257,32.78,8424.46,66.55,8357.91,5206.71,3151.2
1667,20230122,4,3,6,PED-970-1924,490,43.05,21094.5,345.95,20748.55,13484.52,7264.03
1668,20240914,34,15,6,PED-962-4397,217,13.1,2842.7,144.98,2697.72,1961.36,736.36
1669,20240420,26,96,7,PED-511-8360,107,27.2,2910.4,125.15,2785.25,1751.11,1034.14
1670,20250106,23,51,16,PED-786-2586,144,39.48,5685.12,444.01,5241.11,3182.79,2058.32
1671,20250321,16,5,3,PED-543-3011,121,63.32,7661.72,918.64,6743.08,4644.8,2098.28
1672,20230825,22,26,4,PED-722-0222,68,93.17,6335.56,115.31,6220.25,4557.98,1662.27
1673,20231014,2,81,20,PED-819-6244,426,33.84,14415.84,2134.99,12280.85,8409.5,3871.35
1674,20251125,34,38,1,PED-663-6316,75,13.32,999.0,142.76,856.24,518.13,338.11
1675,20251117,23,98,5,PED-045-6644,173,36.61,6333.53,30.4,6303.13,4205.18,2097.95
1676,20240817,15,6,10,PED-994-9898,263,44.92,11813.96,1262.91,10551.05,6629.89,3921.16
1677,20230220,15,9,12,PED-341-5567,394,42.25,16646.5,2005.9,14640.6,10282.47,4358.13
1678,20250325,25,49,11,PED-503-8905,179,34.36,6150.44,385.02,5765.42,3661.25,2104.17
1679,20241015,30,20,19,PED-685-4021,200,33.04,6608.0,531.94,6076.06,4399.13,1676.93
1680,20250825,36,36,17,PED-934-5329,432,26.8,11577.6,1346.47,10231.13,7223.99,3007.14
1681,20250106,33,52,18,PED-391-0417,136,210.81,28670.16,1935.24,26734.92,17612.91,9122.01
1682,20250815,4,26,1,PED-086-3077,370,42.57,15750.9,611.13,15139.77,10689.55,4450.22
1683,20231222,33,66,17,PED-407-1578,401,204.78,82116.78,9845.8,72270.98,54848.59,17422.39
1684,20250525,1,28,15,PED-245-8509,147,33.46,4918.62,439.23,4479.39,3226.64,1252.75
1685,20250704,23,24,20,PED-311-8396,296,37.68,11153.28,989.3,10163.98,5951.36,4212.62
1686,20251205,7,12,19,PED-151-7138,142,38.45,5459.9,632.8,4827.1,2852.79,1974.31
1687,20241230,13,64,5,PED-829-7569,309,87.31,26978.79,2179.89,24798.9,14694.88,10104.02
1688,20240220,7,10,1,PED-974-3958,125,38.59,4823.75,290.87,4532.88,2887.2,1645.68
1689,20251021,7,81,2,PED-861-8510,341,35.65,12156.65,689.28,11467.37,8504.55,2962.82
1690,20240128,35,40,1,PED-652-5305,496,16.81,8337.76,156.75,8181.01,5695.57,2485.44
1691,20250806,13,90,2,PED-606-4385,178,89.62,15952.36,76.57,15875.79,10379.3,5496.49
1692,20240811,29,77,18,PED-518-8791,375,17.03,6386.25,1145.69,5240.56,3680.2,1560.36
1693,20240304,25,100,7,PED-642-7416,458,34.13,15631.54,2104.01,13527.53,9591.58,3935.95
1694,20240318,30,13,18,PED-644-4402,217,32.4,7030.8,608.87,6421.93,4028.71,2393.22
1695,20250430,17,11,15,PED-824-4366,345,30.64,10570.8,1578.22,8992.58,6243.86,2748.72
1696,20250609,9,20,1,PED-329-3485,443,37.11,16439.73,1111.33,15328.4,9269.49,6058.91
1697,20250628,7,4,2,PED-039-2589,342,37.03,12664.26,390.06,12274.2,7575.55,4698.65
1698,20241029,5,45,11,PED-999-7148,389,26.69,10382.41,213.88,10168.53,6273.75,3894.78
1699,20240215,34,35,13,PED-734-0303,314,12.55,3940.7,25.61,3915.09,2659.66,1255.43
1700,20230728,29,83,5,PED-352-2294,472,19.86,9373.92,1227.05,8146.87,5895.09,2251.78
1701,20240618,27,44,6,PED-897-2809,196,8.75,1715.0,242.5,1472.5,973.98,498.52
1702,20240709,24,78,15,PED-167-8371,297,47.19,14015.43,1735.11,12280.32,8095.63,4184.69
1703,20231024,11,66,7,PED-701-3700,434,75.75,32875.5,3695.21,29180.29,18200.47,10979.82
1704,20240521,28,64,3,PED-764-2607,196,12.51,2451.96,155.94,2296.02,1429.14,866.88
1705,20241004,30,1,4,PED-335-0854,275,32.96,9064.0,588.25,8475.75,5430.26,3045.49
1706,20241101,1,65,1,PED-437-6342,497,35.09,17439.73,716.77,16722.96,11607.19,5115.77
1707,20250519,21,23,16,PED-129-8833,334,71.7,23947.8,409.51,23538.29,14760.49,8777.8
1708,20250606,4,45,3,PED-279-5342,49,39.48,1934.52,252.45,1682.07,1159.67,522.4
1709,20240429,19,87,17,PED-627-2491,338,38.87,13138.06,1493.8,11644.26,7749.52,3894.74
1710,20250619,30,6,16,PED-869-0454,206,33.4,6880.4,1047.2,5833.2,4053.88,1779.32
1711,20240906,34,59,15,PED-619-1116,447,11.65,5207.55,791.55,4416.0,3347.22,1068.78
1712,20240222,35,62,18,PED-647-5120,483,18.43,8901.69,628.46,8273.23,5175.45,3097.78
1713,20231010,3,4,9,PED-799-1051,240,33.21,7970.4,1194.76,6775.64,5126.06,1649.58
1714,20230218,1,46,12,PED-037-3867,405,33.13,13417.65,1293.46,12124.19,7783.45,4340.74
1715,20241006,6,42,14,PED-095-7932,435,25.61,11140.35,77.98,11062.37,7811.18,3251.19
1716,20251130,36,74,5,PED-739-5816,102,28.73,2930.46,229.75,2700.71,1942.22,758.49
1717,20240102,19,1,3,PED-986-7736,321,43.62,14002.02,1831.46,12170.56,7500.24,4670.32
1718,20230222,26,73,10,PED-916-2702,48,26.71,1282.08,41.54,1240.54,774.48,466.06
1719,20230730,20,2,12,PED-011-1643,497,64.29,31952.13,5748.19,26203.94,16045.1,10158.84
1720,20240712,11,25,1,PED-079-7189,225,79.33,17849.25,1149.49,16699.76,12408.5,4291.26
1721,20250928,33,99,6,PED-764-5164,276,217.6,60057.6,9969.56,50088.04,33767.92,16320.12
1722,20231008,13,6,12,PED-286-7828,102,93.11,9497.22,1617.38,7879.84,5501.32,2378.52
1723,20250715,2,99,5,PED-664-1350,351,29.97,10519.47,1524.27,8995.2,5938.61,3056.59
1724,20240219,6,46,2,PED-224-6829,363,26.72,9699.36,1193.99,8505.37,5626.85,2878.52
1725,20240131,22,29,15,PED-075-2327,132,98.42,12991.44,2200.75,10790.69,7817.32,2973.37
1726,20251127,11,13,1,PED-346-2287,121,77.03,9320.63,943.25,8377.38,5240.78,3136.6
1727,20230401,8,55,17,PED-913-4732,144,20.09,2892.96,286.98,2605.98,1796.46,809.52
1728,20230501,22,96,8,PED-699-1333,203,97.66,19824.98,620.52,19204.46,14310.22,4894.24
1729,20240917,3,83,12,PED-196-8040,299,30.98,9263.02,698.43,8564.59,5152.43,3412.16
1730,20251011,12,59,18,PED-803-2078,362,123.91,44855.42,7203.78,37651.64,23687.72,13963.92
1731,20250315,10,75,1,PED-686-4179,166,50.79,8431.14,227.64,8203.5,5448.89,2754.61
1732,20240817,27,95,3,PED-321-5610,407,8.42,3426.94,53.8,3373.14,2386.24,986.9
1733,20250414,22,8,13,PED-303-5370,316,93.69,29606.04,574.36,29031.68,20152.43,8879.25
1734,20230624,36,89,2,PED-046-5850,496,28.01,13892.96,1354.56,12538.4,8983.65,3554.75
1735,20240128,7,86,19,PED-270-3250,389,39.35,15307.15,2155.25,13151.9,9552.89,3599.01
1736,20240424,1,15,9,PED-054-4662,205,32.6,6683.0,166.41,6516.59,4621.57,1895.02
1737,20230217,18,34,12,PED-211-6167,40,23.61,944.4,68.94,875.46,581.6,293.86
1738,20231116,32,5,19,PED-003-6193,35,276.36,9672.6,1549.55,8123.05,4746.67,3376.38
1739,20251204,30,62,3,PED-110-6111,477,34.23,16327.71,1526.64,14801.07,9902.51,4898.56
1740,20250710,25,23,14,PED-665-2921,314,30.21,9485.94,281.73,9204.21,5403.09,3801.12
1741,20230921,11,83,6,PED-382-3375,170,78.22,13297.4,292.54,13004.86,7928.26,5076.6
1742,20250728,29,39,20,PED-128-5484,70,19.16,1341.2,78.59,1262.61,764.77,497.84
1743,20250114,24,44,9,PED-956-7380,227,46.64,10587.28,1354.11,9233.17,6790.12,2443.05
1744,20230802,17,78,1,PED-237-4876,357,27.8,9924.6,1466.86,8457.74,5138.74,3319.0
1745,20230525,17,41,14,PED-581-4078,170,29.22,4967.4,374.05,4593.35,3039.05,1554.3
1746,20240513,21,12,20,PED-499-3004,44,67.8,2983.2,474.93,2508.27,1788.59,719.68
1747,20240421,32,79,6,PED-378-0886,446,263.24,117405.04,16178.41,101226.63,72332.51,28894.12
1748,20251030,32,17,1,PED-714-3834,273,275.3,75156.9,8650.56,66506.34,44060.54,22445.8
1749,20250402,31,86,9,PED-852-5509,217,183.31,39778.27,1953.11,37825.16,24906.56,12918.6
1750,20240604,11,68,2,PED-084-4792,458,72.95,33411.1,4637.46,28773.64,17805.46,10968.18
1751,20241108,19,28,6,PED-826-6701,475,41.35,19641.25,111.96,19529.29,11587.1,7942.19
1752,20240302,29,66,17,PED-959-9943,219,19.78,4331.82,745.51,3586.31,2382.18,1204.13
1753,20231011,12,39,8,PED-099-0722,231,124.09,28664.79,194.92,28469.87,20713.85,7756.02
1754,20250115,20,54,9,PED-357-9029,466,67.09,31263.94,3686.02,27577.92,17754.78,9823.14
1755,20241030,11,31,2,PED-985-8928,493,83.27,41052.11,2738.18,38313.93,25335.9,12978.03
1756,20231020,25,38,11,PED-174-1852,468,32.34,15135.12,216.43,14918.69,10979.17,3939.52
1757,20230506,9,5,14,PED-014-5381,91,34.15,3107.65,181.18,2926.47,1826.4,1100.07
1758,20240812,1,65,19,PED-216-5192,265,32.97,8737.05,1541.22,7195.83,4680.17,2515.66
1759,20231124,4,93,5,PED-403-3233,384,42.33,16254.72,1539.32,14715.4,10863.13,3852.27
1760,20230323,17,39,5,PED-066-6814,469,30.16,14145.04,55.17,14089.87,9353.19,4736.68
1761,20241109,23,29,16,PED-729-7751,158,38.23,6040.34,750.81,5289.53,3278.89,2010.64
1762,20250207,33,79,17,PED-426-9939,180,225.54,40597.2,1619.83,38977.37,25597.01,13380.36
1763,20240420,2,85,19,PED-100-5202,345,31.15,10746.75,1297.13,9449.62,6846.19,2603.43
1764,20240531,2,6,7,PED-684-4726,111,30.68,3405.48,86.5,3318.98,2410.77,908.21
1765,20250327,25,66,2,PED-285-3883,71,31.77,2255.67,327.3,1928.37,1120.75,807.62
1766,20230611,18,50,8,PED-206-4200,390,20.53,8006.7,942.39,7064.31,5154.75,1909.56
1767,20250113,23,39,8,PED-315-8716,442,37.6,16619.2,2594.26,14024.94,9854.83,4170.11
1768,20250917,12,15,5,PED-726-5398,122,126.51,15434.22,941.49,14492.73,9189.76,5302.97
1769,20231022,28,61,2,PED-911-5043,110,11.16,1227.6,20.87,1206.73,819.83,386.9
1770,20250131,20,19,10,PED-438-8041,205,66.3,13591.5,1965.33,11626.17,7743.23,3882.94
1771,20240810,27,9,18,PED-148-6170,25,8.52,213.0,19.02,193.98,139.89,54.09
1772,20250722,3,79,8,PED-131-0397,149,30.58,4556.42,809.68,3746.74,2576.55,1170.19
1773,20230421,12,31,8,PED-707-1830,396,110.84,43892.64,1417.73,42474.91,27640.33,14834.58
1774,20230930,19,61,12,PED-591-7371,307,41.71,12804.97,992.39,11812.58,8764.34,3048.24
1775,20251120,31,6,10,PED-006-7181,432,194.28,83928.96,14318.28,69610.68,47878.68,21732.0
1776,20240828,30,10,12,PED-518-5510,485,30.19,14642.15,191.81,14450.34,10558.37,3891.97
1777,20240825,18,33,10,PED-660-7686,190,21.73,4128.7,184.55,3944.15,2545.49,1398.66
1778,20231012,6,16,2,PED-701-9435,63,27.64,1741.32,247.27,1494.05,1115.71,378.34
1779,20250208,14,12,10,PED-482-4856,297,39.29,11669.13,700.15,10968.98,8271.16,2697.82
1780,20230409,1,23,18,PED-732-6747,394,31.52,12418.88,1157.44,11261.44,7506.51,3754.93
1781,20230714,17,94,7,PED-609-7382,266,26.88,7150.08,658.52,6491.56,3810.91,2680.65
1782,20230727,1,8,6,PED-894-5748,426,34.85,14846.1,512.19,14333.91,9859.16,4474.75
1783,20241001,21,61,6,PED-050-4576,143,71.66,10247.38,681.45,9565.93,6000.58,3565.35
1784,20250319,13,59,2,PED-036-3517,182,89.17,16228.94,2237.97,13990.97,9340.81,4650.16
1785,20240229,10,6,19,PED-866-1828,107,45.82,4902.74,811.89,4090.85,2697.03,1393.82
1786,20250722,30,15,4,PED-322-4958,368,33.6,12364.8,166.92,12197.88,8388.29,3809.59
1787,20230731,27,68,18,PED-754-8358,334,8.01,2675.34,89.62,2585.72,1888.47,697.25
1788,20230124,7,26,9,PED-351-6396,50,37.45,1872.5,191.18,1681.32,997.07,684.25
1789,20250213,20,44,19,PED-917-0296,288,64.84,18673.92,961.71,17712.21,11123.73,6588.48
1790,20241103,20,68,14,PED-724-7583,376,61.4,23086.4,2015.44,21070.96,15407.33,5663.63
1791,20230311,28,42,5,PED-520-3628,449,12.42,5576.58,388.69,5187.89,3693.46,1494.43
1792,20230824,14,53,12,PED-463-7641,140,39.48,5527.2,40.9,5486.3,3845.44,1640.86
1793,20230806,31,40,7,PED-597-8544,297,173.41,51502.77,7380.35,44122.42,27749.19,16373.23
1794,20250430,33,91,9,PED-151-4828,128,205.94,26360.32,3063.07,23297.25,15603.09,7694.16
1795,20230111,7,64,17,PED-750-6102,364,36.21,13180.44,880.45,12299.99,8027.57,4272.42
1796,20251004,10,24,4,PED-799-5719,74,50.43,3731.82,11.94,3719.88,2796.23,923.65
1797,20231126,10,85,20,PED-833-3910,260,48.24,12542.4,2149.77,10392.63,6681.74,3710.89
1798,20231013,3,55,13,PED-220-4526,431,29.44,12688.64,1242.22,11446.42,8074.38,3372.04
1799,20230509,22,86,9,PED-536-8201,249,95.61,23806.89,3947.18,19859.71,12128.18,7731.53
1800,20241021,13,84,9,PED-441-7252,469,91.56,42941.64,3315.09,39626.55,29702.52,9924.03
1801,20241113,17,43,16,PED-787-8375,399,29.81,11894.19,1994.66,9899.53,6488.35,3411.18
1802,20231112,8,4,20,PED-759-8590,488,22.0,10736.0,1476.2,9259.8,6179.83,3079.97
1803,20250412,11,45,15,PED-656-3520,30,77.07,2312.1,44.62,2267.48,1496.64,770.84
1804,20240809,9,80,18,PED-521-8760,439,36.3,15935.7,2176.82,13758.88,7993.19,5765.69
1805,20231022,25,6,13,PED-321-4165,318,32.21,10242.78,343.13,9899.65,6973.93,2925.72
1806,20231001,19,17,6,PED-711-8807,374,41.3,15446.2,929.86,14516.34,9330.05,5186.29
1807,20231207,34,78,15,PED-684-3854,61,11.78,718.58,79.19,639.39,450.4,188.99
1808,20250427,35,50,14,PED-728-3437,318,18.82,5984.76,131.66,5853.1,3729.04,2124.06
1809,20241212,6,39,15,PED-810-6813,449,26.95,12100.55,551.79,11548.76,7080.57,4468.19
1810,20230729,4,45,19,PED-717-6156,371,41.98,15574.58,1445.32,14129.26,9489.3,4639.96
1811,20230503,33,76,16,PED-443-9281,118,227.53,26848.54,3168.13,23680.41,13801.97,9878.44
1812,20240311,1,41,6,PED-217-2176,99,32.62,3229.38,494.74,2734.64,1707.04,1027.6
1813,20241106,6,59,15,PED-597-3957,262,28.17,7380.54,1115.2,6265.34,4467.32,1798.02
1814,20230421,23,14,20,PED-727-9092,403,38.84,15652.52,1159.85,14492.67,9661.12,4831.55
1815,20250413,7,78,17,PED-164-9730,254,36.93,9380.22,25.33,9354.89,5653.64,3701.25
1816,20250112,12,23,11,PED-271-4534,364,115.76,42136.64,80.06,42056.58,28501.32,13555.26
1817,20250726,36,9,17,PED-965-7451,90,27.66,2489.4,31.12,2458.28,1436.22,1022.06
1818,20231125,33,3,20,PED-889-3288,103,233.28,24027.84,4197.66,19830.18,12592.1,7238.08
1819,20241102,2,62,2,PED-488-3960,255,33.6,8568.0,484.95,8083.05,5199.52,2883.53
1820,20231022,24,51,9,PED-944-1322,407,43.97,17895.79,128.85,17766.94,13242.26,4524.68
1821,20230429,1,61,3,PED-186-2424,169,34.57,5842.33,795.73,5046.6,3497.58,1549.02
1822,20241109,30,10,10,PED-666-6442,166,30.71,5097.86,651.51,4446.35,2884.78,1561.57
1823,20251217,34,61,8,PED-847-1093,472,11.74,5541.28,254.34,5286.94,3115.37,2171.57
1824,20240225,14,65,1,PED-033-9592,492,38.01,18700.92,52.36,18648.56,13520.64,5127.92
1825,20230906,30,54,2,PED-041-9151,345,33.04,11398.8,439.99,10958.81,7223.44,3735.37
1826,20250917,2,41,16,PED-933-9603,197,31.51,6207.47,383.62,5823.85,4271.04,1552.81
1827,20241003,18,66,6,PED-901-6687,134,21.49,2879.66,311.58,2568.08,1750.21,817.87
1828,20240412,23,41,13,PED-827-4803,370,38.45,14226.5,1170.84,13055.66,8861.86,4193.8
1829,20240108,15,31,19,PED-340-6029,439,44.0,19316.0,2354.62,16961.38,11796.08,5165.3
1830,20250827,28,99,4,PED-694-7960,491,11.75,5769.25,823.27,4945.98,3095.31,1850.67
1831,20240401,29,76,12,PED-129-9126,241,19.69,4745.29,653.9,4091.39,2571.42,1519.97
1832,20250622,21,37,3,PED-019-5524,172,68.09,11711.48,1843.39,9868.09,7206.78,2661.31
1833,20250126,3,1,1,PED-476-0355,428,30.0,12840.0,2214.9,10625.1,6360.54,4264.56
1834,20230805,17,72,13,PED-690-8690,195,28.1,5479.5,867.95,4611.55,3302.62,1308.93
1835,20251116,36,23,7,PED-549-7105,353,29.43,10388.79,46.75,10342.04,6400.41,3941.63
1836,20250227,19,12,13,PED-808-9366,399,39.37,15708.63,1164.01,14544.62,9129.9,5414.72
1837,20250707,18,3,7,PED-759-8841,34,20.52,697.68,106.33,591.35,358.0,233.35
1838,20240815,6,32,9,PED-535-2590,425,26.21,11139.25,1356.76,9782.49,6228.32,3554.17
1839,20250303,5,80,5,PED-051-6418,63,24.83,1564.29,100.58,1463.71,999.72,463.99
1840,20231009,25,2,8,PED-263-9235,21,30.92,649.32,42.92,606.4,374.5,231.9
1841,20230611,31,16,2,PED-082-8951,31,174.32,5403.92,657.66,4746.26,3571.31,1174.95
1842,20250401,18,34,14,PED-660-4445,429,23.11,9914.19,1141.12,8773.07,6487.6,2285.47
1843,20230420,11,24,6,PED-519-1816,132,75.93,10022.76,1466.33,8556.43,5430.65,3125.78
1844,20251124,27,54,11,PED-687-5989,198,8.91,1764.18,157.89,1606.29,1135.6,470.69
1845,20230721,35,72,16,PED-507-0326,301,18.08,5442.08,528.43,4913.65,2938.48,1975.17
1846,20240806,8,80,11,PED-622-6170,179,19.93,3567.47,440.23,3127.24,1937.01,1190.23
1847,20230708,27,29,7,PED-921-7097,312,8.44,2633.28,79.53,2553.75,1737.37,816.38
1848,20230917,24,85,16,PED-605-1607,400,42.59,17036.0,1725.75,15310.25,11441.22,3869.03
1849,20230614,34,9,3,PED-597-1346,496,12.77,6333.92,1122.37,5211.55,3773.63,1437.92
1850,20251221,13,100,17,PED-915-8700,149,82.59,12305.91,398.71,11907.2,8532.93,3374.27
1851,20231126,35,31,16,PED-185-5317,462,18.02,8325.24,912.45,7412.79,5225.22,2187.57
1852,20240501,10,93,18,PED-052-5391,110,47.41,5215.1,413.56,4801.54,2931.82,1869.72
1853,20250110,24,17,3,PED-875-5433,356,45.07,16044.92,1211.39,14833.53,8708.08,6125.45
1854,20251018,16,33,7,PED-316-3984,237,66.32,15717.84,116.31,15601.53,9188.05,6413.48
1855,20250930,33,13,18,PED-943-2992,405,231.41,93721.05,8978.48,84742.57,64167.21,20575.36
1856,20241102,14,43,20,PED-604-7125,381,37.89,14436.09,334.92,14101.17,10710.88,3390.29
1857,20250929,19,48,16,PED-517-9815,209,41.75,8725.75,90.75,8635.0,5455.0,3180.0
1858,20240212,8,44,14,PED-126-7376,95,20.48,1945.6,132.11,1813.49,1275.22,538.27
1859,20250818,8,33,20,PED-771-1000,286,22.22,6354.92,881.43,5473.49,3683.88,1789.61
1860,20251027,17,42,1,PED-896-4433,234,28.43,6652.62,123.07,6529.55,4584.11,1945.44
1861,20240922,9,79,10,PED-911-7267,495,33.65,16656.75,1685.66,14971.09,9187.74,5783.35
1862,20250227,11,70,20,PED-852-9152,30,72.23,2166.9,186.14,1980.76,1243.45,737.31
1863,20241006,31,57,5,PED-161-5899,494,189.3,93514.2,6863.94,86650.26,53976.04,32674.22
1864,20240525,36,23,13,PED-550-5570,162,26.24,4250.88,482.05,3768.83,2671.26,1097.57
1865,20250824,26,22,7,PED-368-5190,424,25.79,10934.96,817.94,10117.02,6993.84,3123.18
1866,20251027,20,63,15,PED-062-1740,55,68.99,3794.45,565.75,3228.7,2417.64,811.06
1867,20230312,28,18,11,PED-224-9413,25,11.8,295.0,41.59,253.41,190.0,63.41
1868,20241126,20,90,11,PED-288-9357,231,64.71,14948.01,572.51,14375.5,8531.28,5844.22
1869,20250820,7,40,2,PED-720-0716,230,37.44,8611.2,1291.68,7319.52,4651.17,2668.35
1870,20251007,29,34,11,PED-243-1202,387,18.15,7024.05,224.77,6799.28,4935.86,1863.42
1871,20240704,28,13,14,PED-619-1971,316,11.3,3570.8,209.61,3361.19,2200.53,1160.66
1872,20240126,35,6,15,PED-622-8872,456,18.98,8654.88,924.34,7730.54,5559.56,2170.98
1873,20230712,12,70,10,PED-422-2663,480,122.23,58670.4,5.87,58664.53,34060.77,24603.76
1874,20240221,12,89,14,PED-841-8622,338,122.58,41432.04,6351.53,35080.51,23860.19,11220.32
1875,20240215,25,94,20,PED-534-2229,131,33.99,4452.69,174.55,4278.14,2961.05,1317.09
1876,20230915,28,83,11,PED-030-0689,378,12.45,4706.1,173.66,4532.44,3047.29,1485.15
1877,20230630,9,66,12,PED-881-4320,41,35.01,1435.41,116.99,1318.42,788.23,530.19
1878,20240118,17,64,1,PED-035-0256,152,27.24,4140.48,398.73,3741.75,2623.66,1118.09
1879,20230106,24,94,14,PED-184-6802,52,43.26,2249.52,321.01,1928.51,1319.5,609.01
1880,20240412,24,60,13,PED-480-5966,70,47.19,3303.3,354.11,2949.19,1766.62,1182.57
1881,20240212,35,55,8,PED-347-3317,120,16.63,1995.6,18.36,1977.24,1360.33,616.91
1882,20250924,5,55,2,PED-905-7978,363,26.54,9634.02,1599.25,8034.77,5357.16,2677.61
1883,20250216,6,95,3,PED-739-4168,136,26.14,3555.04,75.72,3479.32,2088.33,1390.99
1884,20231120,21,87,7,PED-244-4169,121,73.21,8858.41,150.59,8707.82,6071.25,2636.57
1885,20250728,36,1,18,PED-557-9675,112,29.23,3273.76,298.57,2975.19,1968.12,1007.07
1886,20240616,2,27,5,PED-777-7823,500,34.27,17135.0,1891.7,15243.3,10273.69,4969.61
1887,20250718,12,44,14,PED-945-3235,425,119.02,50583.5,7461.07,43122.43,31617.67,11504.76
1888,20230425,31,41,10,PED-948-9070,94,175.07,16456.58,2188.73,14267.85,9729.19,4538.66
1889,20231116,29,77,19,PED-579-0166,346,18.01,6231.46,626.88,5604.58,3595.9,2008.68
1890,20240729,18,77,16,PED-005-0168,102,21.28,2170.56,3.04,2167.52,1504.26,663.26
1891,20240822,20,7,9,PED-892-5929,305,70.15,21395.75,2295.76,19099.99,13598.36,5501.63
1892,20250611,13,1,17,PED-656-0992,349,82.38,28750.62,3852.58,24898.04,15629.27,9268.77
1893,20250815,19,88,15,PED-691-7513,275,40.4,11110.0,1854.26,9255.74,5627.84,3627.9
1894,20240409,32,73,14,PED-164-7437,367,301.39,110610.13,14589.48,96020.65,65981.07,30039.58
1895,20250120,15,75,1,PED-804-1839,97,41.77,4051.69,452.17,3599.52,2458.51,1141.01
1896,20240314,7,44,17,PED-726-0106,460,36.87,16960.2,1948.73,15011.47,9460.5,5550.97
1897,20250513,33,75,14,PED-823-4367,93,236.72,22014.96,244.37,21770.59,14546.55,7224.04
1898,20250507,27,53,1,PED-481-9148,203,8.94,1814.82,266.05,1548.77,1071.2,477.57
1899,20240806,6,95,7,PED-618-8491,398,28.82,11470.36,1846.73,9623.63,5760.24,3863.39
1900,20250911,7,72,10,PED-315-8510,228,40.95,9336.6,113.91,9222.69,5354.13,3868.56
1901,20251001,22,82,19,PED-562-5829,479,94.28,45160.12,5509.53,39650.59,26886.77,12763.82
1902,20240220,15,19,5,PED-500-2869,81,43.94,3559.14,350.58,3208.56,2037.86,1170.7
1903,20240904,32,7,13,PED-414-9785,494,306.61,151465.34,15888.71,135576.63,79236.76,56339.87
1904,20230409,11,47,9,PED-851-2748,220,77.76,17107.2,1743.22,15363.98,9601.88,5762.1
1905,20250419,6,83,10,PED-473-3202,64,28.35,1814.4,161.84,1652.56,972.15,680.41
1906,20230726,4,54,10,PED-406-6211,428,40.15,17184.2,123.73,17060.47,11778.79,5281.68
1907,20250302,7,59,4,PED-613-7598,210,40.44,8492.4,125.69,8366.71,6307.54,2059.17
1908,20250408,6,5,18,PED-318-8832,445,27.43,12206.35,268.54,11937.81,8171.34,3766.47
1909,20240809,20,49,13,PED-109-3758,128,64.78,8291.84,1103.64,7188.2,5420.16,1768.04
1910,20251019,32,52,4,PED-234-3923,346,272.55,94302.3,13645.54,80656.76,56560.0,24096.76
1911,20250221,1,43,19,PED-188-2460,140,34.66,4852.4,114.03,4738.37,2934.6,1803.77
1912,20240720,2,67,3,PED-918-3350,372,29.68,11040.96,1678.23,9362.73,5633.62,3729.11
1913,20230702,9,5,17,PED-190-9082,48,37.32,1791.36,312.59,1478.77,933.0,545.77
1914,20250703,31,76,11,PED-938-9525,171,184.53,31554.63,3843.35,27711.28,19947.11,7764.17
1915,20240816,6,84,1,PED-010-7500,162,25.37,4109.94,537.17,3572.77,2436.93,1135.84
1916,20241125,22,95,13,PED-861-3276,386,100.93,38958.98,6533.42,32425.56,20494.11,11931.45
1917,20230901,32,21,11,PED-040-2032,199,274.58,54641.42,1295.0,53346.42,34929.12,18417.3
1918,20230323,25,74,10,PED-293-4212,148,32.8,4854.4,447.09,4407.31,3293.24,1114.07
1919,20250701,31,11,3,PED-787-8530,283,178.11,50405.13,1340.78,49064.35,28689.84,20374.51
1920,20230319,18,28,16,PED-998-6296,61,21.64,1320.04,124.48,1195.56,879.45,316.11
1921,20250130,26,13,13,PED-562-8303,381,29.69,11311.89,1134.58,10177.31,6527.4,3649.91
1922,20240801,35,7,4,PED-805-5329,236,16.85,3976.6,196.05,3780.55,2408.82,1371.73
1923,20241212,18,32,2,PED-677-0632,165,21.69,3578.85,346.07,3232.78,2179.26,1053.52
1924,20240423,12,96,2,PED-408-5957,238,124.95,29738.1,2813.22,26924.88,19186.16,7738.72
1925,20240222,19,53,2,PED-602-6453,463,40.65,18820.95,201.38,18619.57,12460.9,6158.67
1926,20241225,26,41,12,PED-054-6725,22,29.67,652.74,62.14,590.6,345.19,245.41
1927,20240426,23,73,6,PED-375-4602,207,40.11,8302.77,893.38,7409.39,5230.27,2179.12
1928,20241213,10,100,4,PED-931-2808,492,50.25,24723.0,2393.19,22329.81,16584.8,5745.01
1929,20230130,20,39,19,PED-583-7375,168,62.6,10516.8,696.21,9820.59,7346.72,2473.87
1930,20251229,10,21,10,PED-096-2479,224,47.24,10581.76,1198.91,9382.85,6073.89,3308.96
1931,20251010,12,8,8,PED-961-2967,409,124.56,50945.04,8650.47,42294.57,25653.75,16640.82
1932,20240630,2,63,4,PED-848-2613,397,29.42,11679.74,664.58,11015.16,8298.66,2716.5
1933,20230119,32,55,10,PED-480-7082,177,292.58,51786.66,6193.68,45592.98,34166.87,11426.11
1934,20250102,32,51,14,PED-514-4018,266,298.1,79294.6,11450.14,67844.46,42657.08,25187.38
1935,20231011,36,91,9,PED-915-6743,87,28.16,2449.92,159.24,2290.68,1458.73,831.95
1936,20230215,2,49,9,PED-107-5059,121,29.47,3565.87,122.67,3443.2,2441.64,1001.56
1937,20230923,8,100,9,PED-454-6278,298,19.71,5873.58,18.21,5855.37,4426.36,1429.01
1938,20230716,9,26,4,PED-893-2440,119,36.93,4394.67,431.12,3963.55,2743.05,1220.5
1939,20231129,23,62,18,PED-971-3976,214,37.09,7937.26,1146.93,6790.33,4817.35,1972.98
1940,20250814,13,22,19,PED-182-8730,388,94.21,36553.48,3871.01,32682.47,19221.44,13461.03
1941,20240718,5,50,2,PED-300-8966,269,27.18,7311.42,503.03,6808.39,4173.45,2634.94
1942,20240305,35,2,20,PED-936-1100,256,17.1,4377.6,706.54,3671.06,2727.39,943.67
1943,20231003,7,15,7,PED-569-3602,231,38.26,8838.06,1582.01,7256.05,4928.51,2327.54
1944,20250716,26,67,6,PED-257-7203,203,26.24,5326.72,884.77,4441.95,3081.7,1360.25
1945,20230725,17,46,1,PED-408-8493,417,29.56,12326.52,1256.07,11070.45,7158.77,3911.68
1946,20241208,1,35,4,PED-183-0728,457,31.38,14340.66,1689.33,12651.33,7677.59,4973.74
1947,20231015,25,41,15,PED-855-6687,489,34.25,16748.25,2982.86,13765.39,9515.26,4250.13
1948,20250727,10,17,9,PED-928-0817,76,50.74,3856.24,555.68,3300.56,2001.44,1299.12
1949,20241202,31,74,3,PED-572-2434,167,189.14,31586.38,884.42,30701.96,20569.71,10132.25
1950,20230112,21,8,17,PED-450-0215,394,76.89,30294.66,4774.44,25520.22,17799.85,7720.37
1951,20241111,34,43,4,PED-306-2642,401,12.54,5028.54,92.53,4936.01,3533.73,1402.28
1952,20240321,22,69,17,PED-947-7516,373,99.74,37203.02,5625.1,31577.92,21947.45,9630.47
1953,20230119,32,91,12,PED-554-1124,385,297.44,114514.4,103.06,114411.34,78586.22,35825.12
1954,20240423,17,21,1,PED-801-1103,158,30.29,4785.82,195.74,4590.08,3041.48,1548.6
1955,20241217,30,79,8,PED-209-1767,51,30.29,1544.79,273.27,1271.52,779.89,491.63
1956,20230807,16,31,17,PED-128-4736,321,70.62,22669.02,3710.92,18958.1,13170.73,5787.37
1957,20231022,2,66,9,PED-856-3783,189,30.41,5747.49,847.18,4900.31,3638.99,1261.32
1958,20240424,6,24,12,PED-845-3797,231,26.04,6015.24,416.86,5598.38,3813.9,1784.48
1959,20250624,23,24,9,PED-530-9286,309,39.68,12261.12,77.25,12183.87,7363.08,4820.79
1960,20240730,36,27,16,PED-931-9365,336,29.2,9811.2,275.69,9535.51,6448.57,3086.94
1961,20230913,36,37,19,PED-214-2406,395,28.01,11063.95,381.71,10682.24,7349.6,3332.64
1962,20240121,6,79,6,PED-209-6476,56,28.24,1581.44,126.04,1455.4,856.24,599.16
1963,20230610,19,57,12,PED-691-8340,83,44.23,3671.09,428.78,3242.31,2256.27,986.04
1964,20240904,8,3,3,PED-257-0068,463,22.57,10449.91,290.51,10159.4,6625.97,3533.43
1965,20240524,14,84,15,PED-730-7023,294,40.85,12009.9,1911.98,10097.92,6783.05,3314.87
1966,20241115,5,29,4,PED-664-8545,337,24.28,8182.36,1225.72,6956.64,4995.21,1961.43
1967,20230202,7,15,16,PED-383-9372,443,38.48,17046.64,165.35,16881.29,12160.37,4720.92
1968,20230822,8,59,12,PED-099-3707,395,21.03,8306.85,882.19,7424.66,5505.72,1918.94
1969,20240310,25,13,15,PED-128-9504,460,29.47,13556.2,934.02,12622.18,7780.39,4841.79
1970,20250324,32,67,17,PED-859-7098,467,278.16,129900.72,12938.11,116962.61,70178.36,46784.25
1971,20240318,21,67,3,PED-487-1490,187,69.94,13078.78,2004.98,11073.8,6550.91,4522.89
1972,20230925,9,64,3,PED-450-1505,270,37.79,10203.3,1162.16,9041.14,6815.04,2226.1
1973,20250809,31,31,11,PED-446-6951,363,181.24,65790.12,6006.64,59783.48,44079.17,15704.31
1974,20230925,4,92,19,PED-700-0023,229,39.44,9031.76,1132.58,7899.18,5344.56,2554.62
1975,20231013,36,20,17,PED-673-7036,30,26.23,786.9,58.62,728.28,502.57,225.71
1976,20250906,2,57,17,PED-806-0538,404,31.23,12616.92,1572.07,11044.85,6634.72,4410.13
1977,20240107,29,8,5,PED-705-4655,335,17.09,5725.15,685.3,5039.85,3758.98,1280.87
1978,20230104,6,90,15,PED-452-2083,202,26.0,5252.0,518.9,4733.1,3539.28,1193.82
1979,20240606,5,75,17,PED-029-4929,460,23.49,10805.4,1271.8,9533.6,5853.61,3679.99
1980,20250118,2,78,5,PED-880-4602,161,30.84,4965.24,495.03,4470.21,2707.34,1762.87
1981,20241017,3,20,9,PED-259-5138,168,30.11,5058.48,34.4,5024.08,2989.06,2035.02
1982,20251015,29,89,3,PED-533-3601,455,19.46,8854.3,763.24,8091.06,5219.92,2871.14
1983,20230823,1,36,20,PED-422-9320,331,32.3,10691.3,16.04,10675.26,6731.58,3943.68
1984,20240406,21,58,2,PED-409-6487,205,74.75,15323.75,815.22,14508.53,10632.75,3875.78
1985,20240729,5,76,16,PED-270-7672,424,26.13,11079.12,834.26,10244.86,6745.61,3499.25
1986,20241112,34,90,5,PED-095-0722,374,12.03,4499.22,97.18,4402.04,3090.74,1311.3
1987,20230311,12,61,16,PED-636-6721,355,116.99,41531.45,3555.09,37976.36,26587.21,11389.15
1988,20240118,35,5,12,PED-447-2350,440,18.51,8144.4,245.96,7898.44,5559.26,2339.18
1989,20250926,33,71,14,PED-536-1567,306,204.91,62702.46,6771.87,55930.59,41933.38,13997.21
1990,20231025,1,62,2,PED-925-5316,101,29.94,3023.94,374.67,2649.27,1769.45,879.82
1991,20240722,6,97,5,PED-531-7239,196,25.52,5001.92,99.54,4902.38,3451.85,1450.53
1992,20240106,9,88,9,PED-827-7652,116,33.16,3846.56,223.49,3623.07,2144.55,1478.52
1993,20230422,25,21,7,PED-476-9310,96,30.54,2931.84,342.15,2589.69,1663.57,926.12
1994,20240923,34,26,4,PED-694-2680,472,12.24,5777.28,638.39,5138.89,3772.71,1366.18
1995,20241230,10,36,15,PED-381-3277,275,47.2,12980.0,2244.24,10735.76,7649.52,3086.24
1996,20231202,30,73,13,PED-943-2946,423,34.48,14585.04,411.3,14173.74,9422.01,4751.73
1997,20231103,29,85,12,PED-972-8451,487,17.54,8541.98,256.26,8285.72,5466.2,2819.52
1998,20251127,34,42,16,PED-710-7956,87,12.97,1128.39,91.51,1036.88,778.36,258.52
1999,20250902,32,84,7,PED-939-8113,136,276.04,37541.44,6246.9,31294.54,21271.56,10022.98
2000,20250209,4,84,13,PED-976-6582,217,40.95,8886.15,1220.96,7665.19,5297.54,2367.65
2001,20251029,24,35,20,PED-574-6715,351,44.12,15486.12,537.37,14948.75,11099.36,3849.39
2002,20230409,6,10,13,PED-351-1665,180,26.08,4694.4,183.55,4510.85,3248.87,1261.98
2003,20230409,20,37,3,PED-481-7152,475,66.51,31592.25,2871.74,28720.51,21441.29,7279.22
2004,20230929,12,8,4,PED-150-6619,439,126.5,55533.5,4287.19,51246.31,33576.11,17670.2
2005,20230312,5,78,11,PED-734-2094,310,23.77,7368.7,1324.16,6044.54,3869.44,2175.1
2006,20230303,21,68,9,PED-070-9136,429,67.15,28807.35,3949.49,24857.86,18195.33,6662.53
2007,20240813,15,89,6,PED-440-8135,361,45.81,16537.41,1569.4,14968.01,8863.89,6104.12
2008,20231024,6,99,13,PED-145-4714,453,25.98,11768.94,1920.69,9848.25,6090.62,3757.63
2009,20240805,28,67,19,PED-058-6787,140,12.82,1794.8,6.82,1787.98,1231.75,556.23
2010,20240207,11,55,3,PED-113-1840,62,77.28,4791.36,149.97,4641.39,3077.65,1563.74
2011,20241208,20,76,3,PED-933-7876,353,67.4,23792.2,2919.3,20872.9,12549.05,8323.85
2012,20250824,33,90,1,PED-214-9209,488,230.71,112586.48,5730.65,106855.83,63649.84,43205.99
2013,20240809,3,48,11,PED-834-4855,318,29.16,9272.88,1303.77,7969.11,5573.36,2395.75
2014,20231031,34,52,4,PED-281-1315,86,11.72,1007.92,27.11,980.81,637.6,343.21
2015,20250624,24,37,4,PED-155-4841,464,48.56,22531.84,1410.49,21121.35,12863.55,8257.8
2016,20250712,16,22,16,PED-439-9270,107,70.18,7509.26,1119.63,6389.63,3923.42,2466.21
2017,20240503,6,76,10,PED-155-6561,445,25.14,11187.3,1908.55,9278.75,5399.09,3879.66
2018,20230926,29,12,3,PED-795-2092,397,18.7,7423.9,935.41,6488.49,4397.43,2091.06
2019,20240821,10,60,13,PED-846-4429,143,48.29,6905.47,834.87,6070.6,4251.8,1818.8
2020,20241022,14,4,6,PED-549-3834,26,38.75,1007.5,61.46,946.04,555.86,390.18
2021,20250129,29,58,1,PED-760-9763,470,19.65,9235.5,543.97,8691.53,6288.05,2403.48
2022,20230424,27,7,8,PED-778-3451,118,8.15,961.7,81.65,880.05,613.44,266.61
2023,20230806,33,29,2,PED-457-3479,320,211.12,67558.4,9667.61,57890.79,38435.15,19455.64
2024,20240204,31,7,3,PED-745-5728,299,199.35,59605.65,5066.48,54539.17,40114.14,14425.03
2025,20241108,4,62,11,PED-310-5502,46,41.62,1914.52,241.04,1673.48,1125.44,548.04
2026,20241230,10,26,11,PED-343-7325,181,46.73,8458.13,1194.29,7263.84,5199.05,2064.79
2027,20250910,7,87,8,PED-960-0194,63,38.53,2427.39,83.99,2343.4,1640.72,702.68
2028,20250316,5,12,15,PED-105-3982,279,24.01,6698.79,959.94,5738.85,3646.38,2092.47
2029,20250113,12,95,4,PED-406-2229,104,109.99,11438.96,865.93,10573.03,6159.19,4413.84
2030,20230119,24,93,10,PED-169-0165,345,44.21,15252.45,2237.53,13014.92,8061.81,4953.11
2031,20250112,35,62,20,PED-369-0562,41,19.16,785.56,81.15,704.41,417.23,287.18
2032,20240517,29,13,14,PED-754-5153,87,18.32,1593.84,116.51,1477.33,964.07,513.26
2033,20251020,32,51,9,PED-982-1820,22,299.11,6580.42,208.6,6371.82,4547.82,1824.0
2034,20240927,1,44,6,PED-113-0309,136,32.36,4400.96,551.44,3849.52,2723.87,1125.65
2035,20250810,15,31,5,PED-095-9465,181,45.15,8172.15,589.21,7582.94,5635.13,1947.81
2036,20250305,19,36,1,PED-392-1754,309,40.35,12468.15,1700.66,10767.49,7033.23,3734.26
2037,20241123,17,1,8,PED-845-7942,200,30.42,6084.0,683.84,5400.16,3247.56,2152.6
2038,20251006,13,28,1,PED-626-3666,409,94.39,38605.51,691.04,37914.47,25717.98,12196.49
2039,20240516,23,100,14,PED-885-0185,180,39.05,7029.0,359.18,6669.82,4366.3,2303.52
2040,20251119,1,73,2,PED-589-0994,54,34.04,1838.16,309.55,1528.61,1116.99,411.62
2041,20250620,17,88,16,PED-800-0116,92,29.66,2728.72,155.81,2572.91,1841.19,731.72
2042,20250712,16,52,9,PED-377-3022,413,64.74,26737.62,3181.78,23555.84,17602.12,5953.72
2043,20250630,9,20,9,PED-892-3230,213,33.51,7137.63,920.75,6216.88,3827.34,2389.54
2044,20230804,27,31,19,PED-444-8679,376,8.3,3120.8,423.18,2697.62,1668.33,1029.29
2045,20230619,17,92,2,PED-203-8562,167,28.48,4756.16,531.26,4224.9,2962.71,1262.19
2046,20251105,31,4,4,PED-727-2669,154,175.4,27011.6,5.4,27006.2,16800.84,10205.36
2047,20231018,24,27,18,PED-393-0585,54,47.31,2554.74,211.53,2343.21,1385.41,957.8
2048,20240427,34,18,4,PED-859-2896,115,13.35,1535.25,155.83,1379.42,1019.36,360.06
2049,20231224,2,53,2,PED-143-0593,487,30.18,14697.66,2388.37,12309.29,7341.36,4967.93
2050,20240629,31,14,16,PED-928-2680,415,171.23,71060.45,9443.93,61616.52,41562.09,20054.43
2051,20250701,19,4,18,PED-837-5377,217,45.23,9814.91,1216.07,8598.84,5578.09,3020.75
2052,20241117,24,45,17,PED-764-6618,237,44.59,10567.83,884.53,9683.3,6308.87,3374.43
2053,20230922,1,56,11,PED-434-2017,126,32.8,4132.8,33.06,4099.74,2853.57,1246.17
2054,20241030,6,60,18,PED-416-4503,472,26.45,12484.4,2113.61,10370.79,6643.18,3727.61
2055,20231222,35,74,13,PED-525-0008,193,18.51,3572.43,477.63,3094.8,1910.18,1184.62
2056,20231101,24,4,20,PED-261-6007,233,48.42,11281.86,1646.02,9635.84,5669.52,3966.32
2057,20231124,25,88,17,PED-271-7242,173,31.41,5433.93,950.94,4482.99,2847.38,1635.61
2058,20230529,5,19,1,PED-949-7096,151,25.37,3830.87,405.31,3425.56,2485.78,939.78
2059,20231110,9,65,11,PED-155-2613,246,36.85,9065.1,191.27,8873.83,6565.32,2308.51
2060,20230824,3,61,2,PED-733-3190,481,32.23,15502.63,847.99,14654.64,9037.84,5616.8
2061,20230311,9,40,2,PED-886-6472,428,33.57,14367.96,248.57,14119.39,10214.82,3904.57
2062,20240405,33,47,14,PED-414-3489,58,226.35,13128.3,602.59,12525.71,8724.86,3800.85
2063,20240915,26,13,3,PED-633-5928,51,28.94,1475.94,218.88,1257.06,749.46,507.6
2064,20241113,29,18,8,PED-349-0634,421,18.37,7733.77,58.0,7675.77,4753.52,2922.25
2065,20240503,26,37,13,PED-962-7799,428,27.48,11761.44,1885.36,9876.08,5829.31,4046.77
2066,20250426,20,21,8,PED-065-3539,53,64.71,3429.63,156.73,3272.9,1978.99,1293.91
2067,20230119,15,39,12,PED-159-0512,27,44.65,1205.55,31.34,1174.21,778.74,395.47
2068,20240724,9,2,3,PED-258-0710,84,34.41,2890.44,247.13,2643.31,1992.47,650.84
2069,20250219,28,85,13,PED-791-5352,136,12.08,1642.88,241.5,1401.38,849.62,551.76
2070,20251117,29,18,5,PED-001-4223,468,19.4,9079.2,1297.42,7781.78,4794.95,2986.83
2071,20240818,12,34,1,PED-595-6942,179,116.23,20805.17,139.39,20665.78,14168.7,6497.08
2072,20230123,30,25,10,PED-126-1348,495,31.85,15765.75,1251.8,14513.95,10298.34,4215.61
2073,20240223,11,23,3,PED-718-1278,82,76.07,6237.74,775.35,5462.39,3492.99,1969.4
2074,20240825,36,92,17,PED-814-3627,456,30.2,13771.2,2287.4,11483.8,8064.98,3418.82
2075,20231027,7,62,17,PED-604-0960,92,37.99,3495.08,106.95,3388.13,2447.24,940.89
2076,20241022,36,22,14,PED-715-6554,57,30.09,1715.13,267.39,1447.74,880.02,567.72
2077,20240130,21,2,8,PED-201-7405,45,71.73,3227.85,77.47,3150.38,1995.49,1154.89
2078,20240412,18,63,12,PED-579-3232,250,23.22,5805.0,856.24,4948.76,3688.35,1260.41
2079,20231005,21,39,3,PED-141-3320,319,70.98,22642.62,3018.26,19624.36,11736.72,7887.64
2080,20230801,8,55,18,PED-099-4004,38,21.76,826.88,129.24,697.64,405.09,292.55
2081,20241024,18,23,17,PED-964-6777,331,21.89,7245.59,648.48,6597.11,3949.62,2647.49
2082,20230826,28,90,5,PED-785-6116,390,12.04,4695.6,715.14,3980.46,2409.57,1570.89
2083,20230402,2,57,6,PED-321-9101,307,32.94,10112.58,921.26,9191.32,6440.0,2751.32
2084,20250916,20,2,3,PED-491-7954,198,62.16,12307.68,881.23,11426.45,7686.03,3740.42
2085,20230610,17,49,13,PED-435-3638,325,29.06,9444.5,1357.17,8087.33,5956.67,2130.66
2086,20230326,6,76,9,PED-213-2187,458,26.38,12082.04,1264.99,10817.05,7879.85,2937.2
2087,20250316,4,67,7,PED-563-7729,427,41.88,17882.76,1920.61,15962.15,11914.55,4047.6
2088,20251215,19,58,20,PED-835-3797,499,44.93,22420.07,3259.88,19160.19,13152.19,6008.0
2089,20240802,17,25,5,PED-343-3541,452,29.49,13329.48,702.46,12627.02,7902.58,4724.44
2090,20231125,11,46,10,PED-402-6933,22,73.16,1609.52,261.23,1348.29,787.14,561.15
2091,20240227,12,39,7,PED-431-3344,264,122.48,32334.72,5131.52,27203.2,19059.92,8143.28
2092,20230907,34,47,1,PED-626-4264,155,12.54,1943.7,79.11,1864.59,1399.67,464.92
2093,20241102,10,74,19,PED-809-6944,448,47.71,21374.08,1211.91,20162.17,11973.99,8188.18
2094,20231011,36,17,15,PED-866-4913,194,29.7,5761.8,1005.43,4756.37,3165.05,1591.32
2095,20251003,15,27,13,PED-571-2507,231,43.0,9933.0,1215.8,8717.2,6068.16,2649.04
2096,20231017,11,73,17,PED-468-4314,156,73.96,11537.76,1906.04,9631.72,6342.87,3288.85
2097,20250102,12,25,13,PED-305-7553,244,118.14,28826.16,5171.41,23654.75,14201.21,9453.54
2098,20240425,17,87,14,PED-535-3130,327,28.94,9463.38,203.46,9259.92,6485.28,2774.64
2099,20240429,11,10,19,PED-913-4713,98,79.4,7781.2,940.75,6840.45,4742.18,2098.27
2100,20240427,9,27,16,PED-736-3395,46,35.96,1654.16,36.06,1618.1,1054.29,563.81
2101,20230211,18,84,19,PED-708-4076,96,22.43,2153.28,226.74,1926.54,1464.15,462.39
2102,20230228,14,56,7,PED-125-5549,363,36.8,13358.4,1413.32,11945.08,7531.8,4413.28
2103,20251024,13,80,20,PED-943-5956,432,84.81,36637.92,1340.95,35296.97,24112.41,11184.56
2104,20240314,5,84,16,PED-020-4250,64,26.59,1701.76,265.47,1436.29,1063.27,373.02
2105,20231206,16,70,13,PED-561-1437,464,63.33,29385.12,717.0,28668.12,20785.19,7882.93
2106,20230115,9,97,4,PED-519-0458,403,32.84,13234.52,1371.1,11863.42,7141.75,4721.67
2107,20230105,4,95,20,PED-462-4604,198,40.7,8058.6,1112.89,6945.71,4923.81,2021.9
2108,20240312,17,70,7,PED-095-0961,97,26.76,2595.72,288.38,2307.34,1398.29,909.05
2109,20250829,25,80,9,PED-355-7328,45,29.6,1332.0,201.4,1130.6,695.78,434.82
2110,20250913,19,68,20,PED-803-9250,413,44.18,18246.34,1623.92,16622.42,10189.42,6433.0
2111,20241121,22,80,13,PED-447-4829,61,88.18,5378.98,506.16,4872.82,3513.18,1359.64
2112,20241106,14,93,10,PED-600-6481,248,39.21,9724.08,991.86,8732.22,6604.64,2127.58
2113,20240508,18,84,5,PED-493-9079,496,22.59,11204.64,123.25,11081.39,7827.37,3254.02
2114,20240529,25,65,12,PED-405-2152,81,33.31,2698.11,154.87,2543.24,1810.3,732.94
2115,20250217,6,74,7,PED-954-8399,452,27.42,12393.84,936.97,11456.87,7994.71,3462.16
2116,20240507,7,51,15,PED-759-9088,427,40.78,17413.06,2570.17,14842.89,10391.39,4451.5
2117,20240207,25,31,11,PED-724-9321,472,30.37,14334.64,1047.86,13286.78,9433.43,3853.35
2118,20230119,22,2,2,PED-839-8000,33,89.94,2968.02,178.38,2789.64,1685.7,1103.94
2119,20230404,28,24,5,PED-056-9650,109,11.69,1274.21,66.39,1207.82,795.75,412.07
2120,20230726,20,92,3,PED-636-3138,300,67.4,20220.0,2048.29,18171.71,13602.75,4568.96
2121,20230128,4,71,5,PED-125-1910,334,39.14,13072.76,248.38,12824.38,8905.2,3919.18
2122,20231126,13,19,6,PED-169-5132,81,92.92,7526.52,389.87,7136.65,4336.2,2800.45
2123,20240927,10,77,15,PED-820-0034,264,45.01,11882.64,1093.2,10789.44,7184.09,3605.35
2124,20251201,28,27,12,PED-724-3015,446,12.63,5632.98,820.73,4812.25,3035.56,1776.69
2125,20231220,27,100,3,PED-123-6530,72,8.77,631.44,81.27,550.17,388.96,161.21
2126,20251113,10,83,19,PED-568-2693,51,51.81,2642.31,187.34,2454.97,1674.34,780.63
2127,20250107,20,42,19,PED-105-1308,395,65.57,25900.15,3988.62,21911.53,14024.43,7887.1
2128,20231205,31,19,2,PED-211-6156,429,199.17,85443.93,1153.49,84290.44,55461.89,28828.55
2129,20240609,35,62,13,PED-754-0666,110,19.41,2135.1,362.75,1772.35,1149.75,622.6
2130,20231114,32,33,2,PED-521-9533,380,262.34,99689.2,17026.92,82662.28,48156.77,34505.51
2131,20250923,19,48,10,PED-462-0661,496,45.25,22444.0,1304.0,21140.0,15232.45,5907.55
2132,20250205,29,6,10,PED-264-6182,132,17.62,2325.84,112.34,2213.5,1498.93,714.57
2133,20230216,10,75,1,PED-204-2163,440,48.36,21278.4,838.37,20440.03,13912.68,6527.35
2134,20230709,35,82,3,PED-367-4488,489,18.23,8914.47,1382.63,7531.84,4947.54,2584.3
2135,20240427,36,5,16,PED-570-0681,373,29.28,10921.44,1484.22,9437.22,6078.23,3358.99
2136,20240801,36,26,12,PED-316-9380,44,27.62,1215.28,16.16,1199.12,791.06,408.06
2137,20230819,3,78,3,PED-349-1055,308,31.36,9658.88,1222.81,8436.07,5458.72,2977.35
2138,20240514,1,20,14,PED-131-7764,480,31.82,15273.6,1345.6,13928.0,8873.85,5054.15
2139,20231004,22,3,11,PED-317-2569,151,100.31,15146.81,1269.3,13877.51,8175.51,5702.0
2140,20240508,13,16,7,PED-867-1639,93,90.81,8445.33,1420.5,7024.83,4630.91,2393.92
2141,20230519,3,47,8,PED-934-1520,476,29.76,14165.76,2279.27,11886.49,6947.4,4939.09
2142,20240217,34,27,18,PED-562-2917,100,13.44,1344.0,61.15,1282.85,749.02,533.83
2143,20230710,30,34,1,PED-597-1933,466,32.73,15252.18,2089.55,13162.63,8583.71,4578.92
2144,20230423,23,37,17,PED-829-9408,304,36.97,11238.88,1907.24,9331.64,6079.89,3251.75
2145,20250322,20,16,5,PED-775-3524,497,63.35,31484.95,311.7,31173.25,22962.71,8210.54
2146,20250119,14,93,18,PED-560-4398,383,41.21,15783.43,1486.8,14296.63,10772.16,3524.47
2147,20240429,21,6,1,PED-120-0169,237,71.82,17021.34,1972.77,15048.57,8922.97,6125.6
2148,20251007,8,71,14,PED-527-4531,457,21.44,9798.08,852.43,8945.65,6634.67,2310.98
2149,20251006,18,48,8,PED-754-1181,446,20.46,9125.16,1636.14,7489.02,4512.13,2976.89
2150,20231011,10,16,10,PED-195-2201,494,46.94,23188.36,2648.11,20540.25,13153.64,7386.61
2151,20231204,18,76,4,PED-500-1884,300,23.02,6906.0,208.56,6697.44,4653.4,2044.04
2152,20230630,25,17,8,PED-971-3183,162,30.36,4918.32,13.28,4905.04,3105.58,1799.46
2153,20230202,6,45,10,PED-505-4716,86,28.73,2470.78,279.94,2190.84,1442.33,748.51
2154,20250719,25,36,20,PED-449-2063,286,31.62,9043.32,628.51,8414.81,5421.82,2992.99
2155,20251202,31,66,17,PED-618-3041,140,187.49,26248.6,1572.29,24676.31,17895.3,6781.01
2156,20231123,12,30,7,PED-954-7718,283,117.04,33122.32,4756.37,28365.95,18428.68,9937.27
2157,20250805,19,44,13,PED-453-8334,164,41.88,6868.32,48.08,6820.24,4629.62,2190.62
2158,20230731,21,93,8,PED-463-7606,197,75.86,14944.42,1785.86,13158.56,7859.56,5299.0
2159,20240923,18,79,14,PED-191-1066,326,20.36,6637.36,93.59,6543.77,3908.87,2634.9
2160,20230308,23,79,9,PED-728-9639,292,38.88,11352.96,493.85,10859.11,7879.1,2980.01
2161,20231109,19,36,2,PED-447-8383,104,41.3,4295.2,466.46,3828.74,2695.4,1133.34
2162,20240923,11,67,2,PED-664-0527,31,72.7,2253.7,95.11,2158.59,1282.21,876.38
2163,20241121,6,17,16,PED-803-8618,158,28.74,4540.92,483.15,4057.77,2359.19,1698.58
2164,20230222,35,66,8,PED-656-7391,82,19.37,1588.34,113.57,1474.77,1083.06,391.71
2165,20240415,34,21,9,PED-398-7307,76,13.36,1015.36,147.02,868.34,537.61,330.73
2166,20230226,23,39,3,PED-717-8970,179,36.07,6456.53,313.79,6142.74,3844.49,2298.25
2167,20230727,6,9,6,PED-815-3716,440,26.0,11440.0,255.11,11184.89,7541.93,3642.96
2168,20240613,17,23,2,PED-844-7134,385,26.67,10267.95,70.85,10197.1,7139.37,3057.73
2169,20230319,9,26,9,PED-866-5814,97,37.62,3649.14,617.8,3031.34,2104.4,926.94
2170,20230713,18,11,15,PED-992-6305,382,22.8,8709.6,499.93,8209.67,6087.22,2122.45
2171,20230402,30,10,3,PED-853-5971,488,31.92,15576.96,334.9,15242.06,10307.28,4934.78
2172,20230727,32,56,7,PED-137-6627,134,281.62,37737.08,5041.67,32695.41,24846.62,7848.79
2173,20230330,4,54,6,PED-595-7782,492,41.44,20388.48,3451.77,16936.71,11798.27,5138.44
2174,20240209,8,84,10,PED-220-9674,365,20.83,7602.95,218.96,7383.99,4966.32,2417.67
2175,20240202,2,54,17,PED-677-3244,337,34.42,11599.54,1910.44,9689.1,6203.77,3485.33
2176,20240530,27,75,12,PED-843-9898,164,9.08,1489.12,141.02,1348.1,1005.53,342.57
2177,20251127,2,3,10,PED-168-4249,317,32.0,10144.0,1370.45,8773.55,5887.69,2885.86
2178,20231222,23,16,9,PED-772-8197,134,36.24,4856.16,168.99,4687.17,2987.3,1699.87
2179,20251102,7,75,16,PED-262-5577,114,37.64,4290.96,535.94,3755.02,2640.7,1114.32
2180,20230709,5,94,9,PED-068-6358,345,24.63,8497.35,135.11,8362.24,5024.99,3337.25
2181,20230619,17,40,8,PED-593-9811,196,30.11,5901.56,607.27,5294.29,3556.41,1737.88
2182,20240322,29,60,20,PED-812-8155,296,18.53,5484.88,606.63,4878.25,3165.27,1712.98
2183,20251203,25,57,6,PED-691-2500,265,29.84,7907.6,317.09,7590.51,5376.55,2213.96
2184,20230819,36,41,12,PED-890-1825,343,28.05,9621.15,346.36,9274.79,6671.35,2603.44
2185,20230801,18,78,3,PED-320-8307,455,20.43,9295.65,332.78,8962.87,6476.21,2486.66
2186,20250214,21,52,4,PED-295-8242,282,70.18,19790.76,2321.46,17469.3,10374.36,7094.94
2187,20230412,3,88,12,PED-505-9751,237,30.96,7337.52,1224.63,6112.89,3752.68,2360.21
2188,20240220,35,9,20,PED-075-4307,110,18.62,2048.2,307.23,1740.97,1181.85,559.12
2189,20230708,27,86,4,PED-426-4277,485,8.4,4074.0,42.37,4031.63,2990.81,1040.82
2190,20230327,17,78,1,PED-827-4620,149,30.05,4477.45,380.14,4097.31,2475.24,1622.07
2191,20250421,34,4,6,PED-727-2505,237,13.14,3114.18,281.52,2832.66,2056.52,776.14
2192,20241120,9,17,5,PED-619-2707,25,34.17,854.25,140.01,714.24,460.6,253.64
2193,20250219,15,77,4,PED-098-0325,221,46.27,10225.67,349.72,9875.95,6604.22,3271.73
2194,20250228,2,9,17,PED-847-9552,426,31.24,13308.24,65.21,13243.03,9187.48,4055.55
2195,20240115,6,61,16,PED-547-1266,331,28.61,9469.91,338.08,9131.83,5861.98,3269.85
2196,20250315,36,38,4,PED-420-4730,455,26.03,11843.65,1430.71,10412.94,7637.63,2775.31
2197,20250204,36,36,14,PED-849-9564,206,29.79,6136.74,800.23,5336.51,3406.7,1929.81
2198,20231003,10,7,10,PED-541-3657,446,48.11,21457.06,894.76,20562.3,14796.35,5765.95
2199,20230702,3,63,8,PED-786-6723,216,30.91,6676.56,234.35,6442.21,4676.92,1765.29
2200,20241124,35,89,12,PED-715-0818,427,16.79,7169.33,815.15,6354.18,4152.89,2201.29
2201,20250309,11,86,9,PED-026-5873,59,76.34,4504.06,398.16,4105.9,2775.59,1330.31
2202,20230913,26,11,7,PED-230-2326,284,29.89,8488.76,887.92,7600.84,5033.92,2566.92
2203,20251128,31,19,1,PED-848-9371,477,189.11,90205.47,7252.52,82952.95,59680.61,23272.34
2204,20230108,19,85,12,PED-087-7443,105,42.71,4484.55,707.66,3776.89,2594.19,1182.7
2205,20250807,27,63,19,PED-003-5463,457,8.49,3879.93,345.31,3534.62,2588.17,946.45
2206,20240519,31,76,4,PED-259-8226,156,179.2,27955.2,4595.83,23359.37,16870.32,6489.05
2207,20230926,27,82,11,PED-054-2250,101,8.6,868.6,20.41,848.19,516.51,331.68
2208,20251218,32,21,8,PED-732-5300,274,283.72,77739.28,7750.61,69988.67,46317.96,23670.71
2209,20231204,32,42,8,PED-916-3519,241,290.01,69892.41,11448.38,58444.03,37203.41,21240.62
2210,20230213,30,84,6,PED-262-6887,367,31.84,11685.28,2001.69,9683.59,6743.83,2939.76
2211,20240724,24,24,3,PED-700-1269,416,46.72,19435.52,188.52,19247.0,13223.45,6023.55
2212,20240109,17,91,14,PED-487-9926,451,30.53,13769.03,1677.07,12091.96,7268.4,4823.56
2213,20251006,12,49,4,PED-631-5612,127,122.83,15599.41,2626.94,12972.47,7980.1,4992.37
2214,20241107,34,37,12,PED-087-9960,89,11.93,1061.77,175.19,886.58,533.47,353.11
2215,20240410,11,68,14,PED-488-2186,480,77.07,36993.6,5149.51,31844.09,23108.85,8735.24
2216,20230901,26,4,15,PED-459-6166,263,29.87,7855.81,652.82,7202.99,5231.92,1971.07
2217,20251115,28,90,18,PED-051-7270,275,11.67,3209.25,52.31,3156.94,1859.33,1297.61
2218,20240506,7,24,16,PED-739-0574,402,40.38,16232.76,597.37,15635.39,10247.19,5388.2
2219,20240207,23,7,17,PED-246-8810,435,37.28,16216.8,2701.72,13515.08,8455.16,5059.92
2220,20241207,19,87,16,PED-712-6861,21,42.88,900.48,158.21,742.27,452.87,289.4
2221,20240410,35,10,19,PED-253-2987,155,18.74,2904.7,509.77,2394.93,1741.57,653.36
2222,20230828,3,62,12,PED-624-4316,257,30.08,7730.56,467.7,7262.86,4517.68,2745.18
2223,20241017,4,28,5,PED-434-7798,429,41.79,17927.91,1690.6,16237.31,12125.93,4111.38
2224,20250624,19,8,7,PED-896-5486,68,38.69,2630.92,174.96,2455.96,1437.25,1018.71
2225,20250913,20,5,2,PED-783-0740,95,60.99,5794.05,656.47,5137.58,3430.35,1707.23
2226,20231105,15,59,3,PED-175-5229,423,42.73,18074.79,191.59,17883.2,11652.5,6230.7
2227,20240907,20,75,6,PED-091-7022,244,69.16,16875.04,2853.57,14021.47,10064.55,3956.92
2228,20241022,15,46,18,PED-618-7817,313,48.03,15033.39,1336.47,13696.92,9608.5,4088.42
2229,20250510,25,81,20,PED-383-4255,271,31.45,8522.95,226.71,8296.24,5482.91,2813.33
2230,20230715,20,14,8,PED-289-6125,303,64.07,19413.21,1720.01,17693.2,11567.16,6126.04
2231,20230613,18,69,1,PED-664-3452,446,22.88,10204.48,1370.46,8834.02,5867.86,2966.16
2232,20230916,24,12,15,PED-947-5271,367,44.62,16375.54,1473.8,14901.74,8700.33,6201.41
2233,20250409,27,5,14,PED-088-0066,73,8.94,652.62,86.6,566.02,354.42,211.6
2234,20250926,30,43,17,PED-359-3594,164,32.76,5372.64,114.44,5258.2,3909.38,1348.82
2235,20231230,34,34,15,PED-214-5199,216,12.28,2652.48,221.75,2430.73,1512.11,918.62
2236,20230212,7,50,8,PED-762-0109,220,36.54,8038.8,1422.06,6616.74,4178.02,2438.72
2237,20250506,3,33,19,PED-712-2722,161,32.57,5243.77,685.36,4558.41,3365.24,1193.17
2238,20240906,27,70,7,PED-249-3359,368,8.77,3227.36,474.74,2752.62,1767.57,985.05
2239,20240903,2,90,14,PED-543-5945,72,33.92,2442.24,49.82,2392.42,1686.02,706.4
2240,20240722,13,69,15,PED-488-4821,343,91.16,31267.88,2485.8,28782.08,21543.69,7238.39
2241,20231216,29,91,4,PED-685-9251,281,17.44,4900.64,657.67,4242.97,2984.49,1258.48
2242,20240809,6,9,5,PED-092-6294,76,26.25,1995.0,90.17,1904.83,1362.26,542.57
2243,20231201,13,17,4,PED-749-9002,248,94.07,23329.36,3359.43,19969.93,14666.23,5303.7
2244,20231123,19,13,13,PED-689-7017,28,38.85,1087.8,171.22,916.58,573.57,343.01
2245,20250609,34,6,17,PED-362-4456,417,11.59,4833.03,265.33,4567.7,3015.75,1551.95
2246,20251117,13,6,12,PED-344-4150,256,91.45,23411.2,3474.22,19936.98,12922.22,7014.76
2247,20240714,33,43,18,PED-197-8626,246,236.36,58144.56,7739.04,50405.52,36424.55,13980.97
2248,20240611,12,26,3,PED-519-4736,237,126.82,30056.34,3113.84,26942.5,19124.64,7817.86
2249,20230830,18,70,15,PED-555-2257,46,22.02,1012.92,71.21,941.71,574.05,367.66
2250,20240920,25,85,7,PED-961-6983,436,33.62,14658.32,228.67,14429.65,10147.06,4282.59
2251,20230503,24,98,10,PED-176-8907,83,48.17,3998.11,170.72,3827.39,2433.12,1394.27
2252,20230405,1,80,16,PED-140-7158,273,32.27,8809.71,897.71,7912.0,4597.35,3314.65
2253,20230912,19,47,13,PED-304-5802,342,42.87,14661.54,10.26,14651.28,11017.2,3634.08
2254,20251216,29,76,15,PED-094-9012,394,17.74,6989.56,134.9,6854.66,4701.78,2152.88
2255,20240916,5,34,2,PED-915-3532,421,24.61,10360.81,168.88,10191.93,6014.69,4177.24
2256,20230115,1,37,1,PED-197-3709,372,34.51,12837.72,2048.9,10788.82,7423.18,3365.64
2257,20230614,26,73,7,PED-671-3015,60,29.85,1791.0,193.25,1597.75,1136.74,461.01
2258,20240220,10,7,12,PED-548-1726,442,51.76,22877.92,3582.68,19295.24,13369.7,5925.54
2259,20240512,1,58,6,PED-374-7741,123,33.75,4151.25,652.16,3499.09,2423.11,1075.98
2260,20240827,25,63,11,PED-705-1234,365,34.14,12461.1,1261.06,11200.04,6982.66,4217.38
2261,20231212,4,52,20,PED-440-3106,366,39.76,14552.16,2580.1,11972.06,8175.13,3796.93
2262,20250129,9,54,13,PED-524-6013,257,32.62,8383.34,1367.32,7016.02,4602.23,2413.79
2263,20251024,27,64,5,PED-721-8897,373,7.95,2965.35,451.33,2514.02,1845.41,668.61
2264,20231211,14,5,15,PED-425-3240,108,36.76,3970.08,141.73,3828.35,2602.75,1225.6
2265,20250429,6,33,19,PED-348-2560,481,28.04,13487.24,565.12,12922.12,9269.86,3652.26
2266,20240303,14,45,4,PED-755-4218,304,39.31,11950.24,1874.99,10075.25,5970.27,4104.98
2267,20241010,4,30,3,PED-478-8983,357,42.89,15311.73,1130.01,14181.72,8881.65,5300.07
2268,20241130,26,88,1,PED-423-9086,55,29.3,1611.5,227.38,1384.12,868.02,516.1
2269,20251202,25,88,6,PED-794-8800,217,29.45,6390.65,413.48,5977.17,3832.59,2144.58
2270,20230914,9,82,17,PED-959-2681,41,33.05,1355.05,64.64,1290.41,946.72,343.69
2271,20230209,1,45,3,PED-249-8732,302,31.97,9654.94,1139.28,8515.66,4968.77,3546.89
2272,20250214,6,96,3,PED-920-1946,64,25.18,1611.52,205.47,1406.05,1015.95,390.1
2273,20250506,4,49,10,PED-350-6621,169,40.92,6915.48,252.42,6663.06,4459.55,2203.51
2274,20240512,5,29,4,PED-897-8531,188,24.08,4527.04,557.28,3969.76,2559.77,1409.99
2275,20250401,16,10,16,PED-418-6329,458,66.86,30621.88,1864.87,28757.01,17374.92,11382.09
2276,20251203,26,73,1,PED-155-6850,327,29.59,9675.93,786.65,8889.28,6109.12,2780.16
2277,20230929,33,48,13,PED-343-3751,434,236.59,102680.06,5370.17,97309.89,59900.08,37409.81
2278,20230628,6,44,8,PED-632-1153,481,27.2,13083.2,2305.26,10777.94,7477.22,3300.72
2279,20240404,6,86,17,PED-938-3899,158,24.96,3943.68,484.68,3459.0,2281.05,1177.95
2280,20250522,3,97,19,PED-616-2991,181,31.07,5623.67,118.1,5505.57,3810.0,1695.57
2281,20231228,1,5,15,PED-769-5655,157,30.78,4832.46,240.17,4592.29,3220.57,1371.72
2282,20240523,20,2,13,PED-607-6960,133,65.25,8678.25,625.7,8052.55,5510.52,2542.03
2283,20230423,30,81,15,PED-686-5637,326,33.13,10800.38,546.5,10253.88,6145.24,4108.64
2284,20250416,13,6,16,PED-825-4493,436,86.15,37561.4,4067.9,33493.5,22549.79,10943.71
2285,20230730,31,37,16,PED-196-4106,89,185.25,16487.25,2280.19,14207.06,9573.8,4633.26
2286,20231004,22,67,10,PED-137-9620,227,88.24,20030.48,2453.73,17576.75,10773.26,6803.49
2287,20240824,32,63,18,PED-378-6747,70,293.1,20517.0,941.73,19575.27,12286.14,7289.13
2288,20231006,32,99,15,PED-564-5745,125,306.28,38285.0,6634.79,31650.21,21959.95,9690.26
2289,20231216,11,85,3,PED-573-0675,123,76.07,9356.61,145.96,9210.65,6309.17,2901.48
2290,20230707,19,73,10,PED-102-3509,403,41.84,16861.52,1878.37,14983.15,9623.63,5359.52
2291,20250716,31,85,20,PED-645-7984,203,191.74,38923.22,4059.69,34863.53,24390.92,10472.61
2292,20231221,30,69,4,PED-992-5637,267,29.71,7932.57,569.56,7363.01,4786.56,2576.45
2293,20231208,11,85,20,PED-087-9546,418,84.0,35112.0,1759.11,33352.89,23470.79,9882.1
2294,20231025,27,78,7,PED-216-9672,357,8.21,2930.97,115.19,2815.78,1673.84,1141.94
2295,20250304,18,29,9,PED-068-8919,84,20.54,1725.36,201.52,1523.84,923.66,600.18
2296,20251225,19,51,1,PED-431-6782,357,42.26,15086.82,395.27,14691.55,11059.33,3632.22
2297,20240613,25,18,10,PED-864-3572,124,33.32,4131.68,669.75,3461.93,2612.95,848.98
2298,20250513,8,35,9,PED-228-2474,197,19.44,3829.68,459.94,3369.74,2301.61,1068.13
2299,20240423,36,73,18,PED-649-0273,350,27.01,9453.5,83.19,9370.31,6216.3,3154.01
2300,20251010,9,69,14,PED-242-4997,186,37.29,6935.94,477.89,6458.05,4484.97,1973.08
2301,20251118,35,35,11,PED-866-2110,111,19.27,2138.97,112.3,2026.67,1234.58,792.09
2302,20240124,29,47,6,PED-259-6015,167,18.89,3154.63,431.55,2723.08,1776.09,946.99
2303,20230605,13,61,14,PED-632-2119,30,93.33,2799.9,261.79,2538.11,1848.05,690.06
2304,20250828,22,86,12,PED-356-4773,118,99.31,11718.58,2040.2,9678.38,7001.37,2677.01
2305,20240229,29,20,20,PED-869-4311,32,18.5,592.0,3.91,588.09,397.24,190.85
2306,20250430,15,76,20,PED-795-1123,475,42.42,20149.5,717.32,19432.18,14547.89,4884.29
2307,20250919,14,58,8,PED-474-1196,390,40.39,15752.1,395.38,15356.72,9611.72,5745.0
2308,20250907,31,34,18,PED-247-2260,104,189.53,19711.12,2858.11,16853.01,10706.75,6146.26
2309,20250112,7,3,3,PED-016-9489,409,39.55,16175.95,2817.85,13358.1,9945.08,3413.02
2310,20251108,19,56,10,PED-018-8404,302,43.93,13266.86,566.49,12700.37,7779.57,4920.8
2311,20251220,30,85,18,PED-101-1565,435,33.07,14385.45,97.82,14287.63,10438.85,3848.78
2312,20231223,35,59,20,PED-568-6004,344,17.97,6181.68,699.15,5482.53,3916.33,1566.2
2313,20250711,7,23,5,PED-245-4674,241,35.03,8442.23,406.07,8036.16,5308.3,2727.86
2314,20240809,2,93,2,PED-477-6332,238,30.98,7373.24,533.82,6839.42,4543.39,2296.03
2315,20241128,24,13,12,PED-487-1844,386,44.07,17011.02,236.45,16774.57,12227.81,4546.76
2316,20250603,4,80,9,PED-906-3862,353,38.7,13661.1,456.28,13204.82,8147.19,5057.63
2317,20240926,31,57,16,PED-554-6166,287,183.87,52770.69,1219.0,51551.69,33793.75,17757.94
2318,20240806,23,61,2,PED-493-8000,433,39.21,16977.93,186.76,16791.17,11842.06,4949.11
2319,20240116,3,35,3,PED-540-7485,232,31.92,7405.44,802.01,6603.43,3847.46,2755.97
2320,20251221,11,88,4,PED-887-7211,281,78.46,22047.26,2246.62,19800.64,14746.79,5053.85
2321,20240909,8,18,18,PED-820-7784,204,19.59,3996.36,368.86,3627.5,2515.06,1112.44
2322,20240717,25,57,15,PED-964-5945,200,33.32,6664.0,121.28,6542.72,4558.46,1984.26
2323,20240809,11,39,2,PED-103-2522,444,83.5,37074.0,248.4,36825.6,27250.68,9574.92
2324,20241128,31,75,1,PED-528-1967,122,177.66,21674.52,3749.69,17924.83,10630.48,7294.35
2325,20230607,4,34,13,PED-004-6788,66,41.55,2742.3,426.15,2316.15,1624.56,691.59
2326,20240310,35,51,12,PED-543-3599,95,17.65,1676.75,182.6,1494.15,1126.99,367.16
2327,20230330,27,82,3,PED-405-0212,167,8.44,1409.48,130.66,1278.82,875.19,403.63
2328,20240821,20,52,6,PED-590-6110,281,66.59,18711.79,1854.34,16857.45,10782.51,6074.94
2329,20230908,22,87,3,PED-426-2430,477,90.16,43006.32,7371.28,35635.04,21728.23,13906.81
2330,20250711,35,41,10,PED-915-3787,326,16.69,5440.94,945.64,4495.3,2735.85,1759.45
2331,20250303,10,52,9,PED-468-6026,244,47.03,11475.32,1126.88,10348.44,7736.61,2611.83
2332,20230821,16,52,18,PED-972-6443,208,69.02,14356.16,849.88,13506.28,9197.99,4308.29
2333,20240609,29,44,8,PED-499-8528,108,19.91,2150.28,106.22,2044.06,1306.39,737.67
2334,20250920,2,94,8,PED-738-2309,180,31.61,5689.8,630.43,5059.37,3465.51,1593.86
2335,20240828,10,16,18,PED-123-3971,42,45.48,1910.16,4.58,1905.58,1330.15,575.43
2336,20241005,31,38,12,PED-442-1273,21,189.47,3978.87,707.84,3271.03,2211.31,1059.72
2337,20251130,20,16,18,PED-763-8054,62,64.33,3988.46,608.24,3380.22,2322.19,1058.03
2338,20251107,1,91,1,PED-447-2415,203,32.06,6508.18,100.23,6407.95,3869.47,2538.48
2339,20230204,23,37,11,PED-416-9541,336,39.0,13104.0,712.86,12391.14,7299.02,5092.12
2340,20250418,27,44,2,PED-922-7680,231,8.58,1981.98,125.66,1856.32,1225.65,630.67
2341,20250429,31,14,18,PED-348-7958,107,186.73,19980.11,2751.26,17228.85,12868.34,4360.51
2342,20250711,1,50,11,PED-750-4972,164,34.26,5618.64,497.25,5121.39,3393.09,1728.3
2343,20240724,34,14,13,PED-945-4993,405,12.02,4868.1,477.56,4390.54,2977.08,1413.46
2344,20230630,35,85,11,PED-772-9803,167,17.31,2890.77,279.54,2611.23,1652.55,958.68
2345,20241116,16,11,14,PED-358-7718,197,64.11,12629.67,450.88,12178.79,7200.77,4978.02
2346,20231211,4,32,9,PED-787-3134,174,41.16,7161.84,815.02,6346.82,4770.5,1576.32
2347,20231014,27,57,20,PED-515-7299,247,8.45,2087.15,259.64,1827.51,1120.67,706.84
2348,20230520,24,39,19,PED-459-3815,92,48.11,4426.12,494.4,3931.72,2806.48,1125.24
2349,20241124,19,72,10,PED-885-9308,240,42.97,10312.8,1082.84,9229.96,6579.96,2650.0
2350,20230314,9,73,5,PED-453-6924,338,32.46,10971.48,738.38,10233.1,6481.91,3751.19
2351,20241130,10,14,17,PED-084-6793,279,46.4,12945.6,2310.79,10634.81,6302.35,4332.46
2352,20250622,9,40,17,PED-979-2828,230,36.17,8319.1,1207.1,7112.0,4659.52,2452.48
2353,20231002,25,43,9,PED-396-9257,86,34.5,2967.0,409.74,2557.26,1598.25,959.01
2354,20241209,30,44,19,PED-679-3715,472,31.65,14938.8,1995.82,12942.98,8760.56,4182.42
2355,20250106,27,76,13,PED-303-9693,295,8.32,2454.4,440.56,2013.84,1481.23,532.61
2356,20230610,18,42,20,PED-839-8199,172,23.37,4019.64,157.17,3862.47,2511.72,1350.75
2357,20241119,17,47,19,PED-658-5899,33,29.02,957.66,158.4,799.26,593.83,205.43
2358,20230724,35,5,9,PED-552-6612,320,18.63,5961.6,909.74,5051.86,3419.55,1632.31
2359,20230704,12,23,14,PED-035-4670,31,114.25,3541.75,326.55,3215.2,2210.33,1004.87
2360,20230724,16,48,14,PED-425-2569,429,64.43,27640.47,931.48,26708.99,20127.0,6581.99
2361,20240317,34,42,13,PED-871-4509,472,12.62,5956.64,1013.82,4942.82,3264.64,1678.18
2362,20250415,32,95,1,PED-852-5146,84,268.18,22527.12,63.08,22464.04,13639.05,8824.99
2363,20251208,30,47,9,PED-218-6242,429,30.85,13234.65,800.7,12433.95,8996.22,3437.73
2364,20230425,4,87,2,PED-783-8713,397,43.26,17174.22,431.07,16743.15,10974.55,5768.6
2365,20230929,8,64,10,PED-841-2962,359,20.22,7258.98,259.87,6999.11,5199.92,1799.19
2366,20250813,9,78,10,PED-743-7396,333,32.9,10955.7,377.97,10577.73,7597.9,2979.83
2367,20250515,20,75,9,PED-995-7242,123,69.77,8581.71,686.54,7895.17,5473.22,2421.95
2368,20250606,3,79,9,PED-780-3717,98,31.57,3093.86,231.11,2862.75,2086.31,776.44
2369,20230516,35,79,8,PED-091-4452,115,17.26,1984.9,308.25,1676.65,1215.54,461.11
2370,20250115,35,24,9,PED-575-9042,438,18.28,8006.64,1148.15,6858.49,4439.78,2418.71
2371,20251012,17,64,16,PED-944-4799,447,29.98,13401.06,345.75,13055.31,9074.23,3981.08
2372,20241212,35,29,8,PED-230-2164,264,19.06,5031.84,362.8,4669.04,3275.57,1393.47
2373,20231206,28,67,7,PED-723-5844,422,11.16,4709.52,37.21,4672.31,3010.34,1661.97
2374,20251211,9,69,7,PED-839-1407,455,33.78,15369.9,282.81,15087.09,9045.91,6041.18
2375,20250322,34,24,6,PED-873-7918,367,13.21,4848.07,726.73,4121.34,2635.56,1485.78
2376,20240709,24,47,7,PED-932-0730,242,44.1,10672.2,321.23,10350.97,7502.34,2848.63
2377,20250218,20,1,18,PED-030-3672,376,68.21,25646.96,4136.85,21510.11,14184.15,7325.96
2378,20250523,27,37,7,PED-451-1524,107,8.25,882.75,151.3,731.45,506.46,224.99
2379,20251012,8,23,3,PED-818-5176,325,21.32,6929.0,443.46,6485.54,4353.73,2131.81
2380,20240112,8,73,6,PED-162-5666,359,22.39,8038.01,258.82,7779.19,5331.04,2448.15
2381,20231109,7,21,17,PED-951-6159,263,36.04,9478.52,1018.94,8459.58,6016.47,2443.11
2382,20230313,21,44,11,PED-524-3499,370,68.34,25285.8,3603.23,21682.57,14070.25,7612.32
2383,20250605,8,6,5,PED-695-3149,463,19.49,9023.87,757.1,8266.77,5878.63,2388.14
2384,20230129,22,91,12,PED-151-6915,32,91.23,2919.36,60.72,2858.64,1857.34,1001.3
2385,20251129,8,24,4,PED-772-6418,413,21.01,8677.13,113.67,8563.46,5834.36,2729.1
2386,20251125,18,82,13,PED-369-1712,484,23.22,11238.48,1103.62,10134.86,6375.85,3759.01
2387,20251119,17,71,8,PED-195-3933,45,30.37,1366.65,32.66,1333.99,838.81,495.18
2388,20251121,34,70,17,PED-754-5535,121,12.93,1564.53,229.83,1334.7,982.65,352.05
2389,20231001,33,39,2,PED-315-0597,205,229.17,46979.85,3297.99,43681.86,31572.54,12109.32
2390,20241228,26,19,18,PED-981-1305,497,29.39,14606.83,1469.45,13137.38,9867.22,3270.16
2391,20250302,10,70,8,PED-849-4446,297,52.01,15446.97,2408.18,13038.79,9521.7,3517.09
2392,20241221,19,65,12,PED-811-5992,212,38.99,8265.88,215.74,8050.14,5716.77,2333.37
2393,20240716,3,19,13,PED-490-2487,118,31.79,3751.22,199.56,3551.66,2253.62,1298.04
2394,20251112,17,35,8,PED-953-4488,417,30.4,12676.8,152.12,12524.68,9452.32,3072.36
2395,20240503,17,81,5,PED-903-0163,435,27.8,12093.0,942.04,11150.96,7843.01,3307.95
2396,20240802,21,52,4,PED-736-8908,142,75.51,10722.42,1222.36,9500.06,6044.63,3455.43
2397,20250212,29,60,18,PED-808-1595,75,19.64,1473.0,97.37,1375.63,846.73,528.9
2398,20250708,1,31,1,PED-256-4281,121,33.07,4001.47,169.26,3832.21,2880.0,952.21
2399,20230723,23,56,8,PED-994-9969,66,40.52,2674.32,86.65,2587.67,1849.0,738.67
2400,20240812,13,98,1,PED-793-2878,208,91.41,19013.28,1983.09,17030.19,12111.25,4918.94
2401,20250918,5,39,12,PED-250-2836,169,27.42,4633.98,707.15,3926.83,2465.71,1461.12
2402,20250307,10,89,6,PED-869-1295,264,51.83,13683.12,2391.81,11291.31,8340.13,2951.18
2403,20231023,8,57,13,PED-315-2261,278,22.21,6174.38,994.69,5179.69,3874.78,1304.91
2404,20240528,6,15,4,PED-179-2153,436,27.1,11815.6,730.2,11085.4,6494.58,4590.82
2405,20230709,10,4,6,PED-806-6290,376,52.63,19788.88,949.87,18839.01,11102.84,7736.17
2406,20230816,15,33,16,PED-815-4005,362,45.05,16308.1,2777.27,13530.83,8099.45,5431.38
2407,20251208,25,5,14,PED-686-7290,449,33.81,15180.69,1231.15,13949.54,8612.19,5337.35
2408,20231218,8,39,1,PED-447-5264,264,22.27,5879.28,140.51,5738.77,3648.75,2090.02
2409,20230709,12,16,3,PED-283-5796,424,125.44,53186.56,7004.67,46181.89,28470.25,17711.64
2410,20250830,24,69,10,PED-909-7659,486,43.05,20922.3,3575.62,17346.68,11397.75,5948.93
2411,20250126,15,42,7,PED-040-6868,281,44.59,12529.79,991.11,11538.68,8493.31,3045.37
2412,20240603,21,22,3,PED-359-1277,473,74.02,35011.46,5934.44,29077.02,17400.74,11676.28
2413,20251205,14,65,7,PED-791-2330,86,41.49,3568.14,157.35,3410.79,2107.14,1303.65
2414,20231104,18,76,9,PED-064-2672,402,20.44,8216.88,1204.59,7012.29,5161.73,1850.56
2415,20250622,7,51,2,PED-788-4147,100,40.29,4029.0,704.67,3324.33,2136.46,1187.87
2416,20231113,28,68,17,PED-748-9757,348,12.41,4318.68,309.65,4009.03,2734.36,1274.67
2417,20251210,24,3,18,PED-260-9860,214,41.74,8932.36,421.61,8510.75,5639.52,2871.23
2418,20231218,30,70,7,PED-090-5462,369,30.19,11140.11,1635.37,9504.74,6203.7,3301.04
2419,20250305,35,34,1,PED-991-9016,61,17.46,1065.06,99.9,965.16,697.96,267.2
2420,20251124,21,46,7,PED-712-2816,111,73.12,8116.32,185.05,7931.27,4748.37,3182.9
2421,20230821,36,82,18,PED-511-4380,57,26.32,1500.24,154.97,1345.27,892.95,452.32
2422,20250528,33,41,16,PED-822-5076,87,226.06,19667.22,647.05,19020.17,13236.48,5783.69
2423,20230415,2,52,6,PED-512-3162,87,32.98,2869.26,248.48,2620.78,1546.62,1074.16
2424,20250529,23,17,17,PED-937-3092,484,36.57,17699.88,2670.91,15028.97,11070.5,3958.47
2425,20240310,3,44,2,PED-890-4271,272,29.56,8040.32,1015.49,7024.83,4156.22,2868.61
2426,20250216,30,65,15,PED-901-6768,92,34.41,3165.72,277.0,2888.72,1942.25,946.47
2427,20250401,31,68,8,PED-639-4673,33,195.73,6459.09,286.78,6172.31,4580.61,1591.7
2428,20230601,32,91,8,PED-448-0086,253,283.14,71634.42,12442.9,59191.52,39644.76,19546.76
2429,20251211,8,97,17,PED-751-9261,492,20.97,10317.24,435.39,9881.85,6860.23,3021.62
2430,20241106,35,46,5,PED-772-2822,447,18.05,8068.35,691.46,7376.89,4472.09,2904.8
2431,20230512,21,8,15,PED-077-4610,236,72.01,16994.36,2460.78,14533.58,11013.99,3519.59
2432,20231002,33,10,17,PED-103-5492,403,229.03,92299.09,9100.69,83198.4,59543.93,23654.47
2433,20230124,18,87,13,PED-006-7225,493,23.68,11674.24,1846.86,9827.38,6725.51,3101.87
2434,20240730,23,62,6,PED-390-1344,445,39.88,17746.6,1861.62,15884.98,11291.91,4593.07
2435,20251224,24,37,5,PED-640-3064,400,47.8,19120.0,223.7,18896.3,11916.05,6980.25
2436,20241022,30,21,3,PED-143-2552,25,30.74,768.5,38.66,729.84,529.11,200.73
2437,20250811,12,47,4,PED-822-6137,84,116.83,9813.72,21.59,9792.13,7416.66,2375.47
2438,20250627,7,37,2,PED-207-6469,452,39.67,17930.84,1739.29,16191.55,11454.29,4737.26
2439,20251029,34,29,6,PED-258-1053,296,13.35,3951.6,520.43,3431.17,2344.06,1087.11
2440,20240402,16,74,20,PED-473-2678,59,63.5,3746.5,203.06,3543.44,2331.6,1211.84
2441,20230813,5,100,18,PED-108-0086,274,24.95,6836.3,165.44,6670.86,4008.98,2661.88
2442,20250424,22,56,10,PED-918-3547,262,91.2,23894.4,1249.68,22644.72,16235.98,6408.74
2443,20230207,20,1,8,PED-785-5844,332,67.99,22572.68,1749.38,20823.3,13552.46,7270.84
2444,20240323,26,43,2,PED-020-4412,393,26.85,10552.05,1041.49,9510.56,6394.26,3116.3
2445,20230310,29,70,9,PED-355-2685,186,18.98,3530.28,336.08,3194.2,2207.95,986.25
2446,20240410,4,60,12,PED-391-2223,454,42.83,19444.82,701.96,18742.86,11105.45,7637.41
2447,20240506,30,69,16,PED-621-8922,119,33.38,3972.22,699.11,3273.11,2036.13,1236.98
2448,20230728,33,49,4,PED-818-3859,252,229.08,57728.16,7048.61,50679.55,34965.68,15713.87
2449,20250117,36,81,12,PED-299-8564,149,27.6,4112.4,690.47,3421.93,2554.15,867.78
2450,20250305,4,92,8,PED-192-2059,318,40.12,12758.16,594.53,12163.63,7733.16,4430.47
2451,20251110,18,84,19,PED-142-2297,142,22.09,3136.78,265.06,2871.72,2066.19,805.53
2452,20250823,31,43,6,PED-289-5708,424,195.78,83010.72,14908.73,68101.99,48390.18,19711.81
2453,20240923,3,65,12,PED-436-7064,477,31.28,14920.56,273.05,14647.51,8964.97,5682.54
2454,20240801,22,82,8,PED-294-6033,254,89.95,22847.3,411.25,22436.05,15003.08,7432.97
2455,20250419,31,34,15,PED-675-8875,21,194.24,4079.04,561.68,3517.36,2385.72,1131.64
2456,20230104,9,60,19,PED-332-5626,158,36.75,5806.5,674.72,5131.78,3032.43,2099.35
2457,20230814,20,59,2,PED-248-4029,117,64.93,7596.81,1236.0,6360.81,4057.57,2303.24
2458,20230723,36,26,3,PED-075-8843,50,28.85,1442.5,175.98,1266.52,781.76,484.76
2459,20240410,26,100,3,PED-688-3452,400,29.72,11888.0,43.99,11844.01,8073.27,3770.74
2460,20240228,33,78,20,PED-803-5776,464,206.62,95871.68,8657.21,87214.47,59739.74,27474.73
2461,20250701,10,95,8,PED-709-0500,262,46.7,12235.4,624.01,11611.39,8274.27,3337.12
2462,20250228,8,46,10,PED-114-2415,366,20.78,7605.48,60.84,7544.64,5318.23,2226.41
2463,20240421,22,96,8,PED-478-7817,288,97.27,28013.76,935.66,27078.1,15934.72,11143.38
2464,20230726,23,83,10,PED-472-4153,20,35.05,701.0,81.67,619.33,397.96,221.37
2465,20230829,27,37,18,PED-044-8696,495,8.59,4252.05,232.16,4019.89,2945.3,1074.59
2466,20241117,13,60,16,PED-886-3945,372,95.35,35470.2,2344.58,33125.62,19303.55,13822.07
2467,20230320,19,85,8,PED-359-9106,379,43.69,16558.51,1145.85,15412.66,11157.42,4255.24
2468,20241220,22,6,12,PED-732-6753,67,88.21,5910.07,277.77,5632.3,3975.2,1657.1
2469,20250606,9,70,10,PED-188-4954,113,37.63,4252.19,162.43,4089.76,2995.81,1093.95
2470,20250509,7,88,2,PED-527-4281,411,39.54,16250.94,2892.67,13358.27,9546.16,3812.11
2471,20251021,35,76,5,PED-146-0787,472,17.73,8368.56,1464.5,6904.06,4415.94,2488.12
2472,20250121,13,17,3,PED-160-1056,466,92.11,42923.26,1326.33,41596.93,31223.89,10373.04
2473,20231105,2,29,13,PED-206-8396,346,32.94,11397.24,645.08,10752.16,6301.42,4450.74
2474,20250324,17,46,18,PED-209-1741,321,27.05,8683.05,382.92,8300.13,5565.44,2734.69
2475,20250422,10,82,7,PED-970-3204,24,52.26,1254.24,201.05,1053.19,689.53,363.66
2476,20231017,27,39,8,PED-339-9028,274,8.33,2282.42,384.36,1898.06,1334.85,563.21
2477,20250224,18,83,7,PED-977-8376,56,21.69,1214.64,99.6,1115.04,779.05,335.99
2478,20240421,33,44,11,PED-287-9691,154,228.89,35249.06,3644.75,31604.31,23345.48,8258.83
2479,20250509,13,37,2,PED-286-2846,123,86.41,10628.43,1355.12,9273.31,5711.27,3562.04
2480,20240219,33,56,13,PED-226-1679,54,225.39,12171.06,866.58,11304.48,7390.19,3914.29
2481,20230115,8,67,2,PED-935-5646,260,20.19,5249.4,817.86,4431.54,3155.19,1276.35
2482,20231011,27,34,5,PED-678-4096,33,8.06,265.98,18.19,247.79,153.21,94.58
2483,20240918,8,98,18,PED-977-6643,80,20.58,1646.4,82.16,1564.24,1053.4,510.84
2484,20230419,30,30,8,PED-199-6303,324,30.24,9797.76,1606.83,8190.93,5411.28,2779.65
2485,20230125,33,14,17,PED-150-4822,171,232.36,39733.56,2348.25,37385.31,24102.51,13282.8
2486,20230210,12,87,12,PED-503-4773,498,116.18,57857.64,4264.11,53593.53,33947.45,19646.08
2487,20230830,22,49,10,PED-276-5153,54,101.15,5462.1,69.91,5392.19,3583.43,1808.76
2488,20251022,15,2,9,PED-238-6066,273,48.06,13120.38,296.52,12823.86,9544.73,3279.13
2489,20250126,35,4,5,PED-039-2008,189,18.91,3573.99,328.45,3245.54,1913.64,1331.9
2490,20230717,35,77,5,PED-930-7215,140,18.97,2655.8,327.73,2328.07,1589.92,738.15
2491,20230319,27,85,17,PED-074-5915,83,9.08,753.64,73.78,679.86,468.68,211.18
2492,20231119,33,95,2,PED-637-4700,268,208.65,55918.2,4685.95,51232.25,30842.67,20389.58
2493,20250921,8,11,18,PED-325-4115,481,21.93,10548.33,992.6,9555.73,6913.62,2642.11
2494,20241228,4,73,7,PED-003-2298,207,42.12,8718.84,1445.58,7273.26,4873.84,2399.42
2495,20241020,22,96,15,PED-145-8284,418,97.92,40930.56,6094.56,34836.0,23743.37,11092.63
2496,20241103,28,66,15,PED-722-2690,187,11.41,2133.67,1.28,2132.39,1294.84,837.55
2497,20230325,21,9,4,PED-056-6784,375,76.59,28721.25,614.63,28106.62,16932.85,11173.77
2498,20230629,12,94,6,PED-632-9506,437,125.74,54948.38,7115.82,47832.56,32788.67,15043.89
2499,20251215,32,82,1,PED-391-2406,344,276.81,95222.64,13378.78,81843.86,49231.36,32612.5
2500,20250513,8,10,14,PED-642-3374,209,21.01,4391.09,516.83,3874.26,2395.48,1478.78
2501,20240729,26,72,19,PED-853-2608,48,29.49,1415.52,38.22,1377.3,877.76,499.54
2502,20240614,29,77,5,PED-769-7045,326,19.59,6386.34,115.59,6270.75,3888.64,2382.11
2503,20250115,12,15,19,PED-701-4658,43,111.04,4774.72,349.99,4424.73,3196.36,1228.37
2504,20251014,25,84,17,PED-249-9107,58,34.43,1996.94,88.26,1908.68,1264.14,644.54
2505,20251013,1,99,9,PED-798-1921,355,34.21,12144.55,454.21,11690.34,7063.14,4627.2
2506,20250309,26,52,17,PED-817-3511,439,30.06,13196.34,1273.45,11922.89,8933.51,2989.38
2507,20230126,4,19,20,PED-055-3793,41,39.46,1617.86,64.71,1553.15,1061.37,491.78
2508,20230430,15,53,12,PED-111-1993,500,41.57,20785.0,3333.91,17451.09,13195.48,4255.61
2509,20250821,24,31,1,PED-343-3878,437,41.85,18288.45,312.73,17975.72,12256.45,5719.27
2510,20230827,7,66,5,PED-323-1337,104,38.19,3971.76,492.5,3479.26,2452.6,1026.66
2511,20251210,25,87,12,PED-959-2340,88,32.85,2890.8,127.2,2763.6,1655.12,1108.48
2512,20241030,22,25,14,PED-523-0280,359,96.08,34492.72,2586.95,31905.77,21838.25,10067.52
2513,20231212,5,88,6,PED-007-5465,20,26.43,528.6,30.29,498.31,361.11,137.2
2514,20230316,33,92,6,PED-401-8463,181,214.5,38824.5,4732.71,34091.79,23533.64,10558.15
2515,20240109,6,75,4,PED-223-4771,218,28.14,6134.52,78.52,6056.0,4322.4,1733.6
2516,20250607,24,54,8,PED-233-2085,490,45.38,22236.2,1896.75,20339.45,13700.96,6638.49
2517,20240810,27,46,2,PED-995-8235,300,8.21,2463.0,145.81,2317.19,1480.8,836.39
2518,20231006,9,62,3,PED-536-0787,320,37.39,11964.8,637.72,11327.08,7097.43,4229.65
2519,20241024,35,43,5,PED-760-5162,220,17.09,3759.8,200.77,3559.03,2212.14,1346.89
2520,20231118,2,40,15,PED-926-9022,97,33.29,3229.13,107.21,3121.92,2160.61,961.31
2521,20250602,8,94,15,PED-282-8564,260,22.13,5753.8,570.78,5183.02,3834.35,1348.67
2522,20251216,24,30,19,PED-210-3874,364,43.75,15925.0,1113.16,14811.84,11225.14,3586.7
2523,20251112,24,22,11,PED-308-3216,473,46.94,22202.62,3838.83,18363.79,12898.62,5465.17
2524,20230422,28,49,14,PED-904-3272,438,12.78,5597.64,536.81,5060.83,3752.57,1308.26
2525,20230818,11,26,10,PED-639-3825,390,74.02,28867.8,2779.97,26087.83,19607.18,6480.65
2526,20251106,14,98,18,PED-366-2237,397,41.07,16304.79,2678.88,13625.91,9767.34,3858.57
2527,20240808,12,81,18,PED-873-9193,219,126.01,27596.19,4818.29,22777.9,13932.93,8844.97
2528,20250805,14,23,5,PED-920-1459,118,39.08,4611.44,669.12,3942.32,2318.91,1623.41
2529,20250814,27,87,4,PED-002-4659,470,8.65,4065.5,717.15,3348.35,2479.86,868.49
2530,20250328,23,75,4,PED-356-0564,253,40.7,10297.1,262.58,10034.52,5971.81,4062.71
2531,20241119,21,96,4,PED-519-0854,331,72.44,23977.64,2052.49,21925.15,13553.81,8371.34
2532,20250113,14,14,8,PED-165-0317,85,39.13,3326.05,400.12,2925.93,1973.93,952.0
2533,20240807,25,94,19,PED-485-2811,451,33.49,15103.99,1815.5,13288.49,9102.59,4185.9
2534,20250508,19,63,9,PED-339-9938,122,42.95,5239.9,183.92,5055.98,3212.42,1843.56
2535,20230613,8,95,2,PED-472-3531,228,20.32,4632.96,538.81,4094.15,2966.85,1127.3
2536,20241105,16,7,9,PED-387-3978,300,65.21,19563.0,1087.7,18475.3,11472.57,7002.73
2537,20250629,36,52,10,PED-360-3155,252,26.88,6773.76,806.75,5967.01,3796.58,2170.43
2538,20230416,16,2,16,PED-241-1706,131,67.94,8900.14,1119.64,7780.5,4712.43,3068.07
2539,20240424,27,71,12,PED-635-3424,41,9.15,375.15,35.6,339.55,211.21,128.34
2540,20250703,24,3,8,PED-342-9769,76,46.25,3515.0,508.62,3006.38,1776.2,1230.18
2541,20240822,9,24,4,PED-729-0222,179,33.91,6069.89,846.75,5223.14,3829.36,1393.78
2542,20231115,34,99,8,PED-256-5078,111,12.94,1436.34,41.51,1394.83,875.86,518.97
2543,20241104,24,9,18,PED-509-6659,67,43.6,2921.2,263.78,2657.42,1800.66,856.76
2544,20230701,33,58,8,PED-302-1827,23,218.89,5034.47,550.77,4483.7,2747.14,1736.56
2545,20230429,1,21,12,PED-658-2761,413,30.94,12778.22,2082.85,10695.37,7476.62,3218.75
2546,20250926,10,7,19,PED-521-3037,483,52.03,25130.49,4121.4,21009.09,15720.41,5288.68
2547,20240729,9,55,5,PED-778-2553,58,37.33,2165.14,24.25,2140.89,1435.05,705.84
2548,20230225,24,45,1,PED-112-7262,59,44.1,2601.9,453.25,2148.65,1449.43,699.22
2549,20230807,13,21,8,PED-559-2126,450,90.71,40819.5,7339.35,33480.15,24487.93,8992.22
2550,20240915,11,25,8,PED-291-5895,116,77.21,8956.36,52.84,8903.52,6686.28,2217.24
2551,20240808,23,56,11,PED-413-7372,118,36.85,4348.3,425.26,3923.04,2363.87,1559.17
2552,20240910,16,30,2,PED-093-0629,312,68.62,21409.44,2708.29,18701.15,13202.9,5498.25
2553,20241003,28,93,8,PED-999-1229,195,12.31,2400.45,127.22,2273.23,1636.12,637.11
2554,20230901,34,32,9,PED-844-3502,437,11.93,5213.41,880.02,4333.39,3168.66,1164.73
2555,20231203,31,90,8,PED-116-1909,375,184.93,69348.75,2302.38,67046.37,48942.42,18103.95
2556,20230527,17,10,20,PED-210-1591,118,29.63,3496.34,129.71,3366.63,2504.55,862.08
2557,20240108,25,29,8,PED-027-7479,35,34.53,1208.55,69.01,1139.54,838.47,301.07
2558,20250904,21,32,14,PED-392-1414,234,76.02,17788.68,1547.62,16241.06,11305.17,4935.89
2559,20230307,35,26,7,PED-711-7741,267,18.22,4864.74,829.92,4034.82,2937.71,1097.11
2560,20230507,20,23,2,PED-830-4109,376,63.66,23936.16,3121.28,20814.88,12602.88,8212.0
2561,20250418,14,36,1,PED-933-8879,45,40.09,1804.05,41.31,1762.74,1287.35,475.39
2562,20231209,21,95,10,PED-593-3639,148,74.91,11086.68,106.43,10980.25,7343.93,3636.32
2563,20240426,30,55,18,PED-318-3833,239,31.19,7454.41,1245.63,6208.78,3726.87,2481.91
2564,20240802,35,13,20,PED-540-6092,440,19.01,8364.4,393.96,7970.44,5168.58,2801.86
2565,20250815,18,16,9,PED-398-2367,180,22.91,4123.8,90.31,4033.49,3063.22,970.27
2566,20230717,28,76,15,PED-409-3894,212,11.08,2348.96,320.16,2028.8,1363.52,665.28
2567,20250107,18,24,14,PED-541-9593,179,21.32,3816.28,563.66,3252.62,2296.85,955.77
2568,20240710,3,92,9,PED-151-6252,33,32.07,1058.31,38.42,1019.89,625.19,394.7
2569,20240331,19,84,17,PED-946-8278,452,41.55,18780.6,3170.17,15610.43,11617.95,3992.48
2570,20240930,6,12,15,PED-440-7632,432,25.25,10908.0,499.59,10408.41,6611.27,3797.14
2571,20251202,8,48,2,PED-257-5953,107,21.61,2312.27,315.62,1996.65,1223.54,773.11
2572,20240313,23,6,18,PED-283-4793,335,37.8,12663.0,776.24,11886.76,8002.19,3884.57
2573,20231122,21,75,11,PED-221-6338,344,66.5,22876.0,3321.6,19554.4,11799.52,7754.88
2574,20250712,21,28,16,PED-880-0768,263,68.23,17944.49,3210.27,14734.22,9661.77,5072.45
2575,20250825,22,87,14,PED-023-1129,181,95.21,17233.01,1171.84,16061.17,11338.65,4722.52
2576,20230223,15,23,11,PED-547-9545,267,41.55,11093.85,1758.38,9335.47,5489.03,3846.44
2577,20231227,30,1,2,PED-893-2783,397,34.36,13640.92,534.72,13106.2,9785.46,3320.74
2578,20250615,25,4,12,PED-269-4062,497,32.21,16008.37,2345.23,13663.14,8816.42,4846.72
2579,20240712,34,47,20,PED-774-7162,404,12.7,5130.8,701.38,4429.42,3061.54,1367.88
2580,20230703,31,47,8,PED-899-9552,63,178.9,11270.7,1058.32,10212.38,6855.58,3356.8
2581,20240809,6,30,18,PED-096-7883,233,28.35,6605.55,1099.82,5505.73,3848.59,1657.14
2582,20240923,7,56,17,PED-408-6062,231,38.05,8789.55,291.81,8497.74,4937.25,3560.49
2583,20240430,8,64,16,PED-332-6862,272,22.59,6144.48,43.01,6101.47,3938.65,2162.82
2584,20240411,16,86,18,PED-133-2964,358,70.79,25342.82,1112.55,24230.27,14543.52,9686.75
2585,20250722,19,73,19,PED-936-4022,40,45.13,1805.2,59.75,1745.45,1256.35,489.1
2586,20241029,35,71,6,PED-502-2999,448,18.85,8444.8,62.49,8382.31,6275.88,2106.43
2587,20230127,2,28,3,PED-757-6009,356,29.69,10569.64,1758.79,8810.85,5464.14,3346.71
2588,20250404,23,31,18,PED-952-6964,292,40.16,11726.72,1241.86,10484.86,6964.08,3520.78
2589,20250715,2,66,9,PED-533-6993,190,32.88,6247.2,586.61,5660.59,3902.67,1757.92
2590,20240626,10,74,13,PED-787-3336,190,47.79,9080.1,1114.13,7965.97,6038.55,1927.42
2591,20230717,19,87,10,PED-056-9181,424,41.89,17761.36,2891.55,14869.81,10360.51,4509.3
2592,20230317,26,93,6,PED-788-5310,173,28.37,4908.01,81.47,4826.54,3262.67,1563.87
2593,20231220,2,92,7,PED-068-7039,422,31.17,13153.74,1465.33,11688.41,7018.1,4670.31
2594,20241105,35,91,6,PED-875-1858,445,19.38,8624.1,1401.42,7222.68,4384.91,2837.77
2595,20250126,1,8,8,PED-234-4986,481,30.5,14670.5,2011.33,12659.17,7845.45,4813.72
2596,20230107,7,18,10,PED-648-9699,298,39.0,11622.0,140.63,11481.37,7061.34,4420.03
2597,20240605,15,10,13,PED-859-6852,38,42.56,1617.28,254.56,1362.72,818.33,544.39
2598,20250414,31,52,19,PED-858-1855,362,192.55,69703.1,9117.17,60585.93,45070.06,15515.87
2599,20250111,33,33,11,PED-739-2528,370,220.6,81622.0,13949.2,67672.8,43538.71,24134.09
2600,20241217,17,76,10,PED-535-7613,366,29.63,10844.58,907.69,9936.89,6204.79,3732.1
2601,20231028,6,24,4,PED-307-2599,423,27.53,11645.19,1895.84,9749.35,5688.0,4061.35
2602,20241105,16,62,7,PED-596-0564,53,70.31,3726.43,77.88,3648.55,2637.56,1010.99
2603,20250419,19,5,5,PED-108-6171,430,42.2,18146.0,2353.54,15792.46,11454.73,4337.73
2604,20250706,11,33,1,PED-263-5746,460,73.53,33823.8,3940.47,29883.33,19431.93,10451.4
2605,20240313,29,46,1,PED-006-0476,368,18.23,6708.64,809.73,5898.91,3913.43,1985.48
2606,20231009,22,62,8,PED-924-5339,81,96.08,7782.48,1326.13,6456.35,4374.56,2081.79
2607,20230626,20,48,13,PED-484-8406,377,66.29,24991.33,4453.46,20537.87,15071.66,5466.21
2608,20251110,10,6,7,PED-567-1844,151,45.87,6926.37,1148.39,5777.98,3405.24,2372.74
2609,20240127,8,50,8,PED-653-1126,392,20.78,8145.76,853.68,7292.08,4582.18,2709.9
2610,20251113,11,97,19,PED-416-8897,112,79.09,8858.08,555.4,8302.68,5573.23,2729.45
2611,20240303,36,82,12,PED-551-0356,328,28.46,9334.88,380.86,8954.02,5999.52,2954.5
2612,20250119,1,67,1,PED-510-1250,340,33.0,11220.0,1492.26,9727.74,7239.42,2488.32
2613,20240120,26,78,1,PED-683-1632,69,28.53,1968.57,25.79,1942.78,1193.5,749.28
2614,20231111,17,63,14,PED-598-5394,372,29.03,10799.16,1104.75,9694.41,6488.31,3206.1
2615,20250205,12,13,19,PED-908-6391,373,122.14,45558.22,1785.88,43772.34,27566.44,16205.9
2616,20241026,14,27,17,PED-297-3563,93,40.43,3759.99,664.77,3095.22,2265.91,829.31
2617,20251104,20,3,2,PED-947-0709,314,69.86,21936.04,1511.39,20424.65,14323.6,6101.05
2618,20231111,36,38,9,PED-464-0796,210,28.4,5964.0,435.37,5528.63,3952.05,1576.58
2619,20250610,7,6,5,PED-437-0416,36,37.59,1353.24,200.01,1153.23,701.98,451.25
2620,20250804,6,71,16,PED-399-6713,109,26.78,2919.02,447.19,2471.83,1472.18,999.65
2621,20240308,21,74,9,PED-969-6002,101,75.76,7651.76,505.02,7146.74,4652.67,2494.07
2622,20240711,33,71,9,PED-249-4795,167,208.3,34786.1,907.92,33878.18,22277.7,11600.48
2623,20251029,14,85,17,PED-390-6538,100,37.08,3708.0,121.62,3586.38,2166.21,1420.17
2624,20240418,17,75,19,PED-464-0364,375,30.13,11298.75,1717.41,9581.34,6135.88,3445.46
2625,20230326,29,72,11,PED-346-1781,419,19.53,8183.07,131.75,8051.32,5853.1,2198.22
2626,20251120,31,40,13,PED-191-7770,238,182.28,43382.64,1093.24,42289.4,31770.64,10518.76
2627,20250729,28,49,13,PED-092-8922,409,12.36,5055.24,232.54,4822.7,3465.18,1357.52
2628,20251109,6,21,15,PED-493-9344,44,26.42,1162.48,64.4,1098.08,804.47,293.61
2629,20240526,16,20,4,PED-245-7294,341,64.77,22086.57,1495.26,20591.31,14393.19,6198.12
2630,20241117,6,72,20,PED-340-5336,186,26.51,4930.86,810.14,4120.72,2799.73,1320.99
2631,20251112,23,56,10,PED-917-2184,230,38.29,8806.7,663.14,8143.56,5234.79,2908.77
2632,20230203,5,44,4,PED-121-8703,105,27.09,2844.45,240.07,2604.38,1881.89,722.49
2633,20230516,1,95,18,PED-278-1032,167,31.99,5342.33,123.41,5218.92,3752.84,1466.08
2634,20231029,24,74,18,PED-946-0155,442,42.48,18776.16,537.0,18239.16,13208.57,5030.59
2635,20231206,27,23,2,PED-032-2526,359,8.0,2872.0,462.68,2409.32,1798.89,610.43
2636,20250531,10,2,2,PED-159-6284,34,50.1,1703.4,226.55,1476.85,990.53,486.32
2637,20230812,27,29,2,PED-230-7945,363,8.11,2943.93,198.42,2745.51,1750.8,994.71
2638,20231127,11,74,8,PED-216-9332,102,82.29,8393.58,334.06,8059.52,5270.06,2789.46
2639,20251003,20,56,17,PED-511-9085,443,62.76,27802.68,4492.91,23309.77,17584.33,5725.44
2640,20250714,31,51,17,PED-617-7936,92,188.58,17349.36,919.52,16429.84,10326.11,6103.73
2641,20230825,30,32,1,PED-407-9270,306,32.38,9908.28,138.72,9769.56,7181.62,2587.94
2642,20251113,20,27,20,PED-886-8907,481,65.24,31380.44,567.99,30812.45,18347.11,12465.34
2643,20240111,3,67,12,PED-663-8996,450,31.26,14067.0,1433.43,12633.57,8285.12,4348.45
2644,20240709,13,67,11,PED-557-7860,193,93.02,17952.86,2631.89,15320.97,10801.29,4519.68
2645,20231002,24,92,3,PED-502-4993,309,42.82,13231.38,2209.64,11021.74,7262.66,3759.08
2646,20250206,5,48,17,PED-174-4710,125,24.14,3017.5,148.46,2869.04,1881.04,988.0
2647,20240817,9,26,11,PED-476-8784,123,35.74,4396.02,286.62,4109.4,2440.46,1668.94
2648,20230905,22,27,10,PED-688-4035,147,98.37,14460.39,127.25,14333.14,10278.51,4054.63
2649,20250629,21,19,5,PED-821-8203,40,75.33,3013.2,414.62,2598.58,1647.78,950.8
2650,20230316,24,84,5,PED-403-6413,30,41.47,1244.1,79.37,1164.73,848.07,316.66
2651,20240411,31,45,14,PED-292-7543,471,172.03,81026.13,13498.95,67527.18,41135.1,26392.08
2652,20241027,27,93,19,PED-685-2584,57,9.04,515.28,78.22,437.06,321.08,115.98
2653,20230104,33,52,6,PED-768-6787,178,204.92,36475.76,1874.85,34600.91,21309.07,13291.84
2654,20230407,5,78,3,PED-087-4101,127,25.44,3230.88,201.93,3028.95,2176.15,852.8
2655,20250410,26,55,3,PED-867-1512,192,30.12,5783.04,891.74,4891.3,2973.11,1918.19
2656,20240421,13,30,19,PED-043-5906,355,82.14,29159.7,4181.5,24978.2,17032.06,7946.14
2657,20241207,26,76,4,PED-550-9961,363,28.94,10505.22,508.45,9996.77,6235.91,3760.86
2658,20241208,4,1,19,PED-159-2072,368,43.25,15916.0,1784.18,14131.82,9024.95,5106.87
2659,20251226,2,62,13,PED-364-7437,47,31.41,1476.27,180.99,1295.28,892.65,402.63
2660,20230610,23,7,12,PED-607-8104,31,40.29,1248.99,172.24,1076.75,762.44,314.31
2661,20250622,36,79,17,PED-142-7826,79,28.71,2268.09,324.34,1943.75,1251.19,692.56
2662,20250120,27,31,7,PED-751-8224,301,8.05,2423.05,220.26,2202.79,1531.75,671.04
2663,20230227,3,95,19,PED-081-8830,123,31.09,3824.07,285.28,3538.79,2068.36,1470.43
2664,20230622,25,40,18,PED-837-0579,252,30.21,7612.92,1081.8,6531.12,4740.04,1791.08
2665,20240229,20,7,2,PED-220-0566,371,59.87,22211.77,3449.49,18762.28,13759.11,5003.17
2666,20241214,31,95,15,PED-092-7895,408,181.19,73925.52,6276.28,67649.24,41967.71,25681.53
2667,20230723,22,7,1,PED-018-2593,110,98.05,10785.5,1890.7,8894.8,6316.17,2578.63
2668,20241225,23,4,2,PED-955-6044,140,36.45,5103.0,585.31,4517.69,2947.57,1570.12
2669,20240625,9,31,1,PED-372-3557,276,35.89,9905.64,1514.57,8391.07,5532.8,2858.27
2670,20240803,17,100,12,PED-308-6559,363,30.39,11031.57,1501.4,9530.17,6115.25,3414.92
2671,20241124,13,56,9,PED-578-7535,479,92.37,44245.23,2685.69,41559.54,27226.9,14332.64
2672,20240709,28,67,20,PED-697-5493,267,11.54,3081.18,426.74,2654.44,1611.05,1043.39
2673,20251129,7,67,17,PED-027-4443,494,39.15,19340.1,1959.15,17380.95,13000.53,4380.42
2674,20250513,27,4,10,PED-588-7459,384,7.85,3014.4,100.08,2914.32,1792.92,1121.4
2675,20240510,3,76,20,PED-302-9756,231,32.5,7507.5,518.02,6989.48,4828.15,2161.33
2676,20241229,19,2,13,PED-136-0492,156,42.62,6648.72,150.93,6497.79,3860.22,2637.57
2677,20240310,24,59,15,PED-517-8632,237,47.53,11264.61,1887.95,9376.66,5497.99,3878.67
2678,20250508,4,23,10,PED-971-2527,244,44.07,10753.08,948.42,9804.66,6111.69,3692.97
2679,20230919,30,28,5,PED-656-9068,31,32.83,1017.73,36.43,981.3,743.37,237.93
2680,20241109,1,44,2,PED-552-5132,267,31.04,8287.68,551.96,7735.72,4618.06,3117.66
2681,20240503,21,61,4,PED-875-3321,410,67.16,27535.6,1773.29,25762.31,15161.8,10600.51
2682,20241114,7,96,7,PED-506-9729,365,40.8,14892.0,1006.7,13885.3,9741.2,4144.1
2683,20230501,20,16,16,PED-583-0559,111,67.75,7520.25,943.79,6576.46,4061.14,2515.32
2684,20241021,24,58,18,PED-592-1120,399,46.49,18549.51,135.41,18414.1,12338.43,6075.67
2685,20241013,34,85,19,PED-576-1343,318,13.47,4283.46,151.63,4131.83,2638.71,1493.12
2686,20250707,3,90,1,PED-380-9539,388,30.63,11884.44,169.95,11714.49,7926.91,3787.58
2687,20230322,25,65,4,PED-696-4659,249,33.46,8331.54,489.89,7841.65,5659.21,2182.44
2688,20240114,28,97,16,PED-069-6190,478,12.23,5845.94,724.9,5121.04,3129.35,1991.69
2689,20250324,21,96,6,PED-671-3492,145,77.62,11254.9,536.86,10718.04,6461.24,4256.8
2690,20250615,28,17,16,PED-221-5089,139,11.67,1622.13,154.1,1468.03,891.54,576.49
2691,20241216,12,23,2,PED-092-6657,384,117.92,45281.28,4677.56,40603.72,26937.18,13666.54
2692,20250617,6,81,19,PED-136-9739,141,27.94,3939.54,37.82,3901.72,2832.16,1069.56
2693,20251112,6,98,10,PED-864-2232,189,25.64,4845.96,31.98,4813.98,3196.24,1617.74
2694,20230407,7,53,16,PED-733-6481,425,36.77,15627.25,626.65,15000.6,10991.15,4009.45
2695,20241031,16,88,14,PED-462-9548,439,70.8,31081.2,3017.98,28063.22,19791.74,8271.48
2696,20250125,27,47,7,PED-985-1863,408,8.11,3308.88,451.99,2856.89,1777.32,1079.57
2697,20250218,17,45,19,PED-010-1501,395,28.84,11391.8,1444.48,9947.32,5839.8,4107.52
2698,20241031,13,19,14,PED-618-8461,428,95.21,40749.88,5154.86,35595.02,26760.61,8834.41
2699,20250621,22,2,20,PED-510-4402,121,95.9,11603.9,1167.35,10436.55,7502.42,2934.13
2700,20251127,34,38,20,PED-964-5900,135,11.61,1567.35,26.17,1541.18,1150.27,390.91
2701,20230430,18,69,4,PED-195-3134,295,22.27,6569.65,504.55,6065.1,3710.66,2354.44
2702,20250511,6,91,3,PED-686-6465,458,27.48,12585.84,1832.5,10753.34,7728.91,3024.43
2703,20240702,18,11,1,PED-208-4823,325,21.2,6890.0,1123.76,5766.24,4336.78,1429.46
2704,20250812,23,32,11,PED-030-5310,285,39.15,11157.75,865.84,10291.91,6924.81,3367.1
2705,20231228,19,25,10,PED-718-8882,189,42.38,8009.82,487.0,7522.82,4499.58,3023.24
2706,20241028,28,6,8,PED-098-3251,222,12.7,2819.4,386.26,2433.14,1660.19,772.95
2707,20241021,4,82,18,PED-630-8140,206,42.25,8703.5,1553.57,7149.93,5389.28,1760.65
2708,20250118,24,18,2,PED-525-4218,235,42.97,10097.95,99.97,9997.98,6757.95,3240.03
2709,20250212,25,17,2,PED-268-9403,134,32.94,4413.96,481.56,3932.4,2793.2,1139.2
2710,20231003,9,92,1,PED-635-6204,391,33.88,13247.08,495.44,12751.64,8130.32,4621.32
2711,20240528,32,90,6,PED-292-7210,250,278.31,69577.5,3277.1,66300.4,49026.31,17274.09
2712,20250412,26,64,19,PED-457-1966,326,26.3,8573.8,350.67,8223.13,5328.12,2895.01
2713,20250828,24,2,8,PED-330-7400,429,44.48,19081.92,3125.62,15956.3,10885.09,5071.21
2714,20240902,34,83,15,PED-356-5057,452,13.26,5993.52,451.31,5542.21,3495.0,2047.21
2715,20241208,32,17,13,PED-080-5183,88,295.12,25970.56,2960.64,23009.92,14926.0,8083.92
2716,20230723,14,82,12,PED-064-5241,301,36.53,10995.53,449.72,10545.81,7958.2,2587.61
2717,20230429,27,1,3,PED-138-8832,31,8.99,278.69,41.0,237.69,157.35,80.34
2718,20230426,18,9,7,PED-424-2158,484,22.62,10948.08,925.11,10022.97,6619.97,3403.0
2719,20240418,36,8,8,PED-859-0714,457,28.81,13166.17,1899.88,11266.29,8245.21,3021.08
2720,20250129,12,39,4,PED-360-1235,452,109.82,49638.64,3176.87,46461.77,33291.18,13170.59
2721,20231114,18,87,3,PED-106-7163,481,23.55,11327.55,118.94,11208.61,8364.79,2843.82
2722,20230819,29,84,20,PED-365-6765,58,18.67,1082.86,89.66,993.2,603.17,390.03
2723,20230426,16,93,3,PED-133-2206,61,73.43,4479.23,199.77,4279.46,3075.74,1203.72
2724,20240819,4,58,15,PED-910-8144,323,42.1,13598.3,1623.64,11974.66,8663.45,3311.21
2725,20240815,5,22,19,PED-162-8669,293,25.45,7456.85,879.16,6577.69,4246.48,2331.21
2726,20230717,30,32,16,PED-657-2549,371,30.69,11385.99,1677.16,9708.83,7244.51,2464.32
2727,20230921,23,18,17,PED-116-5618,187,38.46,7192.02,864.48,6327.54,3712.21,2615.33
2728,20241130,36,21,3,PED-639-1123,492,28.09,13820.28,1235.53,12584.75,9536.27,3048.48
2729,20240921,35,36,4,PED-939-5856,257,19.37,4978.09,735.76,4242.33,2477.02,1765.31
2730,20250506,29,88,19,PED-183-3870,419,17.26,7231.94,398.48,6833.46,5091.0,1742.46
2731,20250127,26,54,3,PED-955-0184,459,27.98,12842.82,955.51,11887.31,6993.68,4893.63
2732,20250123,2,17,3,PED-169-8123,338,33.16,11208.08,507.73,10700.35,6302.61,4397.74
2733,20241114,15,53,12,PED-401-4242,145,41.76,6055.2,704.83,5350.37,3258.88,2091.49
2734,20240804,24,23,15,PED-681-5010,109,46.5,5068.5,68.42,5000.08,2987.85,2012.23
2735,20241114,19,36,2,PED-356-2438,82,39.95,3275.9,348.56,2927.34,1778.15,1149.19
2736,20250317,13,18,6,PED-262-8561,67,90.76,6080.92,504.72,5576.2,3952.37,1623.83
2737,20240725,12,91,4,PED-627-3149,287,126.98,36443.26,4132.67,32310.59,23760.15,8550.44
2738,20240902,19,19,3,PED-555-3586,98,40.7,3988.6,330.26,3658.34,2495.87,1162.47
2739,20230728,24,14,2,PED-287-8736,289,43.93,12695.77,2178.59,10517.18,7524.89,2992.29
2740,20240719,9,79,9,PED-849-7908,322,33.74,10864.28,1151.61,9712.67,5735.3,3977.37
2741,20230918,16,14,7,PED-465-3574,245,73.01,17887.45,2130.4,15757.05,10315.05,5442.0
2742,20240916,24,7,19,PED-333-0785,452,42.9,19390.8,3364.3,16026.5,11255.61,4770.89
2743,20231209,18,48,20,PED-504-4689,102,22.08,2252.16,0.68,2251.48,1495.11,756.37
2744,20250614,20,22,5,PED-936-4555,304,69.09,21003.36,634.3,20369.06,14903.06,5466.0
2745,20251231,6,79,19,PED-558-5345,450,25.13,11308.5,275.93,11032.57,8146.44,2886.13
2746,20240303,12,55,19,PED-285-0664,477,114.9,54807.3,8615.71,46191.59,27342.09,18849.5
2747,20241222,35,50,15,PED-332-4331,496,16.61,8238.56,850.22,7388.34,5250.14,2138.2
2748,20231227,35,18,5,PED-053-7820,189,17.67,3339.63,55.1,3284.53,2064.57,1219.96
2749,20250213,10,40,1,PED-641-8855,379,46.7,17699.3,2217.72,15481.58,10106.36,5375.22
2750,20241010,29,26,5,PED-425-7713,361,19.63,7086.43,765.33,6321.1,4139.66,2181.44
2751,20240207,33,14,2,PED-918-1983,495,204.17,101064.15,15614.41,85449.74,53680.79,31768.95
2752,20240503,23,49,17,PED-961-0548,363,38.92,14127.96,2531.73,11596.23,6881.57,4714.66
2753,20250905,17,58,20,PED-773-1498,283,28.42,8042.86,1390.61,6652.25,4574.69,2077.56
2754,20230429,18,43,1,PED-391-3374,208,20.71,4307.68,760.31,3547.37,2234.94,1312.43
2755,20241205,12,38,4,PED-416-7171,338,114.18,38592.84,3589.13,35003.71,20469.34,14534.37
2756,20251129,3,41,9,PED-034-1106,448,33.15,14851.2,1228.19,13623.01,8370.81,5252.2
2757,20240930,18,4,9,PED-102-7398,384,20.66,7933.44,487.91,7445.53,5237.5,2208.03
2758,20251115,29,7,9,PED-611-5735,48,18.15,871.2,5.92,865.28,518.2,347.08
2759,20251028,33,57,10,PED-081-4425,483,208.32,100618.56,15897.73,84720.83,49163.5,35557.33
2760,20240807,16,40,20,PED-436-9626,326,65.27,21278.02,3147.02,18131.0,12162.4,5968.6
2761,20240229,7,69,14,PED-838-4000,89,37.57,3343.73,150.8,3192.93,2098.79,1094.14
2762,20241207,30,15,16,PED-296-8502,303,32.21,9759.63,512.38,9247.25,5462.62,3784.63
2763,20251031,2,67,13,PED-211-8113,335,31.86,10673.1,1916.89,8756.21,6488.64,2267.57
2764,20251123,20,45,1,PED-248-2531,23,64.32,1479.36,223.38,1255.98,909.15,346.83
2765,20250222,1,4,1,PED-994-3283,73,32.15,2346.95,377.62,1969.33,1288.86,680.47
2766,20241127,12,18,8,PED-274-2652,128,125.59,16075.52,2414.54,13660.98,9217.88,4443.1
2767,20230930,19,54,4,PED-216-7323,388,39.07,15159.16,685.19,14473.97,9825.15,4648.82
2768,20240116,24,94,13,PED-629-6036,395,47.77,18869.15,341.53,18527.62,12733.45,5794.17
2769,20230401,31,89,4,PED-406-1369,226,191.56,43292.56,1303.11,41989.45,25060.12,16929.33
2770,20241006,18,43,9,PED-615-0326,121,20.89,2527.69,382.69,2145.0,1408.0,737.0
2771,20240915,1,39,16,PED-372-2021,276,34.82,9610.32,1247.42,8362.9,5544.92,2817.98
2772,20240526,5,19,19,PED-242-3907,117,25.96,3037.32,384.83,2652.49,1844.91,807.58
2773,20251120,30,48,19,PED-262-1176,430,30.1,12943.0,1923.33,11019.67,8308.15,2711.52
2774,20230420,22,69,7,PED-321-1011,36,87.55,3151.8,223.46,2928.34,2148.8,779.54
2775,20250616,34,65,14,PED-362-7039,191,11.98,2288.18,235.91,2052.27,1255.29,796.98
2776,20250317,17,93,20,PED-255-7134,150,26.9,4035.0,722.67,3312.33,2316.25,996.08
2777,20250721,24,91,6,PED-487-2777,166,44.34,7360.44,468.12,6892.32,4420.18,2472.14
2778,20250918,17,50,7,PED-418-0459,388,28.49,11054.12,710.78,10343.34,7013.46,3329.88
2779,20230216,13,4,2,PED-383-2534,347,92.55,32114.85,1213.94,30900.91,19380.9,11520.01
2780,20251130,11,86,18,PED-015-0497,101,76.14,7690.14,568.3,7121.84,5008.26,2113.58
2781,20240403,7,35,16,PED-052-2962,469,40.14,18825.66,3177.77,15647.89,10442.46,5205.43
2782,20230908,17,33,13,PED-966-3585,126,28.98,3651.48,401.66,3249.82,2091.59,1158.23
2783,20250823,31,12,18,PED-322-9361,319,193.25,61646.75,3896.07,57750.68,41335.68,16415.0
2784,20250502,12,65,3,PED-056-3419,118,120.48,14216.64,818.88,13397.76,8200.78,5196.98
2785,20230405,30,44,5,PED-830-6459,44,32.79,1442.76,128.98,1313.78,765.38,548.4
2786,20251028,35,74,1,PED-086-8315,240,17.52,4204.8,640.39,3564.41,2448.91,1115.5
2787,20240723,28,43,9,PED-754-3195,450,11.43,5143.5,131.67,5011.83,3618.05,1393.78
2788,20250912,8,75,1,PED-574-1325,335,20.04,6713.4,331.64,6381.76,4409.51,1972.25
2789,20231007,17,46,19,PED-962-0120,473,27.93,13210.89,36.99,13173.9,7699.72,5474.18
2790,20250703,13,65,5,PED-101-7065,458,91.03,41691.74,4973.82,36717.92,22515.18,14202.74
2791,20240307,26,90,9,PED-269-3248,97,29.42,2853.74,154.67,2699.07,1771.97,927.1
2792,20240227,17,32,11,PED-337-7728,116,27.82,3227.12,566.36,2660.76,1753.27,907.49
2793,20240507,13,96,12,PED-289-4405,87,85.78,7462.86,760.47,6702.39,4185.25,2517.14
2794,20240331,8,82,13,PED-250-0209,484,21.32,10318.88,1139.2,9179.68,6098.76,3080.92
2795,20250414,14,98,18,PED-666-8031,397,37.95,15066.15,186.82,14879.33,9587.83,5291.5
2796,20231212,17,34,6,PED-495-4556,190,27.56,5236.4,767.13,4469.27,2757.64,1711.63
2797,20250531,35,17,2,PED-936-3194,291,18.88,5494.08,231.85,5262.23,3270.06,1992.17
2798,20240203,8,85,7,PED-912-6109,92,21.38,1966.96,7.28,1959.68,1217.03,742.65
2799,20230404,35,29,9,PED-862-0578,73,16.58,1210.34,26.14,1184.2,779.19,405.01
2800,20251019,21,39,11,PED-536-6787,364,76.71,27922.44,1753.53,26168.91,19575.54,6593.37
2801,20250520,7,50,12,PED-325-3528,429,39.44,16919.76,1005.03,15914.73,10273.78,5640.95
2802,20230902,2,74,11,PED-116-4117,390,33.27,12975.3,1.3,12974.0,8381.6,4592.4
2803,20251208,3,67,3,PED-035-6828,432,31.36,13547.52,2351.85,11195.67,6688.25,4507.42
2804,20250612,9,42,1,PED-783-6585,148,36.44,5393.12,555.49,4837.63,3193.5,1644.13
2805,20240915,36,2,3,PED-642-6256,375,26.93,10098.75,1429.98,8668.77,5028.29,3640.48
2806,20231127,15,53,20,PED-600-3050,452,46.7,21108.4,1082.86,20025.54,11905.45,8120.09
2807,20240322,9,60,2,PED-804-9651,195,32.8,6396.0,786.71,5609.29,3609.33,1999.96
2808,20240409,22,42,4,PED-304-2474,86,101.33,8714.38,214.37,8500.01,5927.56,2572.45
2809,20250619,1,52,19,PED-765-5982,440,32.3,14212.0,1365.77,12846.23,7555.43,5290.8
2810,20241110,17,29,16,PED-104-9591,417,27.27,11371.59,628.85,10742.74,7713.81,3028.93
2811,20240323,27,41,19,PED-403-0540,396,8.07,3195.72,355.36,2840.36,1744.45,1095.91
2812,20240404,15,84,1,PED-074-7423,131,43.41,5686.71,961.62,4725.09,2761.82,1963.27
2813,20250206,33,28,19,PED-628-7875,354,204.7,72463.8,4253.63,68210.17,47441.12,20769.05
2814,20250314,36,53,2,PED-763-4874,202,28.19,5694.38,52.96,5641.42,3960.78,1680.64
2815,20250109,35,50,14,PED-801-1622,319,17.54,5595.26,417.97,5177.29,3745.89,1431.4
2816,20240222,6,19,2,PED-031-4864,404,28.95,11695.8,1367.24,10328.56,6268.76,4059.8
2817,20231025,34,54,10,PED-755-4406,73,11.63,848.99,16.05,832.94,608.2,224.74
2818,20250817,11,30,6,PED-661-9202,332,76.19,25295.08,2633.22,22661.86,15038.44,7623.42
2819,20250209,35,62,4,PED-126-0399,103,16.97,1747.91,181.96,1565.95,978.53,587.42
2820,20230915,35,29,16,PED-637-0873,41,16.7,684.7,105.58,579.12,423.21,155.91
2821,20250328,27,83,2,PED-264-0620,215,8.0,1720.0,88.92,1631.08,1131.46,499.62
2822,20250629,28,76,5,PED-397-3631,256,11.17,2859.52,139.83,2719.69,1995.66,724.03
2823,20251124,7,72,20,PED-743-4977,394,39.28,15476.32,701.08,14775.24,8726.53,6048.71
2824,20250804,20,16,5,PED-132-6160,303,68.8,20846.4,3523.04,17323.36,12894.49,4428.87
2825,20240921,20,46,10,PED-752-5835,65,68.75,4468.75,387.89,4080.86,2713.44,1367.42
2826,20231104,18,29,6,PED-974-6762,279,23.02,6422.58,872.19,5550.39,3630.18,1920.21
2827,20240308,6,91,17,PED-260-5806,290,28.58,8288.2,903.41,7384.79,5218.81,2165.98
2828,20241216,15,6,5,PED-892-6802,411,47.35,19460.85,2677.81,16783.04,11787.28,4995.76
2829,20240902,5,31,15,PED-337-6219,272,25.23,6862.56,509.2,6353.36,4566.75,1786.61
2830,20231219,34,3,11,PED-095-9154,457,13.01,5945.57,9.51,5936.06,4258.81,1677.25
2831,20250408,22,50,20,PED-071-3846,105,93.63,9831.15,356.87,9474.28,6967.57,2506.71
2832,20251003,16,60,5,PED-590-9508,143,64.2,9180.6,1522.14,7658.46,5670.86,1987.6
2833,20250209,14,49,15,PED-739-8737,207,38.3,7928.1,1401.69,6526.41,4172.97,2353.44
2834,20250905,9,17,2,PED-886-3362,169,33.17,5605.73,637.37,4968.36,3341.91,1626.45
2835,20240420,6,82,19,PED-500-8496,464,26.76,12416.64,664.29,11752.35,8920.44,2831.91
2836,20240828,23,23,20,PED-453-2812,252,40.91,10309.32,576.29,9733.03,5791.44,3941.59
2837,20250303,31,67,15,PED-351-0164,264,198.65,52443.6,3907.05,48536.55,35988.64,12547.91
2838,20230121,12,49,11,PED-568-0787,466,113.16,52732.56,2699.91,50032.65,30382.73,19649.92
2839,20251001,25,8,9,PED-630-3374,385,32.59,12547.15,278.55,12268.6,8521.0,3747.6
2840,20250129,24,38,10,PED-326-9843,281,47.05,13221.05,657.09,12563.96,8093.07,4470.89
2841,20230924,9,16,10,PED-449-0638,154,35.2,5420.8,20.06,5400.74,3794.08,1606.66
2842,20230527,27,66,2,PED-199-9026,68,8.0,544.0,45.37,498.63,328.42,170.21
2843,20230410,14,1,17,PED-610-0587,245,42.01,10292.45,1295.82,8996.63,6476.88,2519.75
2844,20250501,27,61,12,PED-336-9844,319,8.39,2676.41,233.92,2442.49,1649.49,793.0
2845,20230704,12,59,1,PED-974-3954,300,122.61,36783.0,253.8,36529.2,22881.19,13648.01
2846,20250915,8,26,6,PED-904-5869,282,20.7,5837.4,68.88,5768.52,4138.18,1630.34
2847,20241121,22,20,15,PED-433-3173,342,92.96,31792.32,4555.84,27236.48,15989.87,11246.61
2848,20230802,19,40,8,PED-932-4704,60,43.86,2631.6,190.0,2441.6,1683.11,758.49
2849,20250317,30,96,18,PED-026-8281,222,33.57,7452.54,1003.11,6449.43,4153.83,2295.6
2850,20240729,8,93,13,PED-588-4754,428,22.51,9634.28,1230.3,8403.98,5093.91,3310.07
2851,20250811,18,62,15,PED-534-6583,467,21.27,9933.09,1194.95,8738.14,5184.45,3553.69
2852,20240831,1,57,15,PED-323-0117,166,33.76,5604.16,636.63,4967.53,3511.95,1455.58
2853,20240804,17,81,4,PED-130-2471,253,27.93,7066.29,1055.0,6011.29,4384.78,1626.51
2854,20250323,35,82,9,PED-622-6884,26,17.0,442.0,65.42,376.58,281.95,94.63
2855,20241224,36,35,16,PED-896-4408,451,29.25,13191.75,11.87,13179.88,9236.27,3943.61
2856,20231109,36,59,20,PED-063-0515,308,27.99,8620.92,422.43,8198.49,5550.96,2647.53
2857,20230425,31,68,10,PED-191-8778,393,182.41,71687.13,11254.88,60432.25,39142.15,21290.1
2858,20240123,2,49,16,PED-179-9675,264,31.1,8210.4,1370.32,6840.08,4702.81,2137.27
2859,20231023,14,49,17,PED-485-7567,110,39.56,4351.6,482.16,3869.44,2377.12,1492.32
2860,20240609,16,78,2,PED-019-8870,331,63.75,21101.25,356.61,20744.64,15654.73,5089.91
2861,20250825,10,13,20,PED-992-3187,43,50.87,2187.41,233.62,1953.79,1473.75,480.04
2862,20230111,5,91,2,PED-988-4282,268,24.04,6442.72,309.25,6133.47,4593.49,1539.98
2863,20250505,26,55,17,PED-565-3253,209,29.87,6242.83,326.5,5916.33,3757.64,2158.69
2864,20250804,17,77,18,PED-880-6596,56,29.49,1651.44,292.8,1358.64,795.15,563.49
2865,20250708,9,94,16,PED-184-4045,364,37.12,13511.68,1376.84,12134.84,9129.16,3005.68
2866,20240418,22,48,2,PED-608-3202,208,99.29,20652.32,1433.27,19219.05,14278.52,4940.53
2867,20250625,8,38,5,PED-420-6545,133,20.47,2722.51,215.08,2507.43,1847.79,659.64
2868,20231117,11,80,7,PED-246-5273,136,83.68,11380.48,2010.93,9369.55,6355.99,3013.56
2869,20230806,6,74,13,PED-618-2665,339,25.05,8491.95,243.72,8248.23,6250.51,1997.72
2870,20241102,13,90,20,PED-916-4620,150,93.56,14034.0,1703.73,12330.27,7336.38,4993.89
2871,20250920,30,22,13,PED-647-2748,486,30.33,14740.38,969.92,13770.46,10454.14,3316.32
2872,20250208,6,96,15,PED-582-0216,384,27.22,10452.48,564.43,9888.05,6394.43,3493.62
2873,20250702,20,42,12,PED-522-3427,428,68.35,29253.8,2539.23,26714.57,18694.23,8020.34
2874,20230923,14,37,9,PED-331-3043,419,40.31,16889.89,403.67,16486.22,11957.97,4528.25
2875,20250803,3,24,5,PED-999-7302,440,30.61,13468.4,814.84,12653.56,8410.03,4243.53
2876,20240628,24,75,4,PED-324-4200,238,45.29,10779.02,1167.37,9611.65,6895.28,2716.37
2877,20240822,3,88,1,PED-537-7576,424,31.56,13381.44,1786.42,11595.02,7263.67,4331.35
2878,20250907,11,32,4,PED-600-0741,54,74.8,4039.2,186.21,3852.99,2852.36,1000.63
2879,20230519,28,49,2,PED-070-6761,32,12.78,408.96,21.39,387.57,254.55,133.02
2880,20240106,18,34,7,PED-303-2291,360,22.32,8035.2,419.44,7615.76,4596.0,3019.76
2881,20230419,9,69,5,PED-468-8875,498,36.5,18177.0,1890.41,16286.59,11878.15,4408.44
2882,20251013,3,82,17,PED-045-6242,82,28.48,2335.36,128.21,2207.15,1563.63,643.52
2883,20250723,27,97,4,PED-419-8794,245,9.1,2229.5,39.91,2189.59,1602.95,586.64
2884,20241008,36,33,1,PED-210-6738,175,29.63,5185.25,554.82,4630.43,3424.18,1206.25
2885,20230111,6,70,1,PED-770-5354,24,26.02,624.48,29.6,594.88,371.02,223.86
2886,20251030,36,68,2,PED-684-8063,179,29.12,5212.48,126.14,5086.34,3693.7,1392.64
2887,20231106,27,84,12,PED-545-2998,465,8.0,3720.0,42.04,3677.96,2399.76,1278.2
2888,20250405,11,17,8,PED-332-8853,65,79.0,5135.0,381.53,4753.47,2791.91,1961.56
2889,20231126,14,4,13,PED-982-7930,59,39.25,2315.75,399.0,1916.75,1202.15,714.6
2890,20250222,23,38,1,PED-966-6507,439,37.62,16515.18,2044.58,14470.6,8961.94,5508.66
2891,20240707,24,49,10,PED-538-6433,146,48.2,7037.2,232.23,6804.97,4951.14,1853.83
2892,20230128,29,87,20,PED-570-9064,482,18.66,8994.12,514.46,8479.66,5482.97,2996.69
2893,20230813,17,72,9,PED-038-2246,351,27.48,9645.48,625.99,9019.49,6101.63,2917.86
2894,20231106,6,8,14,PED-659-1065,248,25.79,6395.92,924.85,5471.07,3454.8,2016.27
2895,20251226,29,13,19,PED-236-5761,26,19.74,513.24,0.67,512.57,300.83,211.74
2896,20230415,20,46,13,PED-789-4137,498,67.06,33395.88,4892.5,28503.38,20689.67,7813.71
2897,20241205,4,24,6,PED-140-6785,33,40.26,1328.58,188.39,1140.19,743.03,397.16
2898,20251026,7,28,7,PED-263-4367,80,39.86,3188.8,382.02,2806.78,1850.27,956.51
2899,20250613,34,32,16,PED-791-4148,56,13.21,739.76,26.19,713.57,519.42,194.15
2900,20250615,35,55,7,PED-063-1510,32,17.98,575.36,69.79,505.57,309.33,196.24
2901,20241231,26,85,14,PED-852-6449,180,28.47,5124.6,895.78,4228.82,3077.26,1151.56
2902,20241105,12,96,9,PED-485-7393,288,119.94,34542.72,4072.59,30470.13,23075.07,7395.06
2903,20250803,22,41,20,PED-324-8041,103,97.16,10007.48,1145.86,8861.62,6549.22,2312.4
2904,20251013,8,17,13,PED-857-5912,78,22.37,1744.86,161.4,1583.46,1016.2,567.26
2905,20250318,15,5,10,PED-094-4533,336,45.42,15261.12,2102.98,13158.14,9908.83,3249.31
2906,20240407,34,8,10,PED-979-1256,326,12.74,4153.24,629.63,3523.61,2099.35,1424.26
2907,20240204,8,38,3,PED-443-2955,378,21.81,8244.18,691.69,7552.49,4611.5,2940.99
2908,20241107,8,67,1,PED-048-8251,253,19.74,4994.22,607.8,4386.42,3271.48,1114.94
2909,20241124,36,43,15,PED-847-5637,103,28.68,2954.04,265.27,2688.77,1949.19,739.58
2910,20231127,21,37,9,PED-658-6121,97,70.24,6813.28,353.61,6459.67,3869.96,2589.71
2911,20230606,5,43,17,PED-265-8325,227,24.54,5570.58,440.08,5130.5,3802.93,1327.57
2912,20241125,9,37,8,PED-074-5884,247,37.04,9148.88,1445.52,7703.36,5212.84,2490.52
2913,20241108,7,20,18,PED-904-0618,102,38.36,3912.72,129.51,3783.21,2577.63,1205.58
2914,20240229,6,72,15,PED-159-5662,40,25.63,1025.2,121.49,903.71,679.2,224.51
2915,20240129,18,20,6,PED-371-4793,461,22.77,10496.97,379.99,10116.98,7308.05,2808.93
2916,20240307,7,72,2,PED-380-4171,66,37.17,2453.22,306.41,2146.81,1426.55,720.26
2917,20231105,1,87,17,PED-335-4277,341,30.33,10342.53,1286.61,9055.92,5408.08,3647.84
2918,20250916,20,95,20,PED-321-5849,382,67.27,25697.14,3764.63,21932.51,15875.2,6057.31
2919,20250829,31,19,5,PED-289-5273,115,170.44,19600.6,535.1,19065.5,12081.92,6983.58
2920,20231207,26,37,7,PED-716-1554,433,29.22,12652.26,1838.37,10813.89,8065.42,2748.47
2921,20230430,23,33,20,PED-328-2141,140,40.53,5674.2,881.2,4793.0,2880.15,1912.85
2922,20250324,16,71,16,PED-698-8147,81,64.17,5197.77,181.4,5016.37,3160.38,1855.99
2923,20240202,28,77,10,PED-052-2785,70,12.26,858.2,75.86,782.34,514.26,268.08
2924,20241027,35,10,5,PED-014-6480,43,17.94,771.42,58.86,712.56,468.54,244.02
2925,20230621,18,12,1,PED-956-1724,304,21.35,6490.4,889.83,5600.57,3899.95,1700.62
2926,20240128,30,48,9,PED-478-7564,300,30.56,9168.0,254.87,8913.13,6427.32,2485.81
2927,20231001,29,29,8,PED-564-4912,315,18.34,5777.1,303.88,5473.22,3317.96,2155.26
2928,20230806,27,21,2,PED-272-5677,28,8.26,231.28,5.13,226.15,149.66,76.49
2929,20240528,1,66,15,PED-959-8062,391,34.67,13555.97,1152.26,12403.71,8631.33,3772.38
2930,20241123,3,80,10,PED-479-3491,420,28.99,12175.8,1430.66,10745.14,7769.46,2975.68
2931,20240821,29,84,5,PED-335-9277,447,17.81,7961.07,491.2,7469.87,4388.56,3081.31
2932,20230510,19,99,10,PED-677-4845,26,39.18,1018.68,137.01,881.67,531.19,350.48
2933,20241203,29,22,17,PED-253-0865,341,19.82,6758.62,1036.1,5722.52,3498.32,2224.2
2934,20240814,34,70,6,PED-618-9077,244,11.73,2862.12,364.63,2497.49,1895.75,601.74
2935,20231019,1,54,15,PED-625-8782,229,34.22,7836.38,1014.03,6822.35,4236.89,2585.46
2936,20250819,24,53,11,PED-351-8223,201,41.46,8333.46,678.34,7655.12,5285.54,2369.58
2937,20230523,2,27,2,PED-440-7385,236,33.34,7868.24,804.92,7063.32,4221.87,2841.45
2938,20250316,24,39,4,PED-395-2227,166,42.2,7005.2,332.75,6672.45,4144.58,2527.87
2939,20250510,1,34,3,PED-443-2883,434,31.07,13484.38,1461.71,12022.67,8639.94,3382.73
2940,20240101,33,94,20,PED-241-0545,143,214.54,30679.22,2405.25,28273.97,18106.67,10167.3
2941,20250409,3,8,3,PED-365-4538,349,31.8,11098.2,25.53,11072.67,7381.76,3690.91
2942,20240615,10,17,15,PED-274-3031,135,50.89,6870.15,302.97,6567.18,4198.39,2368.79
2943,20250305,8,13,2,PED-937-8502,81,20.83,1687.23,203.14,1484.09,995.31,488.78
2944,20250902,32,14,6,PED-714-5351,446,295.39,131743.94,15374.52,116369.42,82973.55,33395.87
2945,20230220,34,3,6,PED-584-9426,209,13.26,2771.34,125.54,2645.8,1901.38,744.42
2946,20240627,17,36,12,PED-186-1583,124,30.41,3770.84,89.75,3681.09,2227.28,1453.81
2947,20240314,19,67,8,PED-247-7634,310,44.33,13742.3,86.58,13655.72,7921.63,5734.09
2948,20250728,33,8,14,PED-490-7216,254,236.03,59951.62,6426.81,53524.81,32090.27,21434.54
2949,20230121,23,45,14,PED-312-6065,131,40.48,5302.88,504.83,4798.05,3157.6,1640.45
2950,20230524,21,23,16,PED-711-7701,221,66.26,14643.46,2502.57,12140.89,7661.21,4479.68
2951,20241231,4,48,17,PED-382-5162,162,39.7,6431.4,185.87,6245.53,4534.61,1710.92
2952,20231029,11,52,2,PED-661-8564,217,73.21,15886.57,1019.92,14866.65,10839.69,4026.96
2953,20241118,27,48,16,PED-947-1791,460,8.51,3914.6,493.24,3421.36,2480.23,941.13
2954,20240308,9,38,4,PED-300-2892,270,36.8,9936.0,1140.65,8795.35,6138.92,2656.43
2955,20240905,34,51,15,PED-155-4131,126,11.71,1475.46,118.18,1357.28,987.27,370.01
2956,20251024,34,45,20,PED-079-4124,175,12.8,2240.0,95.65,2144.35,1253.19,891.16
2957,20250821,9,14,6,PED-007-8075,262,33.58,8797.96,735.51,8062.45,4848.25,3214.2
2958,20251228,36,12,13,PED-116-1432,424,25.91,10985.84,10.99,10974.85,7500.96,3473.89
2959,20231221,2,75,18,PED-465-7323,141,30.46,4294.86,499.06,3795.8,2519.25,1276.55
2960,20230124,24,56,20,PED-204-5516,327,43.94,14368.38,375.01,13993.37,9862.64,4130.73
2961,20250725,29,31,6,PED-945-6038,326,17.43,5682.18,474.46,5207.72,3705.84,1501.88
2962,20250209,12,97,1,PED-868-8731,240,114.55,27492.0,263.92,27228.08,17616.95,9611.13
2963,20251216,27,62,18,PED-473-5088,211,8.64,1823.04,153.14,1669.9,1182.97,486.93
2964,20230430,20,90,9,PED-310-3883,114,59.87,6825.18,1169.84,5655.34,3341.2,2314.14
2965,20241120,8,40,16,PED-348-4207,227,20.01,4542.27,798.08,3744.19,2540.21,1203.98
2966,20240131,26,72,15,PED-613-2683,401,26.27,10534.27,1841.39,8692.88,5997.05,2695.83
2967,20240417,12,50,11,PED-785-7350,474,110.99,52609.26,8328.05,44281.21,31261.06,13020.15
2968,20251210,21,43,2,PED-601-3682,106,73.16,7754.96,948.43,6806.53,4526.38,2280.15
2969,20230531,27,56,9,PED-164-3139,335,8.83,2958.05,369.16,2588.89,1549.22,1039.67
2970,20250803,15,30,16,PED-513-3780,190,46.7,8873.0,710.73,8162.27,4837.9,3324.37
2971,20240611,28,1,7,PED-925-3682,187,11.92,2229.04,343.5,1885.54,1294.95,590.59
2972,20231008,23,55,5,PED-374-3012,403,39.38,15870.14,1847.28,14022.86,9709.09,4313.77
2973,20250409,13,9,12,PED-165-2763,80,84.63,6770.4,925.51,5844.89,4142.55,1702.34
2974,20241218,2,6,8,PED-913-8127,440,34.15,15026.0,975.19,14050.81,10042.18,4008.63
2975,20230120,21,72,4,PED-480-3947,224,68.75,15400.0,1558.48,13841.52,10468.18,3373.34
2976,20250603,21,5,14,PED-704-7756,485,69.09,33508.65,2007.17,31501.48,23922.46,7579.02
2977,20240727,29,99,17,PED-740-6923,369,18.74,6915.06,267.61,6647.45,4258.19,2389.26
2978,20251210,16,65,2,PED-410-8051,52,66.7,3468.4,95.38,3373.02,2102.91,1270.11
2979,20231031,33,74,12,PED-648-5842,270,218.44,58978.8,4264.17,54714.63,33743.82,20970.81
2980,20240901,26,70,8,PED-432-8510,181,27.78,5028.18,452.54,4575.64,2658.96,1916.68
2981,20230913,29,88,6,PED-758-5235,329,19.75,6497.75,465.89,6031.86,4245.51,1786.35
2982,20230604,6,51,5,PED-533-0117,415,27.44,11387.6,2022.44,9365.16,6013.74,3351.42
2983,20250811,33,66,19,PED-385-9664,392,219.54,86059.68,7134.35,78925.33,52608.62,26316.71
2984,20230226,21,63,10,PED-567-2773,261,68.92,17988.12,320.19,17667.93,12330.84,5337.09
2985,20251022,16,37,1,PED-220-2851,92,67.54,6213.68,595.89,5617.79,4192.54,1425.25
2986,20240514,3,57,13,PED-049-3696,375,29.25,10968.75,710.77,10257.98,7534.78,2723.2
2987,20231214,14,20,18,PED-731-3642,345,41.21,14217.45,736.46,13480.99,8365.34,5115.65
2988,20230525,27,86,9,PED-687-8944,458,8.11,3714.38,582.79,3131.59,2281.37,850.22
2989,20251124,10,49,6,PED-561-5653,41,45.94,1883.54,320.01,1563.53,997.37,566.16
2990,20250720,13,38,14,PED-400-4948,398,84.18,33503.64,1249.69,32253.95,23768.7,8485.25
2991,20230531,5,85,2,PED-419-0060,307,24.84,7625.88,423.24,7202.64,4802.96,2399.68
2992,20240831,12,76,12,PED-353-1517,89,112.22,9987.58,1676.91,8310.67,6278.02,2032.65
2993,20240622,36,55,7,PED-621-1209,98,29.39,2880.22,186.35,2693.87,1583.48,1110.39
2994,20251002,32,48,16,PED-555-3469,149,269.22,40113.78,393.12,39720.66,26973.59,12747.07
2995,20240703,21,82,6,PED-890-8517,167,72.88,12170.96,96.15,12074.81,8105.1,3969.71
2996,20240705,13,61,2,PED-065-8468,95,90.8,8626.0,44.86,8581.14,6519.67,2061.47
2997,20240501,11,57,5,PED-157-2526,396,79.46,31466.16,931.4,30534.76,18528.0,12006.76
2998,20250109,17,70,14,PED-551-2396,299,29.74,8892.26,710.49,8181.77,6013.28,2168.49
2999,20251031,11,16,20,PED-172-8574,329,79.98,26313.42,3147.09,23166.33,16118.92,7047.41
3000,20240916,30,16,12,PED-458-1891,426,32.24,13734.24,971.01,12763.23,8318.55,4444.68
