id_venta,id_tiempo,id_producto,id_cliente,id_tienda,id_vendedor,nro_comprobante,nro_linea,cantidad,precio_unit_sol,monto_bruto_sol,descuento_sol,monto_neto_sol,costo_sol,margen_bruto_sol,igv_sol
1,20230801,57,156,4,23,F163-5092,9,16,2429.89,38878.24,1181.9,37696.34,26134.37,11561.97,6785.34
2,20251111,2,30,8,4,F664-2523,8,3,547.15,1641.45,92.25,1549.2,1023.02,526.18,278.86
3,20241214,38,121,4,15,F565-2370,7,9,2050.92,18458.28,1917.82,16540.46,9438.4,7102.06,2977.28
4,20240619,25,18,5,25,F809-6799,6,17,1581.24,26881.08,5016.01,21865.07,10585.47,11279.6,3935.71
5,20220915,65,151,10,22,F502-2435,8,1,172.94,172.94,12.23,160.71,84.31,76.4,28.93
6,20220915,69,117,6,28,F194-3913,10,11,1370.01,15070.11,2079.68,12990.43,7610.54,5379.89,2338.28
7,20220414,50,181,7,13,F680-2493,8,14,1215.37,17015.18,185.47,16829.71,10706.66,6123.05,3029.35
8,20250718,5,113,2,17,F933-7487,1,19,216.91,4121.29,342.07,3779.22,1795.47,1983.75,680.26
9,20240623,19,68,6,20,F710-6513,2,5,1545.47,7727.35,144.5,7582.85,4893.83,2689.02,1364.91
10,20241119,43,184,8,28,F555-0589,10,18,1919.43,34549.74,3282.23,31267.51,16545.68,14721.83,5628.15
11,20220209,9,112,2,25,F649-1647,8,10,1704.79,17047.9,4251.75,12796.15,8147.2,4648.95,2303.31
12,20251203,22,76,6,12,F442-2386,4,1,1128.93,1128.93,12.98,1115.95,724.29,391.66,200.87
13,20250524,68,98,10,22,F247-8154,10,6,510.38,3062.28,130.15,2932.13,1377.34,1554.79,527.78
14,20221125,19,120,5,22,F560-2589,2,9,1486.51,13378.59,1537.2,11841.39,7302.71,4538.68,2131.45
15,20221020,57,177,5,15,F866-4950,4,19,2460.38,46747.22,3496.69,43250.53,29864.81,13385.72,7785.1
16,20221022,50,148,5,23,F303-0360,7,4,1383.37,5533.48,328.14,5205.34,3086.67,2118.67,936.96
17,20230408,36,74,4,20,F822-5773,4,2,858.02,1716.04,390.74,1325.3,843.28,482.02,238.55
18,20240217,82,169,3,21,F100-0646,5,9,380.32,3422.88,579.84,2843.04,1791.78,1051.26,511.75
19,20231020,57,76,6,24,F426-2878,4,12,2028.53,24342.36,4457.09,19885.27,9396.45,10488.82,3579.35
20,20230318,17,43,5,30,F845-7895,5,12,2231.53,26778.36,3553.49,23224.87,15755.1,7469.77,4180.48
21,20240711,44,58,7,28,F824-9132,6,15,295.38,4430.7,1066.47,3364.23,1632.29,1731.94,605.56
22,20220822,12,95,5,19,F391-6087,2,1,247.47,247.47,16.36,231.11,111.14,119.97,41.6
23,20230319,30,157,4,21,F065-7607,5,20,955.52,19110.4,4225.31,14885.09,8787.44,6097.65,2679.32
24,20230719,84,127,2,4,F241-8808,3,5,395.14,1975.7,22.33,1953.37,897.19,1056.18,351.61
25,20231118,50,40,7,21,F102-8018,10,18,1275.03,22950.54,2405.22,20545.32,13057.93,7487.39,3698.16
26,20250307,53,114,8,8,F876-5943,2,9,633.11,5697.99,46.72,5651.27,3066.56,2584.71,1017.23
27,20221110,48,32,8,3,F679-3476,10,12,2019.96,24239.52,366.02,23873.5,12389.64,11483.86,4297.23
28,20240128,3,145,4,3,F850-9081,4,11,1459.27,16051.97,977.56,15074.41,7258.04,7816.37,2713.39
29,20240609,76,153,1,9,F880-2371,3,8,438.65,3509.2,288.11,3221.09,1568.31,1652.78,579.8
30,20220326,70,34,1,12,F809-3899,10,6,1819.73,10918.38,300.26,10618.12,7078.17,3539.95,1911.26
31,20240704,42,135,2,24,F066-7803,8,9,1455.06,13095.54,171.55,12923.99,8212.28,4711.71,2326.32
32,20221005,47,158,1,24,F803-8544,5,4,1216.14,4864.56,549.7,4314.86,2180.68,2134.18,776.67
33,20220425,59,103,7,22,F111-8033,8,1,2360.0,2360.0,35.87,2324.13,1324.16,999.97,418.34
34,20251109,10,71,10,21,F600-8985,6,11,886.21,9748.31,1482.72,8265.59,3855.24,4410.35,1487.81
35,20251128,49,111,2,26,F719-1875,9,17,534.21,9081.57,669.31,8412.26,4848.72,3563.54,1514.21
36,20250414,28,103,7,24,F098-5121,7,8,524.86,4198.88,434.58,3764.3,2472.6,1291.7,677.57
37,20230409,41,122,2,3,F852-1399,2,12,1307.27,15687.24,3739.84,11947.4,7427.76,4519.64,2150.53
38,20220618,56,151,9,18,F338-2003,7,12,1667.43,20009.16,4059.86,15949.3,9395.62,6553.68,2870.87
39,20241022,46,74,10,10,F361-1698,10,14,2490.22,34863.08,7565.29,27297.79,17204.85,10092.94,4913.6
40,20231030,65,143,6,4,F781-4565,10,16,170.85,2733.6,153.35,2580.25,1230.92,1349.33,464.44
41,20220728,29,158,9,1,F624-4382,1,18,590.87,10635.66,2590.85,8044.81,5266.19,2778.62,1448.07
42,20231227,24,47,3,19,F674-6567,2,10,1591.3,15913.0,3666.36,12246.64,6585.7,5660.94,2204.4
43,20220306,19,97,7,15,F350-2579,6,1,1655.24,1655.24,37.9,1617.34,942.3,675.04,291.12
44,20250919,40,40,3,25,F633-0816,2,19,965.63,18346.97,2735.53,15611.44,10472.71,5138.73,2810.06
45,20230118,35,70,4,25,F525-1865,6,14,1756.47,24590.58,2985.3,21605.28,12110.0,9495.28,3888.95
46,20240924,56,12,4,13,F614-0898,1,19,1672.92,31785.48,3868.29,27917.19,17218.85,10698.34,5025.09
47,20230420,27,75,6,4,F008-8150,7,7,872.01,6104.07,1170.76,4933.31,3162.45,1770.86,888.0
48,20240208,23,172,6,3,F407-0694,7,18,367.15,6608.7,1162.47,5446.23,3131.94,2314.29,980.32
49,20240326,3,147,7,23,F656-6844,5,3,1598.11,4794.33,1033.18,3761.15,2233.9,1527.25,677.01
50,20221023,15,118,6,3,F448-1735,4,11,302.75,3330.25,143.2,3187.05,2189.2,997.85,573.67
51,20251202,56,191,6,8,F342-2755,2,17,1856.29,31556.93,621.67,30935.26,20653.34,10281.92,5568.35
52,20250217,66,90,6,24,F982-2420,4,17,570.28,9694.76,1236.08,8458.68,5722.13,2736.55,1522.56
53,20251029,14,195,2,6,F975-8096,8,7,1776.79,12437.53,539.79,11897.74,5808.68,6089.06,2141.59
54,20250830,73,165,10,11,F885-5180,3,15,1691.65,25374.75,4321.32,21053.43,14116.58,6936.85,3789.62
55,20240618,57,152,1,12,F520-1216,5,15,2045.07,30676.05,4840.68,25835.37,16769.28,9066.09,4650.37
56,20251007,60,166,2,20,F609-8308,7,2,946.5,1893.0,174.53,1718.47,896.64,821.83,309.32
57,20220603,60,167,4,11,F620-7793,9,2,972.35,1944.7,218.58,1726.12,1126.21,599.91,310.7
58,20221106,20,88,2,17,F662-2828,1,15,2565.62,38484.3,996.74,37487.56,25295.92,12191.64,6747.76
59,20220324,32,94,6,30,F290-6348,7,15,1629.84,24447.6,3202.64,21244.96,12799.05,8445.91,3824.09
60,20230512,44,17,6,4,F572-6334,5,2,288.05,576.1,113.66,462.44,282.93,179.51,83.24
61,20230821,33,150,3,30,F359-5083,7,20,368.1,7362.0,1607.12,5754.88,3069.31,2685.57,1035.88
62,20230211,17,85,3,22,F720-8625,2,3,2146.69,6440.07,498.46,5941.61,3233.24,2708.37,1069.49
63,20250518,83,47,4,11,F971-7968,4,17,537.47,9136.99,826.9,8310.09,4492.85,3817.24,1495.82
64,20230703,29,26,9,25,F553-8627,1,5,613.39,3066.95,59.19,3007.76,1988.45,1019.31,541.4
65,20230301,44,42,3,27,F710-2713,8,20,299.6,5992.0,196.54,5795.46,3153.77,2641.69,1043.18
66,20240319,6,193,8,8,F547-3919,5,8,75.45,603.6,146.31,457.29,275.59,181.7,82.31
67,20220824,61,113,8,25,F289-6257,9,7,1137.67,7963.69,732.66,7231.03,4966.15,2264.88,1301.59
68,20250404,68,36,5,2,F657-7874,6,6,511.11,3066.66,626.21,2440.45,1587.06,853.39,439.28
69,20220511,71,196,3,9,F461-8411,3,17,265.3,4510.1,959.75,3550.35,1850.68,1699.67,639.06
70,20251219,56,7,7,2,F406-8225,6,8,1665.57,13324.56,2720.88,10603.68,7116.74,3486.94,1908.66
71,20250212,31,26,6,26,F150-2255,1,3,2033.21,6099.63,571.54,5528.09,2526.6,3001.49,995.06
72,20221109,37,181,8,15,F631-0087,2,16,1324.06,21184.96,3686.18,17498.78,8481.63,9017.15,3149.78
73,20220111,3,136,7,4,F795-4721,4,5,1528.95,7644.75,1048.86,6595.89,4167.34,2428.55,1187.26
74,20250426,39,118,2,4,F857-8190,10,8,1734.15,13873.2,1456.69,12416.51,8051.79,4364.72,2234.97
75,20241118,69,75,7,1,F630-5781,4,17,1234.61,20988.37,3018.13,17970.24,11314.71,6655.53,3234.64
76,20241211,74,135,9,17,F806-8317,9,3,154.58,463.74,60.7,403.04,217.7,185.34,72.55
77,20250210,3,96,5,24,F017-5851,2,16,1574.6,25193.6,274.61,24918.99,13623.72,11295.27,4485.42
78,20220510,45,86,3,2,F361-8946,6,4,20.71,82.84,15.98,66.86,42.38,24.48,12.03
79,20230706,83,47,3,3,F734-7499,1,15,483.36,7250.4,1777.8,5472.6,3117.37,2355.23,985.07
80,20220718,38,80,9,13,F835-8898,8,7,1918.49,13429.43,2973.28,10456.15,5530.25,4925.9,1882.11
81,20250713,33,13,6,9,F128-6030,7,7,317.24,2220.68,158.78,2061.9,1372.27,689.63,371.14
82,20240729,52,178,8,12,F947-8508,5,13,1227.54,15958.02,1353.24,14604.78,7254.26,7350.52,2628.86
83,20230522,11,47,9,10,F329-1681,2,3,2382.7,7148.1,769.85,6378.25,4456.96,1921.29,1148.09
84,20220423,42,43,8,12,F458-0694,6,10,1675.11,16751.1,1867.75,14883.35,9367.81,5515.54,2679.0
85,20230419,79,15,2,22,F653-6656,6,9,1171.58,10544.22,1686.02,8858.2,5738.96,3119.24,1594.48
86,20230512,66,156,8,2,F130-1102,4,6,589.89,3539.34,843.07,2696.27,1309.56,1386.71,485.33
87,20241212,83,40,8,12,F381-7274,2,13,504.25,6555.25,1556.22,4999.03,2290.04,2708.99,899.83
88,20240819,74,64,2,1,F754-3049,8,12,145.34,1744.08,173.54,1570.54,961.78,608.76,282.7
89,20250819,67,181,8,7,F627-4679,8,18,1198.83,21578.94,634.42,20944.52,13482.85,7461.67,3770.01
90,20231205,26,114,2,26,F699-5237,6,3,1597.66,4792.98,541.61,4251.37,2868.27,1383.1,765.25
91,20220724,9,183,3,26,F371-8336,4,10,1824.61,18246.1,4065.23,14180.87,9399.66,4781.21,2552.56
92,20241125,16,93,9,19,F378-7658,9,5,1452.04,7260.2,429.8,6830.4,3917.27,2913.13,1229.47
93,20250121,17,184,8,17,F421-6709,10,3,2154.18,6462.54,105.99,6356.55,3493.18,2863.37,1144.18
94,20240419,10,175,9,12,F132-9033,10,11,753.01,8283.11,1330.27,6952.84,3910.93,3041.91,1251.51
95,20250209,24,15,2,17,F157-4983,3,5,1765.28,8826.4,955.02,7871.38,5334.26,2537.12,1416.85
96,20231226,21,73,2,9,F202-9025,5,8,1982.9,15863.2,1372.17,14491.03,9929.63,4561.4,2608.39
97,20240213,17,44,10,19,F158-2805,10,20,2159.98,43199.6,5762.83,37436.77,21550.23,15886.54,6738.62
98,20231014,78,21,1,21,F790-9450,5,19,1068.58,20303.02,209.12,20093.9,13381.44,6712.46,3616.9
99,20220218,84,128,9,10,F658-4950,8,19,378.38,7189.22,748.4,6440.82,3927.28,2513.54,1159.35
100,20220705,32,16,3,15,F426-7934,8,13,1661.75,21602.75,1607.24,19995.51,9362.76,10632.75,3599.19
101,20220301,27,188,6,13,F134-6071,9,5,879.43,4397.15,343.42,4053.73,2552.19,1501.54,729.67
102,20240817,72,64,3,4,F052-4755,7,8,903.12,7224.96,842.43,6382.53,3298.92,3083.61,1148.86
103,20230425,79,185,6,7,F782-2611,8,6,1042.1,6252.6,1271.78,4980.82,3404.08,1576.74,896.55
104,20240117,66,101,9,15,F990-3945,4,10,550.85,5508.5,684.71,4823.79,2279.3,2544.49,868.28
105,20250917,75,168,8,10,F550-0134,2,2,1845.27,3690.54,259.44,3431.1,2056.53,1374.57,617.6
106,20221231,56,94,1,13,F053-9344,9,9,1681.77,15135.93,2753.23,12382.7,7936.87,4445.83,2228.89
107,20230921,25,196,9,9,F846-1947,3,10,1410.22,14102.2,259.48,13842.72,7974.29,5868.43,2491.69
108,20250111,13,37,4,20,F522-6577,9,11,1969.96,21669.56,3022.9,18646.66,10095.33,8551.33,3356.4
109,20221211,6,133,8,5,F621-8447,3,5,69.53,347.65,62.02,285.63,185.94,99.69,51.41
110,20220515,42,190,5,19,F345-8312,9,11,1767.36,19440.96,789.3,18651.66,13012.4,5639.26,3357.3
111,20230315,69,95,6,22,F113-6825,10,19,1371.61,26060.59,1951.94,24108.65,15765.54,8343.11,4339.56
112,20220922,40,168,10,19,F234-0842,10,1,980.23,980.23,146.25,833.98,430.65,403.33,150.12
113,20251017,62,175,4,2,F587-1801,4,20,279.11,5582.2,1081.27,4500.93,2453.22,2047.71,810.17
114,20250414,3,106,9,25,F627-7727,1,14,1591.76,22284.64,844.59,21440.05,13349.11,8090.94,3859.21
115,20240813,18,135,7,11,F980-2838,8,18,470.04,8460.72,687.86,7772.86,4784.64,2988.22,1399.11
116,20250727,69,175,5,20,F496-3151,4,12,1328.92,15947.04,2695.05,13251.99,8837.93,4414.06,2385.36
117,20250407,36,198,5,23,F213-8012,6,8,968.84,7750.72,1824.52,5926.2,4122.06,1804.14,1066.72
118,20221026,62,140,7,29,F405-5655,3,9,290.37,2613.33,187.9,2425.43,1439.18,986.25,436.58
119,20250826,38,66,8,7,F207-8825,5,3,1849.74,5549.22,480.56,5068.66,2841.46,2227.2,912.36
120,20240314,72,62,4,2,F686-8701,4,5,1025.43,5127.15,139.97,4987.18,3167.97,1819.21,897.69
121,20250413,82,26,3,1,F988-9017,3,4,383.98,1535.92,158.66,1377.26,866.76,510.5,247.91
122,20250831,53,74,6,10,F662-0970,2,16,598.19,9571.04,1142.78,8428.26,4212.98,4215.28,1517.09
123,20230430,84,10,3,14,F904-2881,1,18,409.2,7365.6,1360.43,6005.17,3978.93,2026.24,1080.93
124,20220708,51,75,1,1,F306-9306,10,6,2314.9,13889.4,3252.9,10636.5,7344.85,3291.65,1914.57
125,20221211,14,140,9,16,F911-2199,9,11,2092.83,23021.13,1636.8,21384.33,14910.76,6473.57,3849.18
126,20231014,60,166,5,23,F191-0231,6,4,910.45,3641.8,301.18,3340.62,2113.88,1226.74,601.31
127,20250430,38,104,7,17,F336-1422,7,7,2076.31,14534.17,638.05,13896.12,9227.53,4668.59,2501.3
128,20250709,13,2,5,13,F242-7320,5,5,1881.25,9406.25,1123.11,8283.14,5665.31,2617.83,1490.97
129,20220114,43,178,4,2,F684-1937,8,19,1712.38,32535.22,94.35,32440.87,19899.91,12540.96,5839.36
130,20240122,40,198,5,23,F121-4834,6,17,856.5,14560.5,3360.56,11199.94,7525.8,3674.14,2015.99
131,20231001,79,156,6,14,F719-8999,8,5,998.05,4990.25,596.33,4393.92,2477.05,1916.87,790.91
132,20221205,69,153,2,17,F458-8654,6,7,1461.94,10233.58,1949.5,8284.08,5136.84,3147.24,1491.13
133,20220724,10,130,4,19,F550-2456,3,4,889.3,3557.2,54.78,3502.42,2055.61,1446.81,630.44
134,20230602,42,150,8,3,F921-8362,8,15,1741.14,26117.1,760.01,25357.09,12712.79,12644.3,4564.28
135,20251102,8,144,8,22,F827-5050,1,17,664.41,11294.97,1173.55,10121.42,5981.53,4139.89,1821.86
136,20230509,51,12,7,12,F718-1045,9,1,2069.76,2069.76,386.01,1683.75,1001.12,682.63,303.07
137,20240206,8,74,7,6,F788-2219,7,3,732.37,2197.11,541.59,1655.52,940.36,715.16,297.99
138,20241114,48,97,7,3,F700-8836,3,13,2208.87,28715.31,3218.99,25496.32,17319.11,8177.21,4589.34
139,20230714,84,136,3,24,F229-0057,1,4,433.47,1733.88,77.33,1656.55,967.95,688.6,298.18
140,20251205,39,59,4,15,F355-2542,5,18,1869.48,33650.64,3566.97,30083.67,16390.16,13693.51,5415.06
141,20251125,25,158,1,8,F212-1103,2,4,1585.99,6343.96,51.39,6292.57,3870.24,2422.33,1132.66
142,20230104,77,63,1,13,F450-3840,9,20,311.29,6225.8,1045.93,5179.87,3460.43,1719.44,932.38
143,20231229,28,60,10,11,F592-9797,6,2,561.23,1122.46,39.29,1083.17,756.45,326.72,194.97
144,20230402,31,106,5,9,F063-9122,10,5,1996.19,9980.95,2459.31,7521.64,4364.9,3156.74,1353.9
145,20230307,23,89,7,26,F538-5223,7,14,408.8,5723.2,795.52,4927.68,2275.21,2652.47,886.98
146,20220310,53,62,4,10,F879-2366,8,13,536.74,6977.62,320.97,6656.65,3890.69,2765.96,1198.2
147,20240707,8,63,5,7,F339-1296,8,14,679.8,9517.2,1325.75,8191.45,3960.76,4230.69,1474.46
148,20240106,48,155,10,2,F895-1193,4,7,1829.52,12806.64,165.21,12641.43,6880.63,5760.8,2275.46
149,20220403,76,86,5,30,F016-3471,4,18,488.58,8794.44,477.54,8316.9,4176.93,4139.97,1497.04
150,20230224,16,181,4,13,F938-3922,9,16,1385.95,22175.2,5069.25,17105.95,10672.51,6433.44,3079.07
151,20250918,42,79,5,12,F526-8148,8,13,1714.2,22284.6,2598.38,19686.22,12051.52,7634.7,3543.52
152,20221222,13,53,6,11,F424-0750,10,16,2143.43,34294.88,6529.75,27765.13,14717.14,13047.99,4997.72
153,20220830,29,149,7,10,F157-3215,6,1,583.16,583.16,38.02,545.14,372.71,172.43,98.13
154,20231222,30,176,6,9,F782-8006,8,8,936.98,7495.84,935.48,6560.36,4025.78,2534.58,1180.86
155,20251218,59,126,3,30,F911-8883,1,12,2130.86,25570.32,1081.62,24488.7,15429.8,9058.9,4407.97
156,20221224,68,196,1,14,F141-3792,2,3,468.98,1406.94,332.46,1074.48,663.01,411.47,193.41
157,20241007,20,164,10,30,F495-7994,1,17,2098.29,35670.93,4066.49,31604.44,14699.62,16904.82,5688.8
158,20250122,1,71,9,10,F018-8229,7,14,73.79,1033.06,3.1,1029.96,599.8,430.16,185.39
159,20221220,23,159,9,9,F835-5808,5,4,365.29,1461.16,191.56,1269.6,647.8,621.8,228.53
160,20241211,51,179,4,10,F701-1321,1,13,1989.15,25858.95,2966.02,22892.93,11693.75,11199.18,4120.73
161,20230721,12,3,3,3,F512-7110,6,13,228.55,2971.15,410.61,2560.54,1188.16,1372.38,460.9
162,20240812,73,59,4,29,F889-9287,8,4,1765.07,7060.28,1579.38,5480.9,3725.85,1755.05,986.56
163,20240813,35,140,10,22,F034-2939,6,3,1608.06,4824.18,825.42,3998.76,2079.73,1919.03,719.78
164,20240308,3,102,2,10,F167-9240,4,19,1768.36,33598.84,1209.56,32389.28,21220.57,11168.71,5830.07
165,20220606,73,99,3,26,F706-1285,9,13,1716.89,22319.57,3778.7,18540.87,10849.02,7691.85,3337.36
166,20250528,45,155,10,20,F407-5348,1,14,19.85,277.9,16.12,261.78,122.78,139.0,47.12
167,20230505,82,97,7,6,F697-9599,7,15,387.45,5811.75,713.1,5098.65,2747.93,2350.72,917.76
168,20221025,11,22,5,5,F390-2528,7,10,2404.28,24042.8,4796.54,19246.26,12091.99,7154.27,3464.33
169,20220317,41,93,5,4,F136-1431,3,3,1226.31,3678.93,4.78,3674.15,1936.52,1737.63,661.35
170,20240606,56,23,6,18,F096-9781,10,18,1802.57,32446.26,4156.37,28289.89,13460.99,14828.9,5092.18
171,20241014,42,22,9,29,F249-9371,9,1,1744.29,1744.29,127.33,1616.96,884.4,732.56,291.05
172,20220201,22,127,3,3,F172-7122,5,6,1126.95,6761.7,234.63,6527.07,3428.56,3098.51,1174.87
173,20240124,54,185,8,20,F632-3204,8,3,2154.92,6464.76,583.77,5880.99,4034.69,1846.3,1058.58
174,20221209,14,159,7,26,F883-5400,8,1,1772.36,1772.36,420.4,1351.96,720.67,631.29,243.35
175,20240830,43,178,4,16,F322-2911,7,20,1760.78,35215.6,1197.33,34018.27,18035.34,15982.93,6123.29
176,20221010,41,84,7,9,F837-6438,6,16,1207.89,19326.24,4675.02,14651.22,9457.27,5193.95,2637.22
177,20241031,15,175,9,1,F976-7564,4,7,337.03,2359.21,349.4,2009.81,1178.57,831.24,361.77
178,20230818,57,105,8,5,F649-4962,4,3,2390.5,7171.5,1468.01,5703.49,3701.08,2002.41,1026.63
179,20251026,33,154,8,19,F411-8756,9,14,363.28,5085.92,1003.45,4082.47,1912.6,2169.87,734.84
180,20220819,54,153,2,4,F788-4068,6,12,2270.43,27245.16,4778.8,22466.36,14672.2,7794.16,4043.94
181,20230607,22,166,7,25,F340-7053,2,2,1118.2,2236.4,314.89,1921.51,1174.54,746.97,345.87
182,20220714,2,149,10,8,F457-6130,7,8,495.46,3963.68,506.16,3457.52,2004.32,1453.2,622.35
183,20251010,60,7,8,4,F303-6816,2,19,1011.0,19209.0,3315.47,15893.53,7751.06,8142.47,2860.84
184,20250805,15,53,9,16,F357-7802,2,5,330.48,1652.4,143.92,1508.48,808.19,700.29,271.53
185,20230116,57,182,2,1,F870-5621,2,15,2354.66,35319.9,2815.0,32504.9,17067.22,15437.68,5850.88
186,20240920,22,85,9,14,F982-7571,4,8,1182.8,9462.4,1220.65,8241.75,4845.96,3395.79,1483.51
187,20250429,52,8,10,29,F203-7366,10,6,1199.63,7197.78,1152.36,6045.42,3373.55,2671.87,1088.18
188,20240409,55,17,10,4,F819-8797,3,7,1895.26,13266.82,681.91,12584.91,8030.2,4554.71,2265.28
189,20240227,47,126,9,21,F321-9781,7,15,1168.33,17524.95,499.46,17025.49,10516.23,6509.26,3064.59
190,20221224,79,159,3,27,F690-4874,10,4,1036.38,4145.52,360.66,3784.86,2503.23,1281.63,681.27
191,20220610,76,30,3,12,F711-2317,9,5,425.76,2128.8,166.69,1962.11,999.98,962.13,353.18
192,20250902,50,125,9,23,F942-2839,9,5,1265.43,6327.15,909.21,5417.94,3011.07,2406.87,975.23
193,20250907,22,159,1,28,F368-0158,8,5,1082.27,5411.35,253.25,5158.1,3406.91,1751.19,928.46
194,20240813,18,127,7,22,F504-6810,8,13,438.15,5695.95,1372.72,4323.23,2491.73,1831.5,778.18
195,20230604,63,75,1,9,F231-8809,5,19,755.47,14353.93,110.53,14243.4,9119.54,5123.86,2563.81
196,20230621,22,141,9,4,F587-1872,5,19,1148.74,21826.06,4050.92,17775.14,11402.39,6372.75,3199.53
197,20241208,70,195,8,18,F224-6966,2,12,2051.26,24615.12,3335.35,21279.77,13601.96,7677.81,3830.36
198,20250902,84,68,6,28,F837-1426,8,10,424.23,4242.3,927.79,3314.51,1518.24,1796.27,596.61
199,20250819,16,177,6,28,F728-9999,7,8,1393.93,11151.44,585.45,10565.99,6703.1,3862.89,1901.88
200,20250226,22,146,6,18,F288-9779,9,7,1111.16,7778.12,1582.07,6196.05,4035.86,2160.19,1115.29
201,20240825,22,132,2,5,F986-6744,1,10,1044.37,10443.7,755.08,9688.62,5007.43,4681.19,1743.95
202,20220527,36,38,6,27,F254-6435,8,5,1031.1,5155.5,904.27,4251.23,2054.08,2197.15,765.22
203,20220923,19,20,2,13,F528-4559,6,9,1601.01,14409.09,2262.23,12146.86,6605.38,5541.48,2186.43
204,20250904,59,188,2,24,F996-7512,6,11,2508.02,27588.22,4014.09,23574.13,15729.29,7844.84,4243.34
205,20240702,9,55,8,9,F331-4647,6,13,1918.0,24934.0,1358.9,23575.1,13141.01,10434.09,4243.52
206,20220118,71,175,1,2,F102-7530,1,19,247.06,4694.14,1000.32,3693.82,2390.18,1303.64,664.89
207,20220624,16,110,4,23,F932-2162,5,6,1436.59,8619.54,950.74,7668.8,3452.26,4216.54,1380.38
208,20240925,21,22,6,22,F926-2712,1,9,2222.17,19999.53,465.99,19533.54,10550.24,8983.3,3516.04
209,20220110,51,25,1,7,F489-1277,3,8,2240.3,17922.4,1923.07,15999.33,7564.48,8434.85,2879.88
210,20220922,76,31,7,23,F136-7827,2,15,439.65,6594.75,15.17,6579.58,4105.0,2474.58,1184.32
211,20240329,30,77,3,13,F793-2182,3,4,937.63,3750.52,96.76,3653.76,1979.94,1673.82,657.68
212,20241101,9,90,4,21,F767-2481,7,1,1817.21,1817.21,277.31,1539.9,756.14,783.76,277.18
213,20240909,79,193,2,19,F748-6292,6,7,1102.02,7714.14,167.4,7546.74,3585.58,3961.16,1358.41
214,20221207,55,64,9,20,F615-9955,5,5,1864.89,9324.45,577.18,8747.27,5345.94,3401.33,1574.51
215,20241124,4,49,7,10,F662-0895,4,10,1511.39,15113.9,776.85,14337.05,8627.06,5709.99,2580.67
216,20221219,64,136,1,12,F957-5186,3,8,544.1,4352.8,543.66,3809.14,2279.7,1529.44,685.65
217,20230513,50,45,8,25,F075-0274,10,19,1385.4,26322.6,2769.14,23553.46,13816.2,9737.26,4239.62
218,20241228,9,102,9,10,F644-8210,7,7,1620.79,11345.53,113.46,11232.07,5224.23,6007.84,2021.77
219,20240905,55,40,5,3,F318-1295,9,3,2023.13,6069.39,971.71,5097.68,2979.15,2118.53,917.58
220,20250620,27,163,2,10,F716-7168,4,5,1000.93,5004.65,671.12,4333.53,2373.4,1960.13,780.04
221,20240917,8,15,5,22,F760-2878,2,14,634.89,8888.46,257.77,8630.69,5204.95,3425.74,1553.52
222,20240430,2,134,9,26,F843-4248,3,1,564.88,564.88,23.16,541.72,372.84,168.88,97.51
223,20220611,48,8,6,26,F440-4457,9,9,1844.04,16596.36,3040.45,13555.91,6500.25,7055.66,2440.06
224,20230721,9,131,6,2,F512-9288,3,19,1715.5,32594.5,5114.08,27480.42,15774.77,11705.65,4946.48
225,20230130,48,30,4,24,F522-0043,1,4,1856.84,7427.36,1660.76,5766.6,3566.82,2199.78,1037.99
226,20221226,2,46,1,18,F823-6871,4,16,512.09,8193.44,745.6,7447.84,5064.95,2382.89,1340.61
227,20251206,42,96,2,17,F690-0863,3,11,1534.36,16877.96,1144.33,15733.63,7386.5,8347.13,2832.05
228,20230828,29,120,5,25,F866-5091,6,2,590.53,1181.06,281.68,899.38,420.22,479.16,161.89
229,20250826,12,78,10,8,F476-6034,10,1,235.8,235.8,21.74,214.06,111.93,102.13,38.53
230,20240810,64,63,3,1,F955-6719,1,7,615.92,4311.44,789.42,3522.02,2066.16,1455.86,633.96
231,20250323,30,169,7,28,F756-5039,2,1,969.7,969.7,230.5,739.2,332.91,406.29,133.06
232,20240106,27,37,5,3,F045-3793,9,8,915.76,7326.08,769.24,6556.84,4526.16,2030.68,1180.23
233,20240514,53,149,2,17,F137-6462,2,12,604.04,7248.48,830.68,6417.8,4087.98,2329.82,1155.2
234,20231225,76,75,5,28,F323-6439,6,14,473.21,6624.94,1097.09,5527.85,2668.17,2859.68,995.01
235,20221105,41,200,10,4,F160-1732,3,8,1250.79,10006.32,187.12,9819.2,4916.26,4902.94,1767.46
236,20241205,58,198,4,15,F316-7592,5,14,1250.95,17513.3,528.9,16984.4,9164.3,7820.1,3057.19
237,20230301,16,11,4,27,F878-5371,3,10,1203.88,12038.8,2487.22,9551.58,5962.28,3589.3,1719.28
238,20220216,12,77,5,27,F179-0510,7,12,243.56,2922.72,289.64,2633.08,1217.11,1415.97,473.95
239,20240830,58,36,2,1,F064-3642,3,18,1274.8,22946.4,1434.15,21512.25,12165.41,9346.84,3872.2
240,20221014,26,22,10,19,F266-1229,1,12,1853.8,22245.6,3817.34,18428.26,12612.19,5816.07,3317.09
241,20251030,9,85,2,2,F965-7553,1,15,1690.71,25360.65,5130.46,20230.19,9568.77,10661.42,3641.43
242,20251115,22,8,7,22,F437-2832,6,14,1181.48,16540.72,3397.46,13143.26,7212.36,5930.9,2365.79
243,20250927,28,9,10,20,F632-4027,5,9,578.49,5206.41,364.45,4841.96,3248.26,1593.7,871.55
244,20230725,64,99,3,14,F205-8615,4,18,547.17,9849.06,1179.92,8669.14,4091.23,4577.91,1560.45
245,20220130,81,183,6,16,F558-7941,6,18,2541.24,45742.32,9089.0,36653.32,25560.23,11093.09,6597.6
246,20251015,73,153,4,1,F918-4603,1,13,1604.7,20861.1,1410.21,19450.89,8879.64,10571.25,3501.16
247,20231015,61,26,4,22,F247-4367,9,19,1054.99,20044.81,5009.2,15035.61,10427.12,4608.49,2706.41
248,20251129,8,100,6,30,F860-2847,3,8,708.28,5666.24,815.37,4850.87,3374.59,1476.28,873.16
249,20251126,31,180,6,19,F578-2329,10,12,2123.71,25484.52,5823.21,19661.31,8986.23,10675.08,3539.04
250,20250626,25,10,2,2,F239-9858,4,16,1555.2,24883.2,3371.67,21511.53,10624.31,10887.22,3872.08
251,20230323,3,34,6,23,F182-5302,1,1,1620.74,1620.74,134.36,1486.38,897.08,589.3,267.55
252,20230816,3,94,2,12,F722-6482,10,5,1492.23,7461.15,1444.48,6016.67,3980.75,2035.92,1083.0
253,20250623,13,112,8,21,F325-2855,9,11,1945.64,21402.04,729.81,20672.23,10116.49,10555.74,3721.0
254,20230429,79,97,5,24,F706-4826,3,8,1124.44,8995.52,1496.85,7498.67,4901.23,2597.44,1349.76
255,20221004,23,146,1,6,F617-5214,10,19,417.43,7931.17,776.46,7154.71,4998.07,2156.64,1287.85
256,20240412,29,191,2,8,F356-5235,3,4,571.29,2285.16,535.18,1749.98,849.02,900.96,315.0
257,20251025,82,187,6,15,F012-4346,4,3,439.87,1319.61,271.05,1048.56,647.49,401.07,188.74
258,20241106,32,1,1,13,F449-6876,3,12,1625.09,19501.08,1251.97,18249.11,8704.98,9544.13,3284.84
259,20240503,53,123,10,21,F777-3696,3,13,578.69,7522.97,660.52,6862.45,3732.05,3130.4,1235.24
260,20220617,58,27,2,11,F175-6152,3,2,1146.88,2293.76,169.05,2124.71,1125.41,999.3,382.45
261,20240716,10,124,1,14,F966-2704,10,3,825.59,2476.77,209.29,2267.48,1578.89,688.59,408.15
262,20251222,56,105,9,24,F948-8850,5,4,1690.65,6762.6,559.94,6202.66,4302.16,1900.5,1116.48
263,20220823,37,126,3,2,F370-0063,7,4,1165.2,4660.8,57.79,4603.01,2729.32,1873.69,828.54
264,20240205,12,53,3,21,F299-1343,8,20,223.11,4462.2,535.91,3926.29,1862.03,2064.26,706.73
265,20250805,15,68,2,21,F558-6350,3,13,296.47,3854.11,453.63,3400.48,2290.97,1109.51,612.09
266,20241223,48,113,8,9,F232-4401,10,12,2163.63,25963.56,1209.9,24753.66,11415.26,13338.4,4455.66
267,20241107,8,139,7,25,F604-3728,9,4,621.7,2486.8,53.22,2433.58,1304.27,1129.31,438.04
268,20241113,8,122,10,29,F242-7804,5,17,719.13,12225.21,1279.98,10945.23,6390.69,4554.54,1970.14
269,20230707,11,147,10,5,F124-7358,3,2,2223.63,4447.26,558.13,3889.13,2625.61,1263.52,700.04
270,20230322,22,175,7,7,F843-2423,10,7,1192.45,8347.15,262.94,8084.21,4493.56,3590.65,1455.16
271,20250416,34,142,6,28,F283-8515,8,3,1705.7,5117.1,111.55,5005.55,2948.72,2056.83,901.0
272,20250417,2,29,7,5,F152-9284,10,20,573.84,11476.8,1685.94,9790.86,6319.23,3471.63,1762.35
273,20250719,75,26,5,28,F549-5634,7,4,2007.83,8031.32,1856.84,6174.48,3647.09,2527.39,1111.41
274,20250925,34,45,5,13,F148-9973,7,16,1729.33,27669.28,3956.71,23712.57,13474.94,10237.63,4268.26
275,20240123,5,122,5,29,F382-0332,6,11,230.27,2532.97,437.19,2095.78,968.93,1126.85,377.24
276,20240104,39,59,3,10,F998-7260,6,16,1809.16,28946.56,6211.93,22734.63,14123.05,8611.58,4092.23
277,20250329,35,55,7,24,F497-8463,6,20,1863.4,37268.0,6015.06,31252.94,15532.21,15720.73,5625.53
278,20240906,8,104,3,25,F872-8590,10,6,673.14,4038.84,66.24,3972.6,2492.38,1480.22,715.07
279,20241112,4,117,1,30,F370-3263,5,7,1311.52,9180.64,1920.59,7260.05,3719.85,3540.2,1306.81
280,20250325,48,175,1,8,F382-8009,10,17,2137.52,36337.84,3604.71,32733.13,22283.68,10449.45,5891.96
281,20250823,58,42,5,24,F851-1481,5,16,1174.43,18790.88,2756.62,16034.26,8617.45,7416.81,2886.17
282,20230602,4,55,4,21,F231-3388,5,6,1374.62,8247.72,1760.89,6486.83,4183.73,2303.1,1167.63
283,20230802,84,175,1,16,F934-2168,3,1,395.24,395.24,85.45,309.79,214.31,95.48,55.76
284,20220612,77,79,5,14,F917-6169,6,8,367.05,2936.4,185.29,2751.11,1791.72,959.39,495.2
285,20240517,59,160,7,19,F105-0121,9,15,2171.26,32568.9,2458.95,30109.95,17468.57,12641.38,5419.79
286,20220309,48,28,8,3,F345-4530,6,20,2027.11,40542.2,6174.58,34367.62,18029.91,16337.71,6186.17
287,20231129,36,62,1,26,F878-9831,7,10,909.01,9090.1,428.14,8661.96,5018.08,3643.88,1559.15
288,20240319,41,67,7,13,F398-0579,10,1,1311.43,1311.43,214.94,1096.49,766.85,329.64,197.37
289,20230310,74,137,8,30,F964-5874,9,11,167.81,1845.91,335.22,1510.69,763.79,746.9,271.92
290,20240606,39,33,5,24,F828-9160,3,18,2021.17,36381.06,1648.06,34733.0,16477.36,18255.64,6251.94
291,20220228,43,79,7,26,F909-5429,6,8,1844.98,14759.84,1310.67,13449.17,8554.38,4894.79,2420.85
292,20220311,34,163,10,19,F967-1167,8,15,1804.93,27073.95,5761.34,21312.61,12097.77,9214.84,3836.27
293,20250508,25,39,3,7,F351-6705,10,13,1452.4,18881.2,2501.76,16379.44,9062.36,7317.08,2948.3
294,20230709,59,162,3,11,F650-0951,1,6,2118.8,12712.8,2475.18,10237.62,5854.85,4382.77,1842.77
295,20220804,58,196,2,5,F630-7106,7,6,1199.88,7199.28,1037.42,6161.86,3016.9,3144.96,1109.13
296,20240212,52,52,6,1,F914-5280,9,16,1150.28,18404.48,1763.15,16641.33,7645.55,8995.78,2995.44
297,20250207,25,178,6,10,F133-1683,7,1,1304.86,1304.86,204.47,1100.39,563.63,536.76,198.07
298,20221129,65,75,8,24,F533-9771,9,6,185.24,1111.44,18.12,1093.32,504.49,588.83,196.8
299,20240729,44,92,4,6,F971-6610,1,5,273.72,1368.6,117.29,1251.31,845.07,406.24,225.24
300,20220529,30,130,3,4,F376-0613,7,5,905.5,4527.5,239.05,4288.45,1953.3,2335.15,771.92
301,20220404,82,13,2,21,F857-0324,1,18,385.95,6947.1,1082.36,5864.74,3509.94,2354.8,1055.65
302,20240301,15,180,3,7,F712-0153,5,13,303.52,3945.76,121.92,3823.84,1962.34,1861.5,688.29
303,20240316,54,36,7,27,F921-1719,9,17,2326.33,39547.61,2669.46,36878.15,22178.84,14699.31,6638.07
304,20240819,80,156,4,25,F270-8572,4,4,122.92,491.68,96.47,395.21,227.02,168.19,71.14
305,20241209,46,54,8,11,F241-0045,1,10,2407.51,24075.1,965.41,23109.69,13566.19,9543.5,4159.74
306,20251208,12,24,9,3,F741-1660,5,19,253.17,4810.23,804.75,4005.48,1951.81,2053.67,720.99
307,20240201,83,45,1,28,F298-5902,6,10,489.49,4894.9,323.06,4571.84,2114.57,2457.27,822.93
308,20230509,55,3,3,22,F663-2794,6,4,2038.14,8152.56,1734.86,6417.7,4316.37,2101.33,1155.19
309,20250324,46,96,6,6,F117-6567,7,20,2500.38,50007.6,3355.51,46652.09,29543.23,17108.86,8397.38
310,20230210,59,108,3,4,F136-0961,3,13,2180.83,28350.79,4890.51,23460.28,13362.07,10098.21,4222.85
311,20231029,14,113,3,20,F389-5876,10,19,1885.74,35829.06,4324.57,31504.49,18658.09,12846.4,5670.81
312,20220517,4,106,8,2,F065-4287,6,5,1515.75,7578.75,915.51,6663.24,3811.58,2851.66,1199.38
313,20220218,2,145,4,22,F895-5543,9,17,564.5,9596.5,1841.57,7754.93,4607.69,3147.24,1395.89
314,20251125,67,64,8,12,F680-6306,3,20,1276.71,25534.2,607.71,24926.49,15340.47,9586.02,4486.77
315,20250530,72,41,9,28,F481-8124,3,20,1066.04,21320.8,289.96,21030.84,12846.68,8184.16,3785.55
316,20241106,10,13,9,8,F564-6204,7,11,860.77,9468.47,570.0,8898.47,6162.51,2735.96,1601.72
317,20230919,31,128,8,11,F122-8149,1,15,1898.43,28476.45,5703.83,22772.62,12798.77,9973.85,4099.07
318,20221009,14,24,10,20,F653-4991,9,2,1880.65,3761.3,523.95,3237.35,1456.94,1780.41,582.72
319,20220916,72,14,4,28,F466-5440,9,15,923.99,13859.85,3293.1,10566.75,5714.87,4851.88,1902.01
320,20230101,80,195,4,1,F350-5819,5,12,136.49,1637.88,293.18,1344.7,643.45,701.25,242.05
321,20240330,71,36,7,4,F261-3210,4,4,244.2,976.8,11.14,965.66,474.18,491.48,173.82
322,20241127,16,49,6,4,F776-6791,1,13,1436.81,18678.53,1006.77,17671.76,11595.12,6076.64,3180.92
323,20240921,82,118,10,17,F138-8173,1,19,435.77,8279.63,255.01,8024.62,5400.08,2624.54,1444.43
324,20230227,68,124,9,25,F944-2904,10,18,545.87,9825.66,2297.24,7528.42,4966.53,2561.89,1355.12
325,20251116,23,156,6,17,F903-6303,7,5,417.56,2087.8,54.07,2033.73,1249.48,784.25,366.07
326,20241220,78,76,8,26,F137-2264,7,8,1203.27,9626.16,658.43,8967.73,6195.79,2771.94,1614.19
327,20240408,78,81,9,21,F223-3292,4,17,1152.99,19600.83,1464.18,18136.65,11342.18,6794.47,3264.6
328,20240710,80,182,3,17,F556-5282,2,12,139.71,1676.52,386.1,1290.42,623.49,666.93,232.28
329,20231004,46,107,9,10,F899-6921,1,19,2338.9,44439.1,6341.46,38097.64,23498.22,14599.42,6857.58
330,20221229,67,52,5,25,F805-2637,5,13,1126.3,14641.9,531.5,14110.4,8714.07,5396.33,2539.87
331,20230702,33,193,9,2,F368-7416,2,2,325.37,650.74,112.32,538.42,282.02,256.4,96.92
332,20250115,79,144,7,8,F524-4713,1,18,1142.53,20565.54,4446.27,16119.27,10245.46,5873.81,2901.47
333,20220128,49,191,5,7,F636-7260,4,11,472.37,5196.07,1254.85,3941.22,1826.56,2114.66,709.42
334,20220718,82,155,4,25,F743-3171,5,12,424.39,5092.68,961.5,4131.18,2423.57,1707.61,743.61
335,20220325,58,132,2,13,F042-7021,5,3,1174.39,3523.17,164.53,3358.64,1657.32,1701.32,604.56
336,20220317,72,85,8,23,F960-2537,1,6,935.88,5615.28,819.83,4795.45,2463.68,2331.77,863.18
337,20250630,20,158,5,16,F809-9383,9,20,2551.28,51025.6,648.03,50377.57,34412.69,15964.88,9067.96
338,20241114,46,134,2,26,F518-2612,7,11,2101.04,23111.44,3034.53,20076.91,13837.95,6238.96,3613.84
339,20231207,70,170,6,11,F370-4810,4,3,1935.52,5806.56,507.49,5299.07,3554.88,1744.19,953.83
340,20220618,80,3,2,22,F355-7302,4,18,134.53,2421.54,498.6,1922.94,1336.99,585.95,346.13
341,20231224,83,83,7,30,F816-1858,7,20,531.27,10625.4,648.15,9977.25,4589.23,5388.02,1795.9
342,20231206,33,198,6,17,F823-8336,8,10,354.52,3545.2,21.98,3523.22,2040.71,1482.51,634.18
343,20221009,63,25,3,25,F551-8737,1,7,734.37,5140.59,411.76,4728.83,2225.32,2503.51,851.19
344,20231022,81,27,4,18,F849-7131,2,7,2091.24,14638.68,3164.88,11473.8,6380.03,5093.77,2065.28
345,20230904,20,46,5,18,F073-9421,4,11,2105.49,23160.39,220.02,22940.37,10743.25,12197.12,4129.27
346,20240717,34,5,7,22,F122-8763,1,15,1738.51,26077.65,4109.84,21967.81,12263.67,9704.14,3954.21
347,20240816,83,180,2,12,F951-8239,2,3,542.91,1628.73,307.83,1320.9,787.79,533.11,237.76
348,20220324,38,113,7,13,F842-0505,8,10,2170.74,21707.4,3290.84,18416.56,9583.6,8832.96,3314.98
349,20230801,21,140,5,21,F148-4884,6,5,2074.31,10371.55,1936.37,8435.18,5476.06,2959.12,1518.33
350,20240802,2,147,10,13,F551-8971,2,18,547.29,9851.22,347.75,9503.47,4375.81,5127.66,1710.62
351,20240107,40,132,3,6,F189-3618,10,12,866.28,10395.36,549.91,9845.45,6659.53,3185.92,1772.18
352,20250702,33,14,9,15,F661-9006,2,6,328.92,1973.52,330.96,1642.56,972.11,670.45,295.66
353,20240918,38,125,6,12,F132-3843,2,9,2121.09,19089.81,469.61,18620.2,11756.74,6863.46,3351.64
354,20220925,37,158,5,23,F599-2497,10,7,1247.74,8734.18,693.49,8040.69,4524.19,3516.5,1447.32
355,20220504,73,81,4,26,F227-7146,5,11,1558.14,17139.54,4108.35,13031.19,6413.43,6617.76,2345.61
356,20240826,47,92,5,16,F565-1784,3,11,1119.39,12313.29,2702.77,9610.52,5436.79,4173.73,1729.89
357,20220220,83,138,4,9,F752-1253,2,9,530.5,4774.5,1025.09,3749.41,1818.47,1930.94,674.89
358,20240529,3,197,10,7,F929-0601,9,1,1730.39,1730.39,351.62,1378.77,819.99,558.78,248.18
359,20251030,34,94,7,8,F913-9661,5,18,1789.21,32205.78,3800.28,28405.5,18287.44,10118.06,5112.99
360,20240512,18,3,4,28,F988-2718,9,17,464.72,7900.24,178.55,7721.69,4177.17,3544.52,1389.9
361,20230821,18,38,8,12,F042-3586,8,6,462.9,2777.4,393.28,2384.12,1410.1,974.02,429.14
362,20240827,30,133,6,13,F481-7449,1,12,872.83,10473.96,612.73,9861.23,6085.82,3775.41,1775.02
363,20231120,6,163,5,27,F760-4315,10,11,84.67,931.37,24.03,907.34,627.98,279.36,163.32
364,20240324,70,168,2,17,F258-6166,4,13,1948.92,25335.96,4139.9,21196.06,11473.94,9722.12,3815.29
365,20251101,67,155,1,17,F904-2277,8,12,1203.7,14444.4,1757.88,12686.52,7238.01,5448.51,2283.57
366,20230818,22,48,3,12,F617-1939,4,17,1022.98,17390.66,2798.16,14592.5,7338.27,7254.23,2626.65
367,20251123,54,54,10,6,F663-6733,1,4,2397.14,9588.56,1154.46,8434.1,4804.94,3629.16,1518.14
368,20250914,32,132,1,29,F587-2407,1,19,1411.39,26816.41,3971.51,22844.9,11049.64,11795.26,4112.08
369,20221106,22,145,1,29,F737-4645,2,6,1029.43,6176.58,798.01,5378.57,2965.55,2413.02,968.14
370,20220503,28,106,10,5,F814-9547,3,16,527.01,8432.16,1828.09,6604.07,3253.44,3350.63,1188.73
371,20220623,80,117,10,19,F071-3766,7,9,138.17,1243.53,52.1,1191.43,740.35,451.08,214.46
372,20220204,50,130,7,27,F154-9921,2,1,1187.9,1187.9,60.11,1127.79,749.87,377.92,203.0
373,20220613,23,137,9,25,F121-1527,8,20,396.22,7924.4,1188.66,6735.74,4509.16,2226.58,1212.43
374,20241021,17,199,7,17,F431-6069,1,18,2282.69,41088.42,8501.19,32587.23,21971.69,10615.54,5865.7
375,20220505,68,151,10,4,F436-2194,5,16,512.23,8195.68,1617.83,6577.85,3586.96,2990.89,1184.01
376,20230502,62,105,5,7,F006-0117,10,3,316.7,950.1,67.27,882.83,590.78,292.05,158.91
377,20250613,67,81,7,12,F110-2536,7,1,1129.24,1129.24,105.92,1023.32,513.05,510.27,184.2
378,20220214,84,94,10,9,F697-6512,4,9,410.16,3691.44,788.86,2902.58,1613.52,1289.06,522.46
379,20250424,53,143,8,9,F315-9465,6,18,585.9,10546.2,1271.87,9274.33,5031.82,4242.51,1669.38
380,20230302,51,180,3,4,F220-8329,7,4,2290.93,9163.72,1713.62,7450.1,4184.34,3265.76,1341.02
381,20220721,44,42,7,21,F006-1493,3,20,295.18,5903.6,1029.0,4874.6,3054.9,1819.7,877.43
382,20241107,61,95,2,20,F039-6297,7,14,1142.5,15995.0,351.89,15643.11,8068.29,7574.82,2815.76
383,20240807,79,199,3,21,F507-7193,1,10,1095.23,10952.3,1948.41,9003.89,5396.64,3607.25,1620.7
384,20250805,26,154,9,17,F716-3796,10,17,1863.63,31681.71,2265.24,29416.47,13484.58,15931.89,5294.96
385,20241217,22,41,2,9,F799-6545,6,12,1124.37,13492.44,806.85,12685.59,5709.43,6976.16,2283.41
386,20250406,51,18,2,18,F292-9161,10,7,2139.14,14973.98,1937.63,13036.35,8268.06,4768.29,2346.54
387,20230303,45,117,7,19,F005-4278,3,9,21.2,190.8,10.8,180.0,124.34,55.66,32.4
388,20221014,53,30,9,9,F898-8814,10,18,580.3,10445.4,189.06,10256.34,5369.84,4886.5,1846.14
389,20250101,33,194,6,25,F470-7549,10,13,365.91,4756.83,669.76,4087.07,2625.91,1461.16,735.67
390,20250412,4,57,4,26,F324-6758,6,9,1402.91,12626.19,213.38,12412.81,7552.15,4860.66,2234.31
391,20251222,67,173,6,3,F568-2925,8,9,1237.26,11135.34,691.5,10443.84,4942.57,5501.27,1879.89
392,20230925,41,175,4,16,F755-3272,4,19,1224.4,23263.6,1565.64,21697.96,14901.71,6796.25,3905.63
393,20230728,31,159,6,5,F798-1748,2,7,2246.6,15726.2,901.11,14825.09,9765.81,5059.28,2668.52
394,20250220,11,139,1,28,F494-6082,10,16,2358.15,37730.4,5791.62,31938.78,20474.71,11464.07,5748.98
395,20230607,41,196,9,9,F408-3639,10,19,1261.32,23965.08,5205.22,18759.86,10743.8,8016.06,3376.77
396,20251018,17,129,6,13,F882-2864,8,14,1907.04,26698.56,3193.15,23505.41,13755.18,9750.23,4230.97
397,20250705,16,173,4,13,F595-1651,6,15,1372.46,20586.9,1624.31,18962.59,8573.08,10389.51,3413.27
398,20231016,47,69,8,20,F352-5996,3,9,1241.55,11173.95,522.94,10651.01,5492.86,5158.15,1917.18
399,20250102,64,103,5,15,F185-9362,3,14,548.57,7679.98,1345.53,6334.45,3440.1,2894.35,1140.2
400,20250109,74,143,7,28,F391-3213,3,4,163.5,654.0,117.85,536.15,349.05,187.1,96.51
401,20220627,20,162,9,18,F738-5173,8,1,2326.81,2326.81,102.85,2223.96,1278.55,945.41,400.31
402,20250910,39,42,1,7,F834-4167,8,19,1785.37,33922.03,403.67,33518.36,15912.63,17605.73,6033.3
403,20240111,81,143,5,12,F021-6747,2,11,2106.18,23167.98,1503.6,21664.38,11700.43,9963.95,3899.59
404,20250514,45,167,9,6,F800-4664,6,20,23.6,472.0,23.46,448.54,266.42,182.12,80.74
405,20230504,42,21,7,20,F294-7599,3,16,1679.3,26868.8,5204.49,21664.31,12169.55,9494.76,3899.58
406,20250831,22,104,2,3,F166-5630,4,11,1116.73,12284.03,1295.97,10988.06,6626.65,4361.41,1977.85
407,20230822,41,102,5,29,F456-5951,10,10,1214.65,12146.5,2157.22,9989.28,6007.02,3982.26,1798.07
408,20220121,67,33,4,22,F258-1312,4,14,1348.4,18877.6,789.08,18088.52,12002.69,6085.83,3255.93
409,20250914,22,141,1,1,F790-6505,9,4,1061.12,4244.48,67.49,4176.99,2797.22,1379.77,751.86
410,20220607,11,100,5,8,F254-4656,8,20,2084.37,41687.4,1617.47,40069.93,24591.24,15478.69,7212.59
411,20230503,81,170,6,28,F938-5329,8,17,2120.77,36053.09,7556.73,28496.36,13026.91,15469.45,5129.34
412,20251110,60,35,9,6,F606-9791,8,18,1051.79,18932.22,4424.46,14507.76,8518.03,5989.73,2611.4
413,20251111,81,137,5,30,F356-7892,9,19,2422.43,46026.17,5003.04,41023.13,25021.92,16001.21,7384.16
414,20240509,30,40,5,1,F001-8575,3,15,1022.96,15344.4,1181.52,14162.88,7832.79,6330.09,2549.32
415,20240811,45,194,8,10,F010-7053,5,18,20.92,376.56,0.79,375.77,255.72,120.05,67.64
416,20231109,77,144,7,13,F256-2676,7,1,325.65,325.65,44.65,281.0,139.7,141.3,50.58
417,20230321,49,196,10,26,F711-4455,5,3,455.37,1366.11,144.26,1221.85,623.01,598.84,219.93
418,20230518,84,47,3,10,F114-7461,10,9,423.52,3811.68,393.37,3418.31,2267.61,1150.7,615.3
419,20241007,58,39,1,18,F023-3047,2,20,1199.51,23990.2,2950.79,21039.41,11154.27,9885.14,3787.09
420,20250105,37,39,1,16,F223-5602,7,15,1157.97,17369.55,3157.78,14211.77,7222.46,6989.31,2558.12
421,20250318,40,9,6,3,F864-2394,1,16,978.09,15649.44,3904.54,11744.9,6646.69,5098.21,2114.08
422,20250315,35,65,7,27,F013-1999,4,3,1880.93,5642.79,766.29,4876.5,2415.82,2460.68,877.77
423,20220607,50,51,8,24,F790-1540,9,15,1361.11,20416.65,1261.75,19154.9,13382.26,5772.64,3447.88
424,20231226,27,187,1,24,F960-9005,9,10,904.85,9048.5,2118.25,6930.25,3393.42,3536.83,1247.44
425,20220413,16,171,4,4,F242-7114,6,10,1249.06,12490.6,620.78,11869.82,7975.09,3894.73,2136.57
426,20240331,2,63,1,2,F596-7787,10,9,503.3,4529.7,662.24,3867.46,2123.05,1744.41,696.14
427,20231101,20,176,10,11,F954-0984,1,3,2276.76,6830.28,424.84,6405.44,3683.0,2722.44,1152.98
428,20250819,46,60,6,18,F808-5691,8,18,2378.9,42820.2,8474.12,34346.08,16536.16,17809.92,6182.29
429,20230623,25,11,8,23,F449-9160,5,13,1305.91,16976.83,1519.43,15457.4,7476.48,7980.92,2782.33
430,20220720,70,83,8,9,F889-9809,9,7,2000.22,14001.54,1984.02,12017.52,7041.13,4976.39,2163.15
431,20220827,21,139,6,15,F001-8290,7,5,1872.85,9364.25,1051.61,8312.64,5443.57,2869.07,1496.28
432,20250122,24,62,6,24,F065-8831,7,20,1805.79,36115.8,7736.0,28379.8,18276.71,10103.09,5108.36
433,20240721,25,73,6,14,F657-5277,2,16,1459.61,23353.76,4469.91,18883.85,9225.38,9658.47,3399.09
434,20220624,13,46,1,7,F110-7953,4,3,2024.81,6074.43,66.21,6008.22,4112.33,1895.89,1081.48
435,20220527,13,180,10,9,F051-6003,4,13,1816.36,23612.68,3884.29,19728.39,11471.18,8257.21,3551.11
436,20241111,78,126,2,15,F821-0995,6,1,1157.14,1157.14,269.15,887.99,445.93,442.06,159.84
437,20220508,72,15,10,9,F542-0667,2,14,1035.24,14493.36,2978.39,11514.97,7468.18,4046.79,2072.69
438,20250506,39,186,4,18,F395-3105,4,7,1716.74,12017.18,2885.32,9131.86,4331.06,4800.8,1643.73
439,20241117,68,192,9,14,F765-1729,10,19,537.19,10206.61,1595.29,8611.32,4260.23,4351.09,1550.04
440,20220522,46,47,9,13,F517-5530,3,14,2393.44,33508.16,7395.25,26112.91,12839.78,13273.13,4700.32
441,20220528,69,141,6,28,F381-6756,7,15,1518.78,22781.7,5317.25,17464.45,11799.35,5665.1,3143.6
442,20251219,42,141,5,12,F985-7413,8,19,1657.2,31486.8,4294.8,27192.0,14786.08,12405.92,4894.56
443,20230801,51,133,3,29,F310-0108,5,2,1952.93,3905.86,959.67,2946.19,1764.59,1181.6,530.31
444,20230726,29,177,5,30,F567-8377,9,11,521.65,5738.15,30.99,5707.16,3740.96,1966.2,1027.29
445,20250422,74,40,3,9,F376-9539,4,5,171.45,857.25,20.23,837.02,472.99,364.03,150.66
446,20251107,30,56,2,24,F333-7906,3,10,911.96,9119.6,209.75,8909.85,4899.97,4009.88,1603.77
447,20251218,63,165,5,2,F749-9442,7,19,868.09,16493.71,3379.56,13114.15,6214.02,6900.13,2360.55
448,20250107,11,107,2,28,F789-3715,10,11,2408.09,26488.99,2304.54,24184.45,15823.53,8360.92,4353.2
449,20230803,2,82,9,19,F154-5355,9,13,556.45,7233.85,97.66,7136.19,4146.81,2989.38,1284.51
450,20220526,29,148,9,3,F228-7077,5,13,514.45,6687.85,1623.81,5064.04,3231.92,1832.12,911.53
451,20250221,51,13,9,13,F269-1394,7,11,2020.85,22229.35,457.92,21771.43,12907.41,8864.02,3918.86
452,20240414,65,51,8,13,F668-9361,4,5,179.34,896.7,170.82,725.88,413.92,311.96,130.66
453,20231010,72,199,7,11,F702-9438,2,17,1008.81,17149.77,1056.43,16093.34,7530.25,8563.09,2896.8
454,20250915,15,89,10,21,F025-4995,3,14,320.1,4481.4,409.15,4072.25,2026.44,2045.81,733.0
455,20220710,45,60,4,22,F383-2556,2,15,22.44,336.6,52.44,284.16,159.16,125.0,51.15
456,20231225,15,74,1,11,F711-1824,5,8,324.51,2596.08,615.79,1980.29,1349.93,630.36,356.45
457,20220122,58,53,9,17,F769-4238,9,11,1252.31,13775.41,720.45,13054.96,7630.64,5424.32,2349.89
458,20231202,62,97,10,29,F680-8632,1,5,307.68,1538.4,267.37,1271.03,784.31,486.72,228.79
459,20220411,33,70,1,15,F671-0137,2,10,327.14,3271.4,164.22,3107.18,1939.29,1167.89,559.29
460,20220722,50,167,7,8,F390-8332,2,12,1331.06,15972.72,3451.7,12521.02,5694.18,6826.84,2253.78
461,20220720,41,129,8,18,F949-0353,1,20,1259.28,25185.6,3347.17,21838.43,10845.06,10993.37,3930.92
462,20240905,32,41,1,12,F701-5766,6,10,1700.4,17004.0,1418.13,15585.87,8546.51,7039.36,2805.46
463,20241228,81,66,7,29,F835-0483,9,17,2206.02,37502.34,2587.66,34914.68,16252.87,18661.81,6284.64
464,20240525,36,23,7,17,F984-3727,7,11,901.84,9920.24,2225.11,7695.13,4726.6,2968.53,1385.12
465,20251124,31,85,8,18,F135-3388,3,14,2115.1,29611.4,7183.73,22427.67,15193.26,7234.41,4036.98
466,20230801,75,181,9,30,F139-7047,3,7,1920.83,13445.81,2898.92,10546.89,5560.84,4986.05,1898.44
467,20230309,84,185,2,6,F326-2385,1,6,439.65,2637.9,209.45,2428.45,1431.17,997.28,437.12
468,20250722,41,191,5,5,F798-3080,2,14,1364.46,19102.44,4590.32,14512.12,7631.01,6881.11,2612.18
469,20221206,17,157,4,20,F238-3784,1,20,1964.9,39298.0,6059.75,33238.25,19989.52,13248.73,5982.89
470,20251126,46,121,6,6,F873-6349,8,16,2104.25,33668.0,1127.88,32540.12,21526.41,11013.71,5857.22
471,20220124,61,4,5,14,F228-3324,4,7,968.48,6779.36,383.71,6395.65,3531.34,2864.31,1151.22
472,20251203,9,84,8,29,F253-7006,7,15,1682.86,25242.9,5472.66,19770.24,11318.18,8452.06,3558.64
473,20220321,6,191,10,20,F550-8606,1,13,78.64,1022.32,184.12,838.2,459.78,378.42,150.88
474,20250824,67,63,9,18,F406-0644,9,15,1127.04,16905.6,3496.08,13409.52,6176.48,7233.04,2413.71
475,20240223,50,78,5,15,F171-6922,5,2,1291.96,2583.92,122.74,2461.18,1377.99,1083.19,443.01
476,20251225,79,166,8,3,F740-8203,2,17,1153.91,19616.47,4431.36,15185.11,8593.17,6591.94,2733.32
477,20220510,24,116,1,6,F465-9672,4,18,1769.13,31844.34,1076.34,30768.0,17026.7,13741.3,5538.24
478,20240407,59,42,2,3,F117-7363,6,11,2093.22,23025.42,3981.1,19044.32,12889.02,6155.3,3427.98
479,20251202,11,157,3,13,F564-6236,1,13,2285.39,29710.07,5398.32,24311.75,16867.44,7444.31,4376.11
480,20240214,22,42,3,6,F788-0841,7,19,1178.77,22396.63,4877.99,17518.64,11661.6,5857.04,3153.36
481,20240807,40,34,4,1,F638-4147,1,15,885.6,13284.0,959.1,12324.9,6102.97,6221.93,2218.48
482,20241105,59,127,4,7,F603-7795,8,16,2289.72,36635.52,4978.77,31656.75,14291.05,17365.7,5698.22
483,20231116,53,141,5,20,F644-9135,4,20,572.45,11449.0,1717.35,9731.65,4974.61,4757.04,1751.7
484,20240805,7,9,10,27,F618-4890,6,2,937.98,1875.96,306.34,1569.62,720.74,848.88,282.53
485,20240527,12,73,10,22,F709-9748,10,14,211.06,2954.84,733.98,2220.86,1088.96,1131.9,399.75
486,20250908,72,10,2,25,F307-5290,6,15,917.88,13768.2,2578.78,11189.42,6042.81,5146.61,2014.1
487,20220324,49,121,3,4,F712-4497,6,14,516.45,7230.3,1524.15,5706.15,2660.39,3045.76,1027.11
488,20230301,68,28,10,24,F645-8667,2,7,510.57,3573.99,621.87,2952.12,1780.17,1171.95,531.38
489,20251111,62,74,7,20,F869-5186,5,20,314.06,6281.2,1466.66,4814.54,3353.66,1460.88,866.62
490,20250823,68,145,8,17,F747-8155,8,20,528.24,10564.8,934.98,9629.82,4645.7,4984.12,1733.37
491,20231117,24,1,2,1,F477-1933,4,8,1806.04,14448.32,2558.8,11889.52,8261.01,3628.51,2140.11
492,20240724,79,164,4,1,F656-3297,5,14,1171.76,16404.64,187.01,16217.63,8715.56,7502.07,2919.17
493,20230222,33,197,1,4,F703-5461,6,10,373.01,3730.1,280.13,3449.97,2026.85,1423.12,620.99
494,20221028,51,50,6,27,F347-7850,8,20,2285.7,45714.0,10971.36,34742.64,22861.03,11881.61,6253.68
495,20231126,5,138,6,15,F803-6783,1,16,242.66,3882.56,150.64,3731.92,2109.11,1622.81,671.75
496,20230627,67,148,6,26,F939-5794,2,11,1176.17,12937.87,1795.78,11142.09,5066.08,6076.01,2005.58
497,20240525,20,137,3,19,F621-6383,3,1,2231.96,2231.96,189.27,2042.69,1110.84,931.85,367.68
498,20220516,77,9,5,14,F089-8144,4,10,317.34,3173.4,559.47,2613.93,1381.79,1232.14,470.51
499,20251207,48,29,6,26,F039-3312,2,10,1980.96,19809.6,1069.72,18739.88,9849.3,8890.58,3373.18
500,20251218,57,88,8,24,F895-8580,5,16,2252.36,36037.76,8151.74,27886.02,13622.86,14263.16,5019.48
501,20241108,42,174,3,7,F742-0599,8,4,1498.55,5994.2,1231.81,4762.39,3259.88,1502.51,857.23
502,20240309,50,12,10,28,F090-5461,8,17,1345.51,22873.67,663.34,22210.33,11721.4,10488.93,3997.86
503,20230417,6,164,4,11,F206-3155,5,10,70.47,704.7,3.95,700.75,448.22,252.53,126.13
504,20250423,36,41,5,4,F016-9169,9,15,963.64,14454.6,2425.48,12029.12,6233.05,5796.07,2165.24
505,20241023,14,181,5,19,F251-2807,2,12,1801.09,21613.08,2967.48,18645.6,9654.0,8991.6,3356.21
506,20220924,40,8,8,29,F692-0827,2,11,944.59,10390.49,1403.76,8986.73,4157.99,4828.74,1617.61
507,20250922,50,152,8,20,F365-5120,6,14,1166.64,16332.96,1600.63,14732.33,9224.93,5507.4,2651.82
508,20250507,26,196,8,19,F135-1523,8,18,1813.32,32639.76,639.74,32000.02,21782.29,10217.73,5760.0
509,20251110,13,37,10,9,F935-5955,7,15,1996.13,29941.95,3521.17,26420.78,18147.43,8273.35,4755.74
510,20241208,24,117,8,1,F067-7788,2,11,1741.29,19154.19,3777.21,15376.98,10311.82,5065.16,2767.86
511,20240713,45,148,3,17,F106-6647,2,6,21.81,130.86,9.24,121.62,65.33,56.29,21.89
512,20231002,42,103,10,14,F245-3993,9,3,1639.38,4918.14,974.28,3943.86,2300.01,1643.85,709.89
513,20251020,21,178,10,14,F804-7133,10,13,2265.3,29448.9,485.91,28962.99,14541.15,14421.84,5213.34
514,20250718,44,190,10,27,F499-1874,10,8,280.2,2241.6,97.06,2144.54,1324.04,820.5,386.02
515,20220324,77,79,7,3,F613-1782,10,18,342.49,6164.82,150.42,6014.4,3375.91,2638.49,1082.59
516,20220220,49,149,1,25,F151-2445,8,2,466.25,932.5,21.07,911.43,596.31,315.12,164.06
517,20230804,69,175,6,10,F584-4990,7,20,1314.21,26284.2,3798.07,22486.13,11218.7,11267.43,4047.5
518,20250418,45,104,3,28,F302-1023,6,19,24.17,459.23,0.92,458.31,319.26,139.05,82.5
519,20251219,71,92,2,28,F289-0511,4,1,267.02,267.02,46.94,220.08,144.19,75.89,39.61
520,20220907,56,104,7,14,F559-3461,3,13,1899.77,24697.01,3860.14,20836.87,13084.38,7752.49,3750.64
521,20240612,61,107,3,10,F894-2057,3,18,968.83,17438.94,1675.88,15763.06,10736.54,5026.52,2837.35
522,20230810,2,169,7,5,F087-2249,7,1,492.4,492.4,17.73,474.67,318.61,156.06,85.44
523,20251203,59,117,9,14,F566-7374,7,20,2480.69,49613.8,11540.17,38073.63,23065.47,15008.16,6853.25
524,20250609,46,188,4,23,F514-4412,7,14,2175.34,30454.76,4601.71,25853.05,15369.24,10483.81,4653.55
525,20250602,70,181,6,4,F595-7890,2,2,1951.42,3902.84,954.63,2948.21,1745.45,1202.76,530.68
526,20231202,19,200,5,15,F530-1282,9,17,1651.67,28078.39,6904.48,21173.91,14735.29,6438.62,3811.3
527,20230928,79,172,2,22,F649-8835,10,16,968.5,15496.0,2443.72,13052.28,8039.35,5012.93,2349.41
528,20230214,40,117,9,29,F481-9404,6,11,944.55,10390.05,1390.19,8999.86,4074.2,4925.66,1619.97
529,20220411,54,153,5,24,F804-9236,5,10,2180.1,21801.0,1576.21,20224.79,9279.77,10945.02,3640.46
530,20250716,8,75,10,1,F294-7943,2,19,689.25,13095.75,553.95,12541.8,5805.66,6736.14,2257.52
531,20250422,17,71,5,1,F760-1828,10,9,2107.06,18963.54,1194.7,17768.84,10731.48,7037.36,3198.39
532,20251231,23,45,5,26,F718-3870,8,5,432.63,2163.15,356.49,1806.66,980.01,826.65,325.2
533,20251228,24,38,10,30,F842-2526,8,2,1776.39,3552.78,304.47,3248.31,1530.28,1718.03,584.7
534,20240409,53,43,4,19,F752-5654,1,8,612.53,4900.24,809.52,4090.72,2583.29,1507.43,736.33
535,20250206,83,122,5,16,F765-8725,4,4,493.12,1972.48,25.84,1946.64,1101.81,844.83,350.4
536,20251104,49,112,1,10,F950-7354,7,13,502.52,6532.76,774.79,5757.97,2800.03,2957.94,1036.43
537,20250621,41,91,7,20,F941-4467,6,2,1386.17,2772.34,67.37,2704.97,1576.52,1128.45,486.89
538,20221229,35,119,4,24,F689-9646,4,4,1690.59,6762.36,431.44,6330.92,3773.51,2557.41,1139.57
539,20231111,67,3,2,1,F422-1601,9,6,1186.01,7116.06,557.19,6558.87,2968.84,3590.03,1180.6
540,20220807,14,50,1,1,F635-1507,1,12,1994.64,23935.68,1314.07,22621.61,11781.88,10839.73,4071.89
541,20251115,77,182,2,3,F877-9908,3,7,356.56,2495.92,593.03,1902.89,1159.85,743.04,342.52
542,20240701,49,29,3,9,F302-7651,2,19,499.76,9495.44,1906.68,7588.76,3765.48,3823.28,1365.98
543,20221211,82,171,6,9,F166-1213,5,9,402.88,3625.92,697.26,2928.66,1824.72,1103.94,527.16
544,20241006,8,68,3,15,F072-8057,4,11,654.43,7198.73,1792.48,5406.25,2781.84,2624.41,973.12
545,20240721,79,111,4,20,F659-1741,8,16,1036.4,16582.4,449.38,16133.02,9440.37,6692.65,2903.94
546,20230705,34,199,8,1,F919-8155,3,3,1624.91,4874.73,85.8,4788.93,3026.06,1762.87,862.01
547,20220714,84,180,6,29,F401-9415,1,2,414.82,829.64,137.89,691.75,357.36,334.39,124.52
548,20241006,66,187,2,18,F232-0055,7,16,578.97,9263.52,1106.99,8156.53,4494.07,3662.46,1468.18
549,20240209,62,175,5,13,F057-1486,6,18,276.0,4968.0,1161.52,3806.48,2054.47,1752.01,685.17
550,20250212,69,197,5,21,F208-2894,9,11,1476.79,16244.69,326.52,15918.17,8992.33,6925.84,2865.27
551,20240209,6,28,6,16,F087-7176,4,7,84.46,591.22,44.16,547.06,299.53,247.53,98.47
552,20250625,18,126,7,3,F812-8857,5,1,422.43,422.43,76.0,346.43,207.25,139.18,62.36
553,20240403,64,87,1,11,F807-0702,7,15,561.48,8422.2,2034.8,6387.4,2900.55,3486.85,1149.73
554,20240418,16,138,3,24,F594-3818,2,17,1237.51,21037.67,2410.92,18626.75,11539.63,7087.12,3352.82
555,20250804,5,159,1,8,F719-2139,1,16,247.11,3953.76,646.44,3307.32,1877.91,1429.41,595.32
556,20230911,23,157,3,27,F606-1048,2,10,409.36,4093.6,840.01,3253.59,1543.25,1710.34,585.65
557,20220814,15,110,6,26,F856-6587,6,20,308.74,6174.8,340.23,5834.57,3798.97,2035.6,1050.22
558,20220224,16,55,1,19,F178-5497,2,19,1449.46,27539.74,3759.17,23780.57,12613.15,11167.42,4280.5
559,20250110,16,43,8,8,F948-9536,1,14,1254.77,17566.78,737.8,16828.98,9129.42,7699.56,3029.22
560,20240724,18,125,2,1,F008-2940,2,20,428.77,8575.4,806.09,7769.31,3802.6,3966.71,1398.48
561,20241115,84,198,8,23,F130-3378,3,10,410.86,4108.6,427.71,3680.89,2399.4,1281.49,662.56
562,20221125,82,157,1,20,F185-8191,10,15,387.25,5808.75,598.3,5210.45,3566.67,1643.78,937.88
563,20220818,12,61,4,4,F543-1568,10,10,239.44,2394.4,208.31,2186.09,986.24,1199.85,393.5
564,20220128,47,161,4,9,F055-3174,2,18,1305.37,23496.66,2981.73,20514.93,11612.56,8902.37,3692.69
565,20230623,20,12,1,21,F373-4671,4,16,2431.38,38902.08,4839.42,34062.66,16688.66,17374.0,6131.28
566,20240605,56,12,2,24,F054-8805,3,20,1726.82,34536.4,6952.18,27584.22,17642.92,9941.3,4965.16
567,20230826,21,61,8,19,F594-5341,7,16,2183.6,34937.6,4496.47,30441.13,14237.77,16203.36,5479.4
568,20231027,26,59,2,8,F756-6760,4,11,1825.82,20084.02,1154.83,18929.19,9039.32,9889.87,3407.25
569,20250912,49,112,3,7,F951-9985,8,3,523.69,1571.07,184.91,1386.16,791.64,594.52,249.51
570,20230619,23,92,5,7,F344-2085,1,5,388.79,1943.95,222.39,1721.56,858.26,863.3,309.88
571,20240128,73,108,3,25,F352-3603,5,5,1455.21,7276.05,202.27,7073.78,4006.47,3067.31,1273.28
572,20250305,78,142,4,3,F422-8549,8,20,1026.46,20529.2,4647.81,15881.39,9441.97,6439.42,2858.65
573,20230902,28,189,4,8,F336-7115,10,15,542.97,8144.55,568.49,7576.06,4791.89,2784.17,1363.69
574,20240727,29,2,7,2,F042-7712,9,19,600.75,11414.25,2700.61,8713.64,5911.67,2801.97,1568.46
575,20250712,5,26,8,16,F247-1362,9,13,231.76,3012.88,360.94,2651.94,1722.45,929.49,477.35
576,20251110,2,76,4,21,F093-0261,8,14,563.2,7884.8,1872.64,6012.16,2904.94,3107.22,1082.19
577,20220902,40,7,8,15,F791-2272,7,15,856.9,12853.5,2757.08,10096.42,6429.62,3666.8,1817.36
578,20251013,24,1,2,13,F915-5455,9,12,1773.04,21276.48,3334.02,17942.46,11231.54,6710.92,3229.64
579,20231224,5,148,4,26,F702-1327,10,9,225.36,2028.24,353.93,1674.31,1009.82,664.49,301.38
580,20230116,43,94,1,4,F393-5990,8,2,1875.57,3751.14,482.77,3268.37,2214.32,1054.05,588.31
581,20231121,80,18,9,23,F793-3355,3,12,120.75,1449.0,63.47,1385.53,817.04,568.49,249.4
582,20251212,43,193,10,28,F983-3438,4,4,1688.56,6754.24,1096.21,5658.03,3589.14,2068.89,1018.45
583,20231225,42,14,2,12,F354-7413,8,9,1569.98,14129.82,1778.94,12350.88,6863.78,5487.1,2223.16
584,20230518,65,137,5,15,F636-6032,2,4,182.87,731.48,85.95,645.53,376.33,269.2,116.2
585,20240813,25,46,5,3,F112-2700,5,15,1572.08,23581.2,514.07,23067.13,12633.19,10433.94,4152.08
586,20221222,15,161,1,10,F427-8871,3,16,321.75,5148.0,193.56,4954.44,2482.49,2471.95,891.8
587,20220513,61,49,2,1,F893-3807,9,15,1014.66,15219.9,2806.55,12413.35,5652.67,6760.68,2234.4
588,20220807,83,84,8,19,F682-8687,9,19,500.92,9517.48,815.65,8701.83,5321.28,3380.55,1566.33
589,20220806,57,44,5,8,F496-6094,5,19,2229.64,42363.16,1397.98,40965.18,26518.28,14446.9,7373.73
590,20220909,7,42,9,10,F187-2874,3,10,930.26,9302.6,1060.5,8242.1,4051.74,4190.36,1483.58
591,20220821,21,113,5,12,F189-3362,9,2,1946.14,3892.28,966.84,2925.44,1736.63,1188.81,526.58
592,20240824,5,42,9,10,F125-0409,7,12,243.64,2923.68,108.18,2815.5,1582.61,1232.89,506.79
593,20221020,64,190,9,17,F340-4843,8,15,589.01,8835.15,2049.75,6785.4,3318.15,3467.25,1221.37
594,20230615,38,187,8,11,F706-1841,8,19,2249.48,42740.12,7124.78,35615.34,23146.2,12469.14,6410.76
595,20250901,6,159,4,15,F366-1516,6,18,71.06,1279.08,37.35,1241.73,566.48,675.25,223.51
596,20231207,8,197,5,7,F024-1370,9,7,686.26,4803.82,700.88,4102.94,2074.18,2028.76,738.53
597,20241001,58,126,6,20,F620-8382,1,3,1306.92,3920.76,956.67,2964.09,1626.12,1337.97,533.54
598,20221007,47,73,6,12,F316-7301,9,14,1186.61,16612.54,1535.0,15077.54,8190.24,6887.3,2713.96
599,20221102,12,114,5,6,F826-6945,7,15,219.24,3288.6,609.71,2678.89,1483.84,1195.05,482.2
600,20220317,18,122,9,11,F068-9678,7,20,501.27,10025.4,215.55,9809.85,4924.01,4885.84,1765.77
601,20221003,12,182,10,25,F937-2244,4,9,208.97,1880.73,194.84,1685.89,992.91,692.98,303.46
602,20230224,24,78,10,10,F506-9164,8,10,1787.97,17879.7,2476.34,15403.36,7094.14,8309.22,2772.6
603,20221013,29,164,8,4,F670-4714,7,1,499.69,499.69,19.24,480.45,252.26,228.19,86.48
604,20220603,23,127,2,20,F764-5928,10,8,397.56,3180.48,22.58,3157.9,2024.78,1133.12,568.42
605,20220725,62,178,2,12,F525-9426,1,9,304.06,2736.54,429.64,2306.9,1312.65,994.25,415.24
606,20231123,34,178,3,12,F168-0867,5,2,1647.14,3294.28,120.24,3174.04,1794.16,1379.88,571.33
607,20221118,47,164,2,17,F199-3003,2,12,1192.21,14306.52,174.54,14131.98,7389.84,6742.14,2543.76
608,20230715,77,176,5,9,F702-5940,2,18,363.54,6543.72,528.08,6015.64,3182.59,2833.05,1082.82
609,20240108,69,96,8,14,F349-2672,2,5,1397.71,6988.55,22.36,6966.19,4037.2,2928.99,1253.91
610,20241030,28,144,10,23,F852-8613,9,8,493.96,3951.68,821.55,3130.13,2030.76,1099.37,563.42
611,20220314,71,30,3,30,F018-7857,6,4,253.43,1013.72,105.73,907.99,616.53,291.46,163.44
612,20250331,40,153,9,25,F994-5605,3,5,959.7,4798.5,980.33,3818.17,2567.46,1250.71,687.27
613,20240805,39,37,4,10,F129-3439,3,4,1697.23,6788.92,377.46,6411.46,4258.52,2152.94,1154.06
614,20220523,11,194,7,2,F202-1767,1,4,2237.99,8951.96,173.67,8778.29,5650.35,3127.94,1580.09
615,20250730,66,17,5,22,F011-1582,2,16,565.61,9049.76,268.78,8780.98,4506.87,4274.11,1580.58
616,20251005,78,24,3,28,F765-4545,10,7,1037.78,7264.46,335.62,6928.84,3726.91,3201.93,1247.19
617,20220419,45,130,10,3,F102-9473,1,17,21.23,360.91,70.45,290.46,175.22,115.24,52.28
618,20230221,68,194,9,1,F997-1617,4,7,489.03,3423.21,825.34,2597.87,1280.6,1317.27,467.62
619,20250411,65,113,2,6,F855-5814,7,16,195.3,3124.8,286.23,2838.57,1695.61,1142.96,510.94
620,20241230,55,81,2,15,F113-8516,3,8,1823.94,14591.52,1486.88,13104.64,8391.59,4713.05,2358.84
621,20221023,64,84,8,4,F395-4647,8,10,588.28,5882.8,819.47,5063.33,2329.9,2733.43,911.4
622,20221121,77,110,4,28,F072-7794,6,15,362.35,5435.25,307.09,5128.16,2829.82,2298.34,923.07
623,20230725,23,134,2,4,F147-6469,7,16,357.39,5718.24,960.66,4757.58,2612.35,2145.23,856.36
624,20231217,76,87,4,20,F865-6624,2,6,513.45,3080.7,49.91,3030.79,2102.77,928.02,545.54
625,20240721,30,149,10,9,F775-6558,6,16,1029.72,16475.52,1146.7,15328.82,9632.22,5696.6,2759.19
626,20230723,61,38,8,4,F126-4108,8,13,1085.29,14108.77,3483.46,10625.31,6139.87,4485.44,1912.56
627,20231125,64,18,8,22,F028-2935,7,5,525.91,2629.55,19.46,2610.09,1655.97,954.12,469.82
628,20241229,78,195,2,22,F770-8519,8,5,1148.14,5740.7,434.57,5306.13,3214.5,2091.63,955.1
629,20220310,60,88,9,18,F019-0518,7,16,896.17,14338.72,1757.93,12580.79,6484.34,6096.45,2264.54
630,20230105,16,10,1,6,F571-4966,3,11,1285.2,14137.2,3014.05,11123.15,6236.07,4887.08,2002.17
631,20241126,63,29,10,22,F503-9074,9,10,800.53,8005.3,1432.15,6573.15,3758.95,2814.2,1183.17
632,20250830,74,101,5,16,F606-6190,10,18,156.34,2814.12,601.1,2213.02,1276.19,936.83,398.34
633,20240123,46,12,3,27,F376-5716,10,10,2438.15,24381.5,1952.96,22428.54,10250.67,12177.87,4037.14
634,20240302,4,92,7,12,F058-4002,4,11,1486.87,16355.57,1555.41,14800.16,8244.24,6555.92,2664.03
635,20220703,31,79,2,11,F174-0323,9,19,2148.07,40813.33,865.24,39948.09,24847.62,15100.47,7190.66
636,20231108,42,69,1,23,F481-9634,1,14,1462.42,20473.88,2907.29,17566.59,11863.64,5702.95,3161.99
637,20240303,41,126,2,23,F692-3374,6,13,1230.84,16000.92,1289.67,14711.25,6979.48,7731.77,2648.03
638,20221224,64,112,4,16,F651-1235,9,11,557.82,6136.02,255.87,5880.15,3086.37,2793.78,1058.43
639,20230207,28,58,10,24,F981-1507,10,2,508.86,1017.72,75.62,942.1,559.02,383.08,169.58
640,20230805,13,122,7,7,F356-1257,5,9,2053.94,18485.46,310.56,18174.9,11819.07,6355.83,3271.48
641,20220208,65,107,7,9,F640-8444,8,14,193.49,2708.86,449.4,2259.46,1193.76,1065.7,406.7
642,20230507,71,48,10,16,F219-7657,5,1,226.73,226.73,35.6,191.13,110.67,80.46,34.4
643,20221124,82,145,1,17,F206-5969,8,20,409.67,8193.4,1746.83,6446.57,4362.45,2084.12,1160.38
644,20230516,19,17,4,28,F423-4374,5,10,1489.22,14892.2,3142.25,11749.95,6492.61,5257.34,2114.99
645,20220724,83,39,4,1,F252-5088,8,20,481.78,9635.6,568.5,9067.1,4620.78,4446.32,1632.08
646,20250824,63,52,3,9,F140-0478,5,14,822.61,11516.54,1214.99,10301.55,6968.11,3333.44,1854.28
647,20240611,36,185,8,26,F021-0907,2,6,989.11,5934.66,956.07,4978.59,2292.93,2685.66,896.15
648,20241016,41,94,2,13,F966-2303,4,3,1290.38,3871.14,871.39,2999.75,1655.12,1344.63,539.95
649,20250314,15,149,9,9,F509-1479,4,17,313.55,5330.35,1243.04,4087.31,2372.64,1714.67,735.72
650,20231230,77,100,4,30,F434-3572,3,11,317.73,3495.03,287.64,3207.39,1911.87,1295.52,577.33
651,20220531,14,151,1,16,F547-6140,2,9,1788.39,16095.51,1768.9,14326.61,7357.81,6968.8,2578.79
652,20240310,41,38,6,16,F733-6026,5,16,1275.52,20408.32,3483.7,16924.62,11692.02,5232.6,3046.43
653,20240531,3,14,4,9,F566-6303,5,20,1661.11,33222.2,289.03,32933.17,20908.03,12025.14,5927.97
654,20241227,82,137,4,28,F454-6365,1,12,446.14,5353.68,1208.86,4144.82,2575.23,1569.59,746.07
655,20231019,51,194,4,10,F216-2626,8,9,2379.02,21411.18,1610.12,19801.06,13545.52,6255.54,3564.19
656,20220805,81,21,8,16,F755-6766,6,14,2213.22,30985.08,6113.36,24871.72,12896.21,11975.51,4476.91
657,20230305,55,130,2,12,F431-9866,9,4,2094.61,8378.44,1726.8,6651.64,4154.75,2496.89,1197.3
658,20230713,42,48,8,26,F657-2230,1,1,1604.28,1604.28,305.62,1298.66,792.63,506.03,233.76
659,20240831,52,41,4,17,F731-2132,10,10,1094.0,10940.0,857.7,10082.3,4744.31,5337.99,1814.81
660,20240504,53,35,5,6,F704-9717,6,11,615.24,6767.64,764.07,6003.57,4012.64,1990.93,1080.64
661,20230702,37,97,10,8,F022-0377,9,14,1139.9,15958.6,1466.6,14492.0,7947.03,6544.97,2608.56
662,20251219,83,51,5,23,F873-2765,1,8,531.09,4248.72,963.18,3285.54,2278.63,1006.91,591.4
663,20240701,52,95,3,19,F121-0232,9,20,1196.74,23934.8,1555.76,22379.04,10568.84,11810.2,4028.23
664,20221219,56,58,4,7,F969-4362,5,15,1927.06,28905.9,5977.74,22928.16,13150.15,9778.01,4127.07
665,20220625,64,73,4,14,F185-6694,3,14,543.66,7611.24,1629.57,5981.67,3589.13,2392.54,1076.7
666,20220910,4,64,6,19,F701-7507,2,9,1346.05,12114.45,713.54,11400.91,6415.8,4985.11,2052.16
667,20221228,2,55,7,23,F434-9785,5,11,537.65,5914.15,1440.69,4473.46,2457.67,2015.79,805.22
668,20220922,10,121,6,20,F962-9802,1,2,747.84,1495.68,19.44,1476.24,1007.93,468.31,265.72
669,20221026,1,172,6,5,F992-9168,1,20,69.49,1389.8,132.31,1257.49,873.18,384.31,226.35
670,20230308,75,120,3,3,F325-8691,7,6,1775.71,10654.26,1341.37,9312.89,6356.81,2956.08,1676.32
671,20221009,19,72,6,30,F441-4636,5,11,1495.87,16454.57,181.0,16273.57,7843.34,8430.23,2929.24
672,20250901,79,43,6,24,F504-2479,9,9,1133.95,10205.55,1318.56,8886.99,4967.33,3919.66,1599.66
673,20220520,82,47,1,16,F267-2680,8,2,432.41,864.82,40.82,824.0,382.04,441.96,148.32
674,20240217,56,182,9,16,F469-8078,2,16,1674.89,26798.24,273.34,26524.9,14300.37,12224.53,4774.48
675,20230921,19,44,9,27,F280-9229,10,3,1450.51,4351.53,221.49,4130.04,2151.87,1978.17,743.41
676,20251215,28,107,2,8,F787-8162,2,1,542.07,542.07,71.28,470.79,279.04,191.75,84.74
677,20220711,43,28,6,5,F030-1329,8,4,1608.56,6434.24,633.77,5800.47,3466.27,2334.2,1044.08
678,20230903,62,12,10,15,F333-9326,3,9,297.01,2673.09,397.22,2275.87,1027.44,1248.43,409.66
679,20251202,28,19,9,20,F391-1517,7,10,573.44,5734.4,463.34,5271.06,2445.16,2825.9,948.79
680,20250717,33,42,7,25,F413-4669,3,13,327.71,4260.23,95.0,4165.23,2761.91,1403.32,749.74
681,20250429,16,176,10,5,F368-1575,6,14,1261.6,17662.4,3249.88,14412.52,9806.64,4605.88,2594.25
682,20230116,66,145,10,14,F093-6923,6,15,519.67,7795.05,1725.82,6069.23,3454.06,2615.17,1092.46
683,20221006,79,119,4,21,F703-2541,8,14,990.35,13864.9,321.67,13543.23,7832.53,5710.7,2437.78
684,20241002,68,21,8,10,F153-2094,5,17,534.19,9081.23,190.71,8890.52,5041.41,3849.11,1600.29
685,20251016,32,12,9,4,F523-6962,7,10,1569.17,15691.7,2229.79,13461.91,7912.22,5549.69,2423.14
686,20240411,13,150,2,25,F516-0267,2,19,1999.98,37999.62,7721.52,30278.1,16315.79,13962.31,5450.06
687,20240506,60,107,5,11,F602-7455,8,6,891.67,5350.02,1127.25,4222.77,1948.03,2274.74,760.1
688,20230227,80,48,4,6,F081-9897,5,11,142.34,1565.74,378.44,1187.3,792.92,394.38,213.71
689,20250206,14,44,8,15,F709-6638,10,1,1892.92,1892.92,2.84,1890.08,905.67,984.41,340.21
690,20221026,63,177,7,26,F310-1436,3,20,778.66,15573.2,1404.7,14168.5,8762.52,5405.98,2550.33
691,20230510,18,49,1,7,F493-2379,4,4,420.28,1681.12,342.95,1338.17,835.03,503.14,240.87
692,20231012,56,119,3,16,F433-0358,2,18,1953.43,35161.74,1677.21,33484.53,17587.06,15897.47,6027.22
693,20240116,22,116,10,8,F207-4831,10,15,1176.52,17647.8,4253.12,13394.68,7606.47,5788.21,2411.04
694,20221224,51,111,7,28,F508-9481,10,1,1976.24,1976.24,50.79,1925.45,1274.47,650.98,346.58
695,20220716,71,152,10,30,F695-7994,4,2,268.61,537.22,65.49,471.73,269.61,202.12,84.91
696,20240709,8,69,7,29,F485-1916,8,14,674.98,9449.72,1361.7,8088.02,4758.29,3329.73,1455.84
697,20230313,80,42,5,24,F197-7689,6,12,146.03,1752.36,196.44,1555.92,869.85,686.07,280.07
698,20240522,57,155,8,5,F905-4807,7,8,2122.65,16981.2,2494.54,14486.66,8999.74,5486.92,2607.6
699,20220913,54,42,10,7,F290-1413,8,12,2407.52,28890.24,5749.16,23141.08,15040.28,8100.8,4165.39
700,20231214,17,107,8,10,F241-3432,9,6,1959.83,11758.98,1780.31,9978.67,4742.12,5236.55,1796.16
701,20240303,7,41,3,27,F881-8249,1,12,1110.23,13322.76,2933.67,10389.09,5602.43,4786.66,1870.04
702,20220404,9,58,8,9,F349-5821,1,4,1743.93,6975.72,1077.05,5898.67,2832.38,3066.29,1061.76
703,20230531,72,155,2,23,F052-7174,8,5,936.56,4682.8,999.31,3683.49,2462.13,1221.36,663.03
704,20220815,15,27,9,2,F520-1728,3,20,339.8,6796.0,1035.71,5760.29,3828.27,1932.02,1036.85
705,20220423,81,75,8,25,F519-8166,2,7,2116.73,14817.11,3373.86,11443.25,5598.7,5844.55,2059.78
706,20251222,20,52,8,14,F788-0108,4,11,2412.58,26538.38,5435.06,21103.32,10145.33,10957.99,3798.6
707,20230508,61,184,7,12,F645-4022,3,17,1013.47,17228.99,737.4,16491.59,8517.97,7973.62,2968.49
708,20250417,68,105,8,28,F529-5928,1,8,511.44,4091.52,141.16,3950.36,2201.16,1749.2,711.06
709,20230110,57,18,2,11,F323-6581,3,1,2081.68,2081.68,373.45,1708.23,989.64,718.59,307.48
710,20241019,56,148,1,21,F731-8517,5,2,1653.97,3307.94,545.81,2762.13,1685.91,1076.22,497.18
711,20250120,54,81,6,1,F847-4584,9,18,2203.35,39660.3,8661.81,30998.49,19541.07,11457.42,5579.73
712,20240614,79,140,10,26,F634-7245,6,13,1154.23,15004.99,1673.06,13331.93,6683.08,6648.85,2399.75
713,20231205,84,138,6,13,F743-2065,9,7,394.81,2763.67,608.56,2155.11,1015.21,1139.9,387.92
714,20230923,70,88,3,1,F029-8847,10,3,1833.18,5499.54,703.39,4796.15,2532.67,2263.48,863.31
715,20230620,34,29,1,27,F382-4256,9,10,1676.44,16764.4,3044.42,13719.98,9559.24,4160.74,2469.6
716,20251016,46,2,8,11,F242-9529,10,4,2125.8,8503.2,954.06,7549.14,4477.46,3071.68,1358.85
717,20250521,81,171,10,22,F144-6188,9,20,2382.02,47640.4,2786.96,44853.44,23539.1,21314.34,8073.62
718,20251128,32,93,8,4,F151-6975,7,17,1431.8,24340.6,3543.99,20796.61,13636.56,7160.05,3743.39
719,20220731,11,115,2,12,F694-8623,7,14,2078.78,29102.92,6463.76,22639.16,12883.11,9756.05,4075.05
720,20241213,76,163,7,15,F706-8021,7,13,472.34,6140.42,1338.61,4801.81,2862.24,1939.57,864.33
721,20251028,21,181,9,28,F542-1935,4,5,1905.57,9527.85,1154.78,8373.07,4726.0,3647.07,1507.15
722,20221019,59,31,10,28,F419-1808,2,6,2278.02,13668.12,3225.68,10442.44,5663.28,4779.16,1879.64
723,20220428,48,79,6,10,F302-7962,1,2,2031.46,4062.92,531.02,3531.9,1693.32,1838.58,635.74
724,20241223,19,79,5,7,F188-8009,1,19,1456.64,27676.16,2917.07,24759.09,16940.3,7818.79,4456.64
725,20240510,16,147,5,19,F464-5535,7,3,1330.66,3991.98,868.65,3123.33,1731.55,1391.78,562.2
726,20250608,61,163,8,25,F461-7358,3,20,1122.32,22446.4,745.22,21701.18,10517.06,11184.12,3906.21
727,20220823,42,60,7,11,F554-0751,8,20,1480.14,29602.8,4917.03,24685.77,13636.59,11049.18,4443.44
728,20250324,36,198,5,18,F661-2029,9,6,986.54,5919.24,1046.52,4872.72,2889.52,1983.2,877.09
729,20221112,11,146,9,7,F769-7797,9,20,2126.74,42534.8,5763.47,36771.33,23511.73,13259.6,6618.84
730,20220926,3,53,4,27,F723-9496,8,18,1482.92,26692.56,1198.5,25494.06,11593.26,13900.8,4588.93
731,20220927,11,126,1,11,F448-2958,7,20,2420.92,48418.4,3878.31,44540.09,26600.38,17939.71,8017.22
732,20250424,4,26,9,6,F293-2360,3,11,1514.88,16663.68,1591.38,15072.3,7125.52,7946.78,2713.01
733,20240928,33,44,1,20,F985-5330,3,5,371.39,1856.95,142.43,1714.52,946.1,768.42,308.61
734,20240214,4,106,6,9,F385-1982,1,10,1471.49,14714.9,1434.7,13280.2,7038.64,6241.56,2390.44
735,20230706,26,193,9,13,F973-1886,5,20,1640.4,32808.0,4806.37,28001.63,16051.79,11949.84,5040.29
736,20250804,8,105,4,30,F908-0306,5,18,645.32,11615.76,1182.48,10433.28,5957.85,4475.43,1877.99
737,20230827,71,33,5,19,F417-7307,2,4,266.79,1067.16,65.74,1001.42,589.51,411.91,180.26
738,20250428,82,63,9,14,F985-9096,8,5,406.9,2034.5,189.82,1844.68,1284.5,560.18,332.04
739,20231029,6,168,3,1,F062-7901,5,15,68.82,1032.3,248.06,784.24,474.61,309.63,141.16
740,20230804,77,55,10,27,F523-4610,1,13,327.08,4252.04,1062.16,3189.88,2107.27,1082.61,574.18
741,20231125,21,179,2,27,F144-9118,5,19,2163.52,41106.88,719.37,40387.51,19080.22,21307.29,7269.75
742,20230403,56,175,6,21,F268-7418,5,17,1711.27,29091.59,6964.53,22127.06,11717.96,10409.1,3982.87
743,20241229,32,154,6,1,F936-2191,1,11,1614.93,17764.23,1517.07,16247.16,9178.83,7068.33,2924.49
744,20240106,78,179,8,25,F403-8817,2,1,1100.93,1100.93,185.18,915.75,506.68,409.07,164.84
745,20221215,84,172,8,22,F127-5784,7,18,415.75,7483.5,57.62,7425.88,4886.38,2539.5,1336.66
746,20250905,77,3,2,15,F380-3162,8,6,334.86,2009.16,421.52,1587.64,1036.68,550.96,285.78
747,20230814,2,182,6,7,F093-4968,4,1,509.47,509.47,96.6,412.87,256.04,156.83,74.32
748,20240321,30,181,10,7,F008-3213,7,12,1058.46,12701.52,116.85,12584.67,7213.65,5371.02,2265.24
749,20250915,15,50,10,22,F699-9880,10,19,332.99,6326.81,791.48,5535.33,2726.81,2808.52,996.36
750,20240731,23,146,4,29,F536-4495,4,5,361.8,1809.0,337.38,1471.62,709.11,762.51,264.89
751,20220719,3,117,1,14,F657-0850,6,18,1778.7,32016.6,4917.75,27098.85,16805.9,10292.95,4877.79
752,20251030,56,120,8,12,F530-0713,4,14,1954.29,27360.06,1874.16,25485.9,15802.36,9683.54,4587.46
753,20240805,7,101,4,11,F084-9369,1,14,957.67,13407.38,1784.52,11622.86,6149.2,5473.66,2092.11
754,20230528,29,51,3,11,F319-1030,2,14,610.83,8551.62,2047.26,6504.36,4418.08,2086.28,1170.78
755,20220822,4,86,5,8,F111-7760,4,1,1402.31,1402.31,207.68,1194.63,724.63,470.0,215.03
756,20250322,44,19,10,20,F450-1568,8,11,297.03,3267.33,424.43,2842.9,1447.56,1395.34,511.72
757,20240724,75,178,2,26,F131-1016,8,2,1753.84,3507.68,803.96,2703.72,1471.77,1231.95,486.67
758,20240304,8,144,1,10,F871-6250,7,14,642.94,9001.16,147.62,8853.54,5483.8,3369.74,1593.64
759,20250828,13,169,10,1,F465-6291,8,14,2064.73,28906.22,1685.23,27220.99,16329.71,10891.28,4899.78
760,20250313,55,173,1,15,F530-5378,10,20,2095.91,41918.2,1060.53,40857.67,25034.73,15822.94,7354.38
761,20220909,25,50,10,5,F653-8338,5,1,1332.41,1332.41,198.26,1134.15,529.52,604.63,204.15
762,20230420,46,12,1,5,F320-9577,7,20,2270.24,45404.8,5049.01,40355.79,20613.26,19742.53,7264.04
763,20221230,66,199,3,5,F481-5058,10,12,608.41,7300.92,568.01,6732.91,4519.84,2213.07,1211.92
764,20241226,44,38,1,8,F520-9167,1,1,265.39,265.39,34.34,231.05,141.96,89.09,41.59
765,20220305,55,18,6,7,F684-7795,8,7,1876.87,13138.09,2103.41,11034.68,5520.82,5513.86,1986.24
766,20240503,77,77,7,11,F167-1718,8,19,359.17,6824.23,965.63,5858.6,3128.0,2730.6,1054.55
767,20250124,6,120,10,7,F245-7877,6,1,76.83,76.83,12.27,64.56,40.24,24.32,11.62
768,20250804,49,3,2,12,F031-9089,2,6,453.81,2722.86,562.27,2160.59,975.9,1184.69,388.91
769,20230609,19,93,1,1,F204-3242,5,7,1505.87,10541.09,1663.38,8877.71,6020.66,2857.05,1597.99
770,20250505,23,142,4,6,F201-0353,3,9,374.68,3372.12,605.97,2766.15,1479.76,1286.39,497.91
771,20220709,34,168,2,11,F959-3445,5,1,1926.26,1926.26,400.47,1525.79,738.96,786.83,274.64
772,20250616,59,160,7,29,F729-1072,2,12,2165.55,25986.6,4292.99,21693.61,14866.42,6827.19,3904.85
773,20220805,19,97,6,11,F614-7038,4,5,1702.26,8511.3,1691.2,6820.1,3395.87,3424.23,1227.62
774,20230903,6,39,6,8,F055-4589,3,19,81.15,1541.85,72.93,1468.92,857.65,611.27,264.41
775,20250327,66,121,10,3,F172-8334,7,16,609.42,9750.72,509.96,9240.76,4346.41,4894.35,1663.34
776,20220906,83,83,6,17,F712-7919,8,12,546.28,6555.36,816.8,5738.56,3248.41,2490.15,1032.94
777,20221212,61,167,1,7,F225-3326,8,13,997.36,12965.68,2068.03,10897.65,7057.93,3839.72,1961.58
778,20241205,31,41,6,9,F564-1389,3,10,2037.48,20374.8,2165.84,18208.96,9910.6,8298.36,3277.61
779,20241203,11,120,9,20,F345-6982,8,17,2175.87,36989.79,3251.4,33738.39,20107.76,13630.63,6072.91
780,20240824,60,98,1,6,F453-3831,5,12,942.59,11311.08,2274.66,9036.42,4782.57,4253.85,1626.56
781,20241103,83,140,2,26,F284-3732,2,3,472.53,1417.59,104.33,1313.26,755.7,557.56,236.39
782,20240319,16,173,6,9,F310-4497,4,2,1198.59,2397.18,327.22,2069.96,1104.2,965.76,372.59
783,20230104,78,77,5,27,F355-6617,7,18,1222.39,22003.02,5018.89,16984.13,7679.09,9305.04,3057.14
784,20230615,75,195,3,28,F408-3729,4,1,2007.6,2007.6,236.9,1770.7,1023.75,746.95,318.73
785,20221019,27,120,8,11,F811-1407,6,17,905.16,15387.72,2258.92,13128.8,7721.75,5407.05,2363.18
786,20250918,25,143,1,12,F143-9462,3,14,1430.48,20026.72,1049.4,18977.32,10674.61,8302.71,3415.92
787,20240525,40,91,6,8,F430-6975,7,1,1008.71,1008.71,126.09,882.62,542.56,340.06,158.87
788,20230908,69,36,3,11,F582-9880,10,19,1316.56,25014.64,145.08,24869.56,16074.18,8795.38,4476.52
789,20231124,74,137,7,7,F487-1780,6,13,169.49,2203.37,112.59,2090.78,1145.03,945.75,376.34
790,20251107,73,142,3,2,F847-9886,8,10,1759.87,17598.7,410.05,17188.65,8183.14,9005.51,3093.96
791,20220911,4,53,4,10,F676-8592,2,3,1315.36,3946.08,898.92,3047.16,1665.19,1381.97,548.49
792,20240530,59,106,7,6,F114-2116,9,17,2077.43,35316.31,98.89,35217.42,18724.86,16492.56,6339.14
793,20240112,54,53,3,28,F211-5076,7,3,2239.46,6718.38,653.03,6065.35,4099.55,1965.8,1091.76
794,20240710,61,129,8,9,F207-0122,3,19,973.18,18490.42,4341.55,14148.87,8445.08,5703.79,2546.8
795,20220204,58,85,10,29,F503-7540,8,13,1144.3,14875.9,2249.24,12626.66,6461.19,6165.47,2272.8
796,20250728,74,117,6,23,F863-4874,7,3,142.07,426.21,30.69,395.52,265.1,130.42,71.19
797,20251020,79,159,7,15,F394-3006,10,6,1132.57,6795.42,705.36,6090.06,3013.94,3076.12,1096.21
798,20240425,13,71,9,10,F683-1094,4,2,1969.81,3939.62,235.98,3703.64,2472.68,1230.96,666.66
799,20241106,64,194,2,17,F785-5342,7,18,547.08,9847.44,298.38,9549.06,5177.34,4371.72,1718.83
800,20251007,58,19,8,13,F352-6543,4,7,1171.05,8197.35,1036.96,7160.39,4049.5,3110.89,1288.87
801,20241119,51,84,8,16,F473-1118,2,9,1970.2,17731.8,508.9,17222.9,11699.24,5523.66,3100.12
802,20220910,71,42,3,27,F019-9945,2,15,251.11,3766.65,132.21,3634.44,2380.95,1253.49,654.2
803,20240513,23,172,1,22,F280-2515,8,18,380.98,6857.64,1271.41,5586.23,2749.06,2837.17,1005.52
804,20240702,46,114,1,27,F651-8567,2,2,2152.1,4304.2,960.7,3343.5,1949.51,1393.99,601.83
805,20231010,50,198,7,25,F207-4092,6,15,1339.19,20087.85,263.15,19824.7,8944.24,10880.46,3568.45
806,20241218,31,87,4,22,F686-1036,4,1,1951.56,1951.56,205.69,1745.87,1217.43,528.44,314.26
807,20251023,13,132,2,27,F335-5287,9,6,2140.93,12845.58,2325.05,10520.53,4850.0,5670.53,1893.7
808,20251011,81,110,2,8,F219-1735,6,7,2151.37,15059.59,3517.92,11541.67,6333.68,5207.99,2077.5
809,20231112,42,55,8,8,F068-4563,10,13,1508.9,19615.7,3207.17,16408.53,7432.99,8975.54,2953.54
810,20220713,48,128,2,23,F550-9326,3,7,1809.08,12663.56,1301.81,11361.75,7292.95,4068.8,2045.12
811,20251217,33,100,3,11,F180-5210,8,20,385.51,7710.2,625.3,7084.9,4305.62,2779.28,1275.28
812,20250603,9,131,4,17,F602-0218,4,20,1742.93,34858.6,7947.76,26910.84,15130.02,11780.82,4843.95
813,20220801,3,194,4,20,F082-0982,3,4,1651.25,6605.0,509.91,6095.09,3867.2,2227.89,1097.12
814,20251005,48,10,4,30,F743-9799,8,7,2000.69,14004.83,530.78,13474.05,6751.8,6722.25,2425.33
815,20250724,43,134,7,21,F833-4727,1,11,1649.3,18142.3,2919.1,15223.2,9744.73,5478.47,2740.18
816,20240206,30,14,4,26,F704-3645,10,11,1031.51,11346.61,972.4,10374.21,5202.19,5172.02,1867.36
817,20240607,49,126,2,7,F054-2319,4,6,486.01,2916.06,322.52,2593.54,1171.01,1422.53,466.84
818,20230905,17,53,4,17,F081-6984,8,19,1923.7,36550.3,5014.7,31535.6,20460.56,11075.04,5676.41
819,20220409,40,64,5,10,F591-7345,4,7,857.36,6001.52,367.29,5634.23,2783.92,2850.31,1014.16
820,20230529,35,102,7,6,F483-7232,7,16,1913.41,30614.56,612.29,30002.27,20795.74,9206.53,5400.41
821,20250405,65,124,1,25,F391-7003,2,14,186.04,2604.56,495.13,2109.43,1381.47,727.96,379.7
822,20220109,39,98,8,10,F465-4641,7,5,1921.91,9609.55,1328.04,8281.51,4090.44,4191.07,1490.67
823,20230526,72,51,3,30,F195-0069,1,3,1006.74,3020.22,251.58,2768.64,1740.69,1027.95,498.36
824,20230904,65,102,6,13,F502-5044,10,12,190.67,2288.04,281.2,2006.84,1367.51,639.33,361.23
825,20240311,10,145,3,7,F782-7149,5,2,801.8,1603.6,397.85,1205.75,580.11,625.64,217.03
826,20251004,45,15,7,30,F435-4044,4,16,21.95,351.2,55.74,295.46,160.15,135.31,53.18
827,20230616,62,179,3,9,F620-7463,3,12,270.52,3246.24,511.93,2734.31,1692.83,1041.48,492.18
828,20230617,33,4,2,25,F095-6298,7,19,332.84,6323.96,1504.47,4819.49,3182.69,1636.8,867.51
829,20241219,76,109,3,27,F438-4144,5,3,513.12,1539.36,199.5,1339.86,666.19,673.67,241.17
830,20231113,65,193,2,4,F652-9382,6,13,199.75,2596.75,380.42,2216.33,1404.01,812.32,398.94
831,20221207,19,79,1,6,F836-8057,1,7,1498.72,10491.04,2439.17,8051.87,4424.44,3627.43,1449.34
832,20231113,13,188,7,6,F181-6139,3,14,1832.49,25654.86,3365.92,22288.94,13677.17,8611.77,4012.01
833,20220824,18,146,4,6,F206-0967,3,6,438.43,2630.58,330.66,2299.92,1098.35,1201.57,413.99
834,20221013,25,28,3,3,F301-1405,7,14,1378.68,19301.52,2127.03,17174.49,11648.48,5526.01,3091.41
835,20231230,16,125,2,1,F063-4360,1,11,1255.56,13811.16,102.2,13708.96,6973.68,6735.28,2467.61
836,20231003,75,2,7,20,F533-4356,8,2,2020.19,4040.38,97.78,3942.6,2289.01,1653.59,709.67
837,20250927,61,88,6,27,F246-5919,7,20,1105.21,22104.2,2373.99,19730.21,10707.51,9022.7,3551.44
838,20230712,49,1,8,28,F716-6584,3,12,495.11,5941.32,1296.99,4644.33,3026.09,1618.24,835.98
839,20240520,4,64,6,15,F634-7786,9,17,1438.46,24453.82,1709.32,22744.5,14211.13,8533.37,4094.01
840,20240812,53,83,1,21,F369-0750,6,1,599.09,599.09,147.68,451.41,311.2,140.21,81.25
841,20220126,57,21,6,14,F962-7801,2,16,2123.34,33973.44,3397.34,30576.1,18441.92,12134.18,5503.7
842,20240925,50,147,9,2,F131-8159,2,7,1231.71,8621.97,1534.71,7087.26,4730.5,2356.76,1275.71
843,20221015,39,115,2,16,F679-8859,4,18,2015.99,36287.82,8955.83,27331.99,15489.06,11842.93,4919.76
844,20251123,32,8,3,30,F952-5350,7,3,1466.78,4400.34,116.17,4284.17,2991.81,1292.36,771.15
845,20220904,36,172,2,22,F140-8758,8,9,900.79,8107.11,1349.83,6757.28,4648.17,2109.11,1216.31
846,20230927,12,197,10,3,F660-5624,7,11,247.71,2724.81,594.01,2130.8,1455.22,675.58,383.54
847,20220529,49,60,4,9,F119-4768,2,18,499.5,8991.0,2172.23,6818.77,3813.33,3005.44,1227.38
848,20251229,15,30,10,12,F131-5135,7,19,282.21,5361.99,1256.31,4105.68,2611.85,1493.83,739.02
849,20240105,74,100,7,11,F790-5981,3,10,165.19,1651.9,25.6,1626.3,949.6,676.7,292.73
850,20240614,67,138,8,11,F149-4864,4,19,1270.38,24137.22,1339.62,22797.6,12511.96,10285.64,4103.57
851,20220429,64,171,1,20,F328-5061,9,5,578.62,2893.1,435.12,2457.98,1195.73,1262.25,442.44
852,20241231,16,127,5,23,F990-6172,1,19,1254.64,23838.16,2851.04,20987.12,13792.14,7194.98,3777.68
853,20221122,43,58,1,30,F887-2934,8,7,1656.23,11593.61,2457.85,9135.76,6245.28,2890.48,1644.44
854,20250903,51,87,7,22,F485-5707,7,6,2090.28,12541.68,3107.83,9433.85,5537.54,3896.31,1698.09
855,20221116,51,180,9,13,F100-2145,6,10,1985.84,19858.4,1402.0,18456.4,12564.49,5891.91,3322.15
856,20221031,75,118,3,19,F141-7240,8,2,2050.92,4101.84,871.64,3230.2,2026.62,1203.58,581.44
857,20220310,38,189,1,12,F744-9432,2,7,2218.29,15528.03,846.28,14681.75,9353.68,5328.07,2642.71
858,20231205,19,15,2,12,F998-7764,3,14,1534.39,21481.46,3649.7,17831.76,8774.22,9057.54,3209.72
859,20240425,7,39,7,8,F035-1947,4,17,923.7,15702.9,2551.72,13151.18,7868.98,5282.2,2367.21
860,20220427,51,97,2,25,F475-6261,5,20,2177.36,43547.2,10390.36,33156.84,20331.75,12825.09,5968.23
861,20250218,81,32,8,21,F685-8352,4,12,2376.05,28512.6,82.69,28429.91,13622.39,14807.52,5117.38
862,20231114,3,25,10,6,F394-7933,7,19,1641.24,31183.56,3738.91,27444.65,17109.86,10334.79,4940.04
863,20240217,39,138,3,13,F833-0324,7,4,1912.48,7649.92,621.94,7027.98,4416.68,2611.3,1265.04
864,20231031,72,150,9,23,F839-2034,4,17,1050.58,17859.86,2180.69,15679.17,9089.61,6589.56,2822.25
865,20230908,16,115,6,4,F041-2111,10,20,1228.91,24578.2,4271.69,20306.51,9164.96,11141.55,3655.17
866,20240416,27,9,2,4,F519-4892,6,3,939.3,2817.9,396.2,2421.7,1605.25,816.45,435.91
867,20220914,70,133,5,22,F547-7290,3,1,1787.77,1787.77,111.02,1676.75,773.89,902.86,301.81
868,20221020,74,91,10,18,F523-3439,2,11,157.02,1727.22,225.75,1501.47,1045.78,455.69,270.26
869,20250711,6,56,3,20,F566-3540,10,7,72.64,508.48,18.0,490.48,325.69,164.79,88.29
870,20251106,46,67,7,21,F926-2676,7,20,2200.44,44008.8,4642.93,39365.87,23125.96,16239.91,7085.86
871,20230730,59,37,9,7,F073-4414,4,9,2089.88,18808.92,3180.59,15628.33,10706.18,4922.15,2813.1
872,20230209,48,40,6,26,F445-6209,1,17,2028.04,34476.68,5212.87,29263.81,16239.12,13024.69,5267.49
873,20240828,78,141,7,3,F338-1458,6,9,1047.58,9428.22,294.16,9134.06,4361.49,4772.57,1644.13
874,20230919,43,3,2,13,F993-3641,7,5,1891.49,9457.45,2054.16,7403.29,3749.33,3653.96,1332.59
875,20220218,14,79,10,27,F827-8022,2,4,2033.94,8135.76,357.16,7778.6,4916.71,2861.89,1400.15
876,20220915,68,156,2,29,F050-2798,6,19,503.47,9565.93,2069.11,7496.82,4407.27,3089.55,1349.43
877,20241129,50,104,8,19,F131-4245,1,18,1201.03,21618.54,2981.2,18637.34,12496.43,6140.91,3354.72
878,20240919,66,69,1,30,F743-6065,4,5,579.62,2898.1,103.46,2794.64,1654.12,1140.52,503.04
879,20220221,78,120,9,10,F283-7009,9,15,1087.36,16310.4,747.02,15563.38,10840.85,4722.53,2801.41
880,20221205,30,81,2,21,F082-1257,4,3,921.87,2765.61,655.17,2110.44,1164.18,946.26,379.88
881,20221214,12,127,1,14,F694-8335,3,2,216.76,433.52,9.15,424.37,221.29,203.08,76.39
882,20241007,62,158,4,30,F852-0120,7,18,299.78,5396.04,941.61,4454.43,2456.03,1998.4,801.8
883,20220207,69,136,10,2,F622-7351,3,8,1446.79,11574.32,2877.38,8696.94,5351.17,3345.77,1565.45
884,20220628,68,132,6,2,F433-8119,7,6,564.22,3385.32,63.64,3321.68,2191.82,1129.86,597.9
885,20250331,22,139,2,10,F307-7916,5,4,1055.7,4222.8,356.83,3865.97,2396.0,1469.97,695.87
886,20221015,34,165,9,27,F915-0581,8,19,1665.88,31651.72,3114.53,28537.19,19427.09,9110.1,5136.69
887,20240910,80,85,5,12,F110-0085,6,2,143.48,286.96,25.51,261.45,157.89,103.56,47.06
888,20221220,24,22,9,17,F921-2519,7,1,1636.62,1636.62,41.41,1595.21,914.07,681.14,287.14
889,20220621,16,58,8,13,F384-4904,6,1,1432.06,1432.06,55.71,1376.35,845.3,531.05,247.74
890,20221225,55,113,8,6,F144-5796,7,18,2100.92,37816.56,7672.98,30143.58,14383.73,15759.85,5425.84
891,20241205,1,35,7,14,F762-5427,1,7,71.12,497.84,13.79,484.05,252.3,231.75,87.13
892,20250701,21,31,7,16,F564-8120,3,16,2131.87,34109.92,8182.97,25926.95,18038.21,7888.74,4666.85
893,20250520,42,100,3,4,F981-1768,1,13,1705.87,22176.31,2783.13,19393.18,13204.63,6188.55,3490.77
894,20230902,17,14,6,14,F612-0132,7,17,1951.96,33183.32,112.82,33070.5,20540.4,12530.1,5952.69
895,20241002,62,159,3,24,F524-3062,4,16,286.62,4585.92,94.93,4490.99,2502.55,1988.44,808.38
896,20221116,36,110,4,16,F724-1689,9,9,1010.88,9097.92,2261.74,6836.18,3499.02,3337.16,1230.51
897,20230321,79,31,3,13,F040-4487,4,19,989.2,18794.8,2954.54,15840.26,7717.08,8123.18,2851.25
898,20250901,19,98,7,17,F314-3792,4,20,1550.89,31017.8,1547.79,29470.01,19629.61,9840.4,5304.6
899,20220125,44,78,2,9,F373-4597,6,2,273.28,546.56,69.69,476.87,291.35,185.52,85.84
900,20220529,54,170,6,7,F293-7735,5,2,2129.92,4259.84,193.4,4066.44,1830.44,2236.0,731.96
901,20221120,78,86,5,4,F100-0224,9,6,1013.41,6080.46,383.68,5696.78,3263.24,2433.54,1025.42
902,20220220,17,155,6,8,F666-4522,4,12,2029.8,24357.6,4523.21,19834.39,11845.65,7988.74,3570.19
903,20221019,75,31,1,19,F992-3121,4,4,1857.76,7431.04,242.25,7188.79,4569.53,2619.26,1293.98
904,20240524,58,78,8,25,F207-8742,3,3,1372.82,4118.46,969.9,3148.56,1904.1,1244.46,566.74
905,20231006,6,195,9,12,F917-5997,8,14,70.87,992.18,136.52,855.66,439.07,416.59,154.02
906,20250827,81,129,1,6,F614-4492,3,14,2407.13,33699.82,569.53,33130.29,18379.06,14751.23,5963.45
907,20250429,38,49,7,16,F702-8724,9,19,1851.2,35172.8,534.63,34638.17,24008.36,10629.81,6234.87
908,20230608,10,103,10,9,F212-3016,1,17,759.93,12918.81,1240.21,11678.6,7530.86,4147.74,2102.15
909,20230119,21,132,8,17,F725-8603,5,19,2090.98,39728.62,6920.73,32807.89,21974.36,10833.53,5905.42
910,20230808,39,44,4,2,F547-3903,5,10,2023.97,20239.7,3584.45,16655.25,9793.92,6861.33,2997.94
911,20240605,6,14,4,27,F216-8759,2,9,79.15,712.35,165.12,547.23,283.25,263.98,98.5
912,20230204,1,181,9,9,F740-2190,7,20,75.59,1511.8,367.52,1144.28,607.77,536.51,205.97
913,20240731,79,92,4,24,F989-4583,3,2,1014.58,2029.16,317.56,1711.6,774.67,936.93,308.09
914,20230920,33,200,10,4,F740-6259,5,18,386.44,6955.92,1142.86,5813.06,3877.28,1935.78,1046.35
915,20240404,81,84,5,7,F596-6480,3,18,2366.9,42604.2,2194.12,40410.08,22651.72,17758.36,7273.81
916,20231025,58,24,8,6,F471-3032,3,14,1188.79,16643.06,1534.49,15108.57,10206.47,4902.1,2719.54
917,20230323,25,42,3,27,F404-9959,4,6,1473.55,8841.3,1431.41,7409.89,3373.44,4036.45,1333.78
918,20251109,9,104,2,24,F540-2250,1,14,1670.1,23381.4,1433.28,21948.12,14865.08,7083.04,3950.66
919,20250126,78,196,1,5,F255-1370,5,13,1013.17,13171.21,68.49,13102.72,8603.78,4498.94,2358.49
920,20220823,19,28,9,24,F838-5545,2,20,1720.79,34415.8,117.01,34298.79,23720.71,10578.08,6173.78
921,20250722,26,79,6,16,F159-3995,1,19,1603.72,30470.68,6798.01,23672.67,15478.76,8193.91,4261.08
922,20231220,70,27,9,10,F106-8382,7,18,1998.2,35967.6,1107.8,34859.8,22876.09,11983.71,6274.76
923,20250829,19,38,6,21,F294-3701,7,8,1409.91,11279.28,67.68,11211.6,6242.44,4969.16,2018.09
924,20250331,15,73,6,3,F631-5468,2,4,308.4,1233.6,69.2,1164.4,802.41,361.99,209.59
925,20231011,47,46,7,17,F343-9825,3,3,1320.84,3962.52,887.21,3075.31,1848.65,1226.66,553.56
926,20220212,55,27,5,30,F512-6048,5,10,1797.77,17977.7,2808.12,15169.58,7914.75,7254.83,2730.52
927,20230205,10,38,7,15,F739-7839,2,5,867.21,4336.05,842.93,3493.12,1699.92,1793.2,628.76
928,20240318,15,33,3,25,F395-5778,6,9,313.99,2825.91,102.3,2723.61,1445.59,1278.02,490.25
929,20240813,64,36,4,13,F429-9001,8,14,548.56,7679.84,1155.05,6524.79,3974.58,2550.21,1174.46
930,20230116,69,22,10,23,F432-8634,10,18,1384.32,24917.76,3341.47,21576.29,10950.58,10625.71,3883.73
931,20220822,29,5,6,18,F486-2189,2,8,578.7,4629.6,418.52,4211.08,2108.99,2102.09,757.99
932,20250528,8,36,5,15,F148-9036,7,12,729.09,8749.08,1856.55,6892.53,4595.2,2297.33,1240.66
933,20251217,32,179,3,13,F751-0432,7,8,1466.49,11731.92,164.25,11567.67,5603.96,5963.71,2082.18
934,20240219,48,153,3,1,F151-5985,3,4,1813.35,7253.4,1201.89,6051.51,2834.78,3216.73,1089.27
935,20221007,11,39,3,16,F762-2296,9,1,2151.93,2151.93,306.22,1845.71,1206.04,639.67,332.23
936,20230212,39,4,5,4,F160-0984,1,11,1872.33,20595.63,2286.11,18309.52,11190.99,7118.53,3295.71
937,20220205,78,109,8,18,F729-4228,10,17,1164.89,19803.13,794.11,19009.02,10437.81,8571.21,3421.62
938,20250927,65,24,9,13,F974-2051,4,8,174.42,1395.36,147.77,1247.59,610.32,637.27,224.57
939,20220721,52,144,10,27,F080-7675,8,8,1197.0,9576.0,939.41,8636.59,5662.38,2974.21,1554.59
940,20240514,41,96,7,7,F277-1777,2,13,1303.97,16951.61,3505.59,13446.02,6604.77,6841.25,2420.28
941,20230216,10,139,2,3,F217-9784,1,11,793.86,8732.46,61.13,8671.33,4513.88,4157.45,1560.84
942,20240407,40,69,2,19,F579-0736,10,7,861.94,6033.58,962.96,5070.62,2322.81,2747.81,912.71
943,20240908,62,92,5,13,F513-3193,6,11,271.23,2983.53,69.52,2914.01,1536.12,1377.89,524.52
944,20250519,51,105,9,4,F515-2461,1,5,2286.29,11431.45,2008.51,9422.94,4469.72,4953.22,1696.13
945,20221118,76,75,3,5,F699-7588,2,16,495.62,7929.92,1162.53,6767.39,4486.83,2280.56,1218.13
946,20220122,81,168,3,25,F736-2639,9,8,2104.72,16837.76,3722.83,13114.93,8549.22,4565.71,2360.69
947,20220818,67,88,8,26,F135-5555,5,20,1355.32,27106.4,4412.92,22693.48,15489.59,7203.89,4084.83
948,20250906,47,175,7,8,F214-9944,2,14,1244.28,17419.92,174.2,17245.72,10833.6,6412.12,3104.23
949,20250731,20,197,5,18,F889-1429,8,16,2373.08,37969.28,926.45,37042.83,16807.64,20235.19,6667.71
950,20240617,13,72,10,12,F362-1462,2,6,1995.8,11974.8,2796.12,9178.68,4500.93,4677.75,1652.16
951,20240622,23,66,8,21,F947-2302,2,15,415.9,6238.5,402.38,5836.12,3316.76,2519.36,1050.5
952,20240927,73,159,3,15,F376-8397,10,12,1599.93,19199.16,4123.98,15075.18,8294.89,6780.29,2713.53
953,20221011,41,175,1,20,F660-0935,4,14,1229.76,17216.64,2177.9,15038.74,7755.58,7283.16,2706.97
954,20250927,72,103,2,8,F398-7574,2,4,882.75,3531.0,256.7,3274.3,1602.94,1671.36,589.37
955,20231003,45,22,3,24,F111-6504,7,18,21.75,391.5,88.09,303.41,171.79,131.62,54.61
956,20230813,26,125,4,23,F760-7803,2,3,1699.55,5098.65,404.32,4694.33,3281.85,1412.48,844.98
957,20240206,36,164,4,11,F582-0514,10,18,947.98,17063.64,663.78,16399.86,9306.79,7093.07,2951.97
958,20220327,49,55,1,7,F889-0376,7,12,439.25,5271.0,1040.5,4230.5,2938.68,1291.82,761.49
959,20220930,35,104,2,10,F895-7397,7,6,1684.97,10109.82,211.3,9898.52,4625.72,5272.8,1781.73
960,20241220,68,110,6,25,F305-2696,4,9,488.71,4398.39,202.33,4196.06,1944.6,2251.46,755.29
961,20220525,45,42,7,12,F935-9345,7,16,23.95,383.2,45.56,337.64,210.08,127.56,60.78
962,20240626,2,149,10,5,F332-5186,1,20,548.14,10962.8,543.75,10419.05,6571.1,3847.95,1875.43
963,20221227,20,173,7,9,F534-0061,8,5,2535.45,12677.25,1583.39,11093.86,5869.78,5224.08,1996.89
964,20230822,17,49,7,23,F560-2722,10,19,2164.08,41117.52,1003.27,40114.25,20243.88,19870.37,7220.56
965,20230314,49,148,1,12,F834-5961,1,7,454.91,3184.37,758.2,2426.17,1681.18,744.99,436.71
966,20230701,39,128,8,14,F421-5763,6,17,2041.49,34705.33,7107.65,27597.68,13279.63,14318.05,4967.58
967,20241202,70,110,6,6,F567-9747,3,11,1890.57,20796.27,588.53,20207.74,9981.68,10226.06,3637.39
968,20230327,70,112,5,23,F636-1626,2,10,1894.62,18946.2,4003.33,14942.87,9296.52,5646.35,2689.72
969,20240427,14,128,10,30,F558-1634,8,1,1753.83,1753.83,270.27,1483.56,820.14,663.42,267.04
970,20231209,65,55,4,25,F466-9038,7,2,184.96,369.92,61.74,308.18,204.3,103.88,55.47
971,20240925,15,119,7,30,F841-6485,1,16,289.13,4626.08,1099.16,3526.92,1896.26,1630.66,634.85
972,20251026,48,68,5,27,F925-6795,4,17,2120.11,36041.87,2555.37,33486.5,22432.67,11053.83,6027.57
973,20241215,1,96,9,27,F760-9830,6,14,79.47,1112.58,9.12,1103.46,503.8,599.66,198.62
974,20221128,43,101,4,20,F660-6445,1,19,1662.9,31595.1,7841.9,23753.2,12125.01,11628.19,4275.58
975,20220301,74,82,9,6,F448-3785,2,13,154.99,2014.87,492.23,1522.64,751.32,771.32,274.08
976,20230124,17,161,5,27,F567-2606,6,19,2106.47,40022.93,7848.5,32174.43,21259.5,10914.93,5791.4
977,20240613,27,152,3,1,F633-8908,2,1,832.12,832.12,91.03,741.09,450.01,291.08,133.4
978,20220403,74,200,6,6,F246-3634,5,5,153.44,767.2,188.65,578.55,352.11,226.44,104.14
979,20231228,25,97,5,22,F053-4506,2,8,1463.08,11704.64,2125.56,9579.08,6243.4,3335.68,1724.23
980,20240616,19,153,2,4,F146-4628,5,19,1617.59,30734.21,6660.1,24074.11,11500.99,12573.12,4333.34
981,20230527,24,54,7,4,F503-0360,7,16,1527.81,24444.96,5162.78,19282.18,13076.78,6205.4,3470.79
982,20250209,10,81,8,26,F165-2946,5,3,815.17,2445.51,128.63,2316.88,1285.81,1031.07,417.04
983,20220702,2,31,6,12,F496-9831,9,19,587.18,11156.42,1760.48,9395.94,6236.11,3159.83,1691.27
984,20220512,1,8,9,1,F531-8385,3,9,68.02,612.18,141.78,470.4,234.36,236.04,84.67
985,20241211,28,36,4,3,F746-2074,5,4,573.85,2295.4,515.55,1779.85,814.06,965.79,320.37
986,20231227,36,76,8,24,F829-8124,7,3,953.42,2860.26,249.13,2611.13,1535.02,1076.11,470.0
987,20241028,66,184,5,13,F106-9563,10,7,606.85,4247.95,265.5,3982.45,1989.11,1993.34,716.84
988,20231023,40,115,7,20,F766-4452,6,7,857.65,6003.55,1431.25,4572.3,2615.16,1957.14,823.01
989,20221228,80,96,2,15,F172-0554,9,13,122.63,1594.19,171.06,1423.13,842.19,580.94,256.16
990,20250502,33,136,6,13,F031-1879,3,10,357.97,3579.7,540.53,3039.17,2034.16,1005.01,547.05
991,20250331,42,169,6,12,F149-5152,2,6,1596.14,9576.84,856.17,8720.67,4082.67,4638.0,1569.72
992,20241104,2,146,6,29,F239-9202,2,1,520.53,520.53,93.28,427.25,215.1,212.15,76.91
993,20230212,50,72,10,29,F827-1226,10,7,1228.94,8602.58,1133.82,7468.76,3553.11,3915.65,1344.38
994,20240605,83,51,1,26,F506-8170,1,14,510.3,7144.2,567.25,6576.95,3485.98,3090.97,1183.85
995,20230710,36,152,7,8,F591-0349,5,4,941.26,3765.04,426.2,3338.84,2004.5,1334.34,600.99
996,20220608,3,73,3,27,F991-6600,1,19,1660.52,31549.88,7792.82,23757.06,16105.17,7651.89,4276.27
997,20251001,69,121,2,27,F822-6801,5,2,1495.52,2991.04,252.14,2738.9,1243.65,1495.25,493.0
998,20220818,36,81,8,20,F049-6445,5,12,920.3,11043.6,1105.46,9938.14,5854.68,4083.46,1788.87
999,20251111,59,27,1,8,F049-0171,3,4,2287.65,9150.6,1928.95,7221.65,4942.68,2278.97,1299.9
1000,20231106,14,186,6,27,F925-8808,1,14,2119.13,29667.82,1679.2,27988.62,13210.75,14777.87,5037.95
1001,20221024,7,20,5,11,F705-6219,5,2,953.81,1907.62,52.84,1854.78,1273.84,580.94,333.86
1002,20240318,22,38,10,29,F871-6772,8,19,1181.65,22451.35,2586.4,19864.95,9566.41,10298.54,3575.69
1003,20250729,16,72,6,25,F749-7909,4,8,1323.52,10588.16,1529.99,9058.17,5573.65,3484.52,1630.47
1004,20241214,12,63,4,23,F080-1232,8,10,221.6,2216.0,394.0,1822.0,980.7,841.3,327.96
1005,20250411,8,125,2,11,F214-9676,9,7,630.37,4412.59,516.27,3896.32,2128.42,1767.9,701.34
1006,20240918,66,130,2,30,F134-3585,6,10,596.59,5965.9,1056.56,4909.34,3013.46,1895.88,883.68
1007,20241101,50,49,2,9,F434-2691,5,20,1416.37,28327.4,3637.24,24690.16,15925.28,8764.88,4444.23
1008,20250620,74,29,4,1,F916-7551,3,5,162.25,811.25,93.46,717.79,342.24,375.55,129.2
1009,20221231,35,141,2,12,F442-3475,3,17,1601.33,27222.61,3081.6,24141.01,12466.29,11674.72,4345.38
1010,20231222,51,95,2,2,F665-6268,7,17,2183.59,37121.03,3095.89,34025.14,19065.48,14959.66,6124.53
1011,20221204,25,156,8,17,F444-1789,1,13,1389.28,18060.64,798.28,17262.36,8958.84,8303.52,3107.22
1012,20251220,83,10,10,9,F245-1079,9,4,491.43,1965.72,107.92,1857.8,860.69,997.11,334.4
1013,20251104,13,101,2,8,F752-4396,8,20,1919.72,38394.4,6715.18,31679.22,17459.68,14219.54,5702.26
1014,20220314,27,153,5,24,F004-1545,3,7,847.02,5929.14,515.24,5413.9,2826.05,2587.85,974.5
1015,20241117,65,177,4,6,F323-1138,3,20,197.46,3949.2,470.74,3478.46,1830.82,1647.64,626.12
1016,20251011,24,122,7,11,F022-2909,5,15,1612.02,24180.3,858.4,23321.9,10569.11,12752.79,4197.94
1017,20221018,10,150,1,16,F895-4056,8,1,760.82,760.82,112.98,647.84,448.55,199.29,116.61
1018,20240430,15,59,9,17,F172-2402,2,1,279.35,279.35,39.61,239.74,167.24,72.5,43.15
1019,20250928,13,140,5,22,F499-4154,6,11,1932.08,21252.88,2405.83,18847.05,11943.45,6903.6,3392.47
1020,20220306,59,133,10,16,F116-4423,9,12,2056.26,24675.12,1858.04,22817.08,12171.42,10645.66,4107.07
1021,20241107,82,37,6,16,F032-4004,10,14,365.81,5121.34,1096.48,4024.86,2474.65,1550.21,724.47
1022,20230328,56,164,2,9,F899-8928,8,3,1768.27,5304.81,257.28,5047.53,3476.25,1571.28,908.56
1023,20251010,68,107,5,10,F196-0674,10,12,484.43,5813.16,1290.52,4522.64,2477.31,2045.33,814.08
1024,20251204,67,146,6,10,F113-0137,8,20,1280.23,25604.6,786.06,24818.54,16103.09,8715.45,4467.34
1025,20251104,19,143,3,10,F499-4723,2,5,1564.16,7820.8,1022.96,6797.84,3551.5,3246.34,1223.61
1026,20231207,38,32,1,16,F314-0084,7,2,1838.33,3676.66,199.64,3477.02,2282.2,1194.82,625.86
1027,20250711,46,73,9,22,F982-9188,3,1,2386.52,2386.52,29.83,2356.69,1141.65,1215.04,424.2
1028,20250613,12,150,2,10,F225-0527,8,5,243.66,1218.3,303.36,914.94,456.72,458.22,164.69
1029,20230502,46,26,5,30,F310-9782,5,13,2186.51,28424.63,3001.64,25422.99,17585.76,7837.23,4576.14
1030,20250518,23,197,4,9,F139-6821,9,11,403.6,4439.6,892.8,3546.8,1719.47,1827.33,638.42
1031,20220311,26,119,9,6,F385-7159,2,3,1662.85,4988.55,370.65,4617.9,3148.39,1469.51,831.22
1032,20240615,18,92,8,12,F438-7644,7,11,470.82,5179.02,652.56,4526.46,2812.25,1714.21,814.76
1033,20221213,53,23,3,20,F929-4955,4,18,574.81,10346.58,68.29,10278.29,6595.5,3682.79,1850.09
1034,20220725,75,76,1,25,F866-6434,3,5,1909.14,9545.7,1481.49,8064.21,5443.17,2621.04,1451.56
1035,20220515,52,118,1,3,F057-4427,2,15,1209.54,18143.1,3663.09,14480.01,9683.18,4796.83,2606.4
1036,20241106,43,16,2,24,F599-8370,1,10,1822.37,18223.7,2576.83,15646.87,9742.5,5904.37,2816.44
1037,20230605,27,58,3,10,F644-5094,1,18,913.17,16437.06,3042.5,13394.56,7686.15,5708.41,2411.02
1038,20241207,63,155,2,17,F100-4051,4,7,833.53,5834.71,167.46,5667.25,2550.31,3116.94,1020.11
1039,20220426,14,32,5,13,F496-3016,4,17,1909.06,32454.02,3602.4,28851.62,13384.65,15466.97,5193.29
1040,20230426,70,158,2,14,F150-0355,3,20,1823.62,36472.4,6211.25,30261.15,20118.47,10142.68,5447.01
1041,20240314,19,140,4,16,F492-4752,5,8,1680.97,13447.76,574.22,12873.54,8180.06,4693.48,2317.24
1042,20250316,13,99,2,15,F427-6961,3,16,2209.72,35355.52,3245.64,32109.88,16658.46,15451.42,5779.78
1043,20230502,4,78,1,21,F667-7283,1,4,1344.04,5376.16,758.58,4617.58,2090.63,2526.95,831.16
1044,20240802,46,3,3,12,F513-8245,4,15,2533.57,38003.55,8383.58,29619.97,16723.07,12896.9,5331.59
1045,20250817,45,168,3,12,F672-9227,6,17,23.76,403.92,39.46,364.46,169.73,194.73,65.6
1046,20240717,59,78,7,3,F939-7926,7,5,2394.65,11973.25,833.34,11139.91,7136.8,4003.11,2005.18
1047,20221215,61,199,9,9,F133-5310,10,6,1071.86,6431.16,926.09,5505.07,3753.65,1751.42,990.91
1048,20220216,75,8,3,8,F099-1741,8,20,1843.35,36867.0,7649.9,29217.1,13641.24,15575.86,5259.08
1049,20250724,61,188,4,4,F922-2851,7,8,1009.57,8076.56,1981.18,6095.38,3975.03,2120.35,1097.17
1050,20220210,54,192,2,15,F782-6133,10,2,2449.81,4899.62,749.64,4149.98,1986.26,2163.72,747.0
1051,20250801,81,97,3,21,F588-9118,4,6,2466.9,14801.4,1188.55,13612.85,8503.69,5109.16,2450.31
1052,20240225,26,190,3,14,F834-8660,4,15,1645.1,24676.5,4187.6,20488.9,10375.05,10113.85,3688.0
1053,20251029,12,2,6,25,F418-9311,9,4,237.23,948.92,48.3,900.62,587.66,312.96,162.11
1054,20250330,10,147,8,17,F361-5841,10,17,790.08,13431.36,1665.49,11765.87,7743.13,4022.74,2117.86
1055,20251230,72,19,10,3,F131-8475,5,3,1058.03,3174.09,348.2,2825.89,1713.53,1112.36,508.66
1056,20230623,13,6,4,27,F964-4750,5,8,1852.89,14823.12,191.22,14631.9,8561.63,6070.27,2633.74
1057,20250202,50,74,2,18,F590-3956,9,3,1342.69,4028.07,878.52,3149.55,1541.6,1607.95,566.92
1058,20230909,79,29,10,16,F960-4310,1,13,1060.38,13784.94,2132.53,11652.41,6833.97,4818.44,2097.43
1059,20231213,5,16,3,7,F561-5401,1,9,227.41,2046.69,102.54,1944.15,1306.48,637.67,349.95
1060,20240805,31,196,1,12,F073-6820,10,19,2080.31,39525.89,8936.8,30589.09,19141.82,11447.27,5506.04
1061,20250730,79,186,1,4,F037-8137,9,18,1156.22,20811.96,2491.19,18320.77,8837.32,9483.45,3297.74
1062,20251216,29,59,1,30,F057-0432,4,14,572.54,8015.56,957.06,7058.5,4555.45,2503.05,1270.53
1063,20250204,69,142,8,2,F397-6181,3,13,1405.84,18275.92,3116.04,15159.88,9618.65,5541.23,2728.78
1064,20231002,56,158,6,12,F199-5622,7,18,1899.43,34189.74,1176.13,33013.61,18470.73,14542.88,5942.45
1065,20231006,8,192,9,19,F047-0245,4,3,634.0,1902.0,279.97,1622.03,822.01,800.02,291.97
1066,20241220,8,81,6,20,F671-4002,5,5,611.18,3055.9,334.93,2720.97,1416.67,1304.3,489.77
1067,20221221,17,20,5,18,F211-8109,6,16,2151.6,34425.6,5659.57,28766.03,17666.59,11099.44,5177.89
1068,20220709,29,75,4,17,F915-4384,6,10,548.37,5483.7,1290.86,4192.84,2704.6,1488.24,754.71
1069,20230629,70,160,8,9,F081-3336,3,2,1921.94,3843.88,333.26,3510.62,1940.35,1570.27,631.91
1070,20230311,67,37,1,8,F716-7214,8,18,1158.38,20850.84,1098.84,19752.0,10727.26,9024.74,3555.36
1071,20230326,15,77,2,2,F286-9991,7,2,277.8,555.6,37.56,518.04,309.3,208.74,93.25
1072,20221216,64,53,7,6,F676-7063,9,13,501.03,6513.39,626.59,5886.8,2714.43,3172.37,1059.62
1073,20220319,7,7,10,25,F915-5509,5,2,1038.56,2077.12,281.24,1795.88,964.3,831.58,323.26
1074,20220204,76,112,7,26,F747-0936,2,1,438.7,438.7,37.38,401.32,263.79,137.53,72.24
1075,20251220,71,119,7,19,F737-9312,9,10,237.35,2373.5,509.35,1864.15,1276.0,588.15,335.55
1076,20231015,34,61,3,30,F016-4599,5,13,1647.03,21411.39,2500.85,18910.54,13202.46,5708.08,3403.9
1077,20230815,11,10,10,9,F371-4404,5,18,2512.78,45230.04,3347.02,41883.02,24827.03,17055.99,7538.94
1078,20241016,84,170,6,27,F271-2930,8,20,429.23,8584.6,26.61,8557.99,4507.7,4050.29,1540.44
1079,20221201,60,123,9,7,F419-0960,10,1,859.0,859.0,100.16,758.84,524.72,234.12,136.59
1080,20251110,11,113,3,9,F785-4525,5,20,2166.96,43339.2,5976.48,37362.72,25717.63,11645.09,6725.29
1081,20250309,64,13,4,4,F671-0631,3,6,513.75,3082.5,113.13,2969.37,1794.95,1174.42,534.49
1082,20220604,65,59,1,23,F266-4218,1,19,195.65,3717.35,294.79,3422.56,2013.67,1408.89,616.06
1083,20231002,46,20,9,15,F116-8373,2,2,2328.29,4656.58,698.95,3957.63,2126.96,1830.67,712.37
1084,20250807,31,107,2,21,F437-4639,3,19,1953.34,37113.46,3444.13,33669.33,22076.08,11593.25,6060.48
1085,20251104,4,167,6,16,F966-4818,10,12,1356.83,16281.96,1362.8,14919.16,8235.89,6683.27,2685.45
1086,20231201,4,152,1,4,F624-3465,6,2,1307.54,2615.08,190.12,2424.96,1182.21,1242.75,436.49
1087,20240713,66,56,7,27,F597-0535,3,17,579.92,9858.64,1931.31,7927.33,4980.03,2947.3,1426.92
1088,20221001,49,58,10,17,F589-8983,7,3,510.57,1531.71,365.77,1165.94,804.1,361.84,209.87
1089,20251223,69,169,9,17,F452-5193,5,17,1441.98,24513.66,4892.93,19620.73,11807.27,7813.46,3531.73
1090,20221214,25,197,6,8,F467-5158,2,10,1554.99,15549.9,3542.27,12007.63,6390.11,5617.52,2161.37
1091,20251102,31,130,2,30,F371-7933,10,14,2059.01,28826.14,2608.77,26217.37,14104.84,12112.53,4719.13
1092,20240905,30,33,9,8,F796-6679,10,14,950.97,13313.58,764.2,12549.38,8244.38,4305.0,2258.89
1093,20240704,18,105,7,17,F152-9438,8,10,478.6,4786.0,408.72,4377.28,2098.87,2278.41,787.91
1094,20240125,81,4,3,4,F429-4316,9,7,2486.66,17406.62,3916.49,13490.13,9026.27,4463.86,2428.22
1095,20221213,61,7,3,3,F136-8437,9,5,1102.1,5510.5,1197.98,4312.52,2839.64,1472.88,776.25
1096,20221013,50,62,5,4,F345-5516,10,12,1397.18,16766.16,534.84,16231.32,10132.11,6099.21,2921.64
1097,20221203,78,115,7,21,F461-7139,5,2,1133.56,2267.12,41.72,2225.4,1513.67,711.73,400.57
1098,20221025,62,131,2,5,F918-0128,10,6,312.55,1875.3,339.24,1536.06,917.63,618.43,276.49
1099,20250226,76,131,10,9,F968-1588,4,15,453.76,6806.4,645.25,6161.15,3448.07,2713.08,1109.01
1100,20230622,39,149,9,28,F951-6991,5,2,1881.49,3762.98,530.58,3232.4,2179.69,1052.71,581.83
1101,20220414,42,189,4,14,F532-4559,10,6,1580.68,9484.08,2261.0,7223.08,3326.11,3896.97,1300.15
1102,20251202,79,71,8,15,F230-2775,5,12,1018.93,12227.16,870.57,11356.59,5447.05,5909.54,2044.19
1103,20250814,34,37,2,7,F566-8335,3,4,1955.44,7821.76,1807.61,6014.15,3708.38,2305.77,1082.55
1104,20251014,4,50,1,16,F853-0423,6,2,1437.42,2874.84,689.96,2184.88,1278.06,906.82,393.28
1105,20251227,27,33,8,10,F941-1796,2,19,868.25,16496.75,1758.55,14738.2,8271.17,6467.03,2652.88
1106,20221009,57,72,2,12,F823-1296,4,16,2433.69,38939.04,2562.19,36376.85,24231.55,12145.3,6547.83
1107,20230901,10,189,9,22,F796-1214,6,17,787.74,13391.58,1122.21,12269.37,6912.15,5357.22,2208.49
1108,20250116,5,170,1,21,F643-0131,4,17,232.14,3946.38,313.34,3633.04,2399.11,1233.93,653.95
1109,20241106,18,39,8,27,F192-8139,5,8,476.71,3813.68,641.84,3171.84,1637.69,1534.15,570.93
1110,20220912,17,192,4,1,F445-1103,8,3,1971.03,5913.09,1405.54,4507.55,2994.32,1513.23,811.36
1111,20250427,72,158,7,21,F598-3846,6,6,1007.82,6046.92,58.66,5988.26,3724.67,2263.59,1077.89
1112,20221207,62,75,8,16,F816-6426,10,6,301.84,1811.04,397.52,1413.52,933.17,480.35,254.43
1113,20221207,46,194,5,14,F993-7327,6,10,2329.73,23297.3,561.46,22735.84,10869.82,11866.02,4092.45
1114,20240310,32,170,2,12,F714-6523,3,4,1614.98,6459.92,284.24,6175.68,4255.53,1920.15,1111.62
1115,20240610,62,8,5,9,F520-3525,7,16,321.39,5142.24,772.88,4369.36,2716.89,1652.47,786.48
1116,20240520,8,101,8,14,F409-4272,1,11,679.78,7477.58,489.03,6988.55,3699.77,3288.78,1257.94
1117,20220608,35,79,8,14,F227-9380,3,8,1772.34,14178.72,1205.19,12973.53,8492.88,4480.65,2335.24
1118,20250805,69,85,3,20,F553-0327,1,4,1289.53,5158.12,1222.47,3935.65,2374.48,1561.17,708.42
1119,20230131,49,142,2,21,F051-8498,4,11,442.09,4862.99,1109.25,3753.74,2408.81,1344.93,675.67
1120,20220808,47,184,4,10,F821-2645,6,6,1221.82,7330.92,1535.83,5795.09,3180.82,2614.27,1043.12
1121,20250821,43,10,1,25,F963-8628,2,18,1754.3,31577.4,5788.14,25789.26,17665.73,8123.53,4642.07
1122,20251117,65,7,4,21,F791-4052,1,16,177.94,2847.04,30.18,2816.86,1466.94,1349.92,507.03
1123,20250711,35,190,5,28,F087-1254,2,13,1871.3,24326.9,3984.75,20342.15,9821.16,10520.99,3661.59
1124,20250416,65,139,10,30,F156-1566,10,14,190.35,2664.9,13.32,2651.58,1685.51,966.07,477.28
1125,20240913,51,109,9,24,F024-4951,5,20,2042.11,40842.2,8772.9,32069.3,20722.96,11346.34,5772.47
1126,20240402,59,97,5,14,F096-3642,7,9,2147.47,19327.23,4682.99,14644.24,8699.42,5944.82,2635.96
1127,20220531,72,63,7,1,F509-6450,6,10,938.85,9388.5,2130.25,7258.25,4233.74,3024.51,1306.48
1128,20230919,70,102,4,15,F379-7812,10,15,2007.31,30109.65,1686.14,28423.51,19720.16,8703.35,5116.23
1129,20230729,14,22,2,18,F174-3403,8,11,1977.39,21751.29,780.87,20970.42,12739.08,8231.34,3774.68
1130,20230119,76,134,10,25,F239-0966,8,5,441.99,2209.95,222.76,1987.19,1310.59,676.6,357.69
1131,20241206,33,177,10,20,F417-0092,5,11,345.01,3795.11,791.66,3003.45,1378.97,1624.48,540.62
1132,20231228,27,167,4,11,F473-7914,9,16,958.92,15342.72,2092.75,13249.97,6999.35,6250.62,2384.99
1133,20220522,72,20,7,5,F776-0224,3,3,1059.12,3177.36,731.75,2445.61,1360.8,1084.81,440.21
1134,20221203,67,30,1,29,F435-8114,3,6,1292.2,7753.2,382.23,7370.97,4919.66,2451.31,1326.77
1135,20241021,81,108,7,1,F304-1927,7,16,2448.72,39179.52,1371.28,37808.24,25276.84,12531.4,6805.48
1136,20220514,38,96,10,21,F170-2319,5,9,2141.89,19277.01,2517.58,16759.43,10118.93,6640.5,3016.7
1137,20250623,67,155,5,16,F474-3451,6,20,1275.88,25517.6,6073.19,19444.41,10554.68,8889.73,3499.99
1138,20231227,18,39,8,3,F006-5110,4,16,435.1,6961.6,17.4,6944.2,3847.61,3096.59,1249.96
1139,20231213,26,160,8,20,F161-1094,6,18,1806.44,32515.92,3726.32,28789.6,13637.02,15152.58,5182.13
1140,20240609,82,50,5,10,F841-6983,10,8,411.93,3295.44,284.07,3011.37,1365.75,1645.62,542.05
1141,20250511,40,165,4,3,F607-2498,2,13,896.81,11658.53,2723.43,8935.1,5274.19,3660.91,1608.32
1142,20230618,28,134,10,21,F785-6275,6,9,508.03,4572.27,644.23,3928.04,1892.04,2036.0,707.05
1143,20241014,74,189,10,22,F932-7757,4,19,166.35,3160.65,477.89,2682.76,1855.57,827.19,482.9
1144,20240426,22,158,3,5,F169-7791,1,8,971.07,7768.56,1921.16,5847.4,2764.85,3082.55,1052.53
1145,20230202,42,109,8,11,F310-8199,2,2,1476.21,2952.42,100.97,2851.45,1858.6,992.85,513.26
1146,20250806,31,91,5,27,F535-5194,9,13,2109.51,27423.63,5306.47,22117.16,13857.75,8259.41,3981.09
1147,20250327,11,72,3,27,F448-9184,8,7,2457.48,17202.36,4107.92,13094.44,8987.66,4106.78,2357.0
1148,20240918,63,112,6,6,F026-5992,8,9,845.75,7611.75,1303.89,6307.86,3718.33,2589.53,1135.41
1149,20250622,45,49,7,12,F184-0175,4,7,22.96,160.72,24.78,135.94,90.95,44.99,24.47
1150,20250720,57,25,6,30,F260-8238,1,7,2183.69,15285.83,21.4,15264.43,8053.48,7210.95,2747.6
1151,20241120,78,179,5,9,F641-0938,10,9,1053.53,9481.77,1520.88,7960.89,4375.09,3585.8,1432.96
1152,20250531,4,126,3,16,F768-8939,2,16,1515.93,24254.88,6046.74,18208.14,11071.64,7136.5,3277.47
1153,20241107,5,189,3,28,F872-2157,2,20,228.97,4579.4,1023.95,3555.45,1736.12,1819.33,639.98
1154,20241017,54,16,6,4,F879-8915,5,4,2407.99,9631.96,134.85,9497.11,5787.25,3709.86,1709.48
1155,20240722,25,82,3,29,F601-6001,9,1,1499.68,1499.68,124.77,1374.91,849.69,525.22,247.48
1156,20250105,2,16,2,7,F845-8217,3,13,591.39,7688.07,800.33,6887.74,4249.26,2638.48,1239.79
1157,20220919,35,177,9,14,F178-0053,5,15,1622.06,24330.9,270.07,24060.83,14487.8,9573.03,4330.95
1158,20250810,36,179,2,19,F953-7586,2,4,969.34,3877.36,331.13,3546.23,2099.52,1446.71,638.32
1159,20250727,15,152,1,25,F174-0172,4,6,336.12,2016.72,367.85,1648.87,818.52,830.35,296.8
1160,20220225,82,79,4,24,F774-2175,5,3,396.12,1188.36,260.61,927.75,636.26,291.49,167.0
1161,20250513,7,81,7,8,F856-3085,5,10,979.11,9791.1,435.7,9355.4,4538.37,4817.03,1683.97
1162,20220807,26,24,8,12,F593-5958,6,10,1617.56,16175.6,1048.18,15127.42,8469.84,6657.58,2722.94
1163,20230529,83,99,3,18,F583-3452,7,6,521.37,3128.22,28.78,3099.44,2041.54,1057.9,557.9
1164,20241225,45,129,9,27,F761-4407,2,10,22.58,225.8,11.72,214.08,133.78,80.3,38.53
1165,20220922,66,30,9,22,F647-3055,8,9,586.65,5279.85,288.28,4991.57,2571.71,2419.86,898.48
1166,20250430,18,151,1,11,F719-1714,6,11,464.97,5114.67,476.18,4638.49,2525.55,2112.94,834.93
1167,20250523,2,26,3,30,F367-5019,3,16,502.32,8037.12,672.71,7364.41,4506.8,2857.61,1325.59
1168,20240115,60,152,10,23,F446-6543,8,1,965.59,965.59,106.02,859.57,519.31,340.26,154.72
1169,20220113,32,103,5,2,F995-3839,9,12,1480.24,17762.88,2667.98,15094.9,8613.74,6481.16,2717.08
1170,20230311,14,8,3,17,F171-4925,10,9,1887.74,16989.66,4052.03,12937.63,7118.12,5819.51,2328.77
1171,20240719,68,86,1,3,F317-2318,6,19,487.0,9253.0,1739.56,7513.44,3625.03,3888.41,1352.42
1172,20251214,59,45,5,10,F083-3025,4,15,2240.71,33610.65,6.72,33603.93,16360.84,17243.09,6048.71
1173,20240811,27,199,6,1,F489-2611,6,8,897.9,7183.2,276.55,6906.65,4066.89,2839.76,1243.2
1174,20230119,13,172,7,27,F475-3978,2,13,2002.58,26033.54,4548.06,21485.48,14571.63,6913.85,3867.39
1175,20240814,50,73,7,20,F404-8751,2,5,1186.89,5934.45,593.45,5341.0,2840.23,2500.77,961.38
1176,20240315,45,46,4,12,F371-5569,9,19,21.85,415.15,2.78,412.37,276.86,135.51,74.23
1177,20250226,1,36,8,7,F046-3461,5,13,75.0,975.0,222.88,752.12,459.84,292.28,135.38
1178,20220703,56,73,5,13,F692-7876,1,13,1666.0,21658.0,3541.08,18116.92,10080.76,8036.16,3261.05
1179,20250121,34,133,2,15,F826-1354,6,14,1944.13,27217.82,1222.08,25995.74,14286.06,11709.68,4679.23
1180,20240317,13,82,3,19,F520-6292,8,13,2081.09,27054.17,5435.18,21618.99,9794.62,11824.37,3891.42
1181,20251125,2,109,5,24,F650-1900,10,13,539.62,7015.06,740.79,6274.27,2908.93,3365.34,1129.37
1182,20230609,58,94,2,26,F184-6948,9,16,1260.5,20168.0,3589.9,16578.1,10958.82,5619.28,2984.06
1183,20240812,50,182,10,9,F203-8437,10,3,1387.97,4163.91,156.56,4007.35,2141.04,1866.31,721.32
1184,20251020,59,126,8,12,F052-9820,6,15,2259.47,33892.05,2386.0,31506.05,15135.12,16370.93,5671.09
1185,20220626,33,69,3,10,F366-6834,1,10,346.04,3460.4,663.36,2797.04,1275.12,1521.92,503.47
1186,20251026,58,10,9,24,F406-4074,3,2,1213.44,2426.88,361.36,2065.52,1113.96,951.56,371.79
1187,20241027,11,111,5,12,F996-7505,10,5,2290.74,11453.7,2081.14,9372.56,5700.67,3671.89,1687.06
1188,20220430,32,84,6,2,F151-9984,2,17,1699.26,28887.42,4110.68,24776.74,11401.27,13375.47,4459.81
1189,20230403,49,78,7,13,F023-3014,5,3,485.11,1455.33,122.83,1332.5,811.74,520.76,239.85
1190,20241120,84,30,4,19,F268-4968,10,3,423.5,1270.5,265.79,1004.71,560.99,443.72,180.85
1191,20220429,66,147,8,7,F779-7159,5,8,559.3,4474.4,776.76,3697.64,1709.08,1988.56,665.58
1192,20240523,24,174,5,9,F006-6672,4,2,1592.57,3185.14,481.59,2703.55,1831.48,872.07,486.64
1193,20230615,3,163,6,4,F227-3684,1,5,1707.48,8537.4,586.52,7950.88,4497.1,3453.78,1431.16
1194,20240725,42,118,10,14,F651-9753,6,20,1525.08,30501.6,2196.12,28305.48,17776.08,10529.4,5094.99
1195,20220325,70,89,8,5,F474-8176,4,18,1875.68,33762.24,104.66,33657.58,18011.82,15645.76,6058.36
1196,20250727,69,147,2,21,F499-9197,6,13,1431.76,18612.88,1189.36,17423.52,7981.13,9442.39,3136.23
1197,20251206,11,81,8,22,F479-0485,3,17,2133.98,36277.66,3348.43,32929.23,17220.53,15708.7,5927.26
1198,20251202,80,196,1,25,F997-4652,9,20,136.06,2721.2,239.19,2482.01,1384.67,1097.34,446.76
1199,20241231,63,156,2,4,F406-3577,4,13,896.13,11649.69,2682.92,8966.77,4330.27,4636.5,1614.02
1200,20220809,15,189,7,18,F419-5768,4,6,313.53,1881.18,406.71,1474.47,946.19,528.28,265.4
1201,20250116,54,28,6,17,F549-8725,7,9,2439.43,21954.87,1754.19,20200.68,10924.4,9276.28,3636.12
1202,20220216,29,116,3,30,F895-2911,7,16,596.92,9550.72,1807.0,7743.72,4038.9,3704.82,1393.87
1203,20220212,37,175,2,13,F595-6851,7,11,1089.85,11988.35,2286.18,9702.17,5957.59,3744.58,1746.39
1204,20230510,53,159,9,3,F614-9349,7,1,541.58,541.58,83.78,457.8,221.87,235.93,82.4
1205,20231221,3,176,2,12,F024-9853,7,8,1552.4,12419.2,516.64,11902.56,7217.4,4685.16,2142.46
1206,20250208,71,95,4,6,F484-3274,6,7,243.66,1705.62,362.61,1343.01,658.54,684.47,241.74
1207,20241021,17,63,10,15,F248-2898,8,1,2012.86,2012.86,104.27,1908.59,1078.92,829.67,343.55
1208,20231106,65,41,4,15,F740-1145,1,20,187.26,3745.2,784.62,2960.58,1977.73,982.85,532.9
1209,20230215,5,99,2,26,F428-4261,9,14,244.46,3422.44,741.98,2680.46,1873.33,807.13,482.48
1210,20251229,16,7,8,16,F848-0980,5,20,1377.33,27546.6,4457.04,23089.56,13473.74,9615.82,4156.12
1211,20231012,51,131,8,14,F807-2033,2,2,2333.44,4666.88,423.75,4243.13,2669.59,1573.54,763.76
1212,20231112,19,44,6,14,F673-5568,3,19,1690.43,32118.17,6051.06,26067.11,12458.67,13608.44,4692.08
1213,20220926,32,178,2,15,F921-8054,4,7,1658.75,11611.25,767.5,10843.75,5774.37,5069.38,1951.88
1214,20250323,34,67,10,9,F609-0586,3,15,1714.18,25712.7,2126.44,23586.26,13269.49,10316.77,4245.53
1215,20241103,19,93,5,10,F968-2594,10,1,1582.55,1582.55,87.52,1495.03,811.37,683.66,269.11
1216,20221204,82,178,3,5,F623-4790,7,15,390.14,5852.1,984.91,4867.19,2378.16,2489.03,876.09
1217,20220524,33,38,10,1,F266-5967,9,1,361.66,361.66,76.93,284.73,169.64,115.09,51.25
1218,20241017,67,165,3,19,F874-8210,6,20,1203.7,24074.0,5416.65,18657.35,12931.42,5725.93,3358.32
1219,20240912,67,124,3,16,F919-6224,1,16,1195.56,19128.96,3100.8,16028.16,10701.93,5326.23,2885.07
1220,20230214,9,156,2,21,F202-5841,8,10,1745.69,17456.9,900.78,16556.12,8071.47,8484.65,2980.1
1221,20251111,59,135,4,24,F208-5957,1,1,2324.34,2324.34,488.11,1836.23,1214.55,621.68,330.52
1222,20220908,52,137,9,28,F082-0918,8,11,1198.8,13186.8,1673.4,11513.4,5962.43,5550.97,2072.41
1223,20231020,73,177,4,8,F707-7473,3,8,1611.64,12893.12,825.16,12067.96,7661.45,4406.51,2172.23
1224,20251103,6,49,2,29,F925-2172,9,9,84.65,761.85,105.14,656.71,310.52,346.19,118.21
1225,20231004,39,123,8,4,F550-0837,6,8,1709.96,13679.68,834.46,12845.22,8226.34,4618.88,2312.14
1226,20240820,82,51,2,18,F604-3523,10,16,370.3,5924.8,172.41,5752.39,2708.49,3043.9,1035.43
1227,20230903,63,29,8,25,F659-3192,10,1,778.17,778.17,113.15,665.02,442.43,222.59,119.7
1228,20230216,82,105,10,9,F505-2893,6,15,416.67,6250.05,1550.64,4699.41,2410.5,2288.91,845.89
1229,20251216,65,137,4,11,F282-9196,9,10,181.21,1812.1,431.1,1381.0,724.9,656.1,248.58
1230,20230920,40,125,1,11,F915-8349,8,4,947.05,3788.2,925.46,2862.74,1965.05,897.69,515.29
1231,20250829,64,25,8,11,F654-8825,3,3,517.96,1553.88,295.39,1258.49,778.05,480.44,226.53
1232,20221212,25,82,9,16,F106-4917,10,8,1537.49,12299.92,655.59,11644.33,6700.67,4943.66,2095.98
1233,20221126,27,102,3,28,F162-9997,3,5,923.66,4618.3,373.62,4244.68,2113.75,2130.93,764.04
1234,20220301,42,200,5,8,F956-4307,8,16,1776.01,28416.16,4643.2,23772.96,15385.55,8387.41,4279.13
1235,20240908,39,191,6,15,F316-6969,10,10,1832.9,18329.0,1528.64,16800.36,9046.71,7753.65,3024.06
1236,20230722,51,105,6,21,F825-2293,8,1,2303.29,2303.29,439.01,1864.28,1027.26,837.02,335.57
1237,20250715,36,76,6,1,F330-7005,7,7,860.31,6022.17,314.36,5707.81,3591.17,2116.64,1027.41
1238,20231206,42,113,5,4,F077-3984,3,7,1640.03,11480.21,2289.15,9191.06,5554.98,3636.08,1654.39
1239,20251201,42,12,7,23,F983-7980,4,19,1696.24,32228.56,3786.86,28441.7,19703.93,8737.77,5119.51
1240,20221024,36,164,6,9,F551-6054,8,19,1055.25,20049.75,1880.67,18169.08,8636.85,9532.23,3270.43
1241,20250722,37,199,7,27,F156-2465,10,5,1117.44,5587.2,1230.3,4356.9,2041.2,2315.7,784.24
1242,20250220,39,147,9,25,F677-4272,9,18,1913.54,34443.72,757.76,33685.96,17223.86,16462.1,6063.47
1243,20250209,68,180,6,28,F370-7305,4,1,554.75,554.75,19.47,535.28,343.9,191.38,96.35
1244,20250613,24,174,5,9,F619-0380,3,8,1608.19,12865.52,1482.11,11383.41,6070.24,5313.17,2049.01
1245,20250121,16,13,9,2,F935-8393,6,14,1356.93,18997.02,1882.6,17114.42,9782.42,7332.0,3080.6
1246,20240803,3,84,9,16,F290-9418,6,2,1634.07,3268.14,784.03,2484.11,1660.06,824.05,447.14
1247,20220810,82,200,2,18,F163-8414,2,3,369.79,1109.37,156.75,952.62,660.7,291.92,171.47
1248,20220303,74,19,7,27,F284-7631,8,20,171.33,3426.6,556.82,2869.78,1428.35,1441.43,516.56
1249,20251005,20,117,9,25,F710-7085,1,3,2414.23,7242.69,328.82,6913.87,4105.5,2808.37,1244.5
1250,20240719,52,3,4,11,F438-2466,5,1,1186.1,1186.1,184.91,1001.19,548.14,453.05,180.21
1251,20250326,29,52,10,30,F364-9452,3,11,564.83,6213.13,826.97,5386.16,3303.89,2082.27,969.51
1252,20231214,25,137,10,28,F041-2087,9,7,1535.72,10750.04,828.83,9921.21,4714.8,5206.41,1785.82
1253,20220720,45,169,4,7,F311-2676,7,11,24.0,264.0,57.45,206.55,140.89,65.66,37.18
1254,20220802,35,113,2,27,F971-6146,1,7,1677.83,11744.81,2267.92,9476.89,4329.27,5147.62,1705.84
1255,20241024,57,103,4,7,F790-6235,10,7,2423.58,16965.06,1613.38,15351.68,8623.09,6728.59,2763.3
1256,20231018,16,133,2,6,F775-3435,2,6,1204.55,7227.3,915.7,6311.6,3752.73,2558.87,1136.09
1257,20221111,63,49,4,3,F819-8306,6,12,853.54,10242.48,1919.44,8323.04,4404.72,3918.32,1498.15
1258,20231224,62,98,7,13,F985-1640,6,4,284.46,1137.84,268.76,869.08,394.59,474.49,156.43
1259,20220424,47,77,4,23,F087-6385,8,3,1326.56,3979.68,431.8,3547.88,2348.53,1199.35,638.62
1260,20240523,3,12,3,28,F255-2906,10,9,1764.91,15884.19,2897.28,12986.91,8757.5,4229.41,2337.64
1261,20230206,2,10,1,20,F822-3438,5,5,498.81,2494.05,87.54,2406.51,1365.58,1040.93,433.17
1262,20250328,48,133,3,24,F829-2976,6,6,2050.75,12304.5,1289.51,11014.99,5437.65,5577.34,1982.7
1263,20230418,15,161,6,30,F862-4345,10,1,327.57,327.57,40.75,286.82,151.02,135.8,51.63
1264,20231117,42,9,3,30,F418-0762,9,1,1459.39,1459.39,120.98,1338.41,899.69,438.72,240.91
1265,20220123,49,90,4,3,F430-1087,2,17,510.56,8679.52,368.01,8311.51,3948.21,4363.3,1496.07
1266,20220508,61,35,10,26,F653-0012,5,14,1040.65,14569.1,3117.79,11451.31,6689.65,4761.66,2061.24
1267,20230827,61,94,10,22,F734-1580,8,9,1041.76,9375.84,300.03,9075.81,5573.4,3502.41,1633.65
1268,20231213,64,34,3,8,F676-1347,2,19,586.69,11147.11,547.32,10599.79,5351.07,5248.72,1907.96
1269,20240621,52,48,5,11,F728-7572,10,20,1114.21,22284.2,586.07,21698.13,10991.31,10706.82,3905.66
1270,20230318,67,109,6,22,F149-9493,1,9,1232.42,11091.78,2107.44,8984.34,4338.78,4645.56,1617.18
1271,20241104,50,163,1,27,F814-3897,3,7,1323.34,9263.38,2268.6,6994.78,3172.7,3822.08,1259.06
1272,20250708,51,49,10,13,F463-3520,8,19,2101.04,39919.76,4798.36,35121.4,23335.36,11786.04,6321.85
1273,20250226,80,197,9,30,F346-5526,3,15,127.0,1905.0,56.2,1848.8,961.05,887.75,332.78
1274,20220315,33,25,6,25,F532-4307,2,16,339.77,5436.32,1049.21,4387.11,2474.68,1912.43,789.68
1275,20231213,47,59,8,27,F114-1971,9,1,1194.0,1194.0,287.99,906.01,436.3,469.71,163.08
1276,20220630,38,22,9,6,F408-8371,4,12,1886.04,22632.48,1738.17,20894.31,11680.78,9213.53,3760.98
1277,20221224,19,191,6,17,F616-2487,10,8,1688.09,13504.72,2619.92,10884.8,5438.8,5446.0,1959.26
1278,20251219,68,136,3,12,F163-1641,3,18,522.75,9409.5,853.44,8556.06,4343.11,4212.95,1540.09
1279,20220827,82,184,3,18,F965-9989,7,20,418.37,8367.4,473.59,7893.81,5388.81,2505.0,1420.89
1280,20231231,26,108,8,15,F330-2231,5,13,1654.58,21509.54,1593.86,19915.68,13447.85,6467.83,3584.82
1281,20240721,1,188,10,20,F983-1095,1,18,66.73,1201.14,200.59,1000.55,502.46,498.09,180.1
1282,20241113,53,63,7,26,F164-6866,7,16,535.65,8570.4,1762.07,6808.33,4365.15,2443.18,1225.5
1283,20240416,76,71,3,29,F412-2023,10,12,436.43,5237.16,92.17,5144.99,3554.36,1590.63,926.1
1284,20220119,20,3,2,17,F319-8590,2,5,2195.19,10975.95,1845.06,9130.89,5845.1,3285.79,1643.56
1285,20230514,81,32,9,24,F625-7445,3,8,2349.52,18796.16,3103.25,15692.91,8234.16,7458.75,2824.72
1286,20240204,10,11,7,27,F913-4186,2,11,882.93,9712.23,2125.04,7587.19,5215.22,2371.97,1365.69
1287,20220602,81,125,5,8,F536-1689,2,19,2285.59,43426.21,1828.24,41597.97,26100.24,15497.73,7487.63
1288,20230623,78,127,7,14,F059-1724,5,12,1213.48,14561.76,878.07,13683.69,9065.33,4618.36,2463.06
1289,20220304,36,65,6,3,F014-1657,8,17,1038.69,17657.73,1451.47,16206.26,9995.12,6211.14,2917.13
1290,20220518,32,27,8,18,F622-9268,7,8,1589.78,12718.24,1879.76,10838.48,6680.92,4157.56,1950.93
1291,20230902,78,165,2,19,F098-1925,4,13,1110.82,14440.66,151.63,14289.03,6815.14,7473.89,2572.03
1292,20220813,47,191,1,12,F663-7213,8,20,1233.22,24664.4,2602.09,22062.31,12099.77,9962.54,3971.22
1293,20240429,74,161,7,22,F930-0421,4,2,169.38,338.76,79.61,259.15,169.3,89.85,46.65
1294,20241029,73,8,8,28,F913-4154,6,11,1496.09,16456.99,406.49,16050.5,10917.03,5133.47,2889.09
1295,20250402,45,84,8,23,F651-4312,3,8,21.23,169.84,11.75,158.09,102.11,55.98,28.46
1296,20221111,27,193,6,25,F836-2819,8,18,921.26,16582.68,2688.05,13894.63,8825.54,5069.09,2501.03
1297,20221001,12,59,6,27,F314-1660,2,20,225.04,4500.8,605.81,3894.99,2536.76,1358.23,701.1
1298,20220629,82,98,4,9,F877-7954,6,20,398.82,7976.4,991.47,6984.93,3468.35,3516.58,1257.29
1299,20240817,44,83,1,4,F195-9533,5,12,295.48,3545.76,669.08,2876.68,1984.41,892.27,517.8
1300,20241118,65,46,7,20,F713-1245,4,18,189.51,3411.18,252.77,3158.41,1863.4,1295.01,568.51
1301,20220302,12,68,3,23,F349-8730,6,20,213.09,4261.8,974.67,3287.13,2024.21,1262.92,591.68
1302,20251025,51,76,10,19,F995-1347,6,13,2013.97,26181.61,678.1,25503.51,17572.4,7931.11,4590.63
1303,20220404,29,71,1,16,F230-3588,4,2,548.26,1096.52,67.44,1029.08,502.97,526.11,185.23
1304,20240317,29,6,10,16,F859-7192,7,7,548.0,3836.0,139.25,3696.75,1937.83,1758.92,665.41
1305,20241121,72,133,10,13,F643-9429,7,19,995.38,18912.22,909.68,18002.54,8938.52,9064.02,3240.46
1306,20250726,34,95,6,29,F948-3846,6,12,1850.15,22201.8,4460.34,17741.46,9152.63,8588.83,3193.46
1307,20241126,70,180,4,26,F552-9486,3,5,1862.76,9313.8,748.83,8564.97,5626.0,2938.97,1541.69
1308,20250403,13,27,10,8,F738-5708,9,17,2219.02,37723.34,6680.8,31042.54,18123.88,12918.66,5587.66
1309,20230605,29,113,8,19,F447-1060,3,19,550.92,10467.48,2189.8,8277.68,4677.38,3600.3,1489.98
1310,20250425,3,123,3,3,F699-5807,2,18,1632.12,29378.16,4776.89,24601.27,16580.28,8020.99,4428.23
1311,20220520,36,181,3,13,F221-7408,5,1,971.19,971.19,173.26,797.93,456.98,340.95,143.63
1312,20250830,69,131,7,5,F785-8842,10,10,1431.61,14316.1,1182.51,13133.59,7781.18,5352.41,2364.05
1313,20240327,41,151,2,25,F073-1043,9,20,1359.83,27196.6,359.0,26837.6,17138.94,9698.66,4830.77
1314,20250429,53,195,3,27,F186-0484,8,7,607.65,4253.55,264.57,3988.98,2394.91,1594.07,718.02
1315,20231113,16,176,7,26,F418-6248,8,4,1270.82,5083.28,1202.2,3881.08,2303.42,1577.66,698.59
1316,20240828,18,182,7,29,F259-8187,2,6,502.43,3014.58,72.35,2942.23,1585.24,1356.99,529.6
1317,20240220,24,163,2,11,F463-1541,9,7,1586.81,11107.67,629.8,10477.87,7296.88,3180.99,1886.02
1318,20241214,33,175,6,4,F173-0029,9,20,316.04,6320.8,96.08,6224.72,3668.12,2556.6,1120.45
1319,20220523,2,146,10,12,F880-1137,3,13,484.76,6301.88,482.72,5819.16,3782.51,2036.65,1047.45
1320,20220418,25,89,2,28,F700-2535,10,16,1493.98,23903.68,1085.23,22818.45,11514.04,11304.41,4107.32
1321,20221229,48,46,9,5,F834-7293,1,15,2032.39,30485.85,5383.8,25102.05,16816.31,8285.74,4518.37
1322,20220920,80,31,5,30,F299-1766,6,18,120.69,2172.42,482.49,1689.93,1095.77,594.16,304.19
1323,20250727,24,155,3,20,F943-5528,8,6,1702.77,10216.62,2299.76,7916.86,4547.55,3369.31,1425.03
1324,20221202,71,17,6,8,F375-2317,4,15,260.05,3900.75,920.58,2980.17,1839.29,1140.88,536.43
1325,20251208,63,123,10,4,F869-8518,2,13,759.08,9868.04,102.63,9765.41,4537.56,5227.85,1757.77
1326,20230531,84,134,7,25,F560-3293,5,17,387.69,6590.73,927.32,5663.41,3542.75,2120.66,1019.41
1327,20221020,42,104,7,13,F085-8036,1,7,1495.89,10471.23,766.49,9704.74,5886.75,3817.99,1746.85
1328,20250315,63,128,5,25,F701-0904,9,18,744.71,13404.78,1621.98,11782.8,6447.57,5335.23,2120.9
1329,20240918,6,147,9,6,F657-5139,1,3,71.84,215.52,16.55,198.97,118.76,80.21,35.81
1330,20231230,69,138,1,27,F846-7108,9,10,1237.95,12379.5,1190.91,11188.59,6018.81,5169.78,2013.95
1331,20240409,68,55,2,15,F973-3043,4,17,558.24,9490.08,879.73,8610.35,5379.71,3230.64,1549.86
1332,20241202,41,157,1,2,F945-6251,4,7,1149.78,8048.46,996.4,7052.06,4180.36,2871.7,1269.37
1333,20221211,15,85,3,13,F847-3742,6,1,336.53,336.53,76.09,260.44,160.14,100.3,46.88
1334,20251228,52,67,7,22,F585-5075,4,5,1055.81,5279.05,790.27,4488.78,2717.69,1771.09,807.98
1335,20251207,84,106,7,9,F863-3105,8,9,422.99,3806.91,389.45,3417.46,1546.59,1870.87,615.14
1336,20240906,33,33,4,3,F653-1875,2,13,358.95,4666.35,48.53,4617.82,2963.63,1654.19,831.21
1337,20221110,21,43,5,22,F733-6525,5,16,2234.22,35747.52,593.41,35154.11,20538.26,14615.85,6327.74
1338,20241017,69,102,4,3,F569-8159,4,19,1312.75,24942.25,1631.22,23311.03,14924.82,8386.21,4195.99
1339,20220507,17,59,1,27,F398-3023,2,2,2112.66,4225.32,495.21,3730.11,1780.52,1949.59,671.42
1340,20220228,9,114,10,25,F043-8252,4,20,1707.44,34148.8,3165.59,30983.21,19661.53,11321.68,5576.98
1341,20230115,27,88,5,30,F180-5737,8,2,953.14,1906.28,271.07,1635.21,1123.63,511.58,294.34
1342,20231125,26,75,9,3,F231-3015,4,2,1882.26,3764.52,368.17,3396.35,1658.35,1738.0,611.34
1343,20250721,43,63,10,17,F295-9124,3,15,1846.33,27694.95,174.48,27520.47,15415.11,12105.36,4953.68
1344,20241210,19,105,9,18,F018-2784,6,11,1590.96,17500.56,248.51,17252.05,10716.81,6535.24,3105.37
1345,20241224,48,1,10,2,F834-6350,10,4,1806.76,7227.04,1236.55,5990.49,2704.56,3285.93,1078.29
1346,20231012,16,167,8,30,F586-6326,5,2,1416.5,2833.0,399.17,2433.83,1140.2,1293.63,438.09
1347,20230615,79,89,8,16,F942-2510,8,8,1035.09,8280.72,1413.52,6867.2,4141.97,2725.23,1236.1
1348,20230726,69,45,7,9,F904-2627,6,8,1484.35,11874.8,428.68,11446.12,6973.82,4472.3,2060.3
1349,20251220,3,182,9,28,F233-6591,3,10,1588.61,15886.1,571.9,15314.2,8652.26,6661.94,2756.56
1350,20220316,81,188,8,15,F976-6365,8,13,2230.55,28997.15,3053.4,25943.75,14384.03,11559.72,4669.88
1351,20250719,47,63,4,23,F196-9313,4,13,1171.35,15227.55,507.08,14720.47,8574.44,6146.03,2649.68
1352,20240517,80,105,6,21,F315-3499,7,15,129.83,1947.45,267.0,1680.45,1077.16,603.29,302.48
1353,20231028,19,199,10,14,F053-3268,4,18,1565.46,28178.28,4595.88,23582.4,12382.65,11199.75,4244.83
1354,20241208,44,111,3,15,F025-3383,7,6,280.62,1683.72,277.65,1406.07,962.15,443.92,253.09
1355,20231219,73,197,3,21,F412-9422,4,9,1660.28,14942.52,3674.37,11268.15,6988.03,4280.12,2028.27
1356,20250730,20,196,8,11,F626-8694,1,15,2296.41,34446.15,2114.99,32331.16,20517.89,11813.27,5819.61
1357,20250907,13,14,6,28,F093-5134,6,3,2136.7,6410.1,34.61,6375.49,4335.61,2039.88,1147.59
1358,20231007,26,160,6,19,F927-7318,8,7,1824.54,12771.78,982.15,11789.63,5499.93,6289.7,2122.13
1359,20230221,44,41,3,6,F426-1941,9,10,289.5,2895.0,219.44,2675.56,1740.68,934.88,481.6
1360,20240609,80,72,4,4,F680-2403,8,18,131.13,2360.34,325.96,2034.38,1154.29,880.09,366.19
1361,20250924,13,123,3,25,F021-9604,6,5,2123.43,10617.15,2336.83,8280.32,4704.9,3575.42,1490.46
1362,20221123,57,126,10,12,F907-5567,2,6,2289.73,13738.38,1535.95,12202.43,5551.67,6650.76,2196.44
1363,20240729,48,39,2,30,F810-3230,6,5,1819.59,9097.95,1419.28,7678.67,4755.73,2922.94,1382.16
1364,20240810,38,127,1,20,F913-9672,7,3,2138.21,6414.63,568.98,5845.65,4067.95,1777.7,1052.22
1365,20241215,22,134,1,16,F327-2735,1,9,1053.86,9484.74,455.27,9029.47,4695.88,4333.59,1625.3
1366,20220811,84,87,1,9,F768-7506,2,10,380.76,3807.6,250.54,3557.06,2486.52,1070.54,640.27
1367,20241128,43,3,10,1,F310-6237,4,5,1806.17,9030.85,1968.73,7062.12,4813.8,2248.32,1271.18
1368,20250919,61,97,6,12,F823-8399,7,2,1022.01,2044.02,355.25,1688.77,874.06,814.71,303.98
1369,20221017,53,142,4,16,F289-4370,2,5,604.83,3024.15,712.79,2311.36,1455.65,855.71,416.04
1370,20221220,58,131,2,1,F831-2106,2,3,1371.04,4113.12,828.38,3284.74,2228.16,1056.58,591.25
1371,20251204,32,61,2,28,F078-0159,1,12,1421.67,17060.04,276.37,16783.67,9952.33,6831.34,3021.06
1372,20221018,44,118,6,26,F681-1734,10,20,299.23,5984.6,105.33,5879.27,3502.21,2377.06,1058.27
1373,20250629,16,21,3,3,F736-1501,1,5,1194.38,5971.9,298.0,5673.9,3611.53,2062.37,1021.3
1374,20231224,56,100,6,21,F543-3157,8,8,1934.06,15472.48,813.85,14658.63,9223.87,5434.76,2638.55
1375,20221229,26,74,10,28,F882-1004,8,16,1811.62,28985.92,4388.47,24597.45,12213.03,12384.42,4427.54
1376,20250725,24,37,9,19,F997-3103,2,3,1673.74,5021.22,220.93,4800.29,2397.41,2402.88,864.05
1377,20231105,10,102,10,10,F616-6755,9,11,763.83,8402.13,1588.84,6813.29,3453.85,3359.44,1226.39
1378,20240129,82,62,9,1,F671-4124,5,14,388.48,5438.72,341.01,5097.71,2733.34,2364.37,917.59
1379,20230707,21,16,10,25,F838-7047,2,3,1871.01,5613.03,693.21,4919.82,3324.19,1595.63,885.57
1380,20240610,58,93,10,22,F983-1080,10,3,1130.51,3391.53,269.97,3121.56,2006.68,1114.88,561.88
1381,20220926,34,123,6,16,F308-8014,6,11,1857.77,20435.47,2303.08,18132.39,11524.01,6608.38,3263.83
1382,20230825,70,177,6,14,F477-7564,6,7,2122.35,14856.45,846.82,14009.63,6901.68,7107.95,2521.73
1383,20251202,52,193,7,14,F973-0402,3,15,1158.79,17381.85,1964.15,15417.7,7485.61,7932.09,2775.19
1384,20230116,41,170,3,5,F608-3014,4,5,1231.83,6159.15,615.3,5543.85,2514.07,3029.78,997.89
1385,20240916,13,6,8,13,F163-4973,9,16,1809.82,28957.12,1085.89,27871.23,14892.4,12978.83,5016.82
1386,20230512,36,112,3,16,F993-0980,6,16,902.27,14436.32,2189.99,12246.33,7039.0,5207.33,2204.34
1387,20250214,14,37,4,17,F966-8098,4,11,1744.64,19191.04,3387.22,15803.82,9513.18,6290.64,2844.69
1388,20220810,54,80,10,14,F627-1997,10,10,2245.27,22452.7,3545.28,18907.42,10108.76,8798.66,3403.34
1389,20251203,17,33,6,19,F994-7759,2,11,2117.71,23294.81,4221.02,19073.79,12431.94,6641.85,3433.28
1390,20231115,3,177,4,30,F893-5121,8,14,1593.81,22313.34,1372.27,20941.07,14368.59,6572.48,3769.39
1391,20221218,36,33,6,26,F648-9377,4,19,968.22,18396.18,3651.64,14744.54,9209.18,5535.36,2654.02
1392,20220509,76,5,6,17,F902-1567,7,8,477.29,3818.32,466.22,3352.1,1902.11,1449.99,603.38
1393,20221004,19,187,5,3,F461-6383,4,3,1616.32,4848.96,641.52,4207.44,2380.03,1827.41,757.34
1394,20240208,36,64,4,21,F004-5362,6,12,999.83,11997.96,2542.37,9455.59,4394.54,5061.05,1702.01
1395,20230601,80,125,6,20,F905-8787,4,5,133.18,665.9,130.45,535.45,369.01,166.44,96.38
1396,20250518,83,16,4,17,F819-8260,5,20,484.79,9695.8,1466.97,8228.83,4311.12,3917.71,1481.19
1397,20231018,32,77,5,7,F148-4852,1,14,1657.15,23200.1,4064.66,19135.44,12690.15,6445.29,3444.38
1398,20221230,4,38,8,21,F392-9098,3,14,1453.21,20344.94,400.8,19944.14,11293.07,8651.07,3589.95
1399,20240719,77,71,4,23,F622-7428,5,11,341.12,3752.32,100.94,3651.38,1892.83,1758.55,657.25
1400,20241118,21,84,9,16,F378-2323,6,11,2097.3,23070.3,5513.8,17556.5,8444.3,9112.2,3160.17
1401,20221001,49,84,10,27,F779-0566,5,14,488.93,6845.02,1106.16,5738.86,3149.97,2588.89,1032.99
1402,20221001,42,186,3,16,F066-1113,3,19,1642.61,31209.59,305.85,30903.74,17860.11,13043.63,5562.67
1403,20220310,20,194,6,12,F347-1330,7,6,2144.16,12864.96,3023.27,9841.69,5006.99,4834.7,1771.5
1404,20241218,44,107,7,23,F159-8981,2,16,292.26,4676.16,468.08,4208.08,1959.02,2249.06,757.45
1405,20240926,27,59,4,2,F661-9138,1,4,900.19,3600.76,686.66,2914.1,1944.19,969.91,524.54
1406,20231208,7,195,4,5,F978-2256,9,8,1034.86,8278.88,990.98,7287.9,3356.4,3931.5,1311.82
1407,20250612,41,127,1,22,F732-6799,9,13,1216.27,15811.51,75.9,15735.61,10092.57,5643.04,2832.41
1408,20250410,9,126,1,12,F719-1321,10,19,1630.8,30985.2,278.87,30706.33,15579.67,15126.66,5527.14
1409,20240528,48,2,10,10,F273-9114,6,6,2005.08,12030.48,1194.63,10835.85,5288.59,5547.26,1950.45
1410,20250721,66,51,6,29,F267-6433,2,7,541.69,3791.83,714.76,3077.07,1581.83,1495.24,553.87
1411,20221117,84,172,9,25,F416-3353,3,1,384.71,384.71,42.86,341.85,236.54,105.31,61.53
1412,20220711,15,52,10,24,F766-4893,4,4,279.12,1116.48,207.33,909.15,607.82,301.33,163.65
1413,20230207,76,59,10,29,F906-4135,4,12,497.77,5973.24,692.3,5280.94,3231.71,2049.23,950.57
1414,20220412,66,86,4,16,F970-6367,6,1,499.11,499.11,27.0,472.11,233.8,238.31,84.98
1415,20240301,59,123,9,20,F293-4072,2,20,2524.41,50488.2,9517.03,40971.17,27868.78,13102.39,7374.81
1416,20251025,79,3,5,30,F001-4972,8,1,972.7,972.7,207.38,765.32,462.88,302.44,137.76
1417,20220314,49,166,4,14,F760-6109,2,6,507.13,3042.78,73.94,2968.84,1609.15,1359.69,534.39
1418,20220728,36,31,5,5,F270-7487,4,1,940.51,940.51,69.97,870.54,399.36,471.18,156.7
1419,20231113,16,45,1,4,F089-3848,8,1,1433.81,1433.81,315.58,1118.23,763.76,354.47,201.28
1420,20251022,75,123,2,24,F709-2512,4,9,1982.39,17841.51,1204.3,16637.21,10410.22,6226.99,2994.7
1421,20230427,9,120,7,6,F997-0218,10,13,1766.66,22966.58,172.25,22794.33,13092.06,9702.27,4102.98
1422,20240115,6,52,5,1,F688-4456,4,9,79.43,714.87,126.89,587.98,370.26,217.72,105.84
1423,20220318,31,145,7,18,F975-8005,4,1,2166.31,2166.31,539.41,1626.9,750.05,876.85,292.84
1424,20220904,7,121,9,6,F383-6083,9,3,959.48,2878.44,430.33,2448.11,1380.89,1067.22,440.66
1425,20251219,70,96,8,12,F786-4792,3,12,1777.29,21327.48,2171.14,19156.34,11399.04,7757.3,3448.14
1426,20251128,64,155,5,29,F141-5453,6,14,578.12,8093.68,729.24,7364.44,4108.83,3255.61,1325.6
1427,20220110,83,11,6,17,F941-2377,10,18,515.2,9273.6,1997.53,7276.07,3573.05,3703.02,1309.69
1428,20251112,44,53,7,3,F844-6865,2,6,279.95,1679.7,357.44,1322.26,784.66,537.6,238.01
1429,20240821,65,141,3,24,F233-5487,8,17,183.53,3120.01,81.12,3038.89,1370.57,1668.32,547.0
1430,20250721,15,169,7,8,F591-5753,7,12,297.58,3570.96,489.58,3081.38,1690.88,1390.5,554.65
1431,20231116,14,193,4,23,F001-8266,2,15,1808.86,27132.9,1055.47,26077.43,16258.9,9818.53,4693.94
1432,20240131,64,194,7,10,F846-3429,9,3,515.76,1547.28,268.76,1278.52,673.32,605.2,230.13
1433,20231221,82,31,4,6,F848-1169,2,7,372.31,2606.17,15.38,2590.79,1186.0,1404.79,466.34
1434,20240930,33,104,1,23,F612-4919,6,4,348.03,1392.12,146.87,1245.25,671.66,573.59,224.14
1435,20220822,50,123,10,19,F043-8051,1,10,1253.69,12536.9,1342.7,11194.2,6687.67,4506.53,2014.96
1436,20220227,64,99,9,25,F101-6926,10,1,536.33,536.33,34.27,502.06,285.37,216.69,90.37
1437,20230414,80,125,2,16,F259-8909,2,16,144.39,2310.24,574.56,1735.68,945.93,789.75,312.42
1438,20241116,11,62,10,16,F036-5290,5,4,2152.1,8608.4,978.78,7629.62,4862.07,2767.55,1373.33
1439,20221113,71,3,3,19,F884-0463,9,15,257.26,3858.9,208.77,3650.13,2017.25,1632.88,657.02
1440,20241008,57,100,9,21,F742-0799,5,6,2045.46,12272.76,1421.19,10851.57,6774.45,4077.12,1953.28
1441,20251203,75,76,3,2,F298-9849,6,17,1750.97,29766.49,3655.32,26111.17,17639.8,8471.37,4700.01
1442,20220612,55,124,8,8,F006-6346,3,5,1781.21,8906.05,2156.15,6749.9,3167.09,3582.81,1214.98
1443,20241007,49,150,8,8,F731-7286,2,6,437.37,2624.22,146.69,2477.53,1651.0,826.53,445.96
1444,20231104,13,145,1,15,F509-6008,7,5,1872.62,9363.1,1733.11,7629.99,5239.27,2390.72,1373.4
1445,20250721,3,122,1,9,F447-9131,7,12,1682.49,20189.88,3204.13,16985.75,8095.1,8890.65,3057.43
1446,20221014,9,122,7,17,F942-3986,3,9,1640.32,14762.88,3238.98,11523.9,7100.75,4423.15,2074.3
1447,20241102,16,115,9,12,F571-4310,8,3,1185.48,3556.44,507.15,3049.29,1878.85,1170.44,548.87
1448,20250602,9,11,4,7,F151-4921,3,6,1984.6,11907.6,1732.56,10175.04,4873.46,5301.58,1831.51
1449,20251104,51,135,5,19,F544-0146,5,2,1957.98,3915.96,499.28,3416.68,1547.9,1868.78,615.0
1450,20241021,18,49,8,16,F491-3509,2,8,450.41,3603.28,775.07,2828.21,1839.2,989.01,509.08
1451,20231229,23,171,3,28,F523-2383,2,18,388.84,6999.12,1502.71,5496.41,2570.83,2925.58,989.35
1452,20240720,62,193,7,27,F641-5927,4,3,300.76,902.28,127.67,774.61,396.42,378.19,139.43
1453,20250722,34,102,1,7,F688-6123,7,14,1738.04,24332.56,260.36,24072.2,12761.2,11311.0,4333.0
1454,20240504,58,158,9,29,F417-2577,4,8,1288.19,10305.52,1929.19,8376.33,4035.98,4340.35,1507.74
1455,20220228,77,8,7,3,F576-1391,3,16,346.73,5547.68,1072.37,4475.31,2498.05,1977.26,805.56
1456,20251018,83,88,5,27,F549-9918,6,9,468.6,4217.4,414.57,3802.83,2152.88,1649.95,684.51
1457,20241029,40,177,10,23,F574-9916,10,16,991.62,15865.92,2029.25,13836.67,7562.06,6274.61,2490.6
1458,20241012,74,88,9,17,F632-1032,5,11,145.32,1598.52,36.29,1562.23,894.25,667.98,281.2
1459,20221129,81,59,6,30,F928-5312,4,9,2189.49,19705.41,4309.57,15395.84,9216.08,6179.76,2771.25
1460,20240919,73,174,7,9,F271-9794,7,10,1499.65,14996.5,719.83,14276.67,7620.17,6656.5,2569.8
1461,20230829,25,49,6,23,F556-9059,6,5,1534.29,7671.45,1538.89,6132.56,3814.96,2317.6,1103.86
1462,20240908,27,186,5,21,F253-3371,10,19,967.15,18375.85,2388.86,15986.99,7662.61,8324.38,2877.66
1463,20220702,82,96,4,13,F496-4436,10,6,435.17,2611.02,579.12,2031.9,1325.6,706.3,365.74
1464,20240917,59,32,7,27,F564-6441,1,5,2308.91,11544.55,735.39,10809.16,5058.82,5750.34,1945.65
1465,20251231,9,141,10,27,F284-8375,10,9,1687.36,15186.24,3523.21,11663.03,6574.34,5088.69,2099.35
1466,20220329,54,126,10,4,F488-7163,7,2,2107.29,4214.58,1034.26,3180.32,1930.54,1249.78,572.46
1467,20251210,41,14,1,28,F072-4545,2,6,1162.14,6972.84,214.07,6758.77,4325.82,2432.95,1216.58
1468,20230916,71,176,7,7,F041-9283,1,5,244.88,1224.4,239.98,984.42,670.82,313.6,177.2
1469,20250725,2,62,4,8,F634-9891,10,20,496.92,9938.4,1787.92,8150.48,4246.78,3903.7,1467.09
1470,20250303,35,142,10,11,F781-3603,3,12,1937.89,23254.68,4888.13,18366.55,8961.51,9405.04,3305.98
1471,20240428,50,147,10,9,F829-7967,2,20,1207.12,24142.4,106.23,24036.17,11780.1,12256.07,4326.51
1472,20241220,13,43,3,30,F226-4579,2,14,1907.3,26702.2,1473.96,25228.24,14250.84,10977.4,4541.08
1473,20250806,1,99,8,7,F238-1645,2,10,69.26,692.6,75.35,617.25,410.61,206.64,111.1
1474,20230912,53,158,7,1,F555-4452,4,15,605.46,9081.9,341.48,8740.42,5873.82,2866.6,1573.28
1475,20230515,63,130,10,13,F859-7245,10,17,801.55,13626.35,1166.42,12459.93,5671.5,6788.43,2242.79
1476,20241001,27,97,3,26,F414-3394,4,3,885.71,2657.13,399.1,2258.03,1410.66,847.37,406.45
1477,20250413,41,60,7,20,F899-7696,1,9,1224.33,11018.97,685.38,10333.59,5401.05,4932.54,1860.05
1478,20250124,73,100,10,12,F369-6242,1,3,1517.48,4552.44,514.88,4037.56,2624.52,1413.04,726.76
1479,20250328,63,66,6,8,F276-6007,5,15,801.49,12022.35,2732.68,9289.67,4388.12,4901.55,1672.14
1480,20231024,62,154,9,26,F201-0595,7,8,278.33,2226.64,475.16,1751.48,1070.6,680.88,315.27
1481,20250430,47,24,10,23,F567-0821,5,8,1097.35,8778.8,197.52,8581.28,5826.37,2754.91,1544.63
1482,20220725,11,112,5,28,F938-3048,4,9,2286.08,20574.72,2331.12,18243.6,9546.66,8696.94,3283.85
1483,20240322,53,159,1,19,F671-2883,5,17,556.55,9461.35,158.0,9303.35,6214.2,3089.15,1674.6
1484,20220112,71,51,10,23,F079-1104,2,14,241.55,3381.7,756.49,2625.21,1336.39,1288.82,472.54
1485,20230511,35,142,6,24,F184-2503,9,6,1896.51,11379.06,1519.1,9859.96,6357.36,3502.6,1774.79
1486,20230719,24,70,9,27,F022-8207,9,1,1581.59,1581.59,128.74,1452.85,716.18,736.67,261.51
1487,20230901,8,34,4,28,F624-6017,10,6,655.98,3935.88,47.62,3888.26,1901.27,1986.99,699.89
1488,20241105,36,64,3,21,F621-0693,2,15,949.56,14243.4,623.86,13619.54,6502.91,7116.63,2451.52
1489,20230821,49,174,7,18,F555-6618,9,10,446.74,4467.4,514.64,3952.76,2568.15,1384.61,711.5
1490,20231109,60,184,7,25,F258-8577,7,17,1049.2,17836.4,1578.52,16257.88,9777.15,6480.73,2926.42
1491,20221220,22,19,10,12,F863-4890,2,16,1085.35,17365.6,548.75,16816.85,7720.69,9096.16,3027.03
1492,20230730,78,81,8,7,F769-0263,4,13,1200.54,15607.02,1467.06,14139.96,7683.74,6456.22,2545.19
1493,20221210,56,195,3,21,F813-4948,7,5,1927.72,9638.6,1084.34,8554.26,5112.09,3442.17,1539.77
1494,20220509,32,103,8,23,F477-6088,4,8,1443.99,11551.92,2609.58,8942.34,4589.48,4352.86,1609.62
1495,20240627,60,164,2,10,F384-0871,6,2,881.78,1763.56,108.11,1655.45,805.19,850.26,297.98
1496,20241002,60,132,9,16,F042-7856,2,14,1038.59,14540.26,283.54,14256.72,7463.22,6793.5,2566.21
1497,20240723,46,26,3,24,F729-9202,5,10,2226.71,22267.1,5132.57,17134.53,8421.39,8713.14,3084.22
1498,20231126,8,115,7,11,F818-7542,6,7,603.84,4226.88,666.58,3560.3,1932.59,1627.71,640.85
1499,20230809,80,32,8,25,F500-7101,9,12,128.79,1545.48,19.63,1525.85,883.85,642.0,274.65
1500,20250713,5,18,3,30,F845-6192,6,18,243.68,4386.24,799.17,3587.07,2122.07,1465.0,645.67
1501,20240206,57,51,2,20,F394-4519,7,9,2359.13,21232.17,764.36,20467.81,13110.19,7357.62,3684.21
1502,20231212,29,108,10,7,F428-2485,7,10,501.45,5014.5,15.04,4999.46,2415.92,2583.54,899.9
1503,20220218,71,10,5,24,F495-1083,4,7,246.57,1725.99,0.17,1725.82,805.19,920.63,310.65
1504,20230608,60,21,8,26,F921-5616,10,6,1039.74,6238.44,1442.33,4796.11,2749.95,2046.16,863.3
1505,20230809,48,190,6,21,F681-5350,9,9,2148.93,19340.37,2790.82,16549.55,9714.28,6835.27,2978.92
1506,20230905,20,153,4,8,F835-0365,7,19,2422.76,46032.44,5984.22,40048.22,20814.71,19233.51,7208.68
1507,20240520,62,104,1,19,F308-4222,2,17,285.53,4854.01,364.54,4489.47,3112.06,1377.41,808.1
1508,20240305,19,40,2,23,F556-8288,6,8,1593.57,12748.56,2807.23,9941.33,5091.8,4849.53,1789.44
1509,20240704,53,63,3,20,F493-1087,6,14,609.13,8527.82,1207.54,7320.28,3841.47,3478.81,1317.65
1510,20250129,8,8,6,12,F122-5047,4,14,661.89,9266.46,356.76,8909.7,5063.32,3846.38,1603.75
1511,20250422,63,55,7,14,F870-3853,5,16,877.22,14035.52,3256.24,10779.28,5918.75,4860.53,1940.27
1512,20241201,32,152,7,28,F085-1650,2,6,1597.93,9587.58,805.36,8782.22,5264.9,3517.32,1580.8
1513,20251117,11,24,3,2,F003-7721,3,1,2415.78,2415.78,90.59,2325.19,1295.45,1029.74,418.53
1514,20220204,5,180,6,22,F586-1434,1,12,217.27,2607.24,442.45,2164.79,1471.02,693.77,389.66
1515,20221106,22,22,1,20,F001-3150,3,11,1174.35,12917.85,322.95,12594.9,8804.83,3790.07,2267.08
1516,20220115,51,158,9,3,F852-4661,3,16,2331.55,37304.8,1003.5,36301.3,21720.61,14580.69,6534.23
1517,20240902,9,132,2,16,F622-3667,5,9,1791.29,16121.61,633.58,15488.03,9974.58,5513.45,2787.85
1518,20250903,5,116,6,17,F314-4812,7,11,230.15,2531.65,421.01,2110.64,1316.46,794.18,379.92
1519,20221225,54,171,6,7,F247-7558,3,8,2395.15,19161.2,3805.41,15355.79,10162.17,5193.62,2764.04
1520,20251013,20,28,8,5,F153-1204,5,2,2111.92,4223.84,620.48,3603.36,1727.56,1875.8,648.6
1521,20220418,43,105,2,30,F660-9046,10,19,1857.5,35292.5,2110.49,33182.01,18926.99,14255.02,5972.76
1522,20251023,39,94,3,13,F197-5654,2,7,2057.67,14403.69,3224.99,11178.7,6864.23,4314.47,2012.17
1523,20230625,7,119,7,26,F727-5302,8,9,905.52,8149.68,793.78,7355.9,4804.36,2551.54,1324.06
1524,20220624,18,193,10,28,F717-3015,1,14,499.32,6990.48,1150.63,5839.85,4026.67,1813.18,1051.17
1525,20231218,22,86,3,2,F906-2300,4,14,1188.37,16637.18,387.65,16249.53,10868.99,5380.54,2924.92
1526,20230114,66,107,1,25,F010-5911,6,9,566.86,5101.74,1157.07,3944.67,2485.92,1458.75,710.04
1527,20230307,79,129,4,7,F152-5448,9,1,1032.03,1032.03,26.94,1005.09,646.16,358.93,180.92
1528,20230413,36,157,4,14,F789-0646,8,17,963.35,16376.95,4068.03,12308.92,7423.71,4885.21,2215.61
1529,20250406,76,73,6,1,F418-9656,2,18,471.17,8481.06,2113.48,6367.58,3592.01,2775.57,1146.16
1530,20240314,61,156,10,8,F946-5164,10,14,1121.24,15697.36,3646.5,12050.86,8176.83,3874.03,2169.15
1531,20230420,29,59,10,9,F405-4348,1,10,549.04,5490.4,1223.81,4266.59,2828.92,1437.67,767.99
1532,20240708,68,102,1,14,F049-1247,5,8,490.37,3922.96,933.66,2989.3,1680.92,1308.38,538.07
1533,20241129,69,188,5,25,F615-0839,8,18,1465.53,26379.54,6199.19,20180.35,9163.61,11016.74,3632.46
1534,20230213,75,61,7,18,F744-5384,3,18,1789.36,32208.48,2315.79,29892.69,14317.64,15575.05,5380.68
1535,20230926,70,166,4,16,F022-1630,3,1,1983.66,1983.66,339.8,1643.86,772.48,871.38,295.89
1536,20220728,34,110,4,24,F168-5922,2,10,1649.44,16494.4,2771.06,13723.34,7601.27,6122.07,2470.2
1537,20221019,37,20,3,28,F125-0055,4,18,1168.3,21029.4,3635.98,17393.42,10605.74,6787.68,3130.82
1538,20241018,9,116,6,4,F513-8759,8,9,1911.54,17203.86,4151.29,13052.57,6243.6,6808.97,2349.46
1539,20221019,66,24,6,6,F398-3102,9,20,510.59,10211.8,710.74,9501.06,4473.26,5027.8,1710.19
1540,20240218,33,23,2,6,F150-5605,3,20,368.21,7364.2,1480.94,5883.26,3814.28,2068.98,1058.99
1541,20241121,67,194,6,1,F349-6378,7,18,1309.54,23571.72,1143.23,22428.49,15650.12,6778.37,4037.13
1542,20220703,14,164,8,25,F601-1097,4,13,2043.86,26570.18,1410.88,25159.3,12517.66,12641.64,4528.67
1543,20240429,64,51,1,2,F464-3082,1,15,564.24,8463.6,819.28,7644.32,4667.87,2976.45,1375.98
1544,20230113,74,2,6,28,F475-1397,3,12,152.55,1830.6,296.92,1533.68,849.48,684.2,276.06
1545,20251125,13,122,8,18,F565-5583,2,18,2055.12,36992.16,7084.0,29908.16,17891.7,12016.46,5383.47
1546,20231216,80,109,5,2,F880-1747,1,11,142.42,1566.62,96.35,1470.27,859.04,611.23,264.65
1547,20250410,39,40,5,11,F871-6751,2,5,1949.53,9747.65,1696.09,8051.56,5265.1,2786.46,1449.28
1548,20240401,68,6,1,10,F336-3028,2,16,505.1,8081.6,623.09,7458.51,3915.38,3543.13,1342.53
1549,20220321,18,30,2,9,F787-5469,6,20,510.72,10214.4,1531.14,8683.26,4124.81,4558.45,1562.99
1550,20240813,16,13,5,10,F862-9015,9,7,1229.45,8606.15,1253.06,7353.09,3453.82,3899.27,1323.56
1551,20251112,11,140,5,30,F566-4875,2,18,2423.15,43616.7,10197.58,33419.12,22309.77,11109.35,6015.44
1552,20240624,52,24,6,9,F759-0853,3,2,1229.76,2459.52,191.84,2267.68,1518.19,749.49,408.18
1553,20250502,9,11,8,26,F370-6652,9,19,1651.4,31376.6,31.38,31345.22,21090.65,10254.57,5642.14
1554,20250814,14,64,2,11,F173-3034,10,19,1824.41,34663.79,8142.52,26521.27,17868.87,8652.4,4773.83
1555,20221211,14,33,3,24,F981-8351,4,1,1972.55,1972.55,231.97,1740.58,1100.37,640.21,313.3
1556,20221124,53,187,4,16,F561-3898,1,17,519.18,8826.06,1931.14,6894.92,4096.77,2798.15,1241.09
1557,20240709,56,89,3,13,F998-9680,7,13,1711.33,22247.29,1070.09,21177.2,12323.97,8853.23,3811.9
1558,20230922,75,181,7,9,F664-9917,8,8,1819.12,14552.96,2242.61,12310.35,8277.38,4032.97,2215.86
1559,20250605,1,177,3,19,F189-9507,2,13,80.67,1048.71,154.89,893.82,569.09,324.73,160.89
1560,20250906,32,12,2,22,F405-2179,4,2,1440.75,2881.5,166.26,2715.24,1391.56,1323.68,488.74
1561,20230627,36,29,1,14,F110-5593,4,19,1049.7,19944.3,13.96,19930.34,10016.02,9914.32,3587.46
1562,20221219,58,106,7,22,F532-4507,8,4,1165.63,4662.52,1012.7,3649.82,1939.07,1710.75,656.97
1563,20250228,26,171,4,16,F501-4488,7,5,1866.25,9331.25,482.43,8848.82,4763.27,4085.55,1592.79
1564,20230217,7,16,8,17,F297-3340,7,14,952.21,13330.94,1545.06,11785.88,5484.57,6301.31,2121.46
1565,20250508,15,197,1,16,F805-8677,2,5,333.73,1668.65,118.31,1550.34,766.28,784.06,279.06
1566,20231009,76,177,5,27,F489-6400,5,10,462.07,4620.7,744.39,3876.31,2179.79,1696.52,697.74
1567,20241001,21,61,8,13,F225-9040,9,15,2051.28,30769.2,6959.99,23809.21,10816.2,12993.01,4285.66
1568,20220614,83,66,2,9,F883-8463,5,4,566.26,2265.04,151.53,2113.51,1147.02,966.49,380.43
1569,20240730,52,73,5,26,F251-9109,10,19,1049.8,19946.2,4773.13,15173.07,7234.21,7938.86,2731.15
1570,20231113,74,136,1,5,F982-0321,6,17,167.24,2843.08,655.33,2187.75,1327.7,860.05,393.79
1571,20240530,71,28,5,24,F783-6961,5,11,238.97,2628.67,1.05,2627.62,1309.49,1318.13,472.97
1572,20221002,35,145,10,12,F099-6225,8,13,1810.02,23530.26,3941.32,19588.94,13519.57,6069.37,3526.01
1573,20241219,80,92,8,25,F247-8725,6,8,125.13,1001.04,81.28,919.76,611.13,308.63,165.56
1574,20250712,64,145,3,8,F421-0719,4,18,525.52,9459.36,38.78,9420.58,4418.88,5001.7,1695.7
1575,20221130,60,141,8,23,F139-3617,4,3,938.53,2815.59,72.36,2743.23,1913.25,829.98,493.78
1576,20220615,28,105,2,9,F659-9645,8,2,518.22,1036.44,66.44,970.0,659.16,310.84,174.6
1577,20220215,27,65,10,18,F765-3952,1,8,832.17,6657.36,1017.91,5639.45,2669.59,2969.86,1015.1
1578,20240825,61,187,1,30,F863-8021,4,18,1090.21,19623.78,820.27,18803.51,12021.68,6781.83,3384.63
1579,20240703,53,148,5,1,F438-5718,6,4,626.81,2507.24,55.66,2451.58,1460.45,991.13,441.28
1580,20240326,58,161,10,1,F684-4510,4,6,1274.89,7649.34,51.25,7598.09,3604.37,3993.72,1367.66
1581,20221214,23,51,4,7,F136-4834,8,8,425.26,3402.08,627.34,2774.74,1756.72,1018.02,499.45
1582,20230824,8,186,4,12,F643-4909,7,8,693.82,5550.56,858.67,4691.89,2148.29,2543.6,844.54
1583,20240612,20,96,1,18,F180-6888,2,6,2432.69,14596.14,1728.18,12867.96,5815.1,7052.86,2316.23
1584,20231229,11,112,4,23,F833-2723,5,7,2400.57,16803.99,307.51,16496.48,9135.14,7361.34,2969.37
1585,20251220,67,150,6,29,F464-2579,10,17,1283.3,21816.1,5181.32,16634.78,11361.77,5273.01,2994.26
1586,20220818,69,157,8,9,F324-4264,10,7,1421.0,9947.0,2371.36,7575.64,4213.73,3361.91,1363.62
1587,20241105,28,198,9,15,F950-1492,10,1,580.5,580.5,28.5,552.0,289.18,262.82,99.36
1588,20230913,15,180,9,28,F116-9177,8,5,328.22,1641.1,369.58,1271.52,645.21,626.31,228.87
1589,20231015,51,14,9,6,F552-3798,3,19,2370.67,45042.73,8022.11,37020.62,24218.0,12802.62,6663.71
1590,20241130,31,19,4,18,F566-1370,6,17,2262.06,38455.02,8252.45,30202.57,17696.22,12506.35,5436.46
1591,20241102,68,46,1,14,F503-3364,3,9,524.12,4717.08,308.03,4409.05,2589.11,1819.94,793.63
1592,20251223,29,19,7,24,F650-8958,2,3,578.2,1734.6,224.63,1509.97,915.36,594.61,271.79
1593,20220806,42,9,1,25,F028-0397,1,9,1606.89,14462.01,3589.47,10872.54,5810.51,5062.03,1957.06
1594,20220628,11,124,2,15,F803-8832,6,19,2189.01,41591.19,844.3,40746.89,25344.12,15402.77,7334.44
1595,20241207,8,91,6,13,F689-1887,9,20,711.59,14231.8,92.51,14139.29,6892.11,7247.18,2545.07
1596,20240517,83,38,10,22,F591-8848,8,10,495.9,4959.0,323.33,4635.67,2184.61,2451.06,834.42
1597,20230216,37,74,9,20,F808-0696,6,3,1214.84,3644.52,137.03,3507.49,2301.23,1206.26,631.35
1598,20220519,49,154,1,1,F678-4281,4,17,480.66,8171.22,888.21,7283.01,3325.15,3957.86,1310.94
1599,20220529,49,71,9,5,F415-6189,10,11,468.07,5148.77,114.3,5034.47,3176.62,1857.85,906.2
1600,20250829,16,83,6,22,F051-6000,5,5,1244.2,6221.0,1240.47,4980.53,2878.35,2102.18,896.5
1601,20221101,22,11,8,2,F417-3407,4,13,1149.74,14946.62,2726.26,12220.36,7187.23,5033.13,2199.66
1602,20230509,53,5,10,25,F652-8616,3,20,592.0,11840.0,1652.86,10187.14,6158.36,4028.78,1833.69
1603,20221209,17,101,5,27,F542-2036,9,9,1911.63,17204.67,3449.54,13755.13,9381.48,4373.65,2475.92
1604,20230630,68,165,3,18,F972-7761,8,9,546.12,4915.08,768.72,4146.36,2133.99,2012.37,746.34
1605,20220503,32,166,2,13,F275-3969,3,13,1566.73,20367.49,3655.96,16711.53,8304.31,8407.22,3008.08
1606,20240206,9,44,9,19,F661-5039,7,13,1669.33,21701.29,3359.36,18341.93,9607.28,8734.65,3301.55
1607,20220430,39,34,6,24,F743-8657,7,8,1748.73,13989.84,3076.37,10913.47,6975.02,3938.45,1964.42
1608,20250401,28,100,5,21,F400-2567,6,9,488.3,4394.7,90.09,4304.61,2877.03,1427.58,774.83
1609,20221216,48,185,6,11,F557-3064,5,2,2109.78,4219.56,196.63,4022.93,2603.5,1419.43,724.13
1610,20240315,25,79,7,26,F287-4762,9,1,1592.66,1592.66,266.29,1326.37,752.66,573.71,238.75
1611,20250809,74,198,4,24,F112-6036,4,17,172.58,2933.86,370.55,2563.31,1741.8,821.51,461.4
1612,20240907,72,85,3,15,F625-1009,6,17,1025.69,17436.73,777.68,16659.05,11587.62,5071.43,2998.63
1613,20240303,5,53,4,7,F994-5818,4,2,225.01,450.02,111.74,338.28,176.87,161.41,60.89
1614,20230511,68,187,4,26,F145-1675,2,11,493.49,5428.39,1199.13,4229.26,2032.35,2196.91,761.27
1615,20230525,13,32,9,2,F622-3255,4,15,2104.61,31569.15,4154.5,27414.65,17279.81,10134.84,4934.64
1616,20241003,76,165,6,8,F041-6663,1,7,426.41,2984.87,367.44,2617.43,1265.99,1351.44,471.14
1617,20251226,10,84,7,4,F473-8204,7,20,896.01,17920.2,3410.21,14509.99,8331.15,6178.84,2611.8
1618,20240923,71,48,4,27,F028-0482,10,17,254.35,4323.95,964.24,3359.71,1520.83,1838.88,604.75
1619,20240413,14,153,9,30,F014-4005,7,14,1852.82,25939.48,726.31,25213.17,12152.16,13061.01,4538.37
1620,20241213,43,153,2,24,F930-6808,1,16,1776.45,28423.2,1875.93,26547.27,13828.8,12718.47,4778.51
1621,20231128,80,35,1,3,F319-9891,2,13,138.74,1803.62,165.93,1637.69,1061.26,576.43,294.78
1622,20220417,16,58,4,13,F543-7821,6,19,1420.34,26986.46,1934.93,25051.53,14650.32,10401.21,4509.28
1623,20240421,4,41,4,20,F617-8288,3,14,1433.91,20074.74,977.64,19097.1,12484.47,6612.63,3437.48
1624,20251119,10,24,5,30,F038-4817,3,9,772.77,6954.93,582.82,6372.11,3533.76,2838.35,1146.98
1625,20221011,67,200,6,8,F505-6480,7,2,1237.38,2474.76,513.27,1961.49,1191.84,769.65,353.07
1626,20241030,56,192,3,14,F800-0295,1,2,2001.07,4002.14,519.48,3482.66,1650.77,1831.89,626.88
1627,20221112,25,100,7,29,F623-1449,1,2,1566.85,3133.7,407.69,2726.01,1365.17,1360.84,490.68
1628,20240308,50,55,2,6,F787-3582,5,15,1193.8,17907.0,325.91,17581.09,12044.41,5536.68,3164.6
1629,20220616,44,147,2,16,F642-7951,7,14,269.17,3768.38,479.71,3288.67,1630.69,1657.98,591.96
1630,20231111,72,68,5,24,F987-0661,2,5,1014.65,5073.25,787.88,4285.37,2982.53,1302.84,771.37
1631,20250112,31,115,4,11,F306-3890,8,18,1997.18,35949.24,43.14,35906.1,20895.64,15010.46,6463.1
1632,20230618,71,60,6,20,F742-2034,1,17,255.19,4338.23,147.93,4190.3,1933.95,2256.35,754.25
1633,20240927,14,13,9,12,F579-9517,2,15,1987.18,29807.7,5150.77,24656.93,11206.91,13450.02,4438.25
1634,20250324,38,116,5,19,F827-2714,7,6,1954.77,11728.62,2740.98,8987.64,5650.2,3337.44,1617.78
1635,20251013,77,160,10,26,F385-4857,9,20,360.16,7203.2,1697.07,5506.13,3056.92,2449.21,991.1
1636,20221217,83,195,8,3,F911-8556,5,20,530.28,10605.6,1977.94,8627.66,5340.32,3287.34,1552.98
1637,20230905,19,146,4,5,F339-9263,2,12,1587.02,19044.24,2757.61,16286.63,9921.72,6364.91,2931.59
1638,20220910,38,50,3,29,F195-1776,3,17,1840.78,31293.26,6940.85,24352.41,14425.65,9926.76,4383.43
1639,20251224,29,145,9,2,F418-0377,9,5,530.95,2654.75,515.29,2139.46,1192.68,946.78,385.1
1640,20251013,61,8,8,6,F768-3538,5,4,972.34,3889.36,444.55,3444.81,1909.89,1534.92,620.07
1641,20240315,72,172,10,30,F371-3998,9,8,1076.61,8612.88,1119.67,7493.21,3784.82,3708.39,1348.78
1642,20250608,18,73,1,29,F353-6677,2,18,483.7,8706.6,1648.16,7058.44,4651.46,2406.98,1270.52
1643,20240210,19,141,3,13,F605-5878,9,19,1708.73,32465.87,4951.05,27514.82,14729.64,12785.18,4952.67
1644,20240730,19,147,7,12,F417-1193,4,9,1553.49,13981.41,327.16,13654.25,8023.97,5630.28,2457.76
1645,20220604,2,38,4,26,F542-5140,10,14,548.24,7675.36,188.81,7486.55,4923.56,2562.99,1347.58
1646,20250110,44,69,7,18,F153-3943,10,4,305.68,1222.72,77.03,1145.69,570.57,575.12,206.22
1647,20220805,40,8,3,16,F771-3666,1,9,990.53,8914.77,1395.16,7519.61,3460.08,4059.53,1353.53
1648,20250513,1,100,2,2,F120-6344,9,17,75.88,1289.96,140.09,1149.87,629.75,520.12,206.98
1649,20250302,26,7,1,3,F385-8648,1,7,1580.27,11061.89,2252.2,8809.69,4701.82,4107.87,1585.74
1650,20241120,79,189,6,2,F465-6682,3,3,1093.47,3280.41,240.45,3039.96,1828.94,1211.02,547.19
1651,20220309,81,161,3,2,F748-6036,4,19,2312.38,43935.22,10430.22,33505.0,20455.42,13049.58,6030.9
1652,20230406,82,154,5,13,F167-0954,8,1,388.0,388.0,86.87,301.13,168.68,132.45,54.2
1653,20230126,18,89,1,18,F818-1509,8,14,490.48,6866.72,1152.24,5714.48,3423.42,2291.06,1028.61
1654,20230708,81,145,10,3,F788-4318,1,13,2459.79,31977.27,7380.35,24596.92,17107.05,7489.87,4427.45
1655,20220601,51,51,4,15,F238-1462,3,18,2383.19,42897.42,2818.36,40079.06,27757.72,12321.34,7214.23
1656,20251026,41,103,2,15,F558-1297,8,6,1225.56,7353.36,372.82,6980.54,4739.47,2241.07,1256.5
1657,20240407,2,42,1,13,F116-3586,7,6,507.58,3045.48,516.21,2529.27,1187.87,1341.4,455.27
1658,20230410,31,147,6,13,F125-3120,4,11,2225.73,24483.03,810.39,23672.64,13586.6,10086.04,4261.08
1659,20230902,58,13,3,28,F593-5293,1,18,1147.05,20646.9,1532.0,19114.9,9866.15,9248.75,3440.68
1660,20231107,19,25,7,9,F292-0867,4,10,1696.09,16960.9,2164.21,14796.69,10258.1,4538.59,2663.4
1661,20240622,58,137,2,30,F146-7590,8,9,1181.68,10635.12,2212.1,8423.02,4629.21,3793.81,1516.14
1662,20240131,66,164,2,29,F504-9651,9,6,516.22,3097.32,58.23,3039.09,2001.21,1037.88,547.04
1663,20251004,24,108,3,19,F560-5573,8,7,1531.17,10718.19,699.9,10018.29,6838.95,3179.34,1803.29
1664,20231229,78,139,4,29,F118-8443,3,14,1091.94,15287.16,3311.2,11975.96,6082.68,5893.28,2155.67
1665,20251224,70,147,8,24,F024-8075,10,11,1993.95,21933.45,2239.41,19694.04,10528.78,9165.26,3544.93
1666,20250624,70,31,8,16,F717-1001,7,14,2009.17,28128.38,2832.53,25295.85,17246.11,8049.74,4553.25
1667,20221120,64,4,6,25,F003-6163,9,13,526.51,6844.63,887.06,5957.57,3883.75,2073.82,1072.36
1668,20251018,19,84,3,3,F403-5998,1,6,1437.48,8624.88,388.98,8235.9,5001.61,3234.29,1482.46
1669,20220718,43,104,10,5,F751-1194,9,15,1801.58,27023.7,6331.65,20692.05,12863.98,7828.07,3724.57
1670,20250429,84,84,10,13,F993-7483,10,6,425.82,2554.92,46.5,2508.42,1486.63,1021.79,451.52
1671,20230810,6,111,10,20,F555-4732,9,18,77.82,1400.76,270.49,1130.27,584.5,545.77,203.45
1672,20250806,3,85,1,20,F709-3766,9,5,1765.51,8827.55,1968.54,6859.01,3151.35,3707.66,1234.62
1673,20250721,56,75,3,10,F904-9923,6,20,2004.42,40088.4,7183.84,32904.56,16869.93,16034.63,5922.82
1674,20250410,79,116,9,17,F469-0587,8,3,1063.1,3189.3,516.03,2673.27,1392.48,1280.79,481.19
1675,20250315,12,115,7,16,F201-8836,3,6,226.17,1357.02,79.79,1277.23,748.45,528.78,229.9
1676,20230409,4,158,2,24,F643-7560,8,15,1536.89,23053.35,1583.77,21469.58,13849.21,7620.37,3864.52
1677,20220521,79,148,7,17,F510-2522,3,13,1067.56,13878.28,1880.51,11997.77,7969.59,4028.18,2159.6
1678,20230911,41,165,9,11,F698-8592,1,7,1267.64,8873.48,1095.87,7777.61,4957.77,2819.84,1399.97
1679,20221009,52,8,6,25,F400-6242,10,8,1203.02,9624.16,887.35,8736.81,5450.68,3286.13,1572.63
1680,20241104,43,43,5,29,F555-2883,6,19,1856.71,35277.49,338.66,34938.83,21601.03,13337.8,6288.99
1681,20230615,48,152,7,7,F144-5784,10,6,1903.61,11421.66,2668.1,8753.56,4799.52,3954.04,1575.64
1682,20251208,38,137,10,28,F276-6413,4,8,1911.64,15293.12,2423.96,12869.16,6219.34,6649.82,2316.45
1683,20240824,25,43,5,3,F701-5372,3,19,1466.38,27861.22,6508.38,21352.84,11424.76,9928.08,3843.51
1684,20250507,69,100,3,19,F176-6614,10,16,1450.22,23203.52,1032.56,22170.96,15214.96,6956.0,3990.77
1685,20220812,29,176,6,4,F229-8266,2,8,598.01,4784.08,410.47,4373.61,2632.84,1740.77,787.25
1686,20250711,72,126,9,9,F980-6329,9,12,1028.42,12341.04,1129.21,11211.83,7712.7,3499.13,2018.13
1687,20251008,42,74,5,8,F008-3182,5,11,1455.01,16005.11,3024.97,12980.14,8349.49,4630.65,2336.43
1688,20231219,81,29,8,20,F496-2701,1,17,2361.5,40145.5,8273.99,31871.51,14935.86,16935.65,5736.87
1689,20240701,26,10,2,27,F373-3444,7,11,1743.41,19177.51,2790.33,16387.18,8476.82,7910.36,2949.69
1690,20250129,40,84,4,4,F222-2843,6,10,842.61,8426.1,955.52,7470.58,3972.05,3498.53,1344.7
1691,20221011,80,135,2,8,F818-6984,8,14,144.54,2023.56,240.8,1782.76,1179.24,603.52,320.9
1692,20240106,41,179,2,10,F974-1428,1,20,1142.55,22851.0,1517.31,21333.69,14115.46,7218.23,3840.06
1693,20230905,46,32,10,17,F485-9200,1,13,2151.8,27973.4,4305.11,23668.29,16259.97,7408.32,4260.29
1694,20220901,78,93,3,8,F865-8426,9,5,1160.55,5802.75,1099.04,4703.71,2124.58,2579.13,846.67
1695,20230721,72,85,9,26,F935-7015,7,12,1058.66,12703.92,1276.74,11427.18,7685.31,3741.87,2056.89
1696,20220501,8,116,9,15,F287-4894,3,19,735.34,13971.46,1768.79,12202.67,7908.23,4294.44,2196.48
1697,20220219,18,172,5,18,F648-5563,10,11,467.48,5142.28,656.15,4486.13,3121.4,1364.73,807.5
1698,20220816,55,74,3,17,F132-4990,10,11,2130.47,23435.17,4614.38,18820.79,12429.14,6391.65,3387.74
1699,20251125,16,2,1,2,F160-5028,6,14,1447.18,20260.52,4990.17,15270.35,6968.61,8301.74,2748.66
1700,20240331,82,165,2,26,F334-5200,2,8,383.7,3069.6,55.87,3013.73,1534.31,1479.42,542.47
1701,20251129,27,163,7,18,F756-2985,2,11,815.32,8968.52,1077.12,7891.4,4580.54,3310.86,1420.45
1702,20231021,37,151,10,23,F503-2361,8,17,1166.7,19833.9,2602.21,17231.69,9404.49,7827.2,3101.7
1703,20230420,29,106,3,24,F007-2126,6,15,545.98,8189.7,1472.51,6717.19,3514.21,3202.98,1209.09
1704,20240113,66,18,9,7,F825-2833,9,6,611.34,3668.04,842.92,2825.12,1474.65,1350.47,508.52
1705,20231029,14,156,3,29,F862-0117,5,7,2015.47,14108.29,2950.04,11158.25,5373.52,5784.73,2008.48
1706,20220701,80,134,4,14,F269-8021,3,13,122.21,1588.73,293.28,1295.45,869.73,425.72,233.18
1707,20240824,27,197,8,13,F532-1427,8,15,951.73,14275.95,1232.01,13043.94,7606.29,5437.65,2347.91
1708,20221129,23,192,6,18,F643-4353,8,12,422.3,5067.6,608.11,4459.49,2364.48,2095.01,802.71
1709,20240723,18,159,2,17,F837-7432,7,19,456.26,8668.94,2041.54,6627.4,3521.53,3105.87,1192.93
1710,20240906,71,47,8,4,F661-7681,3,4,229.83,919.32,90.19,829.13,486.98,342.15,149.24
1711,20220909,9,187,4,30,F579-9545,3,7,1789.33,12525.31,621.26,11904.05,7699.57,4204.48,2142.73
1712,20220419,4,158,4,24,F422-2805,2,6,1356.61,8139.66,315.82,7823.84,5389.05,2434.79,1408.29
1713,20250228,55,142,9,5,F243-2729,6,19,2063.0,39197.0,736.9,38460.1,20222.31,18237.79,6922.82
1714,20231122,84,139,4,11,F570-5048,5,8,391.35,3130.8,617.71,2513.09,1668.5,844.59,452.36
1715,20220414,54,57,3,26,F403-4749,4,15,2070.8,31062.0,5724.73,25337.27,16991.85,8345.42,4560.71
1716,20251227,3,199,8,20,F733-1909,3,9,1635.88,14722.92,3186.04,11536.88,6857.55,4679.33,2076.64
1717,20220414,58,45,8,3,F166-0909,6,19,1287.44,24461.36,2683.41,21777.95,10817.08,10960.87,3920.03
1718,20241105,32,128,2,7,F503-5356,3,20,1616.39,32327.8,3785.59,28542.21,16604.43,11937.78,5137.6
1719,20251216,75,173,2,5,F813-5969,7,17,2085.14,35447.38,2155.2,33292.18,16223.61,17068.57,5992.59
1720,20221221,7,195,9,16,F622-7629,9,6,1014.78,6088.68,57.23,6031.45,2781.2,3250.25,1085.66
1721,20220826,65,178,6,22,F527-5856,3,19,182.08,3459.52,379.16,3080.36,1912.59,1167.77,554.46
1722,20220727,31,193,1,7,F018-4557,5,13,2143.4,27864.2,6439.42,21424.78,13919.1,7505.68,3856.46
1723,20230406,31,147,6,4,F472-1089,6,3,2268.44,6805.32,1386.24,5419.08,3597.17,1821.91,975.43
1724,20220623,21,6,3,21,F592-2744,10,19,2256.71,42877.49,9630.28,33247.21,22172.5,11074.71,5984.5
1725,20241101,45,168,9,7,F059-3217,1,3,22.66,67.98,5.15,62.83,35.78,27.05,11.31
1726,20220421,74,128,2,20,F991-1887,3,16,154.54,2472.64,51.18,2421.46,1505.41,916.05,435.86
1727,20240119,51,41,2,28,F704-7543,7,5,1975.09,9875.45,1806.22,8069.23,3864.27,4204.96,1452.46
1728,20251228,60,191,2,4,F116-6269,7,5,1007.04,5035.2,67.47,4967.73,2987.89,1979.84,894.19
1729,20250423,14,9,8,5,F741-5619,9,6,1769.94,10619.64,111.51,10508.13,6350.87,4157.26,1891.46
1730,20240716,57,55,1,10,F586-3154,7,7,2454.3,17180.1,3975.48,13204.62,8407.29,4797.33,2376.83
1731,20230411,49,167,5,25,F534-1698,3,18,467.25,8410.5,28.6,8381.9,4146.6,4235.3,1508.74
1732,20240730,37,175,7,21,F538-2304,6,3,1134.13,3402.39,241.91,3160.48,2046.28,1114.2,568.89
1733,20240222,2,74,7,5,F018-9690,4,11,549.9,6048.9,1485.0,4563.9,2225.05,2338.85,821.5
1734,20231012,47,17,1,26,F954-3517,10,12,1339.03,16068.36,2898.73,13169.63,8690.79,4478.84,2370.53
1735,20220810,77,25,4,15,F122-2325,5,19,333.94,6344.86,787.4,5557.46,2524.6,3032.86,1000.34
1736,20250818,25,100,5,25,F947-2136,4,12,1428.98,17147.76,2356.1,14791.66,8651.79,6139.87,2662.5
1737,20231110,4,7,3,16,F953-0882,7,3,1336.91,4010.73,890.38,3120.35,2011.47,1108.88,561.66
1738,20221104,16,72,1,6,F614-1008,8,6,1279.15,7674.9,919.45,6755.45,3981.54,2773.91,1215.98
1739,20230721,11,33,5,17,F666-1754,6,19,2241.06,42580.14,238.45,42341.69,21469.37,20872.32,7621.5
1740,20230927,41,165,1,8,F719-4677,1,6,1199.81,7198.86,1489.44,5709.42,3546.19,2163.23,1027.7
1741,20250516,32,104,8,19,F937-7397,6,1,1416.49,1416.49,218.14,1198.35,811.28,387.07,215.7
1742,20241216,55,152,6,12,F292-6966,3,10,2101.26,21012.6,3271.66,17740.94,9628.4,8112.54,3193.37
1743,20250206,32,119,7,1,F114-0723,9,4,1479.81,5919.24,202.44,5716.8,3730.34,1986.46,1029.02
1744,20220122,8,189,7,18,F236-1645,8,17,709.01,12053.17,370.03,11683.14,5862.66,5820.48,2102.97
1745,20230930,52,11,9,1,F530-1597,6,3,1112.7,3338.1,407.92,2930.18,1629.04,1301.14,527.43
1746,20231214,58,88,1,15,F087-3203,9,19,1155.82,21960.58,166.9,21793.68,13728.89,8064.79,3922.86
1747,20220206,6,59,6,3,F993-0784,5,4,75.41,301.64,18.58,283.06,160.07,122.99,50.95
1748,20230119,47,103,3,4,F721-3221,1,9,1332.75,11994.75,1475.35,10519.4,5258.37,5261.03,1893.49
1749,20250120,3,174,6,15,F437-7037,10,6,1633.87,9803.22,854.84,8948.38,5949.34,2999.04,1610.71
1750,20220819,33,51,4,20,F413-2566,8,7,351.25,2458.75,74.01,2384.74,1076.39,1308.35,429.25
1751,20240307,33,91,10,3,F538-3942,3,13,376.58,4895.54,534.59,4360.95,2124.78,2236.17,784.97
1752,20221128,61,109,2,10,F989-5413,10,2,942.32,1884.64,461.74,1422.9,783.66,639.24,256.12
1753,20220124,4,171,8,4,F936-4134,1,4,1483.88,5935.52,74.79,5860.73,3499.61,2361.12,1054.93
1754,20221223,3,142,2,27,F733-9223,5,9,1696.27,15266.43,2235.01,13031.42,7636.01,5395.41,2345.66
1755,20251208,74,82,3,2,F262-9976,9,8,140.88,1127.04,188.1,938.94,588.65,350.29,169.01
1756,20250403,5,128,7,26,F621-8671,8,10,250.7,2507.0,405.13,2101.87,1260.04,841.83,378.34
1757,20251121,82,176,2,27,F425-6263,10,3,383.2,1149.6,57.14,1092.46,652.83,439.63,196.64
1758,20231220,72,26,3,7,F497-4697,1,4,1036.57,4146.28,425.82,3720.46,2029.51,1690.95,669.68
1759,20220708,63,196,6,14,F188-3456,9,9,808.94,7280.46,452.12,6828.34,4491.2,2337.14,1229.1
1760,20240328,76,157,8,26,F016-1098,5,19,475.89,9041.91,1284.86,7757.05,3711.63,4045.42,1396.27
1761,20231116,22,132,8,27,F926-8857,3,5,1172.19,5860.95,38.68,5822.27,3300.16,2522.11,1048.01
1762,20250612,14,169,1,21,F823-4252,2,2,1753.58,3507.16,737.56,2769.6,1703.83,1065.77,498.53
1763,20220619,70,193,10,19,F526-9757,9,3,2099.95,6299.85,370.43,5929.42,3682.68,2246.74,1067.3
1764,20231221,75,114,1,24,F857-8807,9,5,1883.63,9418.15,2113.43,7304.72,3439.61,3865.11,1314.85
1765,20220906,81,19,9,30,F409-4261,5,10,2344.29,23442.9,5438.75,18004.15,10389.37,7614.78,3240.75
1766,20230511,69,92,9,17,F756-3820,10,4,1269.86,5079.44,572.96,4506.48,3019.54,1486.94,811.17
1767,20241219,57,45,1,26,F027-4252,9,12,2473.3,29679.6,3246.95,26432.65,11970.91,14461.74,4757.88
1768,20231209,6,47,4,13,F577-1395,5,11,75.58,831.38,98.35,733.03,347.03,386.0,131.95
1769,20230803,77,128,10,9,F811-2710,10,3,338.15,1014.45,236.87,777.58,449.23,328.35,139.96
1770,20230830,55,101,10,22,F953-7818,1,17,1965.07,33406.19,1256.07,32150.12,20304.45,11845.67,5787.02
1771,20231122,35,23,10,14,F116-5810,7,12,1606.77,19281.24,1104.82,18176.42,8715.2,9461.22,3271.76
1772,20250307,6,73,9,18,F230-5461,7,18,76.8,1382.4,222.01,1160.39,573.53,586.86,208.87
1773,20250826,46,169,7,6,F300-0741,10,15,2117.63,31764.45,4615.37,27149.08,18047.31,9101.77,4886.83
1774,20251117,54,140,4,24,F272-7034,1,10,2345.44,23454.4,4897.28,18557.12,10096.53,8460.59,3340.28
1775,20250310,35,40,9,11,F105-6324,3,10,1760.2,17602.0,667.12,16934.88,9500.24,7434.64,3048.28
1776,20230426,21,162,7,9,F556-8958,3,12,2268.48,27221.76,3947.16,23274.6,11888.42,11386.18,4189.43
1777,20241027,1,69,9,13,F546-8222,4,19,73.33,1393.27,334.38,1058.89,682.63,376.26,190.6
1778,20231027,79,123,3,25,F540-7294,10,14,957.93,13411.02,461.34,12949.68,6664.33,6285.35,2330.94
1779,20230110,74,77,2,7,F850-1851,10,1,143.03,143.03,22.28,120.75,56.25,64.5,21.73
1780,20250607,32,53,7,4,F239-3496,8,20,1514.82,30296.4,4847.42,25448.98,12490.65,12958.33,4580.82
1781,20220313,53,66,6,18,F524-1547,7,11,627.66,6904.26,321.74,6582.52,3371.28,3211.24,1184.85
1782,20250909,43,72,5,16,F149-4296,2,1,1892.12,1892.12,430.46,1461.66,789.41,672.25,263.1
1783,20231124,79,179,5,9,F029-9294,7,11,970.49,10675.39,1735.82,8939.57,5973.96,2965.61,1609.12
1784,20240819,52,192,2,25,F529-2078,5,16,1252.58,20041.28,3785.8,16255.48,9282.85,6972.63,2925.99
1785,20240919,77,187,1,28,F411-7565,9,18,347.96,6263.28,987.09,5276.19,3095.41,2180.78,949.71
1786,20250830,19,27,4,27,F335-3027,7,3,1441.64,4324.92,478.77,3846.15,2128.56,1717.59,692.31
1787,20240818,81,138,10,26,F938-4080,10,9,2241.98,20177.82,2754.27,17423.55,10525.86,6897.69,3136.24
1788,20240714,51,98,10,10,F706-1480,6,18,2272.87,40911.66,4504.37,36407.29,24850.8,11556.49,6553.31
1789,20220428,44,32,10,5,F740-9816,3,11,282.76,3110.36,624.87,2485.49,1149.1,1336.39,447.39
1790,20240205,8,98,1,12,F117-1154,8,16,719.69,11515.04,2863.79,8651.25,4425.97,4225.28,1557.22
1791,20220907,11,193,9,26,F405-3394,7,2,2236.88,4473.76,254.11,4219.65,2527.58,1692.07,759.54
1792,20241219,41,84,6,20,F058-6210,8,5,1196.48,5982.4,149.56,5832.84,3469.47,2363.37,1049.91
1793,20240124,1,35,5,17,F995-9509,5,20,66.34,1326.8,217.6,1109.2,657.87,451.33,199.66
1794,20241017,23,71,9,20,F446-7068,8,13,360.26,4683.38,1169.44,3513.94,2180.76,1333.18,632.51
1795,20220318,53,80,6,14,F886-5967,8,14,524.63,7344.82,481.09,6863.73,3113.31,3750.42,1235.47
1796,20220528,57,79,6,8,F197-8298,10,1,2173.71,2173.71,310.41,1863.3,1203.0,660.3,335.39
1797,20241129,4,104,7,26,F134-3020,7,8,1386.06,11088.48,2376.26,8712.22,4725.35,3986.87,1568.2
1798,20220507,44,155,10,12,F235-0880,1,2,289.32,578.64,15.68,562.96,342.37,220.59,101.33
1799,20220506,55,47,8,14,F988-7838,8,6,1801.88,10811.28,320.01,10491.27,5120.15,5371.12,1888.43
1800,20220124,40,27,2,6,F288-1638,2,11,903.41,9937.51,1523.42,8414.09,4607.02,3807.07,1514.54
1801,20251118,48,133,7,2,F007-8796,1,17,2174.26,36962.42,7532.94,29429.48,15091.45,14338.03,5297.31
1802,20241219,14,127,9,5,F201-1297,3,17,1909.4,32459.8,7968.88,24490.92,13967.17,10523.75,4408.37
1803,20230627,74,4,5,15,F139-6694,5,12,160.5,1926.0,213.79,1712.21,1106.77,605.44,308.2
1804,20230326,22,43,1,7,F542-4117,4,14,1116.28,15627.92,296.93,15330.99,9698.56,5632.43,2759.58
1805,20230621,62,99,9,2,F473-9079,6,14,289.95,4059.3,350.72,3708.58,2214.71,1493.87,667.54
1806,20250216,82,33,2,22,F571-3811,9,9,378.5,3406.5,807.34,2599.16,1283.22,1315.94,467.85
1807,20240922,42,69,1,2,F693-7033,5,12,1749.38,20992.56,4181.72,16810.84,11683.32,5127.52,3025.95
1808,20221024,40,38,4,28,F902-1257,2,10,952.27,9522.7,1553.15,7969.55,4260.8,3708.75,1434.52
1809,20221010,18,74,9,20,F784-8049,10,5,512.01,2560.05,598.28,1961.77,1365.75,596.02,353.12
1810,20220619,11,76,3,16,F174-0504,4,13,2250.41,29255.33,5587.77,23667.56,12087.59,11579.97,4260.16
1811,20240921,72,91,1,21,F556-0996,2,6,992.82,5956.92,1220.57,4736.35,3194.36,1541.99,852.54
1812,20250128,78,183,4,2,F396-9976,4,8,1172.56,9380.48,1938.95,7441.53,3822.96,3618.57,1339.48
1813,20230129,42,59,6,28,F236-5007,1,17,1694.99,28814.83,5976.2,22838.63,11800.52,11038.11,4110.95
1814,20220210,5,102,8,16,F518-4696,9,4,253.18,1012.72,130.34,882.38,554.83,327.55,158.83
1815,20220523,9,66,6,9,F269-7005,1,12,1935.82,23229.84,5742.42,17487.42,9088.45,8398.97,3147.74
1816,20251201,69,122,10,20,F223-7379,9,18,1290.7,23232.6,5106.53,18126.07,11276.38,6849.69,3262.69
1817,20230325,14,38,9,15,F984-8231,9,11,1723.9,18962.9,1141.57,17821.33,10673.89,7147.44,3207.84
1818,20250206,33,109,10,17,F527-2540,10,13,379.23,4929.99,990.93,3939.06,2331.82,1607.24,709.03
1819,20240801,8,123,2,9,F860-7364,3,11,643.59,7079.49,851.66,6227.83,3897.19,2330.64,1121.01
1820,20230812,33,154,9,24,F987-6248,5,2,342.42,684.84,138.75,546.09,363.4,182.69,98.3
1821,20221117,23,152,8,6,F534-3858,4,7,378.77,2651.39,551.22,2100.17,1285.67,814.5,378.03
1822,20220727,73,169,9,16,F031-6421,3,5,1702.61,8513.05,2076.33,6436.72,4482.1,1954.62,1158.61
1823,20240716,73,13,10,18,F947-3475,3,6,1506.0,9036.0,1168.35,7867.65,4552.78,3314.87,1416.18
1824,20250216,19,1,1,3,F709-8553,7,4,1449.68,5798.72,21.46,5777.26,2931.99,2845.27,1039.91
1825,20240828,60,162,10,22,F889-9145,8,4,942.88,3771.52,42.62,3728.9,1705.79,2023.11,671.2
1826,20240228,50,96,7,26,F096-4732,1,18,1185.05,21330.9,445.82,20885.08,10941.02,9944.06,3759.31
1827,20220319,31,165,2,19,F523-0777,8,10,2257.56,22575.6,5239.8,17335.8,10617.64,6718.16,3120.44
1828,20251201,36,80,7,28,F603-5184,2,18,941.24,16942.32,2717.55,14224.77,7094.56,7130.21,2560.46
1829,20250329,5,47,1,12,F837-4571,6,1,210.84,210.84,24.1,186.74,119.12,67.62,33.61
1830,20230320,76,12,7,14,F996-6389,7,3,454.68,1364.04,113.08,1250.96,845.32,405.64,225.17
1831,20251212,35,95,5,28,F089-1480,4,1,1625.07,1625.07,367.59,1257.48,689.41,568.07,226.35
1832,20240624,37,158,10,9,F791-7692,1,15,1089.4,16341.0,2212.57,14128.43,6713.02,7415.41,2543.12
1833,20240523,67,111,7,18,F208-4821,9,12,1257.82,15093.84,2917.64,12176.2,7793.4,4382.8,2191.72
1834,20241230,19,100,10,15,F804-0253,9,19,1534.84,29161.96,4117.67,25044.29,13807.27,11237.02,4507.97
1835,20250420,30,145,2,16,F542-7952,10,18,969.38,17448.84,2423.64,15025.2,10133.39,4891.81,2704.54
1836,20240915,10,93,8,28,F080-9329,8,12,794.1,9529.2,1912.51,7616.69,4243.93,3372.76,1371.0
1837,20220806,49,23,3,14,F903-5874,8,20,435.28,8705.6,515.37,8190.23,3731.22,4459.01,1474.24
1838,20230603,81,4,5,3,F567-0096,10,18,2312.46,41624.28,8649.53,32974.75,16378.33,16596.42,5935.45
1839,20251015,48,131,6,4,F472-7974,8,3,2184.29,6552.87,1284.36,5268.51,2846.59,2421.92,948.33
1840,20221207,38,48,2,4,F555-9035,3,5,2135.91,10679.55,1303.97,9375.58,5121.64,4253.94,1687.6
1841,20230728,36,69,3,6,F145-9883,8,19,874.9,16623.1,1673.95,14949.15,7242.01,7707.14,2690.85
1842,20231020,43,68,6,9,F939-2161,2,3,1791.48,5374.44,603.55,4770.89,3114.39,1656.5,858.76
1843,20231029,71,12,6,14,F799-8287,3,10,235.23,2352.3,219.23,2133.07,1404.33,728.74,383.95
1844,20240712,1,128,1,23,F589-0296,1,5,78.61,393.05,12.42,380.63,254.04,126.59,68.51
1845,20251102,9,105,5,2,F471-2813,4,8,1855.83,14846.64,3434.03,11412.61,7699.16,3713.45,2054.27
1846,20221223,18,144,10,11,F909-4588,1,16,446.36,7141.76,1771.16,5370.6,3092.26,2278.34,966.71
1847,20220727,8,133,3,6,F706-4290,8,17,612.92,10419.64,1698.4,8721.24,5913.9,2807.34,1569.82
1848,20221108,31,139,6,1,F494-1080,1,14,1903.36,26647.04,482.31,26164.73,17933.29,8231.44,4709.65
1849,20250818,45,1,10,6,F865-7600,2,2,23.95,47.9,1.1,46.8,27.78,19.02,8.42
1850,20240831,12,191,6,8,F970-7219,1,14,224.11,3137.54,63.38,3074.16,2059.77,1014.39,553.35
1851,20230309,73,111,10,11,F697-0241,1,2,1481.04,2962.08,24.29,2937.79,1374.06,1563.73,528.8
1852,20250427,62,80,9,23,F336-4802,4,3,284.54,853.62,187.2,666.42,395.52,270.9,119.96
1853,20250710,83,143,10,7,F886-6753,6,19,479.62,9112.78,1189.22,7923.56,4384.11,3539.45,1426.24
1854,20250616,17,106,2,20,F813-8433,3,9,2146.75,19320.75,4619.59,14701.16,9430.76,5270.4,2646.21
1855,20251003,61,198,2,2,F265-5445,1,10,982.76,9827.6,1992.05,7835.55,3687.88,4147.67,1410.4
1856,20230105,20,176,3,3,F480-4863,4,18,2267.1,40807.8,6774.09,34033.71,18746.46,15287.25,6126.07
1857,20250110,47,87,3,14,F543-0991,7,17,1196.89,20347.13,3886.3,16460.83,10797.71,5663.12,2962.95
1858,20231123,35,50,10,18,F225-4119,5,14,1957.04,27398.56,265.77,27132.79,15121.56,12011.23,4883.9
1859,20250608,70,59,7,30,F817-4882,7,18,1921.92,34594.56,2625.73,31968.83,15799.61,16169.22,5754.39
1860,20241211,18,114,5,23,F052-6447,6,11,472.16,5193.76,433.68,4760.08,2672.21,2087.87,856.81
1861,20250220,58,41,4,19,F188-0160,10,12,1291.75,15501.0,310.02,15190.98,10485.27,4705.71,2734.38
1862,20240915,5,11,8,21,F717-5071,1,11,237.46,2612.06,589.28,2022.78,1074.38,948.4,364.1
1863,20221014,77,26,8,25,F520-6356,2,8,316.24,2529.92,63.0,2466.92,1161.51,1305.41,444.05
1864,20240323,77,181,8,22,F399-0885,3,1,380.52,380.52,13.55,366.97,239.03,127.94,66.05
1865,20251217,22,60,6,27,F942-4392,2,13,1115.2,14497.6,2599.42,11898.18,6457.59,5440.59,2141.67
1866,20251026,23,81,10,12,F893-0976,1,3,440.01,1320.03,220.05,1099.98,545.11,554.87,198.0
1867,20220321,21,55,3,30,F900-5686,10,2,2215.88,4431.76,87.31,4344.45,2075.55,2268.9,782.0
1868,20220928,34,12,8,4,F784-7258,4,20,1750.65,35013.0,2972.6,32040.4,17927.1,14113.3,5767.27
1869,20220811,17,191,10,22,F375-0460,4,18,2088.5,37593.0,466.15,37126.85,19991.56,17135.29,6682.83
1870,20241208,9,56,5,25,F739-0200,4,13,1633.85,21240.05,1529.28,19710.77,12208.55,7502.22,3547.94
1871,20250430,75,55,7,2,F519-4657,2,9,1751.31,15761.79,1372.85,14388.94,9848.11,4540.83,2590.01
1872,20221126,10,168,6,29,F631-2856,9,20,824.85,16497.0,3753.07,12743.93,8778.69,3965.24,2293.91
1873,20240112,46,88,3,2,F371-6356,2,8,2233.84,17870.72,4062.01,13808.71,8582.2,5226.51,2485.57
1874,20250606,5,165,1,13,F585-7021,9,16,213.6,3417.6,486.32,2931.28,1742.36,1188.92,527.63
1875,20241215,8,12,4,16,F513-4376,3,13,610.76,7939.88,1423.62,6516.26,3710.2,2806.06,1172.93
1876,20240319,28,179,6,28,F231-0337,1,19,550.89,10466.91,2220.03,8246.88,4343.54,3903.34,1484.44
1877,20240605,51,86,6,1,F224-2633,6,13,2178.35,28318.55,5372.03,22946.52,15182.06,7764.46,4130.37
1878,20240117,2,34,7,6,F293-1733,8,7,492.53,3447.71,849.17,2598.54,1372.75,1225.79,467.74
1879,20230328,69,147,3,8,F809-3627,5,19,1303.58,24768.02,378.95,24389.07,12113.87,12275.2,4390.03
1880,20240425,43,147,1,21,F917-6911,1,3,1920.81,5762.43,21.9,5740.53,3713.34,2027.19,1033.3
1881,20241028,46,65,4,1,F156-1912,2,18,2184.35,39318.3,5461.31,33856.99,18739.88,15117.11,6094.26
1882,20250730,50,2,5,29,F695-5481,8,8,1258.47,10067.76,1999.46,8068.3,4873.79,3194.51,1452.29
1883,20240817,43,116,6,28,F580-3049,2,19,1882.52,35767.88,4975.31,30792.57,21416.4,9376.17,5542.66
1884,20250121,22,102,1,8,F977-3937,7,19,1105.97,21013.43,4051.39,16962.04,8954.62,8007.42,3053.17
1885,20220921,23,48,2,9,F474-7592,1,5,423.17,2115.85,242.05,1873.8,1008.91,864.89,337.28
1886,20231124,77,42,4,23,F770-9024,1,15,318.01,4770.15,136.43,4633.72,3013.25,1620.47,834.07
1887,20220118,24,186,3,3,F362-8593,2,6,1561.67,9370.02,231.44,9138.58,5929.25,3209.33,1644.94
1888,20221228,67,145,2,14,F109-1837,9,16,1246.88,19950.08,3604.98,16345.1,10160.1,6185.0,2942.12
1889,20241209,56,187,10,29,F321-9323,8,12,1711.5,20538.0,1706.71,18831.29,11066.21,7765.08,3389.63
1890,20251224,61,182,1,25,F792-5566,4,4,975.1,3900.4,372.1,3528.3,2043.56,1484.74,635.09
1891,20220620,62,97,10,5,F521-9534,8,20,302.12,6042.4,1296.09,4746.31,2215.54,2530.77,854.34
1892,20230909,23,14,2,17,F142-2755,8,9,423.7,3813.3,316.12,3497.18,2344.92,1152.26,629.49
1893,20250401,21,138,3,21,F949-3747,3,6,1843.51,11061.06,1524.21,9536.85,5757.97,3778.88,1716.63
1894,20221115,20,72,4,24,F135-8600,2,3,2122.93,6368.79,441.99,5926.8,3389.05,2537.75,1066.82
1895,20240409,9,180,1,22,F130-0214,3,12,1775.75,21309.0,3074.89,18234.11,11444.37,6789.74,3282.14
1896,20241215,5,39,4,28,F135-2140,8,2,242.08,484.16,33.5,450.66,283.28,167.38,81.12
1897,20240717,64,96,4,2,F921-2141,9,5,540.97,2704.85,470.37,2234.48,1063.19,1171.29,402.21
1898,20221027,12,1,1,12,F733-9747,4,2,229.17,458.34,46.66,411.68,226.0,185.68,74.1
1899,20230701,57,157,9,8,F136-1164,1,12,2229.12,26749.44,2661.57,24087.87,14359.76,9728.11,4335.82
1900,20250305,84,176,2,16,F306-6196,10,20,374.23,7484.6,167.66,7316.94,4541.33,2775.61,1317.05
1901,20240407,6,56,2,26,F030-4320,4,6,82.73,496.38,72.22,424.16,292.22,131.94,76.35
1902,20220110,70,39,10,3,F821-3327,2,3,2050.41,6151.23,953.44,5197.79,2848.24,2349.55,935.6
1903,20250121,54,95,7,27,F993-6444,8,17,2243.53,38140.01,533.96,37606.05,20738.45,16867.6,6769.09
1904,20220308,6,132,7,12,F371-0991,5,13,75.0,975.0,226.69,748.31,352.48,395.83,134.7
1905,20241227,75,111,7,7,F702-5017,10,9,1818.83,16369.47,1229.35,15140.12,6949.99,8190.13,2725.22
1906,20221113,25,166,10,13,F172-7433,4,19,1518.69,28855.11,3006.7,25848.41,11686.95,14161.46,4652.71
1907,20251120,17,31,2,10,F992-2407,5,13,2258.11,29355.43,989.28,28366.15,19019.96,9346.19,5105.91
1908,20230721,28,168,9,23,F329-4368,3,5,564.76,2823.8,649.19,2174.61,1380.25,794.36,391.43
1909,20230515,13,137,8,20,F974-1608,10,17,2090.98,35546.66,5655.47,29891.19,20587.26,9303.93,5380.41
1910,20220905,53,183,2,22,F616-9354,7,8,536.53,4292.24,777.32,3514.92,2379.11,1135.81,632.69
1911,20230410,34,35,5,15,F998-3059,6,18,1668.7,30036.6,2544.1,27492.5,14017.2,13475.3,4948.65
1912,20250804,8,52,1,26,F707-3947,2,8,651.87,5214.96,293.08,4921.88,2535.68,2386.2,885.94
1913,20251228,11,104,1,12,F737-4376,6,12,2372.8,28473.6,6039.25,22434.35,13062.41,9371.94,4038.18
1914,20230722,60,69,8,11,F816-7431,7,13,1012.21,13158.73,3013.35,10145.38,5995.2,4150.18,1826.17
1915,20231109,76,163,6,7,F370-3931,7,9,487.38,4386.42,791.31,3595.11,2465.11,1130.0,647.12
1916,20241205,48,153,9,13,F986-1042,7,9,2028.32,18254.88,1794.45,16460.43,11239.15,5221.28,2962.88
1917,20250817,27,95,1,18,F715-0130,10,5,987.83,4939.15,97.8,4841.35,2594.06,2247.29,871.44
1918,20240610,43,23,6,6,F779-6539,10,20,1946.87,38937.4,8928.35,30009.05,15802.39,14206.66,5401.63
1919,20230825,19,115,3,4,F874-3925,1,12,1516.66,18199.92,2618.97,15580.95,8558.13,7022.82,2804.57
1920,20230925,59,184,10,4,F273-2976,7,9,2469.37,22224.33,760.07,21464.26,11633.32,9830.94,3863.57
1921,20241105,16,68,9,19,F201-4061,3,10,1437.61,14376.1,189.76,14186.34,8751.9,5434.44,2553.54
1922,20220107,54,55,1,15,F581-6761,4,10,2399.7,23997.0,4660.22,19336.78,12985.28,6351.5,3480.62
1923,20240723,59,188,2,16,F963-8698,6,1,2158.72,2158.72,16.19,2142.53,1309.95,832.58,385.66
1924,20230701,22,115,2,30,F955-9126,5,4,1002.91,4011.64,79.83,3931.81,2486.76,1445.05,707.73
1925,20250322,41,190,3,14,F911-8282,8,12,1171.98,14063.76,2867.6,11196.16,6879.88,4316.28,2015.31
1926,20220610,34,165,3,28,F664-0415,9,16,1686.04,26976.64,329.12,26647.52,15303.8,11343.72,4796.55
1927,20240602,53,116,3,19,F441-6559,6,5,615.73,3078.65,171.17,2907.48,1631.61,1275.87,523.35
1928,20231214,53,16,1,30,F782-5851,3,15,541.51,8122.65,7.31,8115.34,4217.25,3898.09,1460.76
1929,20240826,57,84,9,22,F047-0596,1,3,2454.32,7362.96,44.91,7318.05,5005.64,2312.41,1317.25
1930,20220425,20,48,6,15,F679-3193,2,6,2332.16,13992.96,2552.32,11440.64,5336.24,6104.4,2059.32
1931,20240519,55,32,4,25,F408-8669,2,10,1747.21,17472.1,990.67,16481.43,9780.35,6701.08,2966.66
1932,20240419,64,160,6,12,F727-2526,9,2,615.41,1230.82,61.05,1169.77,584.33,585.44,210.56
1933,20240418,51,186,8,26,F253-5636,3,1,2033.72,2033.72,305.46,1728.26,858.29,869.97,311.09
1934,20240627,48,175,4,30,F241-2431,3,12,2197.7,26372.4,5453.81,20918.59,13909.85,7008.74,3765.35
1935,20241012,20,134,10,20,F179-0024,5,15,2409.06,36135.9,2048.91,34086.99,20588.1,13498.89,6135.66
1936,20250409,47,59,7,14,F090-8312,6,8,1302.85,10422.8,2037.66,8385.14,4246.03,4139.11,1509.33
1937,20230208,5,118,1,17,F192-6375,10,3,233.93,701.79,159.17,542.62,318.96,223.66,97.67
1938,20250512,64,52,7,2,F102-0232,8,4,591.29,2365.16,451.98,1913.18,1246.88,666.3,344.37
1939,20231230,16,142,4,29,F986-9147,9,4,1222.06,4888.24,433.1,4455.14,2946.32,1508.82,801.93
1940,20220515,81,162,7,30,F725-4295,9,3,2525.65,7576.95,1825.29,5751.66,3297.13,2454.53,1035.3
1941,20220415,34,68,3,5,F215-3551,3,16,1877.26,30036.16,1504.81,28531.35,15996.22,12535.13,5135.64
1942,20230527,19,156,5,9,F158-5671,9,17,1725.33,29330.61,123.19,29207.42,13918.29,15289.13,5257.34
1943,20250307,73,104,1,13,F188-5531,4,6,1487.16,8922.96,398.86,8524.1,5878.12,2645.98,1534.34
1944,20241119,48,185,8,28,F818-4009,2,13,2066.98,26870.74,1628.37,25242.37,17020.23,8222.14,4543.63
1945,20250313,83,126,5,4,F848-3872,1,2,476.77,953.54,64.75,888.79,551.87,336.92,159.98
1946,20240203,63,198,2,21,F576-5308,3,8,841.29,6730.32,1441.63,5288.69,3635.68,1653.01,951.96
1947,20231030,2,103,1,17,F804-4700,7,3,585.46,1756.38,96.43,1659.95,906.9,753.05,298.79
1948,20220903,30,81,5,26,F488-0738,6,16,975.65,15610.4,2563.23,13047.17,7130.66,5916.51,2348.49
1949,20230517,41,169,2,12,F089-7015,5,3,1197.24,3591.72,717.63,2874.09,1966.44,907.65,517.34
1950,20231022,10,146,2,19,F739-6160,10,11,744.78,8192.58,675.89,7516.69,3892.93,3623.76,1353.0
1951,20220603,28,48,1,16,F823-0009,3,15,542.9,8143.5,1114.03,7029.47,3791.96,3237.51,1265.3
1952,20221204,3,19,10,28,F668-8129,2,14,1528.17,21394.38,5222.37,16172.01,9972.73,6199.28,2910.96
1953,20240618,18,52,10,8,F770-7046,10,3,490.77,1472.31,55.06,1417.25,663.73,753.52,255.1
1954,20241218,52,145,9,16,F221-1216,3,19,1158.57,22012.83,3561.68,18451.15,10175.73,8275.42,3321.21
1955,20251230,55,198,3,5,F449-6380,1,16,1936.82,30989.12,1791.17,29197.95,18963.26,10234.69,5255.63
1956,20251021,59,122,9,14,F361-3887,4,19,2512.31,47733.89,11503.87,36230.02,21147.15,15082.87,6521.4
1957,20240826,81,162,7,11,F317-3087,1,10,2391.43,23914.3,1214.85,22699.45,13634.53,9064.92,4085.9
1958,20231006,66,32,3,2,F163-1984,10,19,574.82,10921.58,1738.72,9182.86,4549.39,4633.47,1652.91
1959,20240817,9,97,5,10,F577-7473,5,1,1749.34,1749.34,338.67,1410.67,806.3,604.37,253.92
1960,20250308,62,144,8,13,F314-5066,9,2,268.78,537.56,0.16,537.4,298.37,239.03,96.73
1961,20220722,56,80,2,14,F836-3299,7,10,1820.82,18208.2,2605.59,15602.61,9334.6,6268.01,2808.47
1962,20230921,45,6,7,8,F362-5157,4,2,21.57,43.14,2.77,40.37,21.5,18.87,7.27
1963,20250605,61,145,7,20,F191-7609,8,19,982.09,18659.71,3448.31,15211.4,10553.1,4658.3,2738.05
1964,20230814,11,179,7,8,F329-3374,1,19,2087.24,39657.56,6444.35,33213.21,16086.43,17126.78,5978.38
1965,20240506,48,42,9,6,F474-6776,4,1,2040.64,2040.64,91.42,1949.22,1047.59,901.63,350.86
1966,20240601,55,135,10,28,F574-9338,6,3,1858.85,5576.55,1189.48,4387.07,2647.69,1739.38,789.67
1967,20221023,79,77,6,25,F269-4787,4,10,1036.59,10365.9,1072.87,9293.03,5191.61,4101.42,1672.75
1968,20230712,40,32,7,19,F951-9888,10,3,963.19,2889.57,571.85,2317.72,1219.9,1097.82,417.19
1969,20230528,32,67,5,19,F462-4671,4,8,1644.75,13158.0,2742.13,10415.87,7147.24,3268.63,1874.86
1970,20220220,74,174,9,6,F150-3679,1,14,169.96,2379.44,156.81,2222.63,1292.36,930.27,400.07
1971,20220216,76,186,4,19,F686-8736,9,14,449.67,6295.38,202.08,6093.3,3843.27,2250.03,1096.79
1972,20250522,75,3,10,15,F133-1003,3,9,2047.82,18430.38,458.92,17971.46,8795.65,9175.81,3234.86
1973,20230214,15,133,6,7,F294-6764,6,2,332.37,664.74,79.57,585.17,307.41,277.76,105.33
1974,20240205,44,10,4,1,F044-4945,5,19,276.0,5244.0,173.05,5070.95,3267.91,1803.04,912.77
1975,20230330,73,186,10,8,F581-0895,1,10,1581.22,15812.2,1508.48,14303.72,6665.85,7637.87,2574.67
1976,20251031,19,53,8,11,F880-6447,6,12,1707.07,20484.84,546.95,19937.89,12853.88,7084.01,3588.82
1977,20230119,68,161,8,1,F569-7050,2,13,542.67,7054.71,335.8,6718.91,4001.7,2717.21,1209.4
1978,20231017,74,77,4,9,F713-5362,7,3,160.97,482.91,31.53,451.38,243.8,207.58,81.25
1979,20250729,50,95,1,29,F210-4860,3,3,1212.04,3636.12,202.53,3433.59,2010.4,1423.19,618.05
1980,20250608,25,9,4,7,F318-7496,5,6,1552.79,9316.74,2172.66,7144.08,4538.03,2606.05,1285.93
1981,20221025,24,60,8,23,F594-6811,9,7,1588.44,11119.08,1823.53,9295.55,4226.49,5069.06,1673.2
1982,20250405,51,167,6,23,F725-2308,10,18,2311.9,41614.2,8647.43,32966.77,15104.3,17862.47,5934.02
1983,20231120,36,168,2,21,F679-7984,8,19,933.24,17731.56,4252.03,13479.53,6581.35,6898.18,2426.32
1984,20231215,37,54,6,2,F159-3742,9,9,1105.5,9949.5,468.62,9480.88,4355.37,5125.51,1706.56
1985,20220814,47,72,7,13,F347-2969,8,6,1326.95,7961.7,322.45,7639.25,4505.41,3133.84,1375.07
1986,20220521,44,40,10,26,F240-0153,3,6,291.03,1746.18,86.79,1659.39,802.1,857.29,298.69
1987,20241210,3,53,1,8,F023-3596,4,13,1487.73,19340.49,2773.43,16567.06,7901.69,8665.37,2982.07
1988,20231228,33,172,7,26,F468-5984,1,15,344.75,5171.25,87.39,5083.86,3167.57,1916.29,915.09
1989,20231026,57,89,6,8,F921-0929,3,5,2418.07,12090.35,2345.53,9744.82,5870.46,3874.36,1754.07
1990,20241212,36,45,4,24,F596-9112,5,7,985.7,6899.9,96.6,6803.3,4662.92,2140.38,1224.59
1991,20250130,63,34,1,5,F554-4850,8,1,756.05,756.05,40.98,715.07,449.91,265.16,128.71
1992,20220919,9,198,1,3,F466-2672,3,19,1975.35,37531.65,7596.41,29935.24,19436.68,10498.56,5388.34
1993,20240708,17,185,7,30,F852-4243,9,12,2012.72,24152.64,352.63,23800.01,15555.24,8244.77,4284.0
1994,20220816,60,163,8,11,F845-4268,7,4,1002.4,4009.6,833.6,3176.0,1807.37,1368.63,571.68
1995,20250103,14,68,1,13,F369-8874,4,20,1969.1,39382.0,9211.45,30170.55,14956.12,15214.43,5430.7
1996,20240916,69,162,3,11,F518-1051,3,15,1482.31,22234.65,856.03,21378.62,13242.12,8136.5,3848.15
1997,20251118,20,177,6,13,F404-8746,5,2,2249.79,4499.58,903.07,3596.51,2144.36,1452.15,647.37
1998,20220502,33,161,4,15,F588-1251,3,5,382.24,1911.2,452.57,1458.63,833.41,625.22,262.55
1999,20220412,13,118,9,2,F242-5680,9,3,1858.01,5574.03,1364.52,4209.51,2019.75,2189.76,757.71
2000,20230303,54,19,8,28,F051-7942,5,20,2395.33,47906.6,598.83,47307.77,32125.89,15181.88,8515.4
2001,20230123,5,151,10,20,F258-5816,3,8,250.21,2001.68,299.45,1702.23,916.02,786.21,306.4
2002,20221229,77,37,8,13,F767-4171,4,4,331.98,1327.92,164.0,1163.92,574.01,589.91,209.51
2003,20250915,29,75,3,5,F116-6156,3,6,561.7,3370.2,137.84,3232.36,1746.05,1486.31,581.82
2004,20221231,49,50,4,24,F754-0025,9,9,502.07,4518.63,667.85,3850.78,2354.8,1495.98,693.14
2005,20230212,26,5,5,17,F861-8497,8,10,1626.78,16267.8,1197.31,15070.49,8450.09,6620.4,2712.69
2006,20250118,66,43,1,28,F384-6186,9,11,566.31,6229.41,18.07,6211.34,3516.59,2694.75,1118.04
2007,20231110,45,128,5,20,F719-2977,7,11,19.93,219.23,10.39,208.84,129.58,79.26,37.59
2008,20250220,55,190,6,14,F239-4392,3,7,1995.7,13969.9,558.8,13411.1,8977.55,4433.55,2414.0
2009,20220426,58,92,10,5,F018-6855,2,16,1371.7,21947.2,1749.19,20198.01,9950.03,10247.98,3635.64
2010,20231220,52,8,6,19,F743-2584,3,3,1130.68,3392.04,120.08,3271.96,1966.93,1305.03,588.95
2011,20220305,76,197,7,7,F044-2485,10,3,445.51,1336.53,107.72,1228.81,818.6,410.21,221.19
2012,20220422,41,119,3,21,F419-2824,10,19,1214.37,23073.03,2321.15,20751.88,11599.74,9152.14,3735.34
2013,20250915,38,86,5,20,F527-0444,9,6,2117.81,12706.86,135.96,12570.9,6841.66,5729.24,2262.76
2014,20220822,44,138,1,2,F280-9403,9,7,254.05,1778.35,321.88,1456.47,736.62,719.85,262.16
2015,20240303,29,46,3,4,F973-2833,2,6,578.85,3473.1,55.92,3417.18,2086.5,1330.68,615.09
2016,20230922,48,183,6,18,F158-7135,9,17,2106.21,35805.57,5932.98,29872.59,20040.29,9832.3,5377.07
2017,20230618,54,196,10,4,F544-5353,5,13,2266.71,29467.23,2195.31,27271.92,12329.88,14942.04,4908.95
2018,20250906,72,35,1,2,F814-6362,3,13,992.48,12902.24,997.34,11904.9,6266.72,5638.18,2142.88
2019,20220211,73,63,6,17,F336-6353,7,16,1748.44,27975.04,3094.04,24881.0,14458.46,10422.54,4478.58
2020,20240926,37,31,10,14,F742-2119,4,13,1331.32,17307.16,3239.9,14067.26,9056.05,5011.21,2532.11
2021,20251126,38,112,3,6,F077-3168,3,4,2115.41,8461.64,1291.25,7170.39,4508.13,2662.26,1290.67
2022,20240417,3,65,9,7,F815-1848,5,3,1545.82,4637.46,52.87,4584.59,2250.0,2334.59,825.23
2023,20251026,63,29,2,16,F884-7316,3,19,887.24,16857.56,3255.19,13602.37,8501.54,5100.83,2448.43
2024,20220404,53,177,9,4,F668-2636,9,20,590.29,11805.8,2882.98,8922.82,4634.7,4288.12,1606.11
2025,20231003,26,111,7,14,F022-2755,1,18,1593.37,28680.66,143.4,28537.26,14406.61,14130.65,5136.71
2026,20230120,8,50,9,13,F194-1579,1,7,601.12,4207.84,786.87,3420.97,2000.62,1420.35,615.77
2027,20241213,42,136,4,18,F727-0032,6,11,1665.18,18316.98,3707.36,14609.62,7561.04,7048.58,2629.73
2028,20251214,71,169,10,25,F627-1024,1,14,252.75,3538.5,745.21,2793.29,1687.11,1106.18,502.79
2029,20230113,58,112,4,28,F233-2906,9,14,1232.93,17261.02,707.7,16553.32,9341.82,7211.5,2979.6
2030,20240912,27,53,4,27,F496-6677,2,17,983.24,16715.08,2547.38,14167.7,7740.4,6427.3,2550.19
2031,20221108,65,193,7,6,F408-7453,2,4,175.58,702.32,155.07,547.25,378.08,169.17,98.5
2032,20240425,32,20,4,5,F680-8288,3,10,1539.9,15399.0,3715.78,11683.22,5574.82,6108.4,2102.98
2033,20231127,26,131,4,12,F920-3062,8,20,1881.71,37634.2,1433.86,36200.34,22381.1,13819.24,6516.06
2034,20251205,77,196,1,13,F976-7902,8,3,361.77,1085.31,143.37,941.94,500.49,441.45,169.55
2035,20240705,50,95,10,6,F007-8819,9,2,1177.8,2355.6,248.75,2106.85,1279.46,827.39,379.23
2036,20230621,13,33,8,20,F456-6714,2,9,2166.11,19494.99,1204.79,18290.2,8573.81,9716.39,3292.24
2037,20220715,59,149,9,21,F253-8865,5,4,2492.57,9970.28,878.38,9091.9,5440.19,3651.71,1636.54
2038,20220908,45,184,3,23,F401-6175,6,6,22.65,135.9,24.95,110.95,50.39,60.56,19.97
2039,20221208,52,25,3,11,F459-3345,5,6,1176.06,7056.36,1078.92,5977.44,3218.7,2758.74,1075.94
2040,20230103,79,84,4,20,F280-7130,1,19,1061.98,20177.62,4495.57,15682.05,7694.04,7988.01,2822.77
2041,20250622,57,114,5,21,F487-2339,10,5,2362.32,11811.6,1710.32,10101.28,6080.54,4020.74,1818.23
2042,20240419,53,159,7,16,F023-9215,1,10,570.15,5701.5,89.51,5611.99,3139.73,2472.26,1010.16
2043,20240215,71,66,9,12,F703-9355,5,15,257.5,3862.5,296.25,3566.25,2210.82,1355.43,641.92
2044,20220716,52,130,5,4,F421-7571,4,17,1112.61,18914.37,915.46,17998.91,10836.53,7162.38,3239.8
2045,20250708,37,103,10,18,F828-8737,2,17,1303.95,22167.15,5229.23,16937.92,9076.03,7861.89,3048.83
2046,20241205,49,81,1,26,F620-2731,9,19,462.74,8792.06,1172.86,7619.2,3933.83,3685.37,1371.46
2047,20220430,51,9,3,13,F143-7516,1,11,2355.28,25908.08,6249.03,19659.05,9427.83,10231.22,3538.63
2048,20241119,51,140,3,9,F548-4140,6,18,2136.74,38461.32,5788.43,32672.89,15202.75,17470.14,5881.12
2049,20240321,67,147,9,7,F896-0675,6,8,1125.76,9006.08,0.9,9005.18,6027.3,2977.88,1620.93
2050,20220523,62,189,8,9,F854-1737,9,18,287.61,5176.98,713.39,4463.59,2699.19,1764.4,803.45
2051,20231120,45,115,6,30,F014-0775,1,8,21.52,172.16,0.62,171.54,116.88,54.66,30.88
2052,20231217,28,104,2,19,F910-9773,6,12,481.78,5781.36,1041.22,4740.14,3033.42,1706.72,853.23
2053,20220929,83,67,10,7,F846-7181,9,12,486.44,5837.28,565.63,5271.65,2500.2,2771.45,948.9
2054,20251105,38,185,1,21,F122-8697,8,19,2017.79,38338.01,494.56,37843.45,24230.88,13612.57,6811.82
2055,20250621,21,53,7,12,F910-2014,1,2,2022.7,4045.4,31.55,4013.85,2439.44,1574.41,722.49
2056,20241003,30,34,10,20,F961-0709,7,10,915.03,9150.3,693.59,8456.71,5854.01,2602.7,1522.21
2057,20231125,62,103,6,6,F309-0633,7,11,285.66,3142.26,750.06,2392.2,1410.58,981.62,430.6
2058,20230923,19,157,10,14,F894-7827,3,5,1670.64,8353.2,243.91,8109.29,5494.37,2614.92,1459.67
2059,20240907,41,32,10,1,F340-3866,4,6,1378.37,8270.22,381.26,7888.96,5236.51,2652.45,1420.01
2060,20240324,82,128,5,16,F923-6371,5,10,419.5,4195.0,461.03,3733.97,1707.73,2026.24,672.11
2061,20220421,70,112,6,6,F099-3798,9,11,1835.06,20185.66,1879.28,18306.38,9257.71,9048.67,3295.15
2062,20240125,29,74,6,24,F357-3575,2,16,533.07,8529.12,1770.65,6758.47,4679.31,2079.16,1216.52
2063,20250411,22,101,3,22,F190-1498,2,20,1130.65,22613.0,318.84,22294.16,14162.49,8131.67,4012.95
2064,20231121,61,41,7,25,F278-8783,9,5,990.4,4952.0,783.9,4168.1,2358.43,1809.67,750.26
2065,20220404,32,142,6,6,F186-9576,5,18,1600.21,28803.78,2310.06,26493.72,16393.7,10100.02,4768.87
2066,20250309,22,26,7,4,F515-5369,8,12,1126.03,13512.36,472.93,13039.43,8668.67,4370.76,2347.1
2067,20221112,48,14,9,28,F653-0773,6,15,2049.65,30744.75,510.36,30234.39,16145.08,14089.31,5442.19
2068,20230117,40,121,4,25,F375-3520,6,9,941.88,8476.92,950.26,7526.66,3965.15,3561.51,1354.8
2069,20220927,19,76,2,27,F809-7558,2,17,1508.19,25639.23,4691.98,20947.25,13894.18,7053.07,3770.5
2070,20230520,46,155,4,2,F342-3791,8,19,2347.8,44608.2,5125.48,39482.72,20333.18,19149.54,7106.89
2071,20250113,66,108,2,28,F807-1125,4,8,558.73,4469.84,218.13,4251.71,2476.46,1775.25,765.31
2072,20240207,31,110,1,17,F486-8291,9,17,2225.88,37839.96,8688.05,29151.91,20263.51,8888.4,5247.34
2073,20221116,23,123,9,16,F202-0158,5,18,424.41,7639.38,130.63,7508.75,4870.18,2638.57,1351.58
2074,20250805,72,32,8,23,F314-6695,6,11,971.24,10683.64,1827.97,8855.67,4679.03,4176.64,1594.02
2075,20250808,28,132,1,4,F525-9250,2,8,580.54,4644.32,560.57,4083.75,2660.34,1423.41,735.07
2076,20250725,46,98,8,3,F753-7852,8,16,2272.11,36353.76,1708.63,34645.13,18008.68,16636.45,6236.12
2077,20221221,49,17,5,8,F215-6489,3,19,527.98,10031.62,2029.4,8002.22,4779.03,3223.19,1440.4
2078,20231112,76,111,5,29,F350-0863,10,9,476.82,4291.38,953.54,3337.84,2026.99,1310.85,600.81
2079,20251217,76,137,10,18,F349-7860,4,1,473.92,473.92,81.7,392.22,187.5,204.72,70.6
2080,20250211,74,88,3,4,F722-1393,9,8,141.34,1130.72,235.42,895.3,555.93,339.37,161.15
2081,20220221,77,167,5,13,F284-8432,9,17,338.61,5756.37,417.91,5338.46,2786.0,2552.46,960.92
2082,20220426,39,113,3,18,F933-6078,8,20,1931.46,38629.2,6991.89,31637.31,18846.65,12790.66,5694.72
2083,20231127,43,133,2,27,F607-0842,3,19,1837.71,34916.49,3041.23,31875.26,18486.85,13388.41,5737.55
2084,20250919,19,170,2,27,F141-4903,9,19,1433.2,27230.8,3150.6,24080.2,14079.77,10000.43,4334.44
2085,20240313,70,21,8,1,F949-5377,10,20,1794.21,35884.2,8138.54,27745.66,15619.79,12125.87,4994.22
2086,20231230,68,69,4,14,F509-2620,9,9,498.03,4482.27,1037.2,3445.07,2248.67,1196.4,620.11
2087,20220701,51,164,1,7,F541-8238,6,4,2404.08,9616.32,200.02,9416.3,5946.67,3469.63,1694.93
2088,20240916,56,157,8,27,F552-1308,5,4,1956.05,7824.2,1516.33,6307.87,3750.22,2557.65,1135.42
2089,20250507,44,185,10,21,F867-2735,2,1,282.07,282.07,52.04,230.03,139.01,91.02,41.41
2090,20230809,57,109,7,19,F213-3622,6,2,2234.37,4468.74,413.81,4054.93,1974.56,2080.37,729.89
2091,20250218,12,6,8,24,F013-5217,4,11,239.48,2634.28,490.24,2144.04,1253.44,890.6,385.93
2092,20251127,17,148,4,26,F599-1308,1,1,2181.38,2181.38,406.83,1774.55,852.47,922.08,319.42
2093,20221115,32,122,5,5,F662-5164,6,18,1712.32,30821.76,967.8,29853.96,17714.63,12139.33,5373.71
2094,20240215,16,136,6,27,F548-1656,9,14,1246.29,17448.06,184.95,17263.11,8023.34,9239.77,3107.36
2095,20230311,16,55,8,7,F411-1142,6,11,1190.65,13097.15,199.08,12898.07,6241.47,6656.6,2321.65
2096,20250320,68,113,2,7,F707-5713,9,13,519.59,6754.67,1279.33,5475.34,2655.35,2819.99,985.56
2097,20240516,77,159,1,23,F008-5471,9,8,337.98,2703.84,141.14,2562.7,1308.25,1254.45,461.29
2098,20240815,42,75,8,22,F253-1409,6,14,1782.39,24953.46,563.95,24389.51,14834.12,9555.39,4390.11
2099,20250328,50,92,6,26,F899-1896,2,8,1374.45,10995.6,1607.56,9388.04,5557.95,3830.09,1689.85
2100,20230901,49,169,3,27,F521-3932,8,13,462.45,6011.85,1437.43,4574.42,2760.03,1814.39,823.4
2101,20250928,63,108,7,14,F005-5622,4,1,757.95,757.95,162.05,595.9,349.3,246.6,107.26
2102,20240304,38,18,7,3,F036-1718,10,3,1907.93,5723.79,540.33,5183.46,2662.86,2520.6,933.02
2103,20220918,60,138,5,14,F849-4352,1,11,1048.55,11534.05,1830.45,9703.6,4863.29,4840.31,1746.65
2104,20241106,48,1,3,16,F220-0136,5,2,2196.43,4392.86,207.34,4185.52,2469.68,1715.84,753.39
2105,20250321,19,131,2,9,F649-4247,5,7,1570.89,10996.23,1161.2,9835.03,6721.33,3113.7,1770.31
2106,20230428,59,55,1,19,F422-9423,1,19,2105.7,40008.3,2300.48,37707.82,19956.76,17751.06,6787.41
2107,20250703,54,169,10,21,F989-0059,10,9,2247.53,20227.77,3515.59,16712.18,11115.95,5596.23,3008.19
2108,20250915,23,158,9,15,F784-4418,6,18,370.84,6675.12,1274.28,5400.84,2806.03,2594.81,972.15
2109,20230221,45,138,8,5,F867-8044,2,8,20.12,160.96,33.45,127.51,81.83,45.68,22.95
2110,20251216,59,142,9,4,F808-1732,7,7,2177.96,15245.72,80.8,15164.92,10493.5,4671.42,2729.69
2111,20220824,35,152,9,25,F536-1066,9,2,1880.93,3761.86,191.1,3570.76,2452.32,1118.44,642.74
2112,20221113,64,132,4,24,F240-3514,7,16,522.94,8367.04,927.07,7439.97,4738.17,2701.8,1339.19
2113,20221023,37,60,1,20,F013-1847,6,15,1283.98,19259.7,67.41,19192.29,9841.18,9351.11,3454.61
2114,20250828,25,33,7,5,F358-4334,3,14,1456.12,20385.68,4939.45,15446.23,7670.17,7776.06,2780.32
2115,20240912,6,60,2,20,F036-5835,8,3,83.75,251.25,41.15,210.1,103.49,106.61,37.82
2116,20220909,60,15,8,23,F606-4459,2,9,882.49,7942.41,1505.09,6437.32,3003.47,3433.85,1158.72
2117,20231030,73,142,2,2,F637-7909,10,9,1507.69,13569.21,1259.22,12309.99,7942.35,4367.64,2215.8
2118,20240716,40,120,1,19,F748-9143,8,5,844.67,4223.35,152.04,4071.31,2114.08,1957.23,732.84
2119,20220526,20,53,3,6,F383-1281,8,9,2460.53,22144.77,4792.13,17352.64,10300.25,7052.39,3123.48
2120,20250812,39,178,4,6,F430-1634,2,6,2000.56,12003.36,869.04,11134.32,5748.13,5386.19,2004.18
2121,20250406,69,135,7,4,F705-6251,4,2,1469.59,2939.18,26.16,2913.02,1533.33,1379.69,524.34
2122,20240111,7,168,3,2,F957-2482,1,5,999.32,4996.6,682.04,4314.56,2425.48,1889.08,776.62
2123,20251130,5,185,3,3,F585-5905,4,8,240.13,1921.04,187.69,1733.35,1127.8,605.55,312.0
2124,20231002,53,122,10,11,F031-0982,2,19,635.47,12073.93,94.18,11979.75,6406.06,5573.69,2156.36
2125,20251216,64,4,1,26,F473-3543,10,11,527.38,5801.18,1385.32,4415.86,2608.76,1807.1,794.85
2126,20241001,60,24,2,7,F554-6237,10,2,873.54,1747.08,285.82,1461.26,720.28,740.98,263.03
2127,20240815,6,127,3,6,F123-0409,5,16,80.83,1293.28,285.94,1007.34,618.28,389.06,181.32
2128,20220929,41,127,2,19,F172-8965,2,9,1361.8,12256.2,2278.43,9977.77,6466.46,3511.31,1796.0
2129,20250811,61,14,3,27,F231-4941,5,15,1122.27,16834.05,1080.75,15753.3,8053.4,7699.9,2835.59
2130,20231014,17,37,6,6,F220-9630,5,5,1964.42,9822.1,227.87,9594.23,5270.38,4323.85,1726.96
2131,20220924,11,115,8,29,F185-6158,10,1,2102.56,2102.56,306.55,1796.01,945.19,850.82,323.28
2132,20220125,3,81,2,8,F946-2139,8,6,1512.77,9076.62,954.86,8121.76,4924.85,3196.91,1461.92
2133,20240416,53,143,1,22,F138-4430,6,15,528.16,7922.4,1193.91,6728.49,3532.64,3195.85,1211.13
2134,20240222,46,28,2,19,F684-1810,6,12,2349.63,28195.56,789.48,27406.08,12586.62,14819.46,4933.09
2135,20241202,69,104,5,24,F622-8780,7,3,1398.11,4194.33,179.1,4015.23,2238.36,1776.87,722.74
2136,20250823,33,132,7,5,F220-7596,7,14,349.98,4899.72,969.16,3930.56,2661.28,1269.28,707.5
2137,20220519,8,67,1,17,F768-3781,8,17,728.6,12386.2,1627.55,10758.65,5680.46,5078.19,1936.56
2138,20241214,72,75,10,28,F581-2141,2,19,1083.53,20587.07,564.09,20022.98,9173.17,10849.81,3604.14
2139,20221027,56,196,9,30,F844-3304,7,2,1745.77,3491.54,352.3,3139.24,1991.04,1148.2,565.06
2140,20250705,78,59,5,18,F276-8354,7,5,1214.0,6070.0,1264.99,4805.01,3105.75,1699.26,864.9
2141,20250502,35,147,9,14,F327-4495,7,2,1758.69,3517.38,443.19,3074.19,1473.51,1600.68,553.35
2142,20240316,24,52,8,22,F962-2432,1,1,1547.25,1547.25,64.98,1482.27,1036.8,445.47,266.81
2143,20241122,46,1,1,1,F019-8988,9,1,2504.34,2504.34,550.2,1954.14,1251.32,702.82,351.75
2144,20230425,49,117,4,19,F114-0080,1,10,458.23,4582.3,851.85,3730.45,2605.78,1124.67,671.48
2145,20231204,67,31,7,26,F003-0380,10,19,1233.5,23436.5,5854.44,17582.06,8445.18,9136.88,3164.77
2146,20250506,12,127,4,30,F468-9536,9,5,227.53,1137.65,233.33,904.32,438.34,465.98,162.78
2147,20231121,74,188,6,10,F557-1347,9,20,164.85,3297.0,36.93,3260.07,1474.29,1785.78,586.81
2148,20230705,55,6,10,27,F862-9659,9,9,1932.52,17392.68,1688.83,15703.85,7226.25,8477.6,2826.69
2149,20231226,36,186,4,15,F085-1575,9,8,994.27,7954.16,863.82,7090.34,4768.82,2321.52,1276.26
2150,20250517,11,67,6,17,F145-9394,5,20,2187.02,43740.4,6071.17,37669.23,20429.72,17239.51,6780.46
2151,20230529,20,171,1,3,F372-3334,6,7,2573.03,18011.21,2863.78,15147.43,9864.46,5282.97,2726.54
2152,20221009,31,148,10,20,F257-4643,10,14,1985.66,27799.24,208.49,27590.75,14634.49,12956.26,4966.34
2153,20241124,35,25,1,18,F142-4375,1,14,1913.71,26791.94,2957.83,23834.11,14992.33,8841.78,4290.14
2154,20250513,18,39,3,21,F228-8411,8,18,488.54,8793.72,2001.45,6792.27,4226.01,2566.26,1222.61
2155,20220623,77,101,3,2,F544-5680,9,10,375.88,3758.8,909.63,2849.17,1388.47,1460.7,512.85
2156,20221222,9,92,4,14,F320-2618,4,11,1804.42,19848.62,4489.76,15358.86,8706.82,6652.04,2764.59
2157,20220826,45,159,2,25,F574-2286,9,1,24.19,24.19,0.05,24.14,11.39,12.75,4.35
2158,20230619,43,161,3,26,F647-5364,6,4,1639.11,6556.44,1125.74,5430.7,3717.68,1713.02,977.53
2159,20231111,73,119,10,6,F225-0908,5,13,1441.11,18734.43,535.8,18198.63,8333.64,9864.99,3275.75
2160,20241230,55,134,3,15,F089-0486,2,2,1903.25,3806.5,81.08,3725.42,2199.45,1525.97,670.58
2161,20240908,23,161,7,3,F360-1468,3,5,373.13,1865.65,264.74,1600.91,1116.72,484.19,288.16
2162,20240726,4,3,8,24,F440-7131,6,9,1454.16,13087.44,3096.49,9990.95,6282.63,3708.32,1798.37
2163,20230626,29,79,3,29,F148-7206,7,9,608.22,5473.98,426.97,5047.01,3186.44,1860.57,908.46
2164,20250607,29,28,10,3,F341-3877,1,10,596.11,5961.1,570.48,5390.62,3728.14,1662.48,970.31
2165,20231204,47,39,5,8,F359-9148,7,7,1212.56,8487.92,2045.59,6442.33,3396.92,3045.41,1159.62
2166,20251212,11,82,2,24,F696-2068,8,14,2269.76,31776.64,4248.54,27528.1,13510.67,14017.43,4955.06
2167,20240814,24,181,7,30,F360-6557,3,1,1633.86,1633.86,207.99,1425.87,943.68,482.19,256.66
2168,20220803,17,114,7,28,F559-7242,9,3,2005.36,6016.08,1438.44,4577.64,2771.08,1806.56,823.98
2169,20241012,35,170,3,19,F062-3403,6,10,1886.34,18863.4,2231.54,16631.86,10934.9,5696.96,2993.73
2170,20230512,2,145,8,10,F997-2386,3,4,488.39,1953.56,393.84,1559.72,820.14,739.58,280.75
2171,20241025,31,79,7,29,F757-6200,9,9,2001.21,18010.89,3654.41,14356.48,7564.43,6792.05,2584.17
2172,20220503,20,111,5,20,F756-5838,3,5,2560.57,12802.85,277.82,12525.03,8111.93,4413.1,2254.51
2173,20221011,46,177,5,26,F290-1441,2,6,2190.42,13142.52,56.51,13086.01,7196.22,5889.79,2355.48
2174,20250701,13,141,2,17,F151-7596,4,20,2087.33,41746.6,5147.36,36599.24,18259.04,18340.2,6587.86
2175,20221210,1,174,10,26,F295-8200,9,14,78.8,1103.2,64.43,1038.77,525.97,512.8,186.98
2176,20250531,23,108,9,1,F415-6639,5,17,417.02,7089.34,915.94,6173.4,3683.49,2489.91,1111.21
2177,20230226,3,47,2,6,F835-6080,5,4,1559.96,6239.84,1273.55,4966.29,3467.67,1498.62,893.93
2178,20240827,26,64,1,4,F726-6578,1,9,1792.72,16134.48,332.37,15802.11,9979.85,5822.26,2844.38
2179,20241104,40,62,8,5,F103-8278,7,17,944.21,16051.57,1701.47,14350.1,9412.93,4937.17,2583.02
2180,20240125,7,52,2,20,F458-9024,10,7,1107.73,7754.11,316.37,7437.74,5205.49,2232.25,1338.79
2181,20230410,80,9,1,7,F305-7780,2,2,136.61,273.22,5.46,267.76,174.55,93.21,48.2
2182,20221125,31,120,9,14,F047-1720,7,16,1910.75,30572.0,5713.91,24858.09,14850.81,10007.28,4474.46
2183,20220304,20,193,1,24,F520-4234,2,12,2468.48,29621.76,5062.36,24559.4,14839.03,9720.37,4420.69
2184,20230407,75,94,1,21,F124-1263,4,15,1963.58,29453.7,6049.79,23403.91,12454.72,10949.19,4212.7
2185,20240910,57,6,8,30,F171-9145,9,11,2174.09,23914.99,3168.74,20746.25,12998.4,7747.85,3734.32
2186,20251028,57,154,1,23,F233-7667,2,1,2260.22,2260.22,266.48,1993.74,1285.66,708.08,358.87
2187,20250726,54,200,10,16,F855-2534,3,1,2063.05,2063.05,284.91,1778.14,1027.76,750.38,320.07
2188,20250131,26,124,8,25,F124-8774,4,19,1800.15,34202.85,5417.73,28785.12,15718.1,13067.02,5181.32
2189,20250313,63,144,2,29,F925-0115,3,8,784.82,6278.56,63.41,6215.15,4161.52,2053.63,1118.73
2190,20240927,37,129,1,1,F174-4209,5,18,1229.16,22124.88,2026.64,20098.24,10812.34,9285.9,3617.68
2191,20230120,25,48,3,27,F125-6402,10,5,1543.49,7717.45,411.34,7306.11,4009.71,3296.4,1315.1
2192,20250916,5,142,6,28,F467-4253,7,13,249.78,3247.14,489.02,2758.12,1767.55,990.57,496.46
2193,20241005,61,112,10,23,F122-4029,10,15,942.53,14137.95,2411.93,11726.02,6321.81,5404.21,2110.68
2194,20240417,47,30,7,29,F306-2379,7,5,1263.05,6315.25,141.46,6173.79,2862.97,3310.82,1111.28
2195,20220710,10,167,9,25,F265-2565,5,1,732.2,732.2,39.83,692.37,374.57,317.8,124.63
2196,20231107,28,148,3,10,F555-4798,9,4,555.45,2221.8,344.38,1877.42,1251.16,626.26,337.94
2197,20231123,9,109,10,26,F829-1223,1,1,1699.32,1699.32,128.13,1571.19,749.12,822.07,282.81
2198,20250715,41,19,7,16,F737-5976,9,2,1358.62,2717.24,99.99,2617.25,1418.75,1198.5,471.1
2199,20240326,50,171,10,28,F338-3813,5,13,1341.34,17437.42,3107.35,14330.07,7326.49,7003.58,2579.41
2200,20230809,71,195,5,30,F511-6892,5,1,222.13,222.13,18.1,204.03,133.65,70.38,36.73
2201,20251209,20,32,6,16,F253-9041,6,19,2335.48,44374.12,8732.83,35641.29,23661.56,11979.73,6415.43
2202,20220709,42,115,8,11,F827-1614,3,4,1703.61,6814.44,233.05,6581.39,4229.25,2352.14,1184.65
2203,20231008,30,93,5,5,F386-0748,10,19,979.97,18619.43,2316.26,16303.17,7737.74,8565.43,2934.57
2204,20220319,60,75,7,25,F756-6059,5,13,887.89,11542.57,54.25,11488.32,6018.83,5469.49,2067.9
2205,20241222,55,114,2,1,F472-3336,1,15,2052.28,30784.2,1086.68,29697.52,16022.58,13674.94,5345.55
2206,20251002,65,167,8,18,F657-3767,8,12,180.46,2165.52,208.11,1957.41,1009.82,947.59,352.33
2207,20230227,8,136,1,25,F191-7247,5,16,630.94,10095.04,802.56,9292.48,6455.25,2837.23,1672.65
2208,20250705,10,172,3,13,F052-2655,10,17,876.1,14893.7,3153.0,11740.7,7354.6,4386.1,2113.33
2209,20230319,23,38,8,6,F569-8458,5,13,384.18,4994.34,855.53,4138.81,2279.27,1859.54,744.99
2210,20250922,6,168,7,22,F212-2357,8,14,76.06,1064.84,66.77,998.07,451.7,546.37,179.65
2211,20250108,9,141,7,16,F428-2267,6,7,1942.33,13596.31,3206.01,10390.3,5216.57,5173.73,1870.25
2212,20250409,78,122,10,2,F417-0495,5,17,1019.14,17325.38,1867.68,15457.7,8903.44,6554.26,2782.39
2213,20220204,67,60,3,2,F711-5483,6,17,1336.25,22716.25,5642.72,17073.53,10207.08,6866.45,3073.24
2214,20251125,31,155,3,16,F205-9466,7,12,1977.75,23733.0,4677.77,19055.23,11849.04,7206.19,3429.94
2215,20241209,11,66,1,11,F197-5271,7,11,2492.76,27420.36,4085.63,23334.73,13122.12,10212.61,4200.25
2216,20230409,58,128,6,12,F261-2602,7,16,1142.65,18282.4,2285.3,15997.1,10725.4,5271.7,2879.48
2217,20250519,10,67,3,28,F186-7813,4,1,832.41,832.41,50.19,782.22,504.78,277.44,140.8
2218,20230302,52,16,3,6,F967-2413,8,5,1229.09,6145.45,699.97,5445.48,2731.24,2714.24,980.19
2219,20250729,14,167,8,14,F622-1978,8,3,1760.61,5281.83,1103.9,4177.93,2747.13,1430.8,752.03
2220,20220712,14,140,6,4,F296-4395,9,2,1888.53,3777.06,736.15,3040.91,1488.23,1552.68,547.36
2221,20241114,52,27,7,19,F009-3397,10,8,1186.69,9493.52,76.9,9416.62,4651.15,4765.47,1694.99
2222,20240316,23,146,9,1,F098-4361,3,6,372.01,2232.06,416.73,1815.33,1268.42,546.91,326.76
2223,20220616,51,19,8,15,F905-0317,4,3,2076.28,6228.84,94.06,6134.78,3598.61,2536.17,1104.26
2224,20221224,11,88,1,2,F299-9557,4,7,2226.14,15582.98,1735.94,13847.04,8926.26,4920.78,2492.47
2225,20220124,27,97,10,8,F874-1854,8,15,849.65,12744.75,584.98,12159.77,8258.98,3900.79,2188.76
2226,20231202,21,143,1,18,F228-9222,1,15,2087.21,31308.15,3390.67,27917.48,14249.54,13667.94,5025.15
2227,20230403,51,90,10,24,F628-9012,6,11,2300.32,25303.52,1644.73,23658.79,11570.77,12088.02,4258.58
2228,20240619,14,119,3,25,F506-2953,9,8,2000.05,16000.4,2952.07,13048.33,6605.28,6443.05,2348.7
2229,20230327,12,90,1,10,F999-9228,7,19,216.51,4113.69,121.35,3992.34,2183.43,1808.91,718.62
2230,20230401,8,166,6,27,F176-7433,3,14,618.07,8652.98,1554.08,7098.9,3997.68,3101.22,1277.8
2231,20241225,71,68,10,24,F642-9608,6,12,250.47,3005.64,734.28,2271.36,1356.07,915.29,408.84
2232,20220329,3,78,1,14,F767-8113,6,1,1595.7,1595.7,201.7,1394.0,817.63,576.37,250.92
2233,20250910,53,171,2,19,F983-2815,10,1,621.81,621.81,26.36,595.45,349.18,246.27,107.18
2234,20250625,6,77,4,20,F034-4580,5,3,71.48,214.44,48.46,165.98,106.92,59.06,29.88
2235,20241001,70,41,6,7,F254-3380,3,2,1949.83,3899.66,570.13,3329.53,1642.58,1686.95,599.32
2236,20240610,1,96,6,12,F874-0973,2,8,80.35,642.8,57.47,585.33,269.36,315.97,105.36
2237,20250826,80,184,1,8,F876-6633,10,8,144.5,1156.0,285.88,870.12,453.26,416.86,156.62
2238,20221024,65,160,4,25,F795-4024,4,18,193.84,3489.12,248.43,3240.69,2092.97,1147.72,583.32
2239,20220518,21,110,3,1,F832-8805,1,8,1970.7,15765.6,1552.91,14212.69,6975.63,7237.06,2558.28
2240,20221222,45,33,5,25,F277-1483,3,18,22.2,399.6,99.9,299.7,152.13,147.57,53.95
2241,20250323,75,157,10,20,F138-0925,2,11,1726.86,18995.46,3567.35,15428.11,8457.77,6970.34,2777.06
2242,20220307,19,118,5,19,F381-4553,3,16,1490.0,23840.0,2393.54,21446.46,10054.39,11392.07,3860.36
2243,20240524,9,69,2,19,F209-7343,6,13,1960.1,25481.3,1161.95,24319.35,15654.82,8664.53,4377.48
2244,20251227,80,115,2,23,F235-1637,8,4,147.35,589.4,86.35,503.05,249.11,253.94,90.55
2245,20250701,48,71,8,11,F155-8335,7,13,1888.36,24548.68,785.56,23763.12,13209.63,10553.49,4277.36
2246,20240211,33,109,2,15,F829-3745,1,5,342.89,1714.45,300.54,1413.91,950.98,462.93,254.5
2247,20220423,1,69,6,28,F141-4432,1,6,74.39,446.34,73.65,372.69,249.64,123.05,67.08
2248,20250522,25,85,6,1,F326-1542,5,4,1350.2,5400.8,84.79,5316.01,3310.66,2005.35,956.88
2249,20240620,27,77,4,22,F862-0809,9,5,952.16,4760.8,119.5,4641.3,2831.02,1810.28,835.43
2250,20220716,57,120,10,5,F384-4118,3,19,2242.47,42606.93,4908.32,37698.61,18280.6,19418.01,6785.75
2251,20220612,20,66,6,23,F955-8843,2,17,2572.03,43724.51,5959.65,37764.86,23680.42,14084.44,6797.67
2252,20250920,76,127,1,14,F505-6263,10,1,435.15,435.15,32.9,402.25,235.59,166.66,72.41
2253,20241003,26,143,7,12,F098-5865,10,8,1904.21,15233.68,2885.26,12348.42,7374.82,4973.6,2222.72
2254,20250519,8,111,5,2,F905-8516,6,15,623.79,9356.85,1675.81,7681.04,4734.42,2946.62,1382.59
2255,20250807,82,190,9,6,F997-5254,7,12,407.16,4885.92,898.03,3987.89,2323.35,1664.54,717.82
2256,20240506,62,102,8,5,F675-9577,3,6,276.87,1661.22,7.48,1653.74,954.17,699.57,297.67
2257,20240203,47,82,6,3,F805-9595,7,7,1163.01,8141.07,1755.21,6385.86,3891.62,2494.24,1149.45
2258,20231018,22,194,2,18,F188-5779,7,6,1097.3,6583.8,302.2,6281.6,3376.93,2904.67,1130.69
2259,20230429,22,49,10,25,F258-2954,1,10,1143.3,11433.0,1278.21,10154.79,5972.21,4182.58,1827.86
2260,20231023,12,71,2,10,F584-9395,3,6,250.43,1502.58,297.81,1204.77,616.14,588.63,216.86
2261,20250215,77,101,3,27,F711-7265,1,1,309.68,309.68,46.89,262.79,161.3,101.49,47.3
2262,20240624,18,88,1,19,F370-7051,4,1,459.32,459.32,30.13,429.19,282.3,146.89,77.25
2263,20250826,24,60,10,3,F052-1383,10,10,1518.65,15186.5,2457.18,12729.32,5787.9,6941.42,2291.28
2264,20231103,29,42,5,27,F475-1535,2,7,525.25,3676.75,495.26,3181.49,1572.96,1608.53,572.67
2265,20240703,76,6,9,5,F473-7961,1,1,439.26,439.26,76.3,362.96,201.43,161.53,65.33
2266,20240810,42,108,1,16,F447-2127,7,13,1586.11,20619.43,571.16,20048.27,12455.43,7592.84,3608.69
2267,20240608,37,4,10,11,F234-7587,3,17,1144.95,19464.15,3470.46,15993.69,8612.56,7381.13,2878.86
2268,20241113,26,38,4,22,F114-3369,4,3,1652.0,4956.0,551.11,4404.89,2450.89,1954.0,792.88
2269,20221220,53,112,5,5,F962-3278,2,20,532.52,10650.4,689.08,9961.32,6257.08,3704.24,1793.04
2270,20240125,50,118,3,15,F482-6363,9,10,1246.65,12466.5,362.78,12103.72,7712.69,4391.03,2178.67
2271,20220629,47,109,4,26,F258-9903,5,14,1206.79,16895.06,3777.74,13117.32,8369.02,4748.3,2361.12
2272,20230815,24,18,8,11,F879-5574,2,2,1714.58,3429.16,701.95,2727.21,1827.23,899.98,490.9
2273,20231220,66,127,10,20,F579-3094,3,1,560.62,560.62,139.87,420.75,277.26,143.49,75.73
2274,20240909,39,57,8,10,F274-4380,2,2,1962.43,3924.86,865.82,3059.04,1596.08,1462.96,550.63
2275,20251111,64,51,9,27,F399-9382,5,9,518.56,4667.04,402.77,4264.27,2751.42,1512.85,767.57
2276,20240622,58,198,9,12,F764-3693,7,1,1278.6,1278.6,52.93,1225.67,819.41,406.26,220.62
2277,20241225,18,45,4,17,F445-4362,2,19,460.12,8742.28,90.92,8651.36,5381.61,3269.75,1557.24
2278,20240113,84,87,6,16,F760-4390,3,1,361.53,361.53,53.83,307.7,155.94,151.76,55.39
2279,20240814,12,155,1,27,F818-0533,10,9,227.84,2050.56,120.16,1930.4,1245.22,685.18,347.47
2280,20220505,29,79,8,28,F664-6727,2,3,552.28,1656.84,108.52,1548.32,862.16,686.16,278.7
2281,20230109,38,71,4,15,F053-6492,7,17,1927.34,32764.78,7830.78,24934.0,14477.62,10456.38,4488.12
2282,20230711,11,90,7,9,F918-6785,8,15,2294.2,34413.0,7254.26,27158.74,18760.03,8398.71,4888.57
2283,20231205,17,18,6,22,F305-1428,9,13,2184.09,28393.17,5360.63,23032.54,12691.69,10340.85,4145.86
2284,20220325,48,39,8,16,F947-2736,10,20,2134.56,42691.2,6096.3,36594.9,25052.71,11542.19,6587.08
2285,20220823,15,117,9,13,F021-4753,4,17,277.13,4711.21,362.76,4348.45,2001.38,2347.07,782.72
2286,20230221,47,59,4,15,F274-6961,10,14,1190.27,16663.78,138.31,16525.47,11152.32,5373.15,2974.58
2287,20251204,66,171,4,1,F838-6629,8,1,525.02,525.02,52.03,472.99,289.07,183.92,85.14
2288,20230522,16,106,8,30,F589-4608,2,5,1330.79,6653.95,304.75,6349.2,3148.27,3200.93,1142.86
2289,20231215,79,111,6,7,F515-5399,10,17,952.36,16190.12,1829.48,14360.64,8785.27,5575.37,2584.92
2290,20221106,6,175,3,23,F528-8253,8,7,75.07,525.49,75.25,450.24,225.61,224.63,81.04
2291,20240709,52,6,5,19,F142-2278,2,11,1050.73,11558.03,2308.14,9249.89,5637.07,3612.82,1664.98
2292,20230228,59,20,9,28,F412-7255,1,18,2078.03,37404.54,3949.92,33454.62,20910.47,12544.15,6021.83
2293,20221119,53,103,3,19,F954-0243,8,6,566.21,3397.26,712.41,2684.85,1720.01,964.84,483.27
2294,20240202,25,131,10,3,F690-9284,9,19,1587.85,30169.15,4383.58,25785.57,16546.2,9239.37,4641.4
2295,20220111,21,197,4,25,F824-3824,8,18,2055.7,37002.6,1424.6,35578.0,22257.85,13320.15,6404.04
2296,20220115,12,79,10,9,F176-6640,10,1,231.11,231.11,30.85,200.26,131.29,68.97,36.05
2297,20221202,38,176,4,29,F090-3890,6,7,1899.59,13297.13,2386.83,10910.3,6522.61,4387.69,1963.85
2298,20220310,39,92,10,20,F429-7367,1,20,1958.37,39167.4,6779.88,32387.52,15488.96,16898.56,5829.75
2299,20220705,49,113,4,1,F377-4235,10,3,493.89,1481.67,228.47,1253.2,820.7,432.5,225.58
2300,20230604,68,191,5,22,F806-4020,1,9,483.05,4347.45,252.15,4095.3,2777.09,1318.21,737.15
2301,20250405,19,107,8,17,F881-0092,7,3,1669.12,5007.36,583.36,4424.0,2586.69,1837.31,796.32
2302,20240506,82,88,9,19,F885-0849,2,9,396.32,3566.88,591.39,2975.49,1843.17,1132.32,535.59
2303,20240125,49,186,3,29,F871-8373,2,9,499.15,4492.35,991.01,3501.34,2084.1,1417.24,630.24
2304,20230321,43,14,10,5,F423-4889,1,15,1599.34,23990.1,4646.88,19343.22,9257.85,10085.37,3481.78
2305,20251019,58,9,9,21,F920-1075,8,7,1360.71,9524.97,74.29,9450.68,5739.17,3711.51,1701.12
2306,20230902,21,141,3,21,F892-4850,5,17,2017.35,34294.95,1419.81,32875.14,22567.71,10307.43,5917.53
2307,20220601,68,38,9,17,F676-9494,6,1,500.99,500.99,82.71,418.28,190.24,228.04,75.29
2308,20240719,73,108,9,1,F434-9705,2,15,1497.14,22457.1,3543.73,18913.37,8930.98,9982.39,3404.41
2309,20220714,77,121,7,13,F136-0255,9,13,373.13,4850.69,1040.96,3809.73,1877.71,1932.02,685.75
2310,20230614,5,15,3,30,F432-3189,5,1,236.94,236.94,14.22,222.72,106.91,115.81,40.09
2311,20240115,36,167,3,21,F260-5473,9,11,910.65,10017.15,2011.44,8005.71,4366.08,3639.63,1441.03
2312,20250731,63,76,3,10,F167-6127,4,3,880.79,2642.37,118.11,2524.26,1600.24,924.02,454.37
2313,20231226,53,58,8,12,F255-0147,3,19,591.33,11235.27,252.79,10982.48,7484.65,3497.83,1976.85
2314,20241113,71,181,1,8,F625-6173,8,19,264.03,5016.57,565.87,4450.7,2918.46,1532.24,801.13
2315,20251225,1,196,5,2,F361-5815,4,10,67.61,676.1,40.97,635.13,336.34,298.79,114.32
2316,20220811,55,95,5,22,F017-3983,7,3,1840.92,5522.76,966.48,4556.28,2978.84,1577.44,820.13
2317,20230217,35,184,10,15,F511-4076,9,17,1905.16,32387.72,4427.4,27960.32,13412.96,14547.36,5032.86
2318,20230830,48,33,4,14,F040-6245,7,13,1907.04,24791.52,2548.57,22242.95,15564.85,6678.1,4003.73
2319,20231007,60,150,2,5,F382-9527,5,20,977.17,19543.4,4739.27,14804.13,8170.96,6633.17,2664.74
2320,20230922,73,66,3,20,F538-6340,3,6,1710.8,10264.8,345.92,9918.88,4588.72,5330.16,1785.4
2321,20250917,22,107,7,3,F990-7434,10,19,1189.96,22609.24,3504.43,19104.81,8650.08,10454.73,3438.87
2322,20241126,75,152,10,22,F841-2529,10,7,1867.44,13072.08,2916.38,10155.7,5527.13,4628.57,1828.03
2323,20240704,78,142,8,28,F996-6551,9,18,1174.21,21135.78,1310.42,19825.36,10510.5,9314.86,3568.56
2324,20230416,66,200,7,1,F309-1990,4,16,550.52,8808.32,992.7,7815.62,3882.98,3932.64,1406.81
2325,20250510,33,65,10,27,F253-1568,6,2,353.4,706.8,92.45,614.35,409.61,204.74,110.58
2326,20251116,26,40,3,13,F011-0481,1,7,1773.21,12412.47,3028.64,9383.83,5629.1,3754.73,1689.09
2327,20250505,9,120,7,5,F861-1104,5,2,1725.63,3451.26,562.9,2888.36,1775.06,1113.3,519.9
2328,20220103,84,145,2,7,F308-1937,1,2,416.6,833.2,181.39,651.81,412.45,239.36,117.33
2329,20240817,27,163,9,16,F136-0544,10,19,913.23,17351.37,2149.83,15201.54,7419.51,7782.03,2736.28
2330,20220403,79,41,3,10,F931-0187,6,11,1069.33,11762.63,2448.98,9313.65,5084.66,4228.99,1676.46
2331,20230115,80,87,4,1,F584-7938,7,5,146.89,734.45,10.21,724.24,358.98,365.26,130.36
2332,20220416,55,159,7,5,F938-9313,9,4,1985.06,7940.24,1235.5,6704.74,3454.65,3250.09,1206.85
2333,20240627,5,2,2,16,F675-5972,4,12,242.83,2913.96,293.14,2620.82,1265.67,1355.15,471.75
2334,20241025,81,135,7,19,F342-7870,3,15,2512.73,37690.95,5800.64,31890.31,17611.74,14278.57,5740.26
2335,20220715,84,64,5,16,F264-1975,3,10,438.15,4381.5,930.63,3450.87,1558.7,1892.17,621.16
2336,20230814,41,159,6,28,F415-1589,1,3,1190.36,3571.08,586.37,2984.71,1702.9,1281.81,537.25
2337,20231118,7,128,6,2,F232-6866,2,16,1003.83,16061.28,788.61,15272.67,7520.1,7752.57,2749.08
2338,20230723,74,86,10,24,F856-9566,10,6,166.01,996.06,240.55,755.51,367.67,387.84,135.99
2339,20220726,10,11,4,10,F750-3013,5,17,833.12,14163.04,1715.14,12447.9,6254.97,6192.93,2240.62
2340,20231003,40,200,5,16,F442-0421,8,15,878.9,13183.5,945.26,12238.24,7370.28,4867.96,2202.88
2341,20250103,69,17,1,23,F858-7708,7,5,1350.23,6751.15,1307.02,5444.13,2878.87,2565.26,979.94
2342,20220505,42,9,9,28,F800-5854,2,20,1475.67,29513.4,525.34,28988.06,16459.54,12528.52,5217.85
2343,20220520,62,21,5,12,F393-3156,5,6,312.23,1873.38,404.65,1468.73,878.7,590.03,264.37
2344,20230630,5,1,6,12,F558-1296,2,3,240.64,721.92,100.78,621.14,334.49,286.65,111.81
2345,20251101,42,159,7,22,F375-4078,10,15,1755.03,26325.45,1713.79,24611.66,15494.97,9116.69,4430.1
2346,20241002,15,1,1,10,F012-9632,4,2,336.37,672.74,108.78,563.96,369.57,194.39,101.51
2347,20241015,2,71,1,25,F255-9900,9,11,565.9,6224.9,1389.4,4835.5,2317.69,2517.81,870.39
2348,20230711,20,98,7,25,F165-0654,4,18,2181.58,39268.44,235.61,39032.83,19604.3,19428.53,7025.91
2349,20240611,66,72,1,22,F456-8752,9,18,539.75,9715.5,1347.54,8367.96,5197.53,3170.43,1506.23
2350,20220120,2,24,7,10,F709-7166,10,11,501.5,5516.5,217.35,5299.15,3309.07,1990.08,953.85
2351,20240817,27,52,1,30,F195-9911,8,8,980.36,7842.88,671.35,7171.53,3975.76,3195.77,1290.88
2352,20250925,39,14,7,16,F044-8284,10,1,1790.4,1790.4,225.23,1565.17,902.8,662.37,281.73
2353,20240712,72,174,2,20,F717-1519,9,2,981.23,1962.46,292.6,1669.86,768.56,901.3,300.57
2354,20250730,81,52,3,26,F400-6203,2,10,2488.73,24887.3,5385.61,19501.69,9160.24,10341.45,3510.3
2355,20241207,13,88,3,26,F409-3949,3,9,1945.1,17505.9,2422.82,15083.08,8902.32,6180.76,2714.95
2356,20220725,16,176,3,5,F019-5138,4,13,1209.71,15726.23,127.38,15598.85,10896.56,4702.29,2807.79
2357,20250910,77,94,5,10,F492-0930,9,1,374.61,374.61,44.58,330.03,227.06,102.97,59.41
2358,20220428,18,75,7,24,F076-9377,6,7,509.45,3566.15,71.32,3494.83,2228.58,1266.25,629.07
2359,20240305,32,100,7,5,F894-6676,3,14,1586.76,22214.64,4867.23,17347.41,9913.69,7433.72,3122.53
2360,20220826,32,60,1,5,F768-6298,2,19,1504.61,28587.59,2687.23,25900.36,11673.14,14227.22,4662.06
2361,20220123,69,115,1,7,F929-6362,9,5,1317.02,6585.1,615.71,5969.39,3899.44,2069.95,1074.49
2362,20231007,52,102,4,14,F850-0138,6,2,1056.71,2113.42,207.75,1905.67,877.34,1028.33,343.02
2363,20230324,6,163,7,9,F858-0132,10,17,70.89,1205.13,267.3,937.83,442.59,495.24,168.81
2364,20231218,70,152,2,6,F061-3888,1,1,1956.04,1956.04,420.35,1535.69,916.29,619.4,276.42
2365,20240515,19,177,4,25,F966-7538,6,1,1530.5,1530.5,232.79,1297.71,693.94,603.77,233.59
2366,20220322,73,148,3,13,F043-0812,10,20,1592.92,31858.4,2921.42,28936.98,19224.78,9712.2,5208.66
2367,20220729,69,127,5,22,F330-4224,5,5,1354.4,6772.0,1461.4,5310.6,3005.09,2305.51,955.91
2368,20240415,81,143,10,10,F711-4675,6,5,2345.68,11728.4,129.01,11599.39,6048.59,5550.8,2087.89
2369,20230611,29,31,9,20,F399-5700,6,4,556.58,2226.32,310.35,1915.97,1164.25,751.72,344.87
2370,20241211,68,104,3,28,F172-9784,6,10,488.41,4884.1,930.42,3953.68,2172.68,1781.0,711.66
2371,20240909,20,105,7,1,F241-6692,2,20,2154.56,43091.2,5334.69,37756.51,19962.79,17793.72,6796.17
2372,20250614,54,3,5,15,F885-2528,7,10,2410.97,24109.7,3264.45,20845.25,9539.22,11306.03,3752.14
2373,20241102,52,94,9,12,F028-1164,6,7,1048.75,7341.25,648.23,6693.02,4675.59,2017.43,1204.74
2374,20231017,26,163,2,14,F509-1539,6,3,1801.63,5404.89,596.16,4808.73,2980.68,1828.05,865.57
2375,20241008,55,34,3,9,F310-1230,4,17,1758.45,29893.65,3288.3,26605.35,12383.72,14221.63,4788.96
2376,20230218,32,182,7,9,F750-5987,4,10,1591.41,15914.1,1760.1,14154.0,7308.23,6845.77,2547.72
2377,20230411,13,120,10,2,F327-7541,2,11,2091.33,23004.63,3993.6,19011.03,13248.38,5762.65,3421.99
2378,20250314,74,164,10,18,F408-7123,5,3,171.7,515.1,97.66,417.44,285.15,132.29,75.14
2379,20231107,52,142,4,7,F903-5281,10,14,1187.58,16626.12,1371.65,15254.47,10240.23,5014.24,2745.8
2380,20250329,64,2,6,22,F480-0806,3,18,529.78,9536.04,1096.64,8439.4,4951.69,3487.71,1519.09
2381,20250507,32,23,9,9,F251-0098,2,16,1723.93,27582.88,5844.81,21738.07,14136.75,7601.32,3912.85
2382,20250704,73,62,4,7,F871-2354,10,1,1497.74,1497.74,226.01,1271.73,709.78,561.95,228.91
2383,20250930,62,104,5,9,F041-3049,9,5,281.77,1408.85,74.11,1334.74,933.75,400.99,240.25
2384,20231019,18,118,7,20,F881-9728,3,6,450.67,2704.02,551.35,2152.67,1471.77,680.9,387.48
2385,20230502,34,182,3,8,F739-8765,6,16,1648.07,26369.12,6054.35,20314.77,12300.34,8014.43,3656.66
2386,20240523,84,148,2,9,F706-0003,2,5,372.44,1862.2,110.99,1751.21,867.88,883.33,315.22
2387,20230727,55,72,5,5,F218-4865,8,8,1988.42,15907.36,3027.17,12880.19,6360.2,6519.99,2318.43
2388,20240623,10,173,8,11,F840-5261,2,17,835.5,14203.5,529.79,13673.71,8231.94,5441.77,2461.27
2389,20241117,43,114,6,14,F583-9984,10,11,1915.82,21074.02,668.05,20405.97,11167.19,9238.78,3673.07
2390,20241028,9,101,5,8,F219-2536,3,8,1692.23,13537.84,421.03,13116.81,5914.96,7201.85,2361.03
2391,20230801,56,120,8,7,F209-1236,7,5,2011.28,10056.4,2296.88,7759.52,4447.69,3311.83,1396.71
2392,20220930,65,77,8,1,F948-7258,1,2,189.5,379.0,90.47,288.53,158.82,129.71,51.94
2393,20231018,27,86,10,11,F174-8249,5,2,921.26,1842.52,109.63,1732.89,1125.33,607.56,311.92
2394,20220827,18,122,5,24,F055-2168,8,3,481.03,1443.09,262.64,1180.45,542.3,638.15,212.48
2395,20250823,35,130,3,14,F465-6886,3,14,1597.56,22365.84,2645.88,19719.96,12613.93,7106.03,3549.59
2396,20230615,48,41,1,27,F041-4016,7,1,2030.37,2030.37,427.39,1602.98,893.54,709.44,288.54
2397,20220913,25,104,5,14,F747-1163,5,12,1545.46,18545.52,2941.32,15604.2,10118.78,5485.42,2808.76
2398,20220218,74,54,2,17,F948-3565,10,11,155.61,1711.71,254.7,1457.01,890.85,566.16,262.26
2399,20240831,74,154,2,9,F614-8292,7,19,163.28,3102.32,650.56,2451.76,1537.29,914.47,441.32
2400,20240818,5,4,5,20,F720-3401,3,20,239.86,4797.2,1065.94,3731.26,2438.25,1293.01,671.63
2401,20230607,54,191,4,19,F264-6243,2,14,2380.05,33320.7,2469.06,30851.64,14867.09,15984.55,5553.3
2402,20220506,17,137,2,22,F888-1710,6,18,1927.73,34699.14,5079.95,29619.19,20248.87,9370.32,5331.45
2403,20230920,79,180,2,6,F702-7380,7,11,1013.12,11144.32,635.23,10509.09,4771.87,5737.22,1891.64
2404,20230419,21,181,5,16,F308-2829,3,7,1902.59,13318.13,2719.56,10598.57,7345.26,3253.31,1907.74
2405,20241013,44,17,9,25,F514-8624,3,15,271.62,4074.3,760.26,3314.04,2068.03,1246.01,596.53
2406,20240701,17,15,6,22,F560-4754,2,17,1973.89,33556.13,5392.47,28163.66,17242.72,10920.94,5069.46
2407,20230716,50,52,5,19,F658-6064,7,13,1293.6,16816.8,2932.85,13883.95,9675.2,4208.75,2499.11
2408,20221201,40,70,7,1,F772-5318,9,19,916.29,17409.51,2609.69,14799.82,10258.0,4541.82,2663.97
2409,20251220,55,100,4,29,F695-8874,4,20,2016.96,40339.2,2714.83,37624.37,24221.11,13403.26,6772.39
2410,20231115,1,31,1,27,F557-0973,10,15,78.79,1181.85,45.5,1136.35,623.56,512.79,204.54
2411,20241027,19,108,6,12,F923-5221,8,13,1547.86,20122.18,2016.24,18105.94,8181.21,9924.73,3259.07
2412,20220824,65,134,7,11,F336-5874,8,9,178.26,1604.34,132.52,1471.82,907.2,564.62,264.93
2413,20231218,46,2,1,2,F396-8582,8,6,2114.16,12684.96,808.03,11876.93,6624.22,5252.71,2137.85
2414,20220222,44,75,1,12,F074-6795,7,14,278.83,3903.62,788.92,3114.7,2068.03,1046.67,560.65
2415,20240111,46,78,5,3,F789-8394,10,4,2189.73,8758.92,337.22,8421.7,5667.33,2754.37,1515.91
2416,20251126,79,52,4,17,F417-8756,7,10,1054.19,10541.9,12.65,10529.25,6848.42,3680.83,1895.26
2417,20230815,3,11,2,15,F021-4017,7,8,1616.03,12928.24,2703.29,10224.95,6698.83,3526.12,1840.49
2418,20220314,25,40,4,17,F659-6738,1,20,1313.32,26266.4,1959.47,24306.93,16629.65,7677.28,4375.25
2419,20220301,23,189,9,8,F032-9974,5,11,360.11,3961.21,724.11,3237.1,1894.15,1342.95,582.68
2420,20230820,9,164,2,27,F622-7793,10,19,1696.36,32230.84,96.69,32134.15,20647.46,11486.69,5784.15
2421,20220921,63,70,6,5,F569-4403,2,19,875.32,16631.08,3648.86,12982.22,6279.92,6702.3,2336.8
2422,20220214,27,82,1,15,F210-5799,7,20,883.72,17674.4,1194.79,16479.61,7470.14,9009.47,2966.33
2423,20250112,63,83,8,21,F655-3650,10,17,778.03,13226.51,3219.33,10007.18,4538.66,5468.52,1801.29
2424,20231120,33,141,1,5,F674-7082,1,11,364.62,4010.82,585.98,3424.84,2078.82,1346.02,616.47
2425,20230314,22,12,4,3,F363-8691,10,9,1134.24,10208.16,690.07,9518.09,5831.43,3686.66,1713.26
2426,20250906,18,120,4,28,F320-2517,1,9,451.65,4064.85,620.3,3444.55,2300.1,1144.45,620.02
2427,20220718,30,137,7,15,F372-9989,6,15,879.61,13194.15,2192.87,11001.28,6246.43,4754.85,1980.23
2428,20251117,15,69,9,24,F163-3301,1,3,319.1,957.3,122.92,834.38,464.2,370.18,150.19
2429,20230424,65,165,9,28,F406-8427,5,5,182.69,913.45,191.64,721.81,382.56,339.25,129.93
2430,20250820,14,44,7,1,F755-5908,9,6,1948.19,11689.14,715.38,10973.76,7040.91,3932.85,1975.28
2431,20240626,49,124,5,30,F529-3438,2,9,505.87,4552.83,188.49,4364.34,2422.2,1942.14,785.58
2432,20250514,57,152,4,22,F990-1417,6,1,2103.88,2103.88,201.97,1901.91,942.3,959.61,342.34
2433,20251216,12,24,8,18,F513-2451,5,17,256.85,4366.45,1007.78,3358.67,2181.65,1177.02,604.56
2434,20230313,19,107,10,18,F608-0384,7,12,1703.46,20441.52,4198.69,16242.83,9595.97,6646.86,2923.71
2435,20251123,20,122,2,15,F640-8235,10,15,2209.84,33147.6,6006.35,27141.25,13706.76,13434.49,4885.43
2436,20230822,4,147,1,2,F726-7020,6,6,1550.77,9304.62,530.36,8774.26,5438.53,3335.73,1579.37
2437,20230817,35,172,9,9,F830-7636,8,18,1917.34,34512.12,5414.95,29097.17,16352.76,12744.41,5237.49
2438,20230606,75,108,8,11,F322-3319,10,9,1833.27,16499.43,292.04,16207.39,10498.59,5708.8,2917.33
2439,20240317,68,116,4,15,F527-1087,6,18,473.75,8527.5,1152.92,7374.58,4582.36,2792.22,1327.42
2440,20220912,75,78,6,17,F624-6400,3,16,1729.78,27676.48,4168.08,23508.4,13857.18,9651.22,4231.51
2441,20240406,52,114,7,7,F538-0375,3,7,1248.06,8736.42,1104.28,7632.14,4484.82,3147.32,1373.79
2442,20240318,3,103,2,6,F118-9874,1,13,1674.63,21770.19,431.05,21339.14,10871.2,10467.94,3841.05
2443,20250123,81,26,3,30,F581-8848,9,3,2471.29,7413.87,1014.22,6399.65,4171.42,2228.23,1151.94
2444,20250526,83,7,8,1,F938-6583,7,4,506.51,2026.04,258.73,1767.31,854.41,912.9,318.12
2445,20231031,77,57,8,25,F151-9659,9,4,311.51,1246.04,14.7,1231.34,734.54,496.8,221.64
2446,20230405,19,181,9,22,F953-7155,5,20,1538.06,30761.2,6872.05,23889.15,12087.33,11801.82,4300.05
2447,20230119,78,108,8,11,F472-8373,10,2,1200.06,2400.12,145.69,2254.43,1192.7,1061.73,405.8
2448,20221104,53,91,8,1,F820-7977,8,8,623.74,4989.92,1242.99,3746.93,1865.04,1881.89,674.45
2449,20220413,31,56,2,11,F338-5575,1,6,2188.27,13129.62,2757.22,10372.4,6374.36,3998.04,1867.03
2450,20230610,41,135,8,20,F618-3648,9,2,1247.39,2494.78,223.03,2271.75,1387.87,883.88,408.91
2451,20230208,36,131,9,7,F108-1251,5,9,999.63,8996.67,592.88,8403.79,4435.48,3968.31,1512.68
2452,20251129,9,180,2,25,F157-3717,6,16,1732.84,27725.44,6590.34,21135.1,12952.65,8182.45,3804.32
2453,20240413,7,161,7,27,F957-8747,10,18,940.86,16935.48,4193.22,12742.26,6096.63,6645.63,2293.61
2454,20230617,10,116,10,15,F551-0876,3,19,859.43,16329.17,2607.77,13721.4,9187.65,4533.75,2469.85
2455,20240520,30,92,7,17,F299-4316,7,10,989.39,9893.9,1989.66,7904.24,4797.01,3107.23,1422.76
2456,20220822,61,60,7,24,F877-7001,5,10,1064.94,10649.4,66.03,10583.37,6776.75,3806.62,1905.01
2457,20231104,3,123,4,25,F511-8291,4,7,1464.64,10252.48,2403.18,7849.3,4735.4,3113.9,1412.87
2458,20240803,16,42,10,30,F721-2414,8,16,1277.28,20436.48,1869.94,18566.54,11633.88,6932.66,3341.98
2459,20231221,30,54,1,5,F579-1454,6,13,881.25,11456.25,2754.08,8702.17,5599.9,3102.27,1566.39
2460,20230909,72,59,4,6,F308-1483,7,10,957.45,9574.5,1537.66,8036.84,5617.61,2419.23,1446.63
2461,20251226,48,64,10,14,F817-6375,1,12,1819.63,21835.56,3421.63,18413.93,9456.89,8957.04,3314.51
2462,20250809,60,121,5,13,F181-2005,6,10,1038.78,10387.8,757.27,9630.53,5258.99,4371.54,1733.5
2463,20240730,81,161,8,9,F759-9991,2,18,2336.85,42063.3,2982.29,39081.01,18390.85,20690.16,7034.58
2464,20240502,55,43,2,17,F681-1541,7,1,1762.4,1762.4,148.39,1614.01,1108.95,505.06,290.52
2465,20240725,73,196,5,27,F281-7857,7,10,1621.39,16213.9,3612.46,12601.44,5982.16,6619.28,2268.26
2466,20221112,8,125,8,10,F027-2105,10,9,699.98,6299.82,1287.05,5012.77,2510.64,2502.13,902.3
2467,20230831,17,52,1,26,F156-6960,6,10,2120.54,21205.4,3522.22,17683.18,12364.61,5318.57,3182.97
2468,20220315,4,30,9,29,F194-6810,7,19,1430.53,27180.07,2612.0,24568.07,16086.99,8481.08,4422.25
2469,20231208,58,106,7,3,F002-2287,6,20,1249.26,24985.2,4662.24,20322.96,14175.0,6147.96,3658.13
2470,20240320,51,9,3,26,F870-2098,3,9,2373.4,21360.6,929.19,20431.41,14047.26,6384.15,3677.65
2471,20221210,29,54,8,14,F568-3617,7,19,527.94,10030.86,1365.2,8665.66,4056.33,4609.33,1559.82
2472,20251126,63,158,2,11,F154-4988,5,1,788.11,788.11,18.44,769.67,512.65,257.02,138.54
2473,20250920,52,63,6,3,F469-4982,7,10,1074.39,10743.9,71.98,10671.92,5240.46,5431.46,1920.95
2474,20241205,47,14,2,18,F393-4036,8,10,1195.98,11959.8,418.59,11541.21,7527.77,4013.44,2077.42
2475,20240304,17,92,7,29,F628-5487,6,3,2051.24,6153.72,873.21,5280.51,3408.96,1871.55,950.49
2476,20250724,75,68,2,10,F623-0737,1,6,2007.65,12045.9,1463.58,10582.32,5922.58,4659.74,1904.82
2477,20220810,28,191,6,11,F066-3413,5,18,580.62,10451.16,844.45,9606.71,6659.38,2947.33,1729.21
2478,20250316,37,37,3,18,F933-8781,4,9,1326.1,11934.9,2611.36,9323.54,5126.39,4197.15,1678.24
2479,20220801,74,17,5,30,F370-4522,7,16,140.8,2252.8,425.33,1827.47,1259.45,568.02,328.94
2480,20250322,11,39,6,3,F118-4272,10,16,2213.57,35417.12,2588.99,32828.13,21580.05,11248.08,5909.06
2481,20230219,59,17,3,28,F705-0133,5,15,2303.4,34551.0,5092.82,29458.18,15589.38,13868.8,5302.47
2482,20250804,2,112,7,4,F527-3184,1,10,550.67,5506.7,335.91,5170.79,2967.45,2203.34,930.74
2483,20251104,68,179,9,16,F989-3985,2,17,553.33,9406.61,121.35,9285.26,4410.28,4874.98,1671.35
2484,20220905,40,65,4,14,F493-8764,7,3,865.51,2596.53,210.58,2385.95,1633.37,752.58,429.47
2485,20231125,22,141,8,4,F047-6642,9,1,1114.62,1114.62,135.43,979.19,574.91,404.28,176.25
2486,20251213,41,14,7,21,F562-0038,3,5,1242.94,6214.7,513.96,5700.74,3212.57,2488.17,1026.13
2487,20231216,55,19,6,9,F184-3215,1,7,2072.22,14505.54,886.29,13619.25,8881.92,4737.33,2451.46
2488,20250714,52,129,7,28,F344-5491,1,6,1052.98,6317.88,308.31,6009.57,2982.28,3027.29,1081.72
2489,20240603,42,25,5,26,F158-0448,7,5,1761.96,8809.8,370.01,8439.79,5361.17,3078.62,1519.16
2490,20230802,53,190,10,19,F146-0313,2,4,577.15,2308.6,181.92,2126.68,1093.16,1033.52,382.8
2491,20230309,52,37,3,5,F874-2239,5,8,1149.15,9193.2,473.45,8719.75,5537.45,3182.3,1569.55
2492,20221114,5,34,3,22,F181-0774,6,11,212.22,2334.42,135.4,2199.02,1526.84,672.18,395.82
2493,20250123,49,158,1,28,F078-1866,4,1,447.14,447.14,10.69,436.45,268.77,167.68,78.56
2494,20230818,33,59,3,12,F186-8471,7,7,354.07,2478.49,138.55,2339.94,1112.07,1227.87,421.19
2495,20240123,15,86,7,22,F291-5461,3,6,328.22,1969.32,119.73,1849.59,1108.69,740.9,332.93
2496,20231224,28,77,10,15,F439-0082,3,17,510.75,8682.75,867.41,7815.34,5026.27,2789.07,1406.76
2497,20240515,34,191,1,24,F830-9558,6,14,1804.21,25258.94,2710.28,22548.66,11655.53,10893.13,4058.76
2498,20250717,32,63,5,22,F587-9014,6,15,1540.96,23114.4,3679.81,19434.59,11046.39,8388.2,3498.23
2499,20251213,23,24,6,23,F182-6286,7,8,408.45,3267.6,291.14,2976.46,1960.62,1015.84,535.76
2500,20230917,48,196,7,6,F379-4036,9,19,2133.55,40537.45,8585.83,31951.62,16515.08,15436.54,5751.29
2501,20250516,8,122,6,8,F256-6625,10,14,687.88,9630.32,1002.52,8627.8,4109.48,4518.32,1553.0
2502,20250128,48,196,7,14,F737-5207,4,15,1857.66,27864.9,5416.94,22447.96,15427.2,7020.76,4040.63
2503,20240509,44,105,3,25,F650-9447,9,19,260.56,4950.64,864.88,4085.76,2553.3,1532.46,735.44
2504,20251117,44,182,7,16,F946-9706,3,5,292.09,1460.45,105.74,1354.71,906.79,447.92,243.85
2505,20221111,39,166,7,7,F763-8963,4,16,1726.78,27628.48,563.62,27064.86,16516.02,10548.84,4871.67
2506,20220707,42,192,7,8,F685-9466,1,10,1542.27,15422.7,1583.91,13838.79,7364.05,6474.74,2490.98
2507,20250628,53,145,8,19,F655-3873,10,13,614.28,7985.64,1458.98,6526.66,3177.04,3349.62,1174.8
2508,20231029,78,25,6,28,F230-8194,2,18,1165.11,20971.98,4127.29,16844.69,7905.06,8939.63,3032.04
2509,20250616,13,23,1,8,F024-8145,4,17,1969.86,33487.62,5488.62,27999.0,17461.84,10537.16,5039.82
2510,20250827,61,198,1,4,F281-8787,10,2,967.0,1934.0,228.02,1705.98,838.51,867.47,307.08
2511,20220421,55,36,7,24,F282-9402,4,18,2069.18,37245.24,8417.42,28827.82,13110.16,15717.66,5189.01
2512,20250813,16,51,10,25,F305-7243,7,4,1215.36,4861.44,1190.08,3671.36,2017.63,1653.73,660.84
2513,20231109,24,163,3,13,F863-4859,6,9,1608.91,14480.19,3035.05,11445.14,7292.46,4152.68,2060.13
2514,20240121,52,192,10,28,F826-9645,5,7,1095.24,7666.68,1146.17,6520.51,3684.1,2836.41,1173.69
2515,20240803,2,21,2,6,F658-6777,7,19,508.75,9666.25,634.11,9032.14,5975.85,3056.29,1625.79
2516,20251012,38,173,1,14,F699-9023,4,3,2076.04,6228.12,965.98,5262.14,2961.92,2300.22,947.19
2517,20220206,28,100,2,6,F359-9359,1,20,513.48,10269.6,284.47,9985.13,4755.12,5230.01,1797.32
2518,20231210,15,150,1,25,F773-1333,4,8,302.51,2420.08,343.41,2076.67,1075.77,1000.9,373.8
2519,20241027,29,108,8,22,F820-3361,5,9,523.61,4712.49,254.0,4458.49,3029.14,1429.35,802.53
2520,20241205,69,177,5,3,F746-1018,2,10,1459.79,14597.9,166.42,14431.48,8526.67,5904.81,2597.67
2521,20241102,56,140,2,4,F411-0171,5,7,1819.75,12738.25,119.74,12618.51,8813.95,3804.56,2271.33
2522,20220815,75,7,1,28,F320-2647,1,19,1966.17,37357.23,6190.09,31167.14,14672.23,16494.91,5610.09
2523,20230331,20,104,9,2,F766-1186,10,14,2354.72,32966.08,7031.66,25934.42,17673.2,8261.22,4668.2
2524,20230706,78,198,4,9,F514-5393,5,10,999.15,9991.5,360.69,9630.81,6632.67,2998.14,1733.55
2525,20250408,71,51,2,14,F063-7833,10,5,230.85,1154.25,287.52,866.73,435.43,431.3,156.01
2526,20230225,13,98,1,3,F332-7874,2,19,2008.89,38168.91,950.41,37218.5,25315.84,11902.66,6699.33
2527,20221123,12,181,2,19,F699-5070,1,4,247.47,989.88,50.29,939.59,454.58,485.01,169.13
2528,20251119,18,134,9,26,F671-1447,5,15,448.82,6732.3,1126.31,5605.99,2528.73,3077.26,1009.08
2529,20220117,12,82,3,30,F497-1231,10,18,214.5,3861.0,443.24,3417.76,2078.0,1339.76,615.2
2530,20251229,28,98,5,28,F439-3073,10,16,585.38,9366.08,1988.42,7377.66,3999.62,3378.04,1327.98
2531,20241013,10,78,10,4,F674-6209,2,3,772.55,2317.65,21.79,2295.86,1398.84,897.02,413.25
2532,20250517,74,90,5,29,F050-1248,4,6,173.86,1043.16,65.09,978.07,477.24,500.83,176.05
2533,20230323,11,170,7,22,F190-6366,2,7,2475.09,17325.63,1436.29,15889.34,8782.69,7106.65,2860.08
2534,20220128,53,45,8,24,F320-1230,1,12,585.38,7024.56,592.17,6432.39,4500.0,1932.39,1157.83
2535,20241220,18,182,8,19,F556-9785,10,10,481.31,4813.1,585.27,4227.83,2757.31,1470.52,761.01
2536,20250526,36,130,10,20,F227-0957,1,12,961.28,11535.36,1228.52,10306.84,6195.72,4111.12,1855.23
2537,20241222,48,170,7,7,F375-5965,9,11,1835.21,20187.31,2184.27,18003.04,9667.04,8336.0,3240.55
2538,20220827,38,117,3,13,F414-2184,6,6,2213.67,13282.02,1488.91,11793.11,7442.66,4350.45,2122.76
2539,20250107,52,6,1,3,F302-4497,2,9,1135.02,10215.18,977.59,9237.59,4175.38,5062.21,1662.77
2540,20250205,29,108,3,9,F042-8388,8,13,497.15,6462.95,822.73,5640.22,3885.72,1754.5,1015.24
2541,20240918,14,106,7,18,F614-0967,5,1,2072.02,2072.02,501.64,1570.38,1091.6,478.78,282.67
2542,20250131,13,44,4,17,F738-1824,2,18,2008.97,36161.46,1272.88,34888.58,19814.2,15074.38,6279.94
2543,20250615,45,38,3,6,F570-2540,5,6,23.61,141.66,4.96,136.7,66.4,70.3,24.61
2544,20240714,2,50,6,20,F606-9757,5,16,545.3,8724.8,712.82,8011.98,3916.95,4095.03,1442.16
2545,20220603,5,69,8,20,F822-1898,4,3,210.72,632.16,6.2,625.96,399.25,226.71,112.67
2546,20231220,48,89,1,27,F874-5152,4,4,2165.49,8661.96,1525.37,7136.59,4881.45,2255.14,1284.59
2547,20220516,41,165,9,19,F135-0126,7,15,1387.61,20814.15,4826.8,15987.35,7852.71,8134.64,2877.72
2548,20230917,38,11,10,25,F476-8589,4,12,1882.32,22587.84,5400.75,17187.09,10125.45,7061.64,3093.68
2549,20230917,4,77,2,20,F295-5398,4,18,1297.85,23361.3,100.45,23260.85,10890.66,12370.19,4186.95
2550,20220427,39,196,9,25,F929-1567,5,11,1716.44,18880.84,4114.14,14766.7,7111.08,7655.62,2658.01
2551,20230620,37,161,3,18,F038-2872,2,14,1209.3,16930.2,3386.04,13544.16,7069.5,6474.66,2437.95
2552,20220710,83,99,4,25,F353-8155,9,18,519.94,9358.92,2167.53,7191.39,3637.54,3553.85,1294.45
2553,20250414,83,143,10,25,F119-2391,2,1,541.83,541.83,91.24,450.59,228.38,222.21,81.11
2554,20251108,29,65,4,27,F738-6595,10,20,592.82,11856.4,2149.57,9706.83,6112.21,3594.62,1747.23
2555,20220507,74,127,6,19,F586-5015,1,11,141.23,1553.53,214.54,1338.99,923.17,415.82,241.02
2556,20251116,70,108,10,14,F581-0801,5,6,2025.5,12153.0,1750.03,10402.97,6596.97,3806.0,1872.53
2557,20240213,46,4,7,3,F746-0795,7,17,2500.06,42501.02,6455.9,36045.12,21115.43,14929.69,6488.12
2558,20230331,43,96,8,29,F045-1360,7,8,1756.93,14055.44,820.84,13234.6,8457.39,4777.21,2382.23
2559,20220515,41,170,9,3,F307-9630,9,14,1168.65,16361.1,381.21,15979.89,8080.51,7899.38,2876.38
2560,20240102,8,50,8,24,F409-2634,10,8,620.13,4961.04,787.81,4173.23,2412.16,1761.07,751.18
2561,20250323,51,47,6,26,F898-0150,9,10,2088.74,20887.4,2402.05,18485.35,12188.15,6297.2,3327.36
2562,20241118,37,45,4,10,F525-0079,1,8,1262.03,10096.24,1877.9,8218.34,5549.34,2669.0,1479.3
2563,20220401,36,88,4,28,F408-9837,2,5,872.51,4362.55,335.92,4026.63,2536.92,1489.71,724.79
2564,20220508,42,150,1,13,F179-8176,10,11,1632.02,17952.22,2057.32,15894.9,10513.86,5381.04,2861.08
2565,20230911,49,62,4,8,F673-2366,10,9,434.42,3909.78,160.69,3749.09,2110.9,1638.19,674.84
2566,20230324,44,22,6,21,F551-2283,9,10,287.87,2878.7,258.22,2620.48,1789.08,831.4,471.69
2567,20221215,50,155,7,13,F189-9832,2,9,1213.42,10920.78,55.7,10865.08,7138.74,3726.34,1955.71
2568,20230301,57,36,3,1,F310-1426,7,16,2087.53,33400.48,2468.3,30932.18,15133.37,15798.81,5567.79
2569,20250406,60,62,10,6,F922-6654,7,6,964.54,5787.24,1309.65,4477.59,2416.98,2060.61,805.97
2570,20251016,78,91,1,7,F125-3779,10,1,1038.83,1038.83,102.95,935.88,651.89,283.99,168.46
2571,20230914,21,92,1,6,F155-0739,7,10,2059.85,20598.5,2737.54,17860.96,12224.14,5636.82,3214.97
2572,20250915,13,63,4,12,F634-3698,8,2,2087.69,4175.38,111.07,4064.31,2072.15,1992.16,731.58
2573,20230506,78,6,3,23,F596-5597,7,20,1103.42,22068.4,339.85,21728.55,10093.64,11634.91,3911.14
2574,20231209,13,184,5,23,F505-1049,9,6,1962.7,11776.2,2477.71,9298.49,5059.71,4238.78,1673.73
2575,20221209,48,149,10,26,F921-2337,4,20,1939.67,38793.4,2998.73,35794.67,22614.12,13180.55,6443.04
2576,20240823,1,35,4,3,F986-6309,8,12,69.99,839.88,152.61,687.27,477.21,210.06,123.71
2577,20251211,60,97,5,15,F752-4718,4,18,1039.93,18718.74,3595.87,15122.87,7882.28,7240.59,2722.12
2578,20240627,57,91,4,22,F630-1711,2,4,2018.82,8075.28,1241.17,6834.11,4689.88,2144.23,1230.14
2579,20230705,58,88,1,12,F182-7716,7,14,1385.7,19399.8,4700.57,14699.23,9229.27,5469.96,2645.86
2580,20240903,9,180,6,16,F561-0901,7,19,1663.07,31598.33,1263.93,30334.4,14306.77,16027.63,5460.19
2581,20220729,10,18,2,13,F490-8964,8,20,868.64,17372.8,260.59,17112.21,8265.39,8846.82,3080.2
2582,20250821,4,63,3,5,F204-7968,2,16,1374.57,21993.12,3479.31,18513.81,9277.72,9236.09,3332.49
2583,20240107,70,163,9,24,F292-8399,6,5,1862.22,9311.1,166.67,9144.43,4430.61,4713.82,1646.0
2584,20231110,54,39,10,10,F198-0354,1,16,2117.46,33879.36,708.08,33171.28,17299.38,15871.9,5970.83
2585,20240529,4,63,10,25,F551-9251,3,8,1538.39,12307.12,1395.63,10911.49,5828.51,5082.98,1964.07
2586,20240801,32,89,10,22,F642-8229,7,3,1628.33,4884.99,253.04,4631.95,2385.05,2246.9,833.75
2587,20220506,49,138,5,4,F503-9073,4,5,495.3,2476.5,601.05,1875.45,1197.93,677.52,337.58
2588,20241020,64,54,9,5,F043-1545,2,19,547.26,10397.94,186.12,10211.82,7111.08,3100.74,1838.13
2589,20221224,36,42,7,13,F300-3015,7,1,990.85,990.85,201.74,789.11,513.68,275.43,142.04
2590,20241126,57,37,8,6,F287-5177,6,8,2422.76,19382.08,4223.36,15158.72,8219.06,6939.66,2728.57
2591,20250507,29,173,7,11,F953-6323,10,8,608.98,4871.84,595.83,4276.01,2816.2,1459.81,769.68
2592,20250407,61,151,7,6,F169-4566,10,9,1153.88,10384.92,1372.89,9012.03,5207.4,3804.63,1622.17
2593,20240404,37,36,6,1,F982-6772,10,4,1270.45,5081.8,27.44,5054.36,2788.49,2265.87,909.78
2594,20240209,17,86,2,5,F839-0889,7,14,2313.13,32383.82,2645.76,29738.06,17350.91,12387.15,5352.85
2595,20220827,17,60,6,23,F023-7223,10,14,2215.66,31019.24,5512.12,25507.12,12621.71,12885.41,4591.28
2596,20250218,28,148,2,10,F448-6083,1,9,505.5,4549.5,985.42,3564.08,1668.84,1895.24,641.53
2597,20230211,24,141,1,10,F933-5651,8,7,1547.0,10829.0,792.68,10036.32,5754.39,4281.93,1806.54
2598,20231229,73,75,1,15,F025-3336,4,5,1591.62,7958.1,743.29,7214.81,4805.1,2409.71,1298.67
2599,20230306,84,175,3,25,F249-3164,8,5,412.33,2061.65,48.24,2013.41,1133.94,879.47,362.41
2600,20220814,83,179,5,11,F066-6467,8,5,544.1,2720.5,471.73,2248.77,1532.8,715.97,404.78
2601,20240808,52,162,4,22,F144-8524,7,15,1233.11,18496.65,53.64,18443.01,9208.27,9234.74,3319.74
2602,20220408,26,39,1,27,F972-0803,9,3,1554.44,4663.32,1152.31,3511.01,2355.26,1155.75,631.98
2603,20241230,38,198,9,7,F210-3482,7,9,2048.55,18436.95,582.61,17854.34,11681.68,6172.66,3213.78
2604,20230430,58,43,9,20,F416-8172,2,13,1306.56,16985.28,96.82,16888.46,10935.21,5953.25,3039.92
2605,20220101,27,74,7,29,F938-9821,3,11,887.29,9760.19,1561.63,8198.56,4208.31,3990.25,1475.74
2606,20240122,4,184,1,4,F888-3077,3,12,1426.72,17120.64,3925.76,13194.88,6861.11,6333.77,2375.08
2607,20220327,34,96,1,27,F669-0015,2,3,1818.39,5455.17,1238.32,4216.85,2878.56,1338.29,759.03
2608,20230220,14,136,1,18,F899-0800,4,10,2080.9,20809.0,2037.2,18771.8,10677.37,8094.43,3378.92
2609,20241118,68,10,5,9,F654-1117,1,19,545.6,10366.4,1655.51,8710.89,5505.83,3205.06,1567.96
2610,20220422,37,131,6,3,F704-3500,6,8,1104.74,8837.92,141.41,8696.51,4795.4,3901.11,1565.37
2611,20250604,25,123,5,15,F328-5772,9,4,1459.12,5836.48,400.38,5436.1,3323.8,2112.3,978.5
2612,20220108,7,104,9,30,F326-6250,5,20,940.57,18811.4,3006.06,15805.34,7519.82,8285.52,2844.96
2613,20221229,58,156,1,5,F910-7580,2,15,1156.5,17347.5,2380.08,14967.42,6870.39,8097.03,2694.14
2614,20241223,52,53,8,23,F106-7143,2,17,1265.44,21512.48,3732.42,17780.06,10871.79,6908.27,3200.41
2615,20230428,14,109,2,3,F583-9360,8,13,1865.44,24250.72,2573.0,21677.72,14084.19,7593.53,3901.99
2616,20220625,50,170,4,6,F424-1076,8,19,1270.93,24147.67,4443.17,19704.5,11435.09,8269.41,3546.81
2617,20230709,6,54,6,7,F262-5842,9,1,80.44,80.44,6.69,73.75,51.24,22.51,13.28
2618,20230209,9,140,6,8,F374-3923,4,14,1839.08,25747.12,2106.11,23641.01,14808.67,8832.34,4255.38
2619,20250610,75,103,3,4,F480-7897,6,17,1966.84,33436.28,1364.2,32072.08,15709.08,16363.0,5772.97
2620,20230423,72,109,7,18,F497-9909,4,11,890.08,9790.88,1320.79,8470.09,4378.37,4091.72,1524.62
2621,20250313,1,88,4,6,F923-7570,3,7,78.15,547.05,0.88,546.17,353.47,192.7,98.31
2622,20250825,62,57,5,11,F072-6079,1,14,315.95,4423.3,655.09,3768.21,2459.81,1308.4,678.28
2623,20231022,22,28,4,1,F824-8919,8,17,1043.52,17739.84,1644.48,16095.36,8449.36,7646.0,2897.16
2624,20250920,25,121,3,29,F740-0131,8,1,1587.2,1587.2,212.37,1374.83,812.63,562.2,247.47
2625,20230805,29,121,8,30,F765-1900,2,6,561.46,3368.76,800.08,2568.68,1665.38,903.3,462.36
2626,20251127,65,168,9,30,F400-3251,1,11,173.9,1912.9,61.4,1851.5,1172.23,679.27,333.27
2627,20220604,78,13,3,23,F879-4566,3,15,1004.26,15063.9,3418.0,11645.9,5666.97,5978.93,2096.26
2628,20241026,25,14,6,24,F675-7921,8,10,1389.64,13896.4,1698.14,12198.26,8198.6,3999.66,2195.69
2629,20231226,61,110,2,22,F594-9545,8,20,958.86,19177.2,4000.36,15176.84,9803.11,5373.73,2731.83
2630,20230820,14,104,8,14,F304-0667,10,20,1869.64,37392.8,4060.86,33331.94,21431.44,11900.5,5999.75
2631,20240812,79,74,5,1,F018-6008,3,13,1110.25,14433.25,1890.76,12542.49,6379.51,6162.98,2257.65
2632,20241115,21,98,6,7,F800-7519,10,10,2248.94,22489.4,5312.0,17177.4,11965.84,5211.56,3091.93
2633,20220109,26,20,5,8,F639-0218,8,6,1902.58,11415.48,363.01,11052.47,5217.44,5835.03,1989.44
2634,20221001,3,13,2,11,F505-9614,2,10,1564.89,15648.9,1871.61,13777.29,7037.6,6739.69,2479.91
2635,20241125,11,12,2,13,F726-2481,7,11,2469.25,27161.75,252.6,26909.15,16832.34,10076.81,4843.65
2636,20240929,2,147,4,22,F268-7680,6,2,487.73,975.46,32.78,942.68,506.37,436.31,169.68
2637,20251129,77,82,5,17,F513-3392,6,18,341.96,6155.28,1413.25,4742.03,2374.94,2367.09,853.57
2638,20250121,63,104,8,19,F094-4132,7,20,879.84,17596.8,821.77,16775.03,8738.48,8036.55,3019.51
2639,20251111,32,100,5,22,F852-3934,3,17,1716.19,29175.23,6739.48,22435.75,15620.62,6815.13,4038.43
2640,20241113,3,178,3,27,F674-6680,7,3,1739.56,5218.68,1229.52,3989.16,2742.26,1246.9,718.05
2641,20230329,47,86,5,28,F911-9704,3,17,1122.44,19081.48,677.39,18404.09,10089.33,8314.76,3312.74
2642,20220630,64,177,3,1,F560-6409,1,10,577.43,5774.3,4.04,5770.26,3766.31,2003.95,1038.65
2643,20250302,12,151,1,18,F785-5537,5,13,223.58,2906.54,574.04,2332.5,1236.01,1096.49,419.85
2644,20240829,27,167,4,24,F059-3247,4,16,972.11,15553.76,3412.49,12141.27,6679.65,5461.62,2185.43
2645,20220329,41,52,1,3,F929-0954,1,7,1369.37,9585.59,913.51,8672.08,5447.73,3224.35,1560.97
2646,20230708,5,17,9,15,F534-1868,1,17,239.87,4077.79,836.76,3241.03,1935.42,1305.61,583.39
2647,20251118,40,165,4,11,F716-4566,2,18,991.27,17842.86,4314.4,13528.46,6674.57,6853.89,2435.12
2648,20240102,43,13,10,24,F236-0809,5,20,1803.34,36066.8,6816.63,29250.17,17732.87,11517.3,5265.03
2649,20231021,29,107,7,6,F547-0406,9,14,570.55,7987.7,848.29,7139.41,3645.46,3493.95,1285.09
2650,20231120,11,18,6,28,F886-9373,5,5,2101.8,10509.0,1771.82,8737.18,4868.99,3868.19,1572.69
2651,20221121,59,89,4,3,F849-1447,1,9,2480.95,22328.55,4293.78,18034.77,11933.63,6101.14,3246.26
2652,20230723,45,3,10,14,F510-3323,10,7,22.74,159.18,26.84,132.34,84.09,48.25,23.82
2653,20230724,58,150,2,24,F316-2293,7,10,1291.45,12914.5,3160.18,9754.32,4620.29,5134.03,1755.78
2654,20220405,78,8,2,13,F832-7960,7,14,1044.16,14618.24,2680.99,11937.25,6434.11,5503.14,2148.7
2655,20250203,62,33,9,18,F830-3552,7,4,311.92,1247.68,158.83,1088.85,620.3,468.55,195.99
2656,20230930,31,7,2,24,F671-6497,3,17,2053.5,34909.5,7907.0,27002.5,16652.23,10350.27,4860.45
2657,20250507,59,111,7,15,F528-8436,1,6,2495.51,14973.06,2216.01,12757.05,6327.74,6429.31,2296.27
2658,20250622,73,102,6,6,F192-9017,10,7,1671.17,11698.19,1309.03,10389.16,5706.46,4682.7,1870.05
2659,20221124,69,62,6,19,F549-1740,3,1,1509.82,1509.82,174.99,1334.83,794.48,540.35,240.27
2660,20240916,42,83,10,27,F508-6229,5,16,1566.13,25058.08,3009.48,22048.6,10761.34,11287.26,3968.75
2661,20231205,4,190,9,1,F325-0481,2,7,1422.79,9959.53,2270.77,7688.76,4169.92,3518.84,1383.98
2662,20250809,38,100,6,16,F565-9548,4,15,1885.4,28281.0,772.07,27508.93,18893.3,8615.63,4951.61
2663,20221129,74,91,7,12,F821-1521,9,5,143.09,715.45,105.6,609.85,419.12,190.73,109.77
2664,20241014,69,110,1,2,F894-5916,1,4,1357.59,5430.36,1142.55,4287.81,2260.07,2027.74,771.81
2665,20240704,1,164,3,17,F971-7328,9,6,76.66,459.96,30.13,429.83,257.29,172.54,77.37
2666,20230324,63,165,1,25,F145-9661,4,15,786.66,11799.9,2927.56,8872.34,5382.09,3490.25,1597.02
2667,20220818,3,165,9,13,F856-0592,8,5,1484.01,7420.05,630.7,6789.35,3077.6,3711.75,1222.08
2668,20240908,36,89,3,6,F166-3721,4,1,890.82,890.82,89.44,801.38,489.47,311.91,144.25
2669,20241220,53,44,1,1,F802-8168,4,4,592.32,2369.28,375.53,1993.75,905.0,1088.75,358.88
2670,20230427,3,167,7,5,F266-9408,8,9,1761.21,15850.89,3113.11,12737.78,8612.96,4124.82,2292.8
2671,20240830,47,84,8,29,F801-1508,5,10,1146.18,11461.8,2848.26,8613.54,5377.62,3235.92,1550.44
2672,20230830,40,199,8,9,F051-6233,9,20,901.43,18028.6,1656.83,16371.77,9037.24,7334.53,2946.92
2673,20241125,64,96,4,9,F339-1075,5,12,591.42,7097.04,1146.17,5950.87,3054.51,2896.36,1071.16
2674,20221110,49,108,6,30,F895-8424,4,18,499.65,8993.7,2192.66,6801.04,4187.16,2613.88,1224.19
2675,20250823,35,170,6,21,F561-7029,3,10,1780.26,17802.6,2499.49,15303.11,10161.84,5141.27,2754.56
2676,20230311,54,77,9,11,F247-2528,1,7,2407.07,16849.49,1828.17,15021.32,8230.32,6791.0,2703.84
2677,20230721,59,156,5,8,F163-6694,10,17,2277.73,38721.41,4557.51,34163.9,23268.28,10895.62,6149.5
2678,20220414,72,187,7,20,F708-5525,9,9,926.39,8337.51,626.98,7710.53,5149.22,2561.31,1387.9
2679,20220711,5,185,1,20,F180-8717,5,10,228.3,2283.0,182.18,2100.82,976.66,1124.16,378.15
2680,20240131,52,45,10,25,F201-9293,1,1,1158.75,1158.75,14.83,1143.92,571.12,572.8,205.91
2681,20230203,60,152,6,9,F651-5659,1,16,945.47,15127.52,3429.41,11698.11,7734.02,3964.09,2105.66
2682,20250529,31,144,6,4,F363-0630,3,1,2110.42,2110.42,33.56,2076.86,1006.09,1070.77,373.83
2683,20220129,82,144,2,10,F215-5627,4,11,364.45,4008.95,23.25,3985.7,1977.9,2007.8,717.43
2684,20230808,9,176,4,27,F230-8053,10,15,1668.48,25027.2,3734.06,21293.14,13690.31,7602.83,3832.77
2685,20230601,43,91,10,1,F282-2734,7,4,1669.55,6678.2,186.32,6491.88,3309.24,3182.64,1168.54
2686,20220206,46,112,7,29,F188-5636,2,15,2155.36,32330.4,6605.1,25725.3,12534.57,13190.73,4630.55
2687,20220801,7,184,6,12,F300-5607,2,16,1009.62,16153.92,903.0,15250.92,7596.63,7654.29,2745.17
2688,20230926,34,161,2,19,F238-5312,2,14,1822.23,25511.22,6229.84,19281.38,12524.15,6757.23,3470.65
2689,20231225,11,194,4,23,F465-0513,7,10,2262.8,22628.0,1946.01,20681.99,11155.24,9526.75,3722.76
2690,20230913,18,52,4,15,F257-6313,2,18,465.63,8381.34,1770.98,6610.36,3661.7,2948.66,1189.86
2691,20240229,18,109,3,25,F436-4217,2,11,502.29,5525.19,1147.03,4378.16,2380.13,1998.03,788.07
2692,20240613,23,131,8,13,F164-0232,10,1,419.47,419.47,53.86,365.61,212.58,153.03,65.81
2693,20220119,80,111,4,1,F810-3849,10,14,145.86,2042.04,291.6,1750.44,824.39,926.05,315.08
2694,20231127,77,16,5,11,F034-5406,10,3,333.27,999.81,108.98,890.83,510.91,379.92,160.35
2695,20251126,76,108,8,8,F693-1638,3,5,470.46,2352.3,537.74,1814.56,1135.87,678.69,326.62
2696,20240206,28,143,9,2,F316-8227,6,8,508.07,4064.56,840.96,3223.6,1878.57,1345.03,580.25
2697,20241014,12,63,7,10,F376-0757,3,5,240.93,1204.65,17.23,1187.42,643.97,543.45,213.74
2698,20230420,71,121,6,25,F380-7235,7,8,226.48,1811.84,48.56,1763.28,906.04,857.24,317.39
2699,20250215,60,75,10,1,F767-4674,5,20,892.73,17854.6,285.67,17568.93,11061.12,6507.81,3162.41
2700,20250213,25,77,4,14,F905-6104,4,17,1573.11,26742.87,5688.21,21054.66,10543.77,10510.89,3789.84
2701,20240211,11,124,2,22,F658-1757,6,6,2459.06,14754.36,2450.7,12303.66,7336.84,4966.82,2214.66
2702,20251209,3,120,10,5,F400-5567,2,19,1580.55,30030.45,861.87,29168.58,18034.54,11134.04,5250.34
2703,20220802,58,37,10,3,F762-0878,9,6,1184.0,7104.0,904.34,6199.66,4094.65,2105.01,1115.94
2704,20220202,63,141,4,13,F581-1238,6,20,765.96,15319.2,595.92,14723.28,6986.01,7737.27,2650.19
2705,20250208,57,198,1,12,F141-9255,9,15,2115.89,31738.35,3453.13,28285.22,16151.19,12134.03,5091.34
2706,20250412,58,153,10,27,F747-1327,6,15,1256.59,18848.85,3032.78,15816.07,8486.34,7329.73,2846.89
2707,20220725,26,46,1,5,F795-6182,9,9,1573.48,14161.32,1124.41,13036.91,5900.35,7136.56,2346.64
2708,20230131,32,191,5,21,F355-0906,3,18,1581.46,28466.28,4361.03,24105.25,16193.03,7912.22,4338.94
2709,20220203,77,61,1,9,F009-9906,4,13,331.83,4313.79,487.89,3825.9,2100.99,1724.91,688.66
2710,20230321,35,18,9,23,F741-2396,4,15,1743.36,26150.4,4442.95,21707.45,11383.37,10324.08,3907.34
2711,20250213,55,141,3,15,F177-1175,1,4,1957.72,7830.88,87.71,7743.17,5204.7,2538.47,1393.77
2712,20240204,41,140,5,6,F153-0048,2,8,1157.0,9256.0,649.77,8606.23,4002.13,4604.1,1549.12
2713,20230619,31,45,1,25,F564-3228,2,18,2098.66,37775.88,1597.92,36177.96,23480.35,12697.61,6512.03
2714,20230727,50,61,9,19,F693-1409,8,14,1293.82,18113.48,1007.11,17106.37,11294.89,5811.48,3079.15
2715,20220103,32,152,5,21,F498-7020,8,20,1639.92,32798.4,104.95,32693.45,20834.61,11858.84,5884.82
2716,20230401,24,179,2,25,F052-7765,1,1,1511.41,1511.41,133.61,1377.8,647.84,729.96,248.0
2717,20240901,59,8,9,27,F622-5254,2,8,2104.77,16838.16,1131.52,15706.64,8501.94,7204.7,2827.2
2718,20251207,24,29,10,25,F083-4339,5,1,1571.4,1571.4,207.9,1363.5,641.16,722.34,245.43
2719,20250617,47,158,7,12,F347-6382,2,12,1151.37,13816.44,1452.11,12364.33,7024.83,5339.5,2225.58
2720,20220215,77,115,2,23,F774-8209,9,14,322.37,4513.18,562.34,3950.84,2011.3,1939.54,711.15
2721,20250904,54,28,3,24,F412-6254,8,14,2368.21,33154.94,1992.61,31162.33,16783.84,14378.49,5609.22
2722,20250304,70,118,2,7,F558-8598,8,1,1806.84,1806.84,168.22,1638.62,939.92,698.7,294.95
2723,20250227,37,176,5,22,F390-1128,5,2,1299.92,2599.84,107.89,2491.95,1208.46,1283.49,448.55
2724,20231120,39,187,4,1,F304-1810,2,13,1998.18,25976.34,1142.96,24833.38,13808.99,11024.39,4470.01
2725,20230904,59,172,2,12,F191-4842,9,4,2250.4,9001.6,1539.27,7462.33,3682.88,3779.45,1343.22
2726,20230406,30,54,7,9,F491-0446,5,13,882.91,11477.83,2841.91,8635.92,5477.6,3158.32,1554.47
2727,20220426,50,131,8,30,F023-3547,7,18,1236.95,22265.1,5437.14,16827.96,9202.79,7625.17,3029.03
2728,20221211,71,57,8,22,F618-3733,7,8,246.08,1968.64,1.38,1967.26,1022.14,945.12,354.11
2729,20221228,30,47,3,25,F978-9730,2,3,999.77,2999.31,574.07,2425.24,1440.99,984.25,436.54
2730,20231217,83,72,2,2,F930-4330,1,2,482.55,965.1,92.46,872.64,523.22,349.42,157.08
2731,20241229,49,116,3,5,F526-2571,5,5,508.56,2542.8,368.2,2174.6,1023.13,1151.47,391.43
2732,20231207,62,115,10,25,F969-6562,1,7,276.18,1933.26,9.86,1923.4,1123.49,799.91,346.21
2733,20220414,62,187,9,21,F259-9447,8,15,289.48,4342.2,571.0,3771.2,2384.43,1386.77,678.82
2734,20251119,37,42,3,4,F503-2036,2,15,1238.03,18570.45,2898.85,15671.6,7275.07,8396.53,2820.89
2735,20251102,36,92,9,24,F098-9059,10,14,966.46,13530.44,2673.61,10856.83,7566.79,3290.04,1954.23
2736,20250307,69,162,6,14,F883-3986,2,1,1421.69,1421.69,153.83,1267.86,726.65,541.21,228.21
2737,20251223,53,94,6,15,F838-2917,7,4,542.95,2171.8,91.22,2080.58,1176.05,904.53,374.5
2738,20240322,14,144,9,3,F091-9404,4,10,1886.76,18867.6,2871.65,15995.95,8069.63,7926.32,2879.27
2739,20251125,68,14,7,17,F971-2732,1,19,558.65,10614.35,1720.59,8893.76,5974.52,2919.24,1600.88
2740,20220513,15,127,6,7,F815-2814,2,1,326.08,326.08,40.73,285.35,158.8,126.55,51.36
2741,20230718,50,62,2,16,F629-8633,6,7,1212.18,8485.26,894.35,7590.91,3644.65,3946.26,1366.36
2742,20221208,35,15,4,16,F689-2677,10,2,1807.1,3614.2,280.46,3333.74,2001.95,1331.79,600.07
2743,20221106,46,58,6,23,F432-3841,10,12,2430.01,29160.12,3761.66,25398.46,13543.15,11855.31,4571.72
2744,20220824,76,188,4,20,F648-2526,3,4,471.28,1885.12,72.2,1812.92,1201.34,611.58,326.33
2745,20240728,42,18,10,23,F758-3019,6,11,1714.78,18862.58,499.86,18362.72,11975.81,6386.91,3305.29
2746,20250301,72,66,8,28,F432-2941,2,3,1063.66,3190.98,501.94,2689.04,1776.81,912.23,484.03
2747,20240517,24,139,7,8,F586-9802,5,13,1743.78,22669.14,4597.3,18071.84,8681.32,9390.52,3252.93
2748,20220902,46,82,4,4,F322-6384,4,7,2191.12,15337.84,2773.08,12564.76,7397.06,5167.7,2261.66
2749,20250419,7,154,7,17,F678-5533,10,1,1026.44,1026.44,229.61,796.83,518.13,278.7,143.43
2750,20240817,6,149,9,15,F139-4548,1,14,79.33,1110.62,193.14,917.48,483.02,434.46,165.15
2751,20230821,72,28,8,16,F652-3084,6,20,1085.37,21707.4,3284.33,18423.07,9100.27,9322.8,3316.15
2752,20241009,84,18,4,7,F987-7709,4,3,440.72,1322.16,138.3,1183.86,683.15,500.71,213.09
2753,20230120,55,169,4,23,F301-0184,3,16,1921.4,30742.4,5321.51,25420.89,12208.53,13212.36,4575.76
2754,20230614,40,70,2,23,F632-8606,4,6,851.23,5107.38,825.35,4282.03,2713.71,1568.32,770.77
2755,20251001,8,81,5,29,F015-1543,9,8,658.53,5268.24,243.39,5024.85,2556.0,2468.85,904.47
2756,20230316,13,195,9,28,F874-4436,3,10,2078.1,20781.0,1506.62,19274.38,9483.94,9790.44,3469.39
2757,20231203,4,95,1,23,F616-5041,8,9,1306.66,11759.94,719.71,11040.23,7277.68,3762.55,1987.24
2758,20250823,53,110,2,11,F427-4489,1,3,561.36,1684.08,49.68,1634.4,1036.14,598.26,294.19
2759,20241119,79,50,10,18,F635-1065,4,10,1127.95,11279.5,291.01,10988.49,6304.63,4683.86,1977.93
2760,20220421,60,84,2,22,F649-0915,9,10,863.36,8633.6,1793.2,6840.4,3307.74,3532.66,1231.27
2761,20220902,23,19,1,21,F205-5216,7,3,388.64,1165.92,194.48,971.44,636.73,334.71,174.86
2762,20220115,41,45,1,21,F980-2860,4,6,1294.34,7766.04,1454.58,6311.46,3776.83,2534.63,1136.06
2763,20240810,62,109,10,6,F794-2751,10,13,292.48,3802.24,411.4,3390.84,2088.73,1302.11,610.35
2764,20231108,45,24,2,21,F843-8877,4,18,20.68,372.24,35.7,336.54,199.29,137.25,60.58
2765,20220815,78,79,3,9,F670-2438,5,20,1147.58,22951.6,4551.3,18400.3,11884.03,6516.27,3312.05
2766,20251119,1,105,4,7,F826-4914,9,6,71.42,428.52,54.89,373.63,185.68,187.95,67.25
2767,20240227,69,27,9,13,F447-4169,1,8,1404.79,11238.32,722.62,10515.7,5974.6,4541.1,1892.83
2768,20221224,65,64,9,6,F393-2189,9,12,179.35,2152.2,436.9,1715.3,847.24,868.06,308.75
2769,20240102,43,6,10,28,F356-2673,9,15,1728.02,25920.3,1741.84,24178.46,12935.63,11242.83,4352.12
2770,20241016,82,156,5,29,F944-7858,1,17,441.42,7504.14,1513.59,5990.55,4176.46,1814.09,1078.3
2771,20220514,32,84,4,11,F616-1575,8,20,1584.37,31687.4,6920.53,24766.87,13757.68,11009.19,4458.04
2772,20230217,52,134,4,1,F039-9698,10,9,1125.48,10129.32,1159.81,8969.51,5835.94,3133.57,1614.51
2773,20250412,44,71,5,24,F748-6586,7,18,264.39,4759.02,605.35,4153.67,2341.97,1811.7,747.66
2774,20231122,67,149,5,15,F017-6695,2,14,1347.71,18867.94,2122.64,16745.3,9791.37,6953.93,3014.15
2775,20240326,59,111,10,2,F088-4274,10,1,2387.46,2387.46,520.47,1866.99,1244.6,622.39,336.06
2776,20231021,57,135,5,26,F975-7341,2,3,2442.83,7328.49,48.37,7280.12,4656.94,2623.18,1310.42
2777,20220322,44,1,6,3,F556-8277,7,12,271.3,3255.6,340.86,2914.74,1842.04,1072.7,524.65
2778,20220929,3,145,3,7,F291-3400,6,13,1674.96,21774.48,2673.91,19100.57,9992.13,9108.44,3438.1
2779,20231106,79,72,6,25,F932-0273,6,14,1146.9,16056.6,2310.54,13746.06,7311.76,6434.3,2474.29
2780,20221121,53,88,5,2,F139-4331,3,19,568.38,10799.22,2135.01,8664.21,4395.63,4268.58,1559.56
2781,20220401,72,43,6,26,F457-2038,5,16,971.21,15539.36,3230.63,12308.73,7191.56,5117.17,2215.57
2782,20250611,5,62,9,11,F893-8037,7,11,252.51,2777.61,38.61,2739.0,1822.94,916.06,493.02
2783,20251214,23,162,7,25,F775-4086,9,10,419.67,4196.7,539.28,3657.42,2367.8,1289.62,658.34
2784,20250320,83,144,1,22,F395-3210,6,8,495.64,3965.12,752.18,3212.94,1772.9,1440.04,578.33
2785,20250628,66,198,2,28,F783-2316,8,1,537.3,537.3,96.71,440.59,207.58,233.01,79.31
2786,20221224,71,157,4,1,F778-4817,9,20,247.07,4941.4,412.11,4529.29,3132.95,1396.34,815.27
2787,20251123,48,195,8,2,F913-3543,7,16,1852.68,29642.88,3405.97,26236.91,15244.83,10992.08,4722.64
2788,20221107,42,56,5,10,F697-4609,4,2,1591.22,3182.44,752.01,2430.43,1547.79,882.64,437.48
2789,20251112,81,192,4,8,F108-8802,2,13,2347.91,30522.83,3882.5,26640.33,15969.21,10671.12,4795.26
2790,20251227,20,123,1,15,F904-3602,2,12,2190.44,26285.28,2888.75,23396.53,12994.89,10401.64,4211.38
2791,20241124,58,45,7,29,F140-6360,4,12,1207.29,14487.48,1668.96,12818.52,8608.09,4210.43,2307.33
2792,20251213,51,142,10,16,F834-8125,5,11,2157.08,23727.88,4133.4,19594.48,11313.07,8281.41,3527.01
2793,20240502,64,167,4,10,F860-8232,6,12,612.21,7346.52,1126.22,6220.3,3863.02,2357.28,1119.65
2794,20230119,18,65,1,25,F803-3933,8,7,476.82,3337.74,372.16,2965.58,1675.33,1290.25,533.8
2795,20231026,50,39,1,28,F492-6902,8,18,1278.3,23009.4,2733.52,20275.88,9250.98,11024.9,3649.66
2796,20240611,46,23,2,11,F773-7720,4,20,2104.75,42095.0,4685.17,37409.83,18702.31,18707.52,6733.77
2797,20220509,84,9,1,19,F872-4551,1,2,426.41,852.82,132.61,720.21,334.57,385.64,129.64
2798,20240728,53,191,5,24,F270-5627,4,12,563.99,6767.88,1228.37,5539.51,2700.53,2838.98,997.11
2799,20251214,68,63,6,6,F936-3282,3,11,572.91,6302.01,1031.64,5270.37,2928.57,2341.8,948.67
2800,20221030,53,172,1,28,F981-0604,5,2,570.98,1141.96,180.2,961.76,652.9,308.86,173.12
2801,20250319,60,189,4,27,F316-9584,6,19,861.34,16365.46,3014.52,13350.94,6242.03,7108.91,2403.17
2802,20250917,54,146,10,24,F409-5151,2,20,2049.79,40995.8,7067.68,33928.12,20338.67,13589.45,6107.06
2803,20251103,12,115,5,13,F437-1254,5,11,235.53,2590.83,325.41,2265.42,1443.57,821.85,407.78
2804,20251122,40,196,7,17,F499-0001,5,14,916.84,12835.76,2962.49,9873.27,5703.61,4169.66,1777.19
2805,20240211,60,99,9,29,F151-0260,6,14,1003.09,14043.26,1404.33,12638.93,7744.18,4894.75,2275.01
2806,20251210,18,5,9,21,F634-1111,5,11,455.27,5007.97,1224.45,3783.52,2257.03,1526.49,681.03
2807,20250114,22,181,3,16,F433-4683,1,8,1130.62,9044.96,8.14,9036.82,4474.31,4562.51,1626.63
2808,20220923,41,109,3,30,F160-1100,5,16,1204.38,19270.08,3277.84,15992.24,9687.87,6304.37,2878.6
2809,20231210,8,97,1,10,F497-5039,8,7,650.44,4553.08,996.67,3556.41,2073.33,1483.08,640.15
2810,20241201,32,188,9,11,F172-4279,8,19,1467.3,27878.7,5840.59,22038.11,11312.88,10725.23,3966.86
2811,20221229,39,68,5,4,F018-2728,4,5,2028.83,10144.15,7.1,10137.05,5391.17,4745.88,1824.67
2812,20240823,65,138,7,14,F318-8142,8,8,181.12,1448.96,303.7,1145.26,799.42,345.84,206.15
2813,20240930,39,20,9,22,F193-0142,3,3,1723.71,5171.13,1252.96,3918.17,2663.06,1255.11,705.27
2814,20220924,46,108,6,18,F835-1287,6,7,2315.49,16208.43,1084.34,15124.09,10377.68,4746.41,2722.34
2815,20240425,27,43,2,16,F564-9869,6,17,996.43,16939.31,3286.23,13653.08,7388.64,6264.44,2457.55
2816,20250211,44,78,2,30,F175-9077,7,20,299.62,5992.4,86.89,5905.51,3509.85,2395.66,1062.99
2817,20231231,43,29,7,15,F354-2914,4,17,1734.6,29488.2,6189.57,23298.63,16151.78,7146.85,4193.75
2818,20220124,69,196,10,3,F561-0673,1,4,1289.33,5157.32,757.61,4399.71,2322.0,2077.71,791.95
2819,20220118,26,49,5,5,F721-9941,3,3,1903.8,5711.4,1169.69,4541.71,3027.22,1514.49,817.51
2820,20230703,40,148,8,24,F862-3968,1,4,1003.15,4012.6,691.37,3321.23,2222.15,1099.08,597.82
2821,20251012,76,40,8,29,F198-4837,2,4,489.68,1958.72,84.81,1873.91,1084.53,789.38,337.3
2822,20221211,12,86,6,12,F201-0885,2,13,223.17,2901.21,63.83,2837.38,1453.77,1383.61,510.73
2823,20240815,42,3,8,15,F546-1441,2,7,1525.9,10681.3,157.02,10524.28,5544.48,4979.8,1894.37
2824,20221205,7,170,6,11,F468-6665,7,14,1029.3,14410.2,1298.36,13111.84,7700.02,5411.82,2360.13
2825,20230506,31,31,9,24,F998-3011,10,10,2192.47,21924.7,1784.67,20140.03,13525.77,6614.26,3625.21
2826,20250618,76,154,5,11,F157-0903,7,14,427.09,5979.26,1403.33,4575.93,3040.35,1535.58,823.67
2827,20241211,40,6,7,4,F940-6266,7,20,958.42,19168.4,4395.31,14773.09,9616.14,5156.95,2659.16
2828,20220614,79,180,9,21,F136-2623,5,2,969.58,1939.16,433.98,1505.18,1011.55,493.63,270.93
2829,20231016,18,129,3,5,F704-1372,8,4,497.77,1991.08,201.3,1789.78,868.67,921.11,322.16
2830,20220225,46,159,10,25,F391-2393,1,13,2516.59,32715.67,1393.69,31321.98,20219.62,11102.36,5637.96
2831,20231213,68,182,2,24,F004-0183,6,9,486.46,4378.14,543.33,3834.81,2492.27,1342.54,690.27
2832,20240924,73,142,8,2,F721-3298,3,12,1512.86,18154.32,2234.8,15919.52,10188.74,5730.78,2865.51
2833,20220722,19,87,10,16,F753-2111,5,15,1419.62,21294.3,4859.36,16434.94,8494.12,7940.82,2958.29
2834,20230314,25,76,6,6,F923-0733,6,4,1469.53,5878.12,212.79,5665.33,3044.62,2620.71,1019.76
2835,20230903,66,162,9,13,F017-6228,1,1,599.64,599.64,105.9,493.74,240.38,253.36,88.87
2836,20251004,37,68,1,14,F802-5876,5,6,1230.54,7383.24,1460.4,5922.84,3896.86,2025.98,1066.11
2837,20251225,62,88,1,23,F594-0382,5,13,284.98,3704.74,641.29,3063.45,1843.42,1220.03,551.42
2838,20220323,11,177,5,7,F037-1537,7,19,2338.41,44429.79,5611.48,38818.31,21696.05,17122.26,6987.3
2839,20250121,43,132,9,16,F544-8334,9,12,1834.66,22015.92,2375.52,19640.4,9498.77,10141.63,3535.27
2840,20230727,57,158,10,27,F244-1214,4,13,2357.5,30647.5,2663.27,27984.23,17470.95,10513.28,5037.16
2841,20230827,50,36,10,1,F906-1445,2,2,1330.69,2661.38,277.32,2384.06,1149.1,1234.96,429.13
2842,20250108,25,151,5,22,F772-7328,2,1,1469.38,1469.38,338.69,1130.69,645.06,485.63,203.52
2843,20251002,74,32,5,28,F534-9616,6,7,161.16,1128.12,143.5,984.62,494.11,490.51,177.23
2844,20251111,32,183,2,9,F471-9231,1,19,1581.35,30045.65,2178.31,27867.34,13051.79,14815.55,5016.12
2845,20240515,47,92,2,24,F419-7770,4,15,1144.68,17170.2,549.45,16620.75,8473.96,8146.79,2991.73
2846,20230704,82,169,7,16,F009-9120,5,19,368.86,7008.34,580.29,6428.05,3247.87,3180.18,1157.05
2847,20250311,66,198,7,27,F819-5436,7,13,584.99,7604.87,1549.11,6055.76,3525.54,2530.22,1090.04
2848,20230103,20,170,9,22,F191-2603,9,6,2385.93,14315.58,1315.6,12999.98,8006.47,4993.51,2340.0
2849,20240423,22,56,3,8,F383-3436,1,1,1134.16,1134.16,215.49,918.67,438.84,479.83,165.36
2850,20230706,56,77,7,16,F929-6710,8,17,1974.98,33574.66,2877.35,30697.31,17920.92,12776.39,5525.52
2851,20240915,65,57,8,9,F752-4600,10,13,163.41,2124.33,147.85,1976.48,1285.56,690.92,355.77
2852,20221222,42,92,4,3,F961-7825,6,16,1733.11,27729.76,2320.98,25408.78,11937.99,13470.79,4573.58
2853,20221101,45,129,10,16,F282-8806,8,11,22.75,250.25,37.51,212.74,104.17,108.57,38.29
2854,20251002,36,135,7,22,F909-2564,7,3,873.91,2621.73,462.47,2159.26,1128.82,1030.44,388.67
2855,20220625,57,158,10,16,F435-4214,6,4,2165.81,8663.24,1817.55,6845.69,4196.26,2649.43,1232.22
2856,20240112,29,197,6,25,F657-7141,5,14,527.89,7390.46,657.01,6733.45,3565.86,3167.59,1212.02
2857,20221204,15,185,1,30,F829-0817,10,15,316.17,4742.55,627.44,4115.11,2290.85,1824.26,740.72
2858,20220314,27,29,7,26,F197-0617,2,17,881.5,14985.5,3064.53,11920.97,5546.31,6374.66,2145.77
2859,20220309,42,33,9,9,F778-8872,4,5,1646.01,8230.05,354.72,7875.33,4096.71,3778.62,1417.56
2860,20221011,40,142,1,19,F644-8519,5,20,975.48,19509.6,815.5,18694.1,10195.62,8498.48,3364.94
2861,20250719,56,130,1,9,F009-3343,4,2,1881.62,3763.24,898.29,2864.95,1865.42,999.53,515.69
2862,20230303,39,57,8,24,F248-6140,9,3,1905.39,5716.17,1198.11,4518.06,2409.98,2108.08,813.25
2863,20251111,52,67,5,14,F902-0259,6,16,1143.21,18291.36,477.4,17813.96,9556.84,8257.12,3206.51
2864,20240522,32,125,5,30,F766-6602,3,13,1589.78,20667.14,210.8,20456.34,13759.6,6696.74,3682.14
2865,20231026,64,179,5,20,F588-1032,2,11,514.78,5662.58,1060.6,4601.98,2525.44,2076.54,828.36
2866,20240520,77,114,3,26,F514-5971,1,17,359.05,6103.85,1253.12,4850.73,2606.08,2244.65,873.13
2867,20240202,22,167,4,18,F252-0322,8,12,1194.49,14333.88,3475.97,10857.91,6847.69,4010.22,1954.42
2868,20250117,59,41,7,6,F427-4257,4,11,2213.79,24351.69,3343.49,21008.2,9922.91,11085.29,3781.48
2869,20230303,78,192,7,1,F457-9195,10,16,1076.3,17220.8,2760.49,14460.31,7472.35,6987.96,2602.86
2870,20230627,3,145,10,4,F622-8272,2,11,1724.15,18965.65,388.8,18576.85,11988.0,6588.85,3343.83
2871,20250829,59,177,5,10,F099-5027,10,12,2282.8,27393.6,468.43,26925.17,15970.57,10954.6,4846.53
2872,20251106,22,139,3,17,F778-4007,9,4,1047.88,4191.52,450.17,3741.35,1941.38,1799.97,673.44
2873,20250826,83,112,6,13,F799-5231,10,19,500.98,9518.62,1132.72,8385.9,4696.05,3689.85,1509.46
2874,20231004,5,68,4,21,F856-5013,4,12,234.52,2814.24,229.36,2584.88,1631.89,952.99,465.28
2875,20250227,56,145,3,5,F744-0044,10,16,1836.41,29382.56,749.26,28633.3,19039.88,9593.42,5153.99
2876,20231209,35,178,4,10,F886-1845,6,2,1877.95,3755.9,457.09,3298.81,2265.14,1033.67,593.79
2877,20231229,27,170,1,4,F127-5457,5,15,883.22,13248.3,1546.08,11702.22,8174.32,3527.9,2106.4
2878,20221116,60,68,4,22,F074-4300,9,8,947.09,7576.72,1451.7,6125.02,3697.31,2427.71,1102.5
2879,20240607,62,129,6,13,F261-1702,4,12,276.77,3321.24,782.48,2538.76,1439.67,1099.09,456.98
2880,20221025,44,85,6,15,F220-5146,3,16,264.18,4226.88,326.74,3900.14,2138.75,1761.39,702.03
2881,20230523,31,142,1,27,F794-9537,6,18,2241.32,40343.76,3699.52,36644.24,19905.88,16738.36,6595.96
2882,20250630,63,129,2,21,F419-6594,1,10,854.6,8546.0,1779.28,6766.72,3657.62,3109.1,1218.01
2883,20221119,20,164,2,25,F199-6727,3,17,2481.71,42189.07,8159.37,34029.7,17546.49,16483.21,6125.35
2884,20220505,31,120,2,9,F411-9715,8,10,1957.44,19574.4,2172.76,17401.64,9138.4,8263.24,3132.3
2885,20220502,82,152,8,24,F829-4024,5,9,425.39,3828.51,698.32,3130.19,1794.15,1336.04,563.43
2886,20251031,16,133,4,16,F962-4644,6,11,1333.0,14663.0,2096.81,12566.19,8779.66,3786.53,2261.91
2887,20240114,52,100,2,1,F080-7539,6,15,1053.93,15808.95,99.6,15709.35,9458.93,6250.42,2827.68
2888,20230920,79,10,7,15,F587-4419,10,2,1100.06,2200.12,416.92,1783.2,997.85,785.35,320.98
2889,20250418,5,136,6,11,F697-1604,7,14,234.89,3288.46,576.14,2712.32,1341.31,1371.01,488.22
2890,20250529,20,171,9,25,F811-9591,7,12,2147.9,25774.8,3727.04,22047.76,14224.08,7823.68,3968.6
2891,20230524,57,110,8,8,F377-5834,9,8,2203.02,17624.16,1554.45,16069.71,8026.59,8043.12,2892.55
2892,20241103,77,137,9,7,F277-1399,4,16,338.46,5415.36,77.98,5337.38,2572.73,2764.65,960.73
2893,20250210,30,20,5,7,F049-9890,8,4,1022.18,4088.72,769.91,3318.81,2001.32,1317.49,597.39
2894,20240913,40,104,4,11,F492-9303,7,10,857.52,8575.2,2091.49,6483.71,3285.15,3198.56,1167.07
2895,20220909,57,6,4,23,F787-0181,1,3,2376.74,7130.22,1694.85,5435.37,2810.13,2625.24,978.37
2896,20250803,59,112,6,18,F834-2513,7,8,2374.57,18996.56,3820.21,15176.35,9766.66,5409.69,2731.74
2897,20240314,4,107,4,29,F747-7715,10,11,1412.3,15535.3,705.3,14830.0,10350.09,4479.91,2669.4
2898,20230303,34,196,9,13,F440-9557,2,3,1850.45,5551.35,196.52,5354.83,3087.84,2266.99,963.87
2899,20231011,12,43,2,9,F642-2727,6,5,248.43,1242.15,297.12,945.03,613.5,331.53,170.11
2900,20220311,21,165,9,19,F826-2405,6,3,2192.11,6576.33,1517.82,5058.51,3016.87,2041.64,910.53
2901,20220806,80,116,5,21,F645-4471,7,13,143.95,1871.35,456.98,1414.37,904.77,509.6,254.59
2902,20250130,48,72,5,30,F079-1793,9,6,2085.51,12513.06,1172.47,11340.59,7425.17,3915.42,2041.31
2903,20220101,13,179,6,3,F219-6260,8,18,2141.08,38539.44,6412.96,32126.48,20597.2,11529.28,5782.77
2904,20230930,25,53,9,27,F664-8846,2,1,1455.68,1455.68,250.09,1205.59,586.03,619.56,217.01
2905,20240213,76,138,5,28,F509-1316,5,14,438.69,6141.66,787.36,5354.3,3453.96,1900.34,963.77
2906,20220408,49,170,9,8,F204-3981,6,6,501.22,3007.32,21.05,2986.27,1399.44,1586.83,537.53
2907,20251206,35,139,4,30,F399-0188,4,4,1955.46,7821.84,217.45,7604.39,4264.0,3340.39,1368.79
2908,20221209,1,124,1,24,F587-0174,7,13,73.42,954.46,219.53,734.93,416.84,318.09,132.29
2909,20230408,62,37,10,12,F003-7917,7,18,295.84,5325.12,315.78,5009.34,2836.58,2172.76,901.68
2910,20230407,84,25,8,5,F043-4620,9,3,401.45,1204.35,191.61,1012.74,502.71,510.03,182.29
2911,20221213,68,27,9,13,F834-9410,4,13,557.84,7251.92,1016.72,6235.2,3829.61,2405.59,1122.34
2912,20220103,6,85,7,9,F630-7036,8,6,72.46,434.76,42.08,392.68,205.9,186.78,70.68
2913,20241212,39,184,4,20,F699-0335,7,20,1729.13,34582.6,719.32,33863.28,15551.75,18311.53,6095.39
2914,20251130,33,182,8,21,F016-3760,5,19,373.45,7095.55,58.89,7036.66,4159.65,2877.01,1266.6
2915,20221207,17,175,1,4,F566-1133,6,4,2032.05,8128.2,1433.0,6695.2,4010.73,2684.47,1205.14
2916,20240925,72,149,7,15,F978-0177,8,7,1000.07,7000.49,695.15,6305.34,3696.24,2609.1,1134.96
2917,20241224,36,64,7,24,F142-5586,3,11,891.68,9808.48,2261.84,7546.64,3522.37,4024.27,1358.4
2918,20250619,52,189,1,18,F725-8357,8,5,1240.47,6202.35,270.42,5931.93,3297.33,2634.6,1067.75
2919,20231008,47,155,4,7,F792-6031,9,17,1287.48,21887.16,56.91,21830.25,14543.53,7286.72,3929.44
2920,20230406,30,164,2,1,F419-5933,8,10,1013.11,10131.1,486.29,9644.81,6363.64,3281.17,1736.07
2921,20230512,31,87,5,13,F588-3567,6,11,2252.15,24773.65,5271.83,19501.82,11116.13,8385.69,3510.33
2922,20241125,16,196,2,5,F933-8898,4,6,1186.01,7116.06,1306.51,5809.55,3056.2,2753.35,1045.72
2923,20250428,25,150,8,19,F593-0196,4,11,1325.92,14585.12,1340.37,13244.75,9110.77,4133.98,2384.05
2924,20221019,44,127,2,28,F498-0440,4,20,295.6,5912.0,670.42,5241.58,3004.45,2237.13,943.48
2925,20230726,5,147,5,3,F133-4156,7,17,227.78,3872.26,437.57,3434.69,1594.54,1840.15,618.24
2926,20250909,1,195,9,19,F329-3422,4,13,70.67,918.71,58.15,860.56,561.33,299.23,154.9
2927,20250412,58,196,7,15,F476-7137,1,9,1229.5,11065.5,318.69,10746.81,6333.5,4413.31,1934.43
2928,20251217,2,168,10,26,F734-7456,4,8,528.41,4227.28,327.61,3899.67,2672.97,1226.7,701.94
2929,20250108,11,58,3,9,F595-6885,8,16,2340.56,37448.96,7119.05,30329.91,13986.69,16343.22,5459.38
2930,20230828,43,88,2,25,F001-4952,9,16,1942.03,31072.48,6960.24,24112.24,12442.08,11670.16,4340.2
2931,20240606,36,113,4,27,F120-8871,2,2,1037.11,2074.22,304.29,1769.93,1106.61,663.32,318.59
2932,20240922,45,14,8,20,F799-9563,6,11,21.39,235.29,49.72,185.57,91.03,94.54,33.4
2933,20220517,75,31,2,4,F053-7932,10,10,1991.69,19916.9,3997.32,15919.58,8809.72,7109.86,2865.52
2934,20240322,61,90,7,11,F473-2456,9,15,1024.7,15370.5,1391.03,13979.47,8644.94,5334.53,2516.3
2935,20241121,73,54,5,17,F346-4397,1,5,1701.9,8509.5,354.0,8155.5,5062.78,3092.72,1467.99
2936,20221001,27,98,9,28,F358-6830,1,20,925.37,18507.4,2348.59,16158.81,11136.0,5022.81,2908.59
2937,20250228,56,167,7,3,F224-8510,3,19,1775.76,33739.44,6147.33,27592.11,13671.87,13920.24,4966.58
2938,20240526,53,114,8,29,F468-7194,10,16,613.92,9822.72,82.51,9740.21,6252.07,3488.14,1753.24
2939,20251113,48,105,3,13,F229-8143,8,7,1987.9,13915.3,1981.54,11933.76,8034.64,3899.12,2148.08
2940,20220319,76,15,8,25,F245-5859,2,15,435.48,6532.2,113.66,6418.54,4148.5,2270.04,1155.34
2941,20230130,17,9,7,18,F991-2752,5,14,2128.46,29798.44,1284.31,28514.13,17541.1,10973.03,5132.54
2942,20240624,26,14,3,7,F632-9657,4,7,1612.76,11289.32,1931.6,9357.72,6027.11,3330.61,1684.39
2943,20230326,33,8,7,19,F998-4237,4,1,335.25,335.25,66.01,269.24,175.97,93.27,48.46
2944,20241127,1,113,9,29,F402-5294,3,12,71.73,860.76,140.82,719.94,358.3,361.64,129.59
2945,20250117,77,184,1,2,F805-6268,5,5,331.05,1655.25,209.39,1445.86,738.27,707.59,260.25
2946,20220626,33,200,6,8,F110-1908,10,18,353.84,6369.12,535.64,5833.48,3400.49,2432.99,1050.03
2947,20240127,81,93,6,10,F927-2346,9,17,2424.63,41218.71,8070.62,33148.09,17037.5,16110.59,5966.66
2948,20240118,1,34,6,11,F820-0490,8,15,70.58,1058.7,108.52,950.18,663.55,286.63,171.03
2949,20230723,72,115,9,13,F029-2957,1,14,1059.32,14830.48,2042.16,12788.32,7793.02,4995.3,2301.9
2950,20251021,30,20,8,2,F924-1525,10,5,1006.25,5031.25,212.32,4818.93,2468.63,2350.3,867.41
2951,20250516,42,199,10,22,F135-8847,8,14,1640.75,22970.5,5297.0,17673.5,12156.81,5516.69,3181.23
2952,20241107,73,128,4,27,F817-1250,5,16,1612.16,25794.56,1029.2,24765.36,16627.14,8138.22,4457.76
2953,20241127,21,148,2,16,F938-9461,7,19,2192.31,41653.89,3773.84,37880.05,20916.34,16963.71,6818.41
2954,20231124,40,47,9,18,F519-0109,8,14,883.83,12373.62,25.98,12347.64,6157.45,6190.19,2222.58
2955,20251006,1,125,5,11,F702-1300,3,3,65.88,197.64,34.67,162.97,80.62,82.35,29.33
2956,20241104,3,1,2,24,F909-8014,6,6,1492.04,8952.24,1635.57,7316.67,4492.59,2824.08,1317.0
2957,20241211,39,128,10,5,F675-1117,1,9,1831.23,16481.07,275.23,16205.84,8408.51,7797.33,2917.05
2958,20250711,35,190,1,25,F101-5825,3,5,1742.5,8712.5,1904.55,6807.95,3607.43,3200.52,1225.43
2959,20230216,52,14,4,28,F739-6525,1,19,1212.21,23031.99,2574.98,20457.01,10616.04,9840.97,3682.26
2960,20250412,62,49,4,1,F587-6103,9,11,302.1,3323.1,242.92,3080.18,1804.1,1276.08,554.43
2961,20221105,64,137,1,14,F051-1441,5,8,515.45,4123.6,710.08,3413.52,1720.56,1692.96,614.43
2962,20230614,43,125,2,9,F760-8709,6,20,1766.36,35327.2,1356.56,33970.64,16429.75,17540.89,6114.72
2963,20230529,65,94,1,24,F110-9266,7,20,189.65,3793.0,601.57,3191.43,1441.7,1749.73,574.46
2964,20251211,64,34,6,3,F586-2142,1,16,570.33,9125.28,1526.66,7598.62,3472.02,4126.6,1367.75
2965,20250702,16,33,4,8,F722-2448,10,5,1414.11,7070.55,971.49,6099.06,3843.74,2255.32,1097.83
2966,20241112,58,194,8,19,F349-8283,3,9,1350.61,12155.49,1747.96,10407.53,6897.58,3509.95,1873.36
2967,20241209,76,96,6,26,F128-1267,7,11,506.77,5574.47,746.42,4828.05,3304.69,1523.36,869.05
2968,20240420,28,5,8,11,F851-7529,5,15,566.58,8498.7,176.77,8321.93,4996.37,3325.56,1497.95
2969,20251107,15,120,4,19,F422-2597,7,10,341.12,3411.2,780.14,2631.06,1380.67,1250.39,473.59
2970,20231228,17,178,2,6,F308-9423,8,3,2036.27,6108.81,789.87,5318.94,3118.78,2200.16,957.41
2971,20230810,58,44,5,10,F196-5009,4,14,1189.83,16657.62,2950.06,13707.56,7748.5,5959.06,2467.36
2972,20220925,81,127,3,20,F998-6167,6,10,2487.58,24875.8,3873.16,21002.64,11879.3,9123.34,3780.48
2973,20250309,61,58,9,28,F693-0705,3,13,962.48,12512.24,2354.8,10157.44,6732.88,3424.56,1828.34
2974,20241217,79,137,1,21,F304-2054,5,2,1153.19,2306.38,439.83,1866.55,945.59,920.96,335.98
2975,20230815,61,185,1,19,F294-0156,10,14,1066.42,14929.88,3587.65,11342.23,6880.44,4461.79,2041.6
2976,20220218,9,33,5,29,F172-6644,7,12,1774.8,21297.6,2570.62,18726.98,10664.46,8062.52,3370.86
2977,20250603,18,57,7,26,F614-3784,1,9,431.32,3881.88,576.46,3305.42,2250.03,1055.39,594.98
2978,20220122,77,16,2,22,F341-2430,8,9,364.11,3276.99,756.0,2520.99,1531.2,989.79,453.78
2979,20241114,31,47,7,10,F934-1079,5,4,1911.54,7646.16,1437.48,6208.68,3080.04,3128.64,1117.56
2980,20251203,63,4,1,21,F068-8548,5,11,891.06,9801.66,1032.11,8769.55,6072.16,2697.39,1578.52
2981,20231027,17,136,5,15,F821-5017,3,8,2289.97,18319.76,996.59,17323.17,9224.41,8098.76,3118.17
2982,20221217,21,166,6,20,F428-6807,8,8,2092.41,16739.28,3490.14,13249.14,9151.27,4097.87,2384.85
2983,20241116,62,153,1,26,F173-2723,7,3,318.68,956.04,234.9,721.14,369.44,351.7,129.81
2984,20250429,21,84,1,2,F737-3323,3,15,2164.63,32469.45,5912.69,26556.76,13519.23,13037.53,4780.22
2985,20240326,78,15,7,10,F863-7427,7,19,1121.02,21299.38,202.34,21097.04,14617.03,6480.01,3797.47
2986,20251130,9,126,4,27,F756-5323,6,10,1944.23,19442.3,1464.01,17978.29,10120.02,7858.27,3236.09
2987,20220404,34,165,4,4,F411-8073,10,2,1832.21,3664.42,654.47,3009.95,1568.29,1441.66,541.79
2988,20240110,19,94,5,19,F231-3219,5,2,1649.66,3299.32,606.09,2693.23,1510.14,1183.09,484.78
2989,20241201,30,55,10,28,F188-5682,3,13,998.51,12980.63,1906.85,11073.78,5750.55,5323.23,1993.28
2990,20250712,66,131,2,29,F227-4035,1,8,551.08,4408.64,368.56,4040.08,2018.15,2021.93,727.21
2991,20221016,62,174,4,2,F186-3769,7,11,283.02,3113.22,193.33,2919.89,1969.57,950.32,525.58
2992,20250401,40,65,1,21,F584-8827,6,6,845.19,5071.14,193.21,4877.93,3119.62,1758.31,878.03
2993,20240405,25,89,1,11,F938-1190,7,15,1517.86,22767.9,894.78,21873.12,11164.74,10708.38,3937.16
2994,20230902,7,125,2,12,F970-5841,6,5,925.43,4627.15,378.04,4249.11,2781.95,1467.16,764.84
2995,20220811,69,69,1,9,F156-2496,5,2,1478.49,2956.98,594.35,2362.63,1627.87,734.76,425.27
2996,20250717,44,96,6,28,F090-2157,6,3,271.36,814.08,16.04,798.04,482.94,315.1,143.65
2997,20220917,30,20,10,3,F865-4088,6,2,963.46,1926.92,453.4,1473.52,946.99,526.53,265.23
2998,20230417,3,66,2,20,F731-7708,2,8,1560.63,12485.04,2276.02,10209.02,5385.41,4823.61,1837.62
2999,20230316,43,101,7,26,F237-2846,9,11,1859.11,20450.21,1830.29,18619.92,12798.37,5821.55,3351.59
3000,20250727,81,111,2,24,F421-2198,2,9,2374.3,21368.7,2188.15,19180.55,8714.92,10465.63,3452.5
3001,20241008,69,200,1,15,F447-1199,6,14,1420.02,19880.28,1180.89,18699.39,9029.11,9670.28,3365.89
3002,20250326,6,99,9,26,F368-6882,10,2,73.48,146.96,11.55,135.41,79.97,55.44,24.37
3003,20230102,58,178,7,1,F935-8277,1,3,1249.5,3748.5,286.76,3461.74,2151.33,1310.41,623.11
3004,20240801,76,194,7,24,F099-0821,4,2,421.16,842.32,16.59,825.73,430.31,395.42,148.63
3005,20240506,77,138,10,7,F040-4605,7,17,319.66,5434.22,712.43,4721.79,2782.63,1939.16,849.92
3006,20250524,15,131,8,23,F549-5773,2,8,301.51,2412.08,334.56,2077.52,994.03,1083.49,373.95
3007,20250915,68,12,6,21,F037-9687,7,12,554.75,6657.0,1551.75,5105.25,3485.56,1619.69,918.94
3008,20220124,43,123,3,17,F036-0198,8,18,1972.44,35503.92,4761.08,30742.84,15066.39,15676.45,5533.71
3009,20241009,20,142,2,22,F685-4758,8,6,2445.81,14674.86,3023.02,11651.84,7352.32,4299.52,2097.33
3010,20220404,20,5,8,17,F229-0472,9,15,2405.28,36079.2,1901.37,34177.83,18968.48,15209.35,6152.01
3011,20240330,29,134,10,19,F644-9334,6,13,502.36,6530.68,985.48,5545.2,3815.51,1729.69,998.14
3012,20230312,14,53,7,15,F914-1302,5,12,1976.88,23722.56,5793.05,17929.51,10791.61,7137.9,3227.31
3013,20230412,50,135,9,24,F428-7364,6,19,1282.39,24365.41,214.42,24150.99,13493.05,10657.94,4347.18
3014,20230627,9,22,7,10,F363-7064,1,11,1945.65,21402.15,4081.39,17320.76,11662.13,5658.63,3117.74
3015,20240726,45,78,4,30,F769-1465,9,12,22.69,272.28,55.9,216.38,108.58,107.8,38.95
3016,20230527,7,5,1,5,F358-8672,6,15,1092.64,16389.6,858.82,15530.78,10607.51,4923.27,2795.54
3017,20241215,55,123,8,26,F248-0302,4,7,1871.74,13102.18,787.44,12314.74,6987.77,5326.97,2216.65
3018,20230913,13,42,7,4,F381-4640,9,18,1963.44,35341.92,4251.63,31090.29,18591.24,12499.05,5596.25
3019,20220501,62,171,1,5,F977-6144,5,1,310.86,310.86,66.21,244.65,118.87,125.78,44.04
3020,20250305,44,9,9,24,F738-0598,10,2,267.15,534.3,133.15,401.15,210.18,190.97,72.21
3021,20230309,76,162,8,8,F533-8356,8,7,507.64,3553.48,504.59,3048.89,1750.04,1298.85,548.8
3022,20231021,18,198,5,8,F539-3601,1,4,449.46,1797.84,176.01,1621.83,735.17,886.66,291.93
3023,20241024,4,158,5,20,F960-3704,1,3,1268.88,3806.64,277.12,3529.52,1864.36,1665.16,635.31
3024,20230524,63,145,7,11,F278-6772,7,9,845.16,7606.44,202.33,7404.11,5167.31,2236.8,1332.74
3025,20220412,20,134,10,26,F387-2569,3,16,2346.02,37536.32,6505.04,31031.28,16750.89,14280.39,5585.63
3026,20230731,44,43,3,8,F039-2125,4,11,257.45,2831.95,447.45,2384.5,1106.22,1278.28,429.21
3027,20251104,37,27,3,12,F081-6046,9,13,1098.98,14286.74,2655.9,11630.84,6547.02,5083.82,2093.55
3028,20240825,73,162,3,25,F883-8305,1,9,1683.78,15154.02,387.94,14766.08,8551.71,6214.37,2657.89
3029,20241006,44,30,3,7,F594-2083,8,13,252.44,3281.72,353.77,2927.95,1837.02,1090.93,527.03
3030,20240812,68,150,9,13,F819-3174,7,9,525.85,4732.65,575.02,4157.63,2509.35,1648.28,748.37
3031,20221109,11,142,5,10,F311-2545,1,16,2190.87,35053.92,3424.77,31629.15,16786.85,14842.3,5693.25
3032,20231002,19,138,9,27,F403-3136,2,9,1462.59,13163.31,2283.83,10879.48,5301.5,5577.98,1958.31
3033,20250102,32,11,4,3,F858-1801,9,8,1682.66,13461.28,1554.78,11906.5,6251.52,5654.98,2143.17
3034,20220624,5,32,5,26,F125-9901,4,13,245.13,3186.69,541.1,2645.59,1608.05,1037.54,476.21
3035,20230223,74,24,9,19,F854-2034,2,13,154.32,2006.16,42.73,1963.43,1012.98,950.45,353.42
3036,20230220,75,97,10,5,F910-4978,8,20,2026.21,40524.2,1268.41,39255.79,20759.72,18496.07,7066.04
3037,20231020,53,57,5,3,F288-1528,4,7,586.88,4108.16,297.43,3810.73,2637.81,1172.92,685.93
3038,20251213,9,144,2,10,F010-5601,2,4,1811.56,7246.24,1710.11,5536.13,3874.49,1661.64,996.5
3039,20220429,30,1,5,10,F462-0632,9,4,891.79,3567.16,396.67,3170.49,1892.19,1278.3,570.69
3040,20240206,47,99,8,4,F304-8247,8,19,1190.82,22625.58,4212.88,18412.7,11933.2,6479.5,3314.29
3041,20221016,68,91,7,9,F323-7763,3,1,488.56,488.56,24.18,464.38,239.47,224.91,83.59
3042,20251203,20,117,5,1,F228-3520,8,16,2319.29,37108.64,5562.59,31546.05,20430.48,11115.57,5678.29
3043,20220713,34,116,1,20,F966-3763,4,19,1682.76,31972.44,4904.57,27067.87,18741.63,8326.24,4872.22
3044,20230912,78,158,5,3,F191-6628,5,8,1014.75,8118.0,798.0,7320.0,5068.5,2251.5,1317.6
3045,20241220,10,195,8,12,F240-1071,9,13,732.18,9518.34,39.98,9478.36,4662.95,4815.41,1706.1
3046,20241115,6,10,2,1,F547-9873,7,13,74.43,967.59,58.44,909.15,564.91,344.24,163.65
3047,20231008,83,58,7,2,F398-4729,1,14,500.53,7007.42,1378.36,5629.06,2766.32,2862.74,1013.23
3048,20230616,8,154,5,29,F575-6203,10,10,640.03,6400.3,1520.71,4879.59,2683.78,2195.81,878.33
3049,20230903,67,4,4,13,F828-1746,1,17,1251.56,21276.52,1342.55,19933.97,9315.82,10618.15,3588.11
3050,20230128,7,19,8,16,F973-3636,8,15,1093.75,16406.25,3273.05,13133.2,5922.84,7210.36,2363.98
3051,20221117,41,10,8,17,F106-1813,2,10,1283.07,12830.7,1910.49,10920.21,7122.56,3797.65,1965.64
3052,20231216,57,72,10,1,F175-1521,5,14,2063.22,28885.08,6008.1,22876.98,15972.14,6904.84,4117.86
3053,20230205,37,115,5,8,F238-3823,9,12,1164.26,13971.12,1166.59,12804.53,7656.85,5147.68,2304.82
3054,20230311,39,96,3,8,F582-1785,8,14,1949.05,27286.7,6717.99,20568.71,14015.61,6553.1,3702.37
3055,20240916,4,194,1,10,F633-9596,10,8,1502.69,12021.52,1081.94,10939.58,7403.01,3536.57,1969.12
3056,20251201,24,99,2,24,F629-7826,8,13,1630.52,21196.76,5193.21,16003.55,8059.56,7943.99,2880.64
3057,20240627,31,78,7,23,F935-2536,5,15,1909.36,28640.4,1549.45,27090.95,16037.33,11053.62,4876.37
3058,20220515,65,192,9,27,F358-8619,7,5,181.67,908.35,211.01,697.34,347.99,349.35,125.52
3059,20220513,43,123,7,18,F465-1516,5,8,1963.6,15708.8,3281.57,12427.23,6068.94,6358.29,2236.9
3060,20251112,11,32,8,30,F624-6399,8,8,2509.06,20072.48,1372.96,18699.52,9353.3,9346.22,3365.91
3061,20230328,5,123,4,27,F328-7578,10,12,231.99,2783.88,253.33,2530.55,1544.32,986.23,455.5
3062,20220609,17,101,10,18,F628-3080,6,4,1935.53,7742.12,751.76,6990.36,3738.1,3252.26,1258.26
3063,20240620,34,178,10,15,F016-1666,5,13,1733.1,22530.3,1176.08,21354.22,12772.65,8581.57,3843.76
3064,20240730,81,60,10,23,F244-4105,3,12,2372.51,28470.12,3459.12,25011.0,16550.75,8460.25,4501.98
3065,20240904,61,102,10,5,F371-5279,3,4,1091.67,4366.68,790.81,3575.87,2490.2,1085.67,643.66
3066,20230203,78,45,7,2,F008-0785,2,2,1184.14,2368.28,194.91,2173.37,1315.51,857.86,391.21
3067,20220129,15,19,7,3,F867-9592,8,2,319.81,639.62,13.3,626.32,333.0,293.32,112.74
3068,20251128,25,161,9,3,F143-1438,4,9,1471.16,13240.44,3204.19,10036.25,6390.54,3645.71,1806.52
3069,20230102,1,50,9,28,F311-6152,10,18,66.3,1193.4,152.76,1040.64,638.73,401.91,187.32
3070,20241012,80,51,4,3,F063-4321,5,18,121.05,2178.9,464.54,1714.36,976.36,738.0,308.58
3071,20241118,68,106,6,11,F743-6865,2,15,478.94,7184.1,1704.07,5480.03,2801.68,2678.35,986.41
3072,20240708,78,35,3,1,F421-3496,2,3,1022.2,3066.6,591.85,2474.75,1441.73,1033.02,445.45
3073,20230422,68,99,2,21,F645-3660,1,13,544.89,7083.57,1455.67,5627.9,2703.59,2924.31,1013.02
3074,20230210,20,112,10,8,F434-8303,4,9,2187.19,19684.71,3761.75,15922.96,9913.15,6009.81,2866.13
3075,20240617,41,119,7,9,F016-3995,3,20,1373.22,27464.4,4059.24,23405.16,12953.74,10451.42,4212.93
3076,20250718,29,169,3,11,F144-8744,3,3,587.87,1763.61,314.45,1449.16,918.11,531.05,260.85
3077,20251107,82,155,4,15,F598-4261,10,15,432.99,6494.85,1480.18,5014.67,2475.75,2538.92,902.64
3078,20220701,80,158,7,25,F264-4230,5,6,135.58,813.48,190.44,623.04,329.12,293.92,112.15
3079,20220913,67,110,9,14,F520-1851,2,8,1170.76,9366.08,1876.96,7489.12,4768.68,2720.44,1348.04
3080,20251104,10,7,10,23,F533-0402,6,8,784.64,6277.12,346.5,5930.62,3300.52,2630.1,1067.51
3081,20241219,72,90,10,22,F676-0915,7,3,984.69,2954.07,620.95,2333.12,1234.96,1098.16,419.96
3082,20250813,22,44,6,19,F101-2490,1,17,1148.57,19525.69,2337.23,17188.46,10354.97,6833.49,3093.92
3083,20221114,35,46,7,13,F743-0369,4,8,1947.88,15583.04,1823.22,13759.82,6591.74,7168.08,2476.77
3084,20240601,19,2,3,20,F328-5648,10,17,1472.6,25034.2,1857.54,23176.66,13530.46,9646.2,4171.8
3085,20241112,76,117,10,7,F617-5882,8,16,473.2,7571.2,886.59,6684.61,3388.06,3296.55,1203.23
3086,20241017,75,38,5,24,F463-4415,2,12,1830.42,21965.04,371.21,21593.83,14908.76,6685.07,3886.89
3087,20230918,10,117,1,7,F728-8646,7,7,742.52,5197.64,1283.3,3914.34,2704.0,1210.34,704.58
3088,20220130,19,111,2,4,F165-5977,9,13,1728.32,22468.16,5381.12,17087.04,9667.06,7419.98,3075.67
3089,20240524,38,4,9,2,F371-6520,4,6,2146.34,12878.04,660.64,12217.4,5591.38,6626.02,2199.13
3090,20230107,5,43,5,21,F573-2283,9,17,247.49,4207.33,735.86,3471.47,2063.82,1407.65,624.86
3091,20231111,60,121,9,17,F208-1364,3,6,900.45,5402.7,1079.46,4323.24,1987.95,2335.29,778.18
3092,20251119,82,75,9,12,F153-3013,1,14,401.84,5625.76,1380.56,4245.2,2719.58,1525.62,764.14
3093,20230905,61,141,5,5,F558-7700,5,3,967.65,2902.95,447.93,2455.02,1623.35,831.67,441.9
3094,20250605,9,196,4,21,F406-5346,2,6,1781.6,10689.6,1309.48,9380.12,5858.32,3521.8,1688.42
3095,20221028,21,182,1,1,F980-5955,2,11,2113.88,23252.68,2055.54,21197.14,10022.93,11174.21,3815.49
3096,20241007,5,66,3,5,F440-2834,4,20,236.1,4722.0,358.4,4363.6,2550.27,1813.33,785.45
3097,20251210,7,34,4,11,F040-2516,9,14,901.6,12622.4,34.08,12588.32,7086.58,5501.74,2265.9
3098,20220625,30,164,5,7,F468-5422,4,7,860.68,6024.76,1008.54,5016.22,3113.57,1902.65,902.92
3099,20220116,74,144,1,28,F621-1833,7,14,144.58,2024.12,388.43,1635.69,793.94,841.75,294.42
3100,20231022,51,157,7,27,F572-7721,5,14,2054.44,28762.16,6042.93,22719.23,14679.8,8039.43,4089.46
3101,20220610,2,65,2,1,F399-1632,7,1,512.57,512.57,32.6,479.97,249.4,230.57,86.39
3102,20241230,51,74,5,26,F753-5428,9,15,2074.1,31111.5,34.22,31077.28,19312.78,11764.5,5593.91
3103,20250927,4,149,7,27,F710-2785,9,4,1289.62,5158.48,631.91,4526.57,2375.68,2150.89,814.78
3104,20231022,1,82,1,21,F625-6684,10,10,74.62,746.2,17.91,728.29,393.03,335.26,131.09
3105,20230117,74,50,2,11,F857-2662,6,14,173.18,2424.52,59.89,2364.63,1489.03,875.6,425.63
3106,20231023,48,142,1,11,F516-8983,4,8,1857.89,14863.12,2587.67,12275.45,5932.6,6342.85,2209.58
3107,20241206,59,190,1,23,F872-5015,8,10,2362.21,23622.1,1388.98,22233.12,15125.38,7107.74,4001.96
3108,20220118,52,153,6,2,F791-1746,2,11,1087.68,11964.48,2231.38,9733.1,6025.67,3707.43,1751.96
3109,20240604,15,176,7,27,F186-7586,8,6,335.9,2015.4,411.75,1603.65,849.67,753.98,288.66
3110,20240713,70,114,5,18,F602-0307,4,6,1941.64,11649.84,1170.81,10479.03,5294.66,5184.37,1886.23
3111,20240819,3,130,1,23,F778-9716,8,12,1528.54,18342.48,3679.5,14662.98,8554.55,6108.43,2639.34
3112,20221224,16,80,3,6,F624-3608,6,14,1410.89,19752.46,333.82,19418.64,13053.44,6365.2,3495.36
3113,20241126,43,47,1,11,F755-5778,10,10,1959.79,19597.9,3237.57,16360.33,8852.84,7507.49,2944.86
3114,20220608,53,23,2,22,F193-7360,10,15,572.58,8588.7,1065.0,7523.7,4527.89,2995.81,1354.27
3115,20221110,71,37,8,28,F257-5328,2,10,228.93,2289.3,434.05,1855.25,1051.8,803.45,333.94
3116,20250805,12,92,9,19,F476-0639,2,1,257.61,257.61,35.4,222.21,154.38,67.83,40.0
3117,20241221,45,52,7,23,F535-9751,7,6,22.64,135.84,6.17,129.67,83.53,46.14,23.34
3118,20220127,8,175,2,5,F688-8317,10,17,601.45,10224.65,499.99,9724.66,5490.8,4233.86,1750.44
3119,20221230,67,127,5,13,F925-1734,2,8,1250.46,10003.68,18.01,9985.67,6960.98,3024.69,1797.42
3120,20221127,32,148,10,5,F478-1723,6,19,1637.37,31110.03,4700.73,26409.3,16103.41,10305.89,4753.67
3121,20230209,51,192,9,29,F532-5780,3,8,2382.48,19059.84,1006.36,18053.48,11178.53,6874.95,3249.63
3122,20221229,66,132,2,18,F792-4231,4,18,539.02,9702.36,2087.95,7614.41,4401.32,3213.09,1370.59
3123,20220421,74,146,1,21,F005-7705,4,8,156.26,1250.08,16.0,1234.08,835.89,398.19,222.13
3124,20231121,64,187,5,26,F284-5123,8,20,567.75,11355.0,1653.29,9701.71,5849.45,3852.26,1746.31
3125,20241215,83,12,8,13,F596-2792,7,10,536.27,5362.7,371.64,4991.06,3306.58,1684.48,898.39
3126,20240702,18,197,8,27,F364-9307,2,11,456.92,5026.12,357.86,4668.26,2371.78,2296.48,840.29
3127,20241008,51,132,4,30,F626-8450,6,9,1967.08,17703.72,1104.71,16599.01,9875.33,6723.68,2987.82
3128,20220522,81,156,10,14,F373-8295,6,19,2368.12,44994.28,8332.94,36661.34,20732.55,15928.79,6599.04
3129,20251112,58,107,9,3,F388-7815,9,8,1261.91,10095.28,2326.96,7768.32,4460.72,3307.6,1398.3
3130,20250603,40,126,4,2,F454-1604,8,7,1018.93,7132.51,1766.72,5365.79,3323.02,2042.77,965.84
3131,20250409,60,50,6,22,F027-0043,8,4,1048.23,4192.92,922.44,3270.48,2032.67,1237.81,588.69
3132,20250508,66,51,9,11,F290-0224,4,13,558.76,7263.88,1060.53,6203.35,3021.98,3181.37,1116.6
3133,20251020,25,142,6,22,F785-0709,3,19,1424.37,27063.03,4086.52,22976.51,11085.57,11890.94,4135.77
3134,20240322,29,101,6,7,F163-7514,4,5,506.72,2533.6,588.81,1944.79,1207.41,737.38,350.06
3135,20221111,41,116,3,9,F609-0879,4,11,1315.05,14465.55,2924.93,11540.62,6014.81,5525.81,2077.31
3136,20240719,18,75,7,26,F628-5403,1,8,514.38,4115.04,275.71,3839.33,2195.42,1643.91,691.08
3137,20241225,75,116,1,30,F153-0603,1,12,1801.23,21614.76,1696.76,19918.0,10679.42,9238.58,3585.24
3138,20241220,53,80,5,30,F956-5906,10,9,532.39,4791.51,88.16,4703.35,2608.12,2095.23,846.6
3139,20240211,36,142,10,8,F950-9783,2,13,1017.45,13226.85,367.71,12859.14,6301.36,6557.78,2314.65
3140,20220501,82,113,7,4,F928-2521,3,1,376.67,376.67,79.36,297.31,157.94,139.37,53.52
3141,20230726,20,162,1,12,F396-4851,5,18,2540.31,45725.58,7421.26,38304.32,23520.91,14783.41,6894.78
3142,20251005,54,66,6,12,F332-5573,10,12,2276.98,27323.76,1696.81,25626.95,11560.13,14066.82,4612.85
3143,20240527,43,2,8,16,F499-8830,10,14,1618.0,22652.0,1202.82,21449.18,11436.87,10012.31,3860.85
3144,20240312,40,105,4,19,F741-9841,1,7,1004.74,7033.18,407.92,6625.26,3208.11,3417.15,1192.55
3145,20230206,34,178,4,13,F580-6178,3,14,1839.56,25753.84,226.63,25527.21,14802.9,10724.31,4594.9
3146,20230722,55,48,3,2,F578-7277,6,19,2099.93,39898.67,171.56,39727.11,27282.06,12445.05,7150.88
3147,20250830,44,10,7,21,F962-7574,1,13,287.92,3742.96,97.32,3645.64,2345.29,1300.35,656.22
3148,20240929,9,150,4,9,F317-0544,8,4,1979.02,7916.08,341.97,7574.11,3514.04,4060.07,1363.34
3149,20250311,56,187,2,18,F665-3173,4,6,1860.22,11161.32,2545.9,8615.42,4700.56,3914.86,1550.78
3150,20231116,30,97,10,5,F116-0041,6,3,979.14,2937.42,544.01,2393.41,1171.31,1222.1,430.81
3151,20240809,29,11,1,29,F573-2064,3,3,499.46,1498.38,59.79,1438.59,978.11,460.48,258.95
3152,20221230,66,117,1,11,F293-9170,6,15,523.56,7853.4,872.51,6980.89,3629.59,3351.3,1256.56
3153,20241116,63,141,3,2,F410-3171,3,18,852.63,15347.34,3411.71,11935.63,7726.19,4209.44,2148.41
3154,20231014,21,7,2,6,F432-9453,9,17,2143.48,36439.16,7564.77,28874.39,18387.87,10486.52,5197.39
3155,20231102,7,129,10,11,F141-4436,8,9,1089.56,9806.04,1019.83,8786.21,4874.34,3911.87,1581.52
3156,20240905,53,5,7,29,F851-4347,8,19,520.14,9882.66,1029.77,8852.89,5516.7,3336.19,1593.52
3157,20251025,20,46,6,15,F223-7423,9,9,2436.07,21924.63,5025.13,16899.5,11826.79,5072.71,3041.91
3158,20220424,60,67,1,15,F004-9929,5,16,995.4,15926.4,1970.1,13956.3,9441.93,4514.37,2512.13
3159,20250511,54,112,2,5,F927-8421,9,15,2163.6,32454.0,3715.98,28738.02,19164.86,9573.16,5172.84
3160,20230320,78,134,1,26,F614-2234,9,5,1095.63,5478.15,747.22,4730.93,2312.32,2418.61,851.57
3161,20231104,19,66,2,15,F028-0022,6,3,1705.86,5117.58,905.3,4212.28,2691.53,1520.75,758.21
3162,20220211,26,9,6,13,F747-6518,9,3,1869.15,5607.45,905.04,4702.41,3222.92,1479.49,846.43
3163,20230403,66,165,7,13,F313-7733,10,7,497.57,3482.99,64.78,3418.21,2255.45,1162.76,615.28
3164,20240106,48,32,3,25,F781-4301,3,5,2058.51,10292.55,1200.11,9092.44,5282.02,3810.42,1636.64
3165,20220411,72,70,2,27,F409-0296,2,8,1023.05,8184.4,2010.91,6173.49,3815.6,2357.89,1111.23
3166,20231223,74,6,9,15,F003-1942,8,20,160.78,3215.6,447.29,2768.31,1426.85,1341.46,498.3
3167,20251013,1,94,3,2,F492-7657,2,13,76.26,991.38,120.45,870.93,587.53,283.4,156.77
3168,20220701,8,109,9,19,F382-7253,10,10,666.93,6669.3,97.37,6571.93,3328.83,3243.1,1182.95
3169,20250128,49,22,1,11,F998-1104,2,5,479.04,2395.2,388.02,2007.18,1050.59,956.59,361.29
3170,20230920,5,121,1,27,F109-8133,9,19,256.57,4874.83,1127.55,3747.28,1734.28,2013.0,674.51
3171,20240913,47,90,5,19,F485-2679,4,6,1092.27,6553.62,19.66,6533.96,3018.8,3515.16,1176.11
3172,20230120,80,159,8,12,F927-9881,8,3,124.55,373.65,1.12,372.53,230.46,142.07,67.06
3173,20220920,35,109,6,20,F888-7395,5,11,1833.31,20166.41,3226.63,16939.78,11299.49,5640.29,3049.16
3174,20220921,33,174,10,25,F760-4226,3,6,376.07,2256.42,195.41,2061.01,1125.09,935.92,370.98
3175,20220504,8,185,4,15,F299-0645,6,13,640.09,8321.17,591.64,7729.53,4153.12,3576.41,1391.32
3176,20221024,12,157,4,28,F455-6943,7,7,252.86,1770.02,105.49,1664.53,1139.13,525.4,299.62
3177,20240926,74,191,7,25,F940-0079,9,20,166.33,3326.6,371.91,2954.69,1723.75,1230.94,531.84
3178,20250811,41,154,1,26,F372-8536,5,3,1221.73,3665.19,740.73,2924.46,1650.72,1273.74,526.4
3179,20250424,79,151,10,2,F528-0956,4,17,1110.28,18874.76,2402.76,16472.0,8544.98,7927.02,2964.96
3180,20241023,44,92,8,9,F272-5419,1,6,277.79,1666.74,118.01,1548.73,714.4,834.33,278.77
3181,20220709,73,96,4,11,F149-7232,10,18,1643.47,29582.46,3230.4,26352.06,13061.78,13290.28,4743.37
3182,20230314,14,180,9,12,F820-1161,9,4,1756.87,7027.48,158.82,6868.66,4744.18,2124.48,1236.36
3183,20230417,33,172,6,20,F228-2719,2,14,344.9,4828.6,1083.05,3745.55,2256.4,1489.15,674.2
3184,20230101,32,54,1,27,F675-7438,4,19,1514.56,28776.64,2963.99,25812.65,14842.79,10969.86,4646.28
3185,20240130,84,40,3,22,F880-6859,5,18,383.83,6908.94,14.51,6894.43,4411.33,2483.1,1241.0
3186,20240308,20,86,6,10,F560-2687,10,16,2264.33,36229.28,6003.19,30226.09,14616.25,15609.84,5440.7
3187,20230703,67,27,10,5,F992-1053,5,16,1323.64,21178.24,4877.35,16300.89,9568.87,6732.02,2934.16
3188,20230628,61,115,5,13,F006-4829,3,9,1152.63,10373.67,1578.87,8794.8,5144.59,3650.21,1583.06
3189,20250517,75,141,5,22,F486-2954,2,15,1803.18,27047.7,6480.63,20567.07,11732.38,8834.69,3702.07
3190,20250314,34,13,5,12,F820-2361,10,15,1746.77,26201.55,1200.03,25001.52,13350.49,11651.03,4500.27
3191,20230414,24,167,10,15,F604-8877,9,14,1644.27,23019.78,3565.76,19454.02,11202.83,8251.19,3501.72
3192,20250926,60,67,8,25,F302-1135,4,11,1044.89,11493.79,842.49,10651.3,5670.19,4981.11,1917.23
3193,20251114,36,149,4,14,F912-0054,6,20,857.24,17144.8,3970.74,13174.06,6376.88,6797.18,2371.33
3194,20230515,78,179,10,7,F258-6175,4,15,1091.25,16368.75,1361.88,15006.87,10471.22,4535.65,2701.24
3195,20230629,67,136,5,26,F302-7841,10,4,1254.63,5018.52,192.21,4826.31,2508.23,2318.08,868.74
3196,20240112,32,18,6,14,F568-6588,3,12,1535.92,18431.04,1876.28,16554.76,11261.88,5292.88,2979.86
3197,20251031,17,120,1,22,F429-5494,10,8,2193.74,17549.92,3808.33,13741.59,6397.06,7344.53,2473.49
3198,20250803,33,9,3,23,F134-7365,5,11,352.9,3881.9,939.42,2942.48,1399.25,1543.23,529.65
3199,20220626,31,46,8,3,F550-6781,3,7,1972.65,13808.55,2888.75,10919.8,7535.27,3384.53,1965.56
3200,20230827,37,27,3,21,F079-3436,9,12,1165.42,13985.04,1462.84,12522.2,8332.2,4190.0,2254.0
3201,20240406,2,195,1,29,F405-6819,2,6,540.23,3241.38,451.85,2789.53,1595.8,1193.73,502.12
3202,20240107,41,85,9,13,F386-3796,6,10,1315.74,13157.4,1140.75,12016.65,7996.38,4020.27,2163.0
3203,20221104,56,43,9,22,F535-2884,6,10,1755.48,17554.8,351.1,17203.7,11741.92,5461.78,3096.67
3204,20250706,18,139,7,14,F599-0680,6,6,426.41,2558.46,585.12,1973.34,1146.17,827.17,355.2
3205,20241013,79,195,5,6,F550-8217,3,19,1009.59,19182.21,4423.42,14758.79,8876.38,5882.41,2656.58
3206,20250602,69,12,4,3,F686-3609,3,15,1516.38,22745.7,5024.53,17721.17,9429.16,8292.01,3189.81
3207,20250706,79,43,4,24,F164-0275,4,15,1069.39,16040.85,365.73,15675.12,9928.57,5746.55,2821.52
3208,20241230,56,114,8,18,F399-2232,7,17,1992.77,33877.09,3695.99,30181.1,15792.11,14388.99,5432.6
3209,20231029,70,119,7,1,F740-3985,3,11,2002.39,22026.29,1024.22,21002.07,10207.14,10794.93,3780.37
3210,20240709,1,69,8,3,F980-0119,7,16,73.38,1174.08,131.73,1042.35,528.08,514.27,187.62
3211,20220921,24,163,6,27,F891-6034,8,8,1729.41,13835.28,2850.07,10985.21,5673.75,5311.46,1977.34
3212,20241009,32,34,8,16,F660-0599,1,14,1509.68,21135.52,917.28,20218.24,13920.46,6297.78,3639.28
3213,20221016,33,121,4,2,F965-2062,8,11,339.0,3729.0,494.84,3234.16,2025.97,1208.19,582.15
3214,20241103,29,115,1,10,F727-2675,5,5,583.65,2918.25,124.32,2793.93,1497.82,1296.11,502.91
3215,20221212,6,106,9,20,F744-3653,10,5,81.16,405.8,33.6,372.2,198.92,173.28,67.0
3216,20220720,58,27,7,16,F995-9141,9,15,1364.04,20460.6,3320.76,17139.84,8969.16,8170.68,3085.17
3217,20220928,9,74,7,28,F661-7541,4,19,1752.27,33293.13,3505.77,29787.36,19245.18,10542.18,5361.72
3218,20220104,68,72,9,22,F950-4335,7,11,508.08,5588.88,530.94,5057.94,2288.92,2769.02,910.43
3219,20241202,64,19,3,10,F558-9868,6,7,586.38,4104.66,192.51,3912.15,1934.87,1977.28,704.19
3220,20241215,46,109,3,8,F694-4289,6,15,2325.48,34882.2,254.64,34627.56,21289.33,13338.23,6232.96
3221,20240130,75,9,8,14,F025-9096,10,9,2040.67,18366.03,4402.34,13963.69,7755.94,6207.75,2513.46
3222,20220923,42,58,4,19,F524-0475,2,3,1520.05,4560.15,146.84,4413.31,2778.63,1634.68,794.4
3223,20220526,31,97,3,18,F230-4060,6,17,2180.2,37063.4,4621.81,32441.59,21631.61,10809.98,5839.49
3224,20220206,55,199,2,2,F554-0278,2,2,1960.99,3921.98,314.15,3607.83,2424.11,1183.72,649.41
3225,20220929,47,51,6,13,F470-0347,3,7,1294.11,9058.77,1035.42,8023.35,5290.81,2732.54,1444.2
3226,20250824,82,19,6,30,F391-5994,10,16,420.22,6723.52,278.35,6445.17,4136.1,2309.07,1160.13
3227,20221224,56,171,5,12,F984-8105,6,12,1883.59,22603.08,2615.18,19987.9,13574.38,6413.52,3597.82
3228,20230629,73,88,6,29,F665-3933,7,19,1550.97,29468.43,2731.72,26736.71,14490.26,12246.45,4812.61
3229,20220630,18,94,5,29,F077-9162,4,3,474.42,1423.26,157.7,1265.56,664.53,601.03,227.8
3230,20221205,80,170,6,5,F829-1011,8,6,129.31,775.86,133.76,642.1,309.97,332.13,115.58
3231,20240207,68,101,6,4,F895-1100,10,17,535.91,9110.47,373.53,8736.94,5590.13,3146.81,1572.65
3232,20240704,81,126,5,23,F303-5238,3,3,2403.46,7210.38,539.34,6671.04,4515.76,2155.28,1200.79
3233,20221227,8,122,7,25,F638-4294,8,2,713.9,1427.8,281.85,1145.95,706.14,439.81,206.27
3234,20220413,26,49,6,22,F879-3965,3,18,1562.25,28120.5,995.47,27125.03,18655.72,8469.31,4882.51
3235,20230825,12,189,3,19,F206-7152,4,10,247.23,2472.3,542.67,1929.63,1006.17,923.46,347.33
3236,20221217,38,184,2,27,F565-0636,6,1,2109.15,2109.15,303.72,1805.43,853.18,952.25,324.98
3237,20221203,22,182,1,10,F948-7839,10,19,1051.2,19972.8,1581.85,18390.95,10888.28,7502.67,3310.37
3238,20251122,33,105,1,3,F567-9738,2,8,321.09,2568.72,580.79,1987.93,1056.05,931.88,357.83
3239,20240718,15,60,5,26,F515-6012,8,10,289.68,2896.8,536.78,2360.02,1492.63,867.39,424.8
3240,20240412,9,178,3,29,F473-7005,9,20,1692.38,33847.6,6491.97,27355.63,16573.5,10782.13,4924.01
3241,20230929,54,30,2,5,F027-2711,10,16,2054.24,32867.84,1965.5,30902.34,20236.29,10666.05,5562.42
3242,20231016,12,11,2,10,F607-5003,9,7,251.99,1763.93,221.55,1542.38,1077.33,465.05,277.63
3243,20240316,5,140,9,23,F072-9477,7,17,218.72,3718.24,883.83,2834.41,1311.44,1522.97,510.19
3244,20241106,53,147,2,22,F590-9669,1,12,555.38,6664.56,262.58,6401.98,3068.18,3333.8,1152.36
3245,20241113,66,144,4,4,F453-2484,4,7,514.33,3600.31,172.81,3427.5,1878.75,1548.75,616.95
3246,20221007,56,183,2,30,F496-1394,1,13,1968.35,25588.55,3129.48,22459.07,15674.75,6784.32,4042.63
3247,20240101,84,30,9,26,F782-7851,5,18,378.96,6821.28,1538.2,5283.08,2499.22,2783.86,950.95
3248,20230924,5,41,1,25,F909-4080,5,1,226.57,226.57,6.34,220.23,138.86,81.37,39.64
3249,20250725,34,66,9,16,F789-6404,6,14,1807.49,25304.86,177.13,25127.73,14405.05,10722.68,4522.99
3250,20240810,8,40,6,23,F881-7525,3,16,717.09,11473.44,1301.09,10172.35,6487.74,3684.61,1831.02
3251,20240303,29,101,1,27,F201-8151,9,13,505.34,6569.42,1241.62,5327.8,2675.84,2651.96,959.0
3252,20220717,10,194,8,28,F995-0508,4,2,747.42,1494.84,117.94,1376.9,925.56,451.34,247.84
3253,20240630,74,119,1,1,F354-9729,10,7,161.05,1127.35,17.02,1110.33,610.39,499.94,199.86
3254,20220720,36,102,10,8,F882-2244,4,20,937.51,18750.2,4044.42,14705.78,10175.84,4529.94,2647.04
3255,20230601,28,175,6,17,F839-0146,1,2,554.01,1108.02,8.09,1099.93,524.69,575.24,197.99
3256,20220827,75,108,4,8,F187-3543,5,3,1902.43,5707.29,391.52,5315.77,2456.62,2859.15,956.84
3257,20241101,28,126,5,10,F903-8876,9,13,571.32,7427.16,626.85,6800.31,3968.86,2831.45,1224.06
3258,20221118,71,188,1,27,F592-8076,3,6,227.35,1364.1,83.07,1281.03,683.77,597.26,230.59
3259,20230826,19,37,6,18,F969-5533,5,11,1583.49,17418.39,3976.62,13441.77,8866.42,4575.35,2419.52
3260,20250831,46,148,7,26,F025-3519,5,4,2219.38,8877.52,469.62,8407.9,5400.6,3007.3,1513.42
3261,20221115,67,53,9,23,F501-3203,7,8,1321.62,10572.96,1132.36,9440.6,5529.03,3911.57,1699.31
3262,20240116,73,5,1,9,F712-3857,7,7,1719.1,12033.7,436.82,11596.88,5915.92,5680.96,2087.44
3263,20231004,33,71,9,14,F756-7858,5,17,347.02,5899.34,458.97,5440.37,3020.89,2419.48,979.27
3264,20220204,13,103,4,4,F469-5455,6,16,1969.53,31512.48,6040.94,25471.54,12291.73,13179.81,4584.88
3265,20250320,22,92,9,10,F005-8403,2,16,1101.78,17628.48,1761.09,15867.39,7623.6,8243.79,2856.13
3266,20220502,15,113,3,18,F116-5106,4,9,325.14,2926.26,185.23,2741.03,1287.92,1453.11,493.39
3267,20231207,49,27,5,13,F940-0509,4,3,523.72,1571.16,162.62,1408.54,768.08,640.46,253.54
3268,20240418,49,192,1,26,F341-5599,6,17,440.65,7491.05,1137.89,6353.16,3493.71,2859.45,1143.57
3269,20240806,81,102,9,8,F389-8300,5,12,2190.17,26282.04,5976.54,20305.5,10028.12,10277.38,3654.99
3270,20241028,30,51,5,29,F819-4468,6,3,961.26,2883.78,712.87,2170.91,1414.87,756.04,390.76
3271,20230107,36,109,1,1,F237-0114,2,19,1056.25,20068.75,1776.08,18292.67,10107.94,8184.73,3292.68
3272,20220120,12,128,3,8,F992-8564,7,14,238.15,3334.1,536.46,2797.64,1355.22,1442.42,503.58
3273,20241206,76,167,8,24,F894-3403,7,9,463.75,4173.75,716.63,3457.12,2152.46,1304.66,622.28
3274,20240308,68,149,6,27,F696-7389,1,12,490.64,5887.68,968.52,4919.16,3289.39,1629.77,885.45
3275,20250530,75,22,7,22,F941-5910,1,1,1781.44,1781.44,347.74,1433.7,861.85,571.85,258.07
3276,20250506,70,67,1,8,F282-8646,5,7,1764.28,12349.96,1272.05,11077.91,6904.79,4173.12,1994.02
3277,20250611,72,177,7,6,F830-7980,10,16,937.49,14999.84,3047.97,11951.87,5479.71,6472.16,2151.34
3278,20231218,43,79,3,20,F978-5823,5,19,1866.83,35469.77,2972.37,32497.4,20390.69,12106.71,5849.53
3279,20230526,37,36,2,24,F770-7799,6,13,1246.08,16199.04,1731.68,14467.36,7701.35,6766.01,2604.12
3280,20250318,56,4,2,14,F991-1096,8,11,1680.42,18484.62,778.2,17706.42,8002.21,9704.21,3187.16
3281,20231112,27,179,6,19,F189-3838,6,15,866.16,12992.4,1883.9,11108.5,7173.75,3934.75,1999.53
3282,20221022,16,109,5,30,F750-8428,10,7,1405.16,9836.12,1354.43,8481.69,5562.53,2919.16,1526.7
3283,20250630,63,120,9,4,F129-4651,6,2,849.74,1699.48,22.6,1676.88,941.13,735.75,301.84
3284,20250812,58,70,10,10,F573-4618,2,3,1234.77,3704.31,683.07,3021.24,1540.38,1480.86,543.82
3285,20231129,37,39,9,7,F656-3495,8,8,1133.51,9068.08,710.03,8358.05,4493.72,3864.33,1504.45
3286,20220513,22,169,8,19,F569-2043,4,16,1124.48,17991.68,3206.12,14785.56,9830.35,4955.21,2661.4
3287,20230820,7,164,8,23,F484-1571,2,14,1093.11,15303.54,3386.67,11916.87,6489.8,5427.07,2145.04
3288,20250406,44,17,9,28,F984-7680,1,5,278.63,1393.15,307.75,1085.4,686.23,399.17,195.37
3289,20250909,67,1,8,24,F591-1980,2,9,1303.12,11728.08,213.45,11514.63,7258.63,4256.0,2072.63
3290,20221115,54,98,2,4,F597-8272,4,10,2069.43,20694.3,4827.98,15866.32,8162.41,7703.91,2855.94
3291,20220429,8,188,5,28,F941-8020,4,15,707.47,10612.05,963.57,9648.48,5073.73,4574.75,1736.73
3292,20250805,67,128,8,10,F573-8120,8,11,1335.92,14695.12,3563.57,11131.55,5523.27,5608.28,2003.68
3293,20230822,1,38,6,8,F177-5478,2,18,66.45,1196.1,167.57,1028.53,493.95,534.58,185.14
3294,20240318,21,42,3,13,F495-9368,10,18,1880.51,33849.18,7010.17,26839.01,15771.95,11067.06,4831.02
3295,20251201,8,139,7,12,F933-3331,9,13,687.16,8933.08,920.11,8012.97,3644.96,4368.01,1442.33
3296,20220428,28,104,9,5,F999-1777,1,12,569.59,6835.08,784.67,6050.41,3342.65,2707.76,1089.07
3297,20240904,2,152,1,15,F048-4030,8,16,505.75,8092.0,19.42,8072.58,5160.42,2912.16,1453.06
3298,20220510,67,107,7,25,F827-9504,4,17,1299.59,22093.03,3488.49,18604.54,11868.83,6735.71,3348.82
3299,20230802,22,132,4,9,F517-4446,10,2,978.82,1957.64,279.36,1678.28,1128.35,549.93,302.09
3300,20250407,20,113,7,30,F701-2884,10,14,2425.04,33950.56,4172.52,29778.04,15666.74,14111.3,5360.05
3301,20231022,53,69,6,13,F325-7236,3,16,560.95,8975.2,1791.45,7183.75,4441.71,2742.04,1293.08
3302,20251229,55,154,9,6,F515-1687,8,12,1928.79,23145.48,3916.22,19229.26,9084.92,10144.34,3461.27
3303,20240415,76,11,4,10,F342-2169,3,16,444.1,7105.6,1025.34,6080.26,2741.43,3338.83,1094.45
3304,20230506,8,58,1,7,F129-6373,5,6,626.62,3759.72,373.34,3386.38,2363.44,1022.94,609.55
3305,20221203,45,3,10,30,F733-0541,8,12,20.39,244.68,58.26,186.42,94.27,92.15,33.56
3306,20230623,34,23,7,17,F352-2403,3,2,1875.84,3751.68,686.93,3064.75,1553.14,1511.61,551.65
3307,20230729,35,182,9,7,F494-9417,10,16,1764.66,28234.56,2597.58,25636.98,12338.72,13298.26,4614.66
3308,20220501,4,103,7,20,F954-3423,4,12,1278.35,15340.2,3222.98,12117.22,8117.75,3999.47,2181.1
3309,20230724,18,39,9,12,F714-6558,3,8,467.47,3739.76,203.07,3536.69,1819.51,1717.18,636.6
3310,20231127,67,57,8,22,F181-3052,6,5,1158.47,5792.35,1296.33,4496.02,2959.39,1536.63,809.28
3311,20241205,75,121,1,1,F557-9570,5,2,1787.14,3574.28,208.38,3365.9,1707.71,1658.19,605.86
3312,20240916,19,191,8,1,F274-3237,4,9,1626.73,14640.57,3424.43,11216.14,5142.68,6073.46,2018.91
3313,20241120,30,138,9,7,F547-4603,6,7,1039.59,7277.13,1242.21,6034.92,3669.62,2365.3,1086.29
3314,20220116,52,141,1,9,F476-3591,8,3,1200.82,3602.46,115.28,3487.18,2132.12,1355.06,627.69
3315,20221201,13,30,8,14,F586-6319,9,12,2054.18,24650.16,4639.16,20011.0,12442.26,7568.74,3601.98
3316,20240923,3,92,5,10,F746-2361,2,13,1745.34,22689.42,1676.75,21012.67,13890.17,7122.5,3782.28
3317,20231216,48,172,3,14,F297-0494,6,18,1996.79,35942.22,7112.97,28829.25,16314.24,12515.01,5189.26
3318,20220111,27,155,7,17,F543-5942,10,15,950.92,14263.8,707.48,13556.32,9386.81,4169.51,2440.14
3319,20250408,27,163,10,2,F227-9884,8,5,864.66,4323.3,568.51,3754.79,2211.66,1543.13,675.86
3320,20250213,79,133,4,22,F217-1316,6,15,1151.94,17279.1,3946.55,13332.55,8255.98,5076.57,2399.86
3321,20240329,3,149,7,12,F818-5945,2,4,1522.88,6091.52,904.59,5186.93,2819.27,2367.66,933.65
3322,20220428,4,189,9,13,F654-0604,7,1,1297.89,1297.89,128.49,1169.4,653.23,516.17,210.49
3323,20250201,83,77,10,19,F695-8715,7,10,514.24,5142.4,635.6,4506.8,2558.77,1948.03,811.22
3324,20240526,32,188,1,8,F541-5488,3,19,1443.99,27435.81,2458.25,24977.56,15084.18,9893.38,4495.96
3325,20250302,40,84,6,19,F778-6561,4,16,853.96,13663.36,1302.12,12361.24,6034.46,6326.78,2225.02
3326,20250104,57,153,10,9,F630-5519,10,19,2152.42,40895.98,6919.6,33976.38,18811.3,15165.08,6115.75
3327,20250406,37,191,5,14,F371-7135,6,18,1090.85,19635.3,2762.69,16872.61,8944.11,7928.5,3037.07
3328,20240204,26,14,3,24,F873-1492,1,2,1580.06,3160.12,405.76,2754.36,1389.02,1365.34,495.78
3329,20220823,19,97,4,22,F761-2749,6,15,1653.7,24805.5,5829.29,18976.21,10342.84,8633.37,3415.72
3330,20241006,50,48,3,24,F210-4671,9,15,1330.1,19951.5,1021.52,18929.98,11852.42,7077.56,3407.4
3331,20240725,58,171,7,1,F817-1574,10,7,1198.39,8388.73,1254.95,7133.78,3326.68,3807.1,1284.08
3332,20241224,16,102,1,24,F453-3406,3,1,1188.06,1188.06,89.82,1098.24,636.81,461.43,197.68
3333,20221004,53,147,4,22,F481-8423,6,15,556.3,8344.5,1613.83,6730.67,3967.09,2763.58,1211.52
3334,20221105,79,15,10,22,F024-9822,4,9,1029.8,9268.2,211.31,9056.89,6321.07,2735.82,1630.24
3335,20250823,64,182,6,21,F973-9163,2,14,510.17,7142.38,522.82,6619.56,4530.61,2088.95,1191.52
3336,20241231,2,108,7,19,F856-4918,5,16,516.76,8268.16,1684.22,6583.94,4140.92,2443.02,1185.11
3337,20250918,64,15,6,5,F514-9382,1,8,591.86,4734.88,638.74,4096.14,2629.84,1466.3,737.31
3338,20250117,43,49,8,18,F819-4964,8,12,1745.12,20941.44,4808.15,16133.29,7614.41,8518.88,2903.99
3339,20240617,57,61,8,9,F252-4326,6,17,2055.62,34945.54,8058.44,26887.1,15727.25,11159.85,4839.68
3340,20240912,6,129,1,13,F162-5299,1,13,78.61,1021.93,129.79,892.14,539.51,352.63,160.59
3341,20250822,20,173,7,9,F403-9966,3,17,2211.9,37602.3,8088.25,29514.05,18039.91,11474.14,5312.53
3342,20240518,34,65,9,13,F610-5407,3,10,1933.61,19336.1,3743.47,15592.63,7921.81,7670.82,2806.67
3343,20240812,15,61,9,15,F066-0084,9,4,288.55,1154.2,197.95,956.25,523.28,432.97,172.12
3344,20220916,70,75,7,14,F001-4910,10,11,1736.58,19102.38,4143.31,14959.07,8300.82,6658.25,2692.63
3345,20231207,8,111,10,4,F673-1343,7,13,630.29,8193.77,531.78,7661.99,3976.96,3685.03,1379.16
3346,20241129,11,194,4,24,F589-6637,6,4,2123.79,8495.16,1725.37,6769.79,3121.35,3648.44,1218.56
3347,20230210,45,180,2,21,F577-0728,1,14,22.14,309.96,55.02,254.94,160.04,94.9,45.89
3348,20221113,39,96,3,28,F557-6816,7,17,1734.46,29485.82,4437.62,25048.2,12617.14,12431.06,4508.68
3349,20230424,1,1,1,6,F601-5550,8,8,67.13,537.04,69.22,467.82,247.44,220.38,84.21
3350,20221224,25,8,2,6,F877-4822,6,1,1540.86,1540.86,40.83,1500.03,1003.51,496.52,270.01
3351,20221128,60,15,7,24,F937-1485,10,18,874.58,15742.44,365.22,15377.22,8360.53,7016.69,2767.9
3352,20231011,38,161,6,2,F899-5837,6,19,2093.46,39775.74,1153.5,38622.24,26198.89,12423.35,6952.0
3353,20250917,16,106,9,15,F084-8220,7,19,1338.44,25430.36,1416.47,24013.89,16381.69,7632.2,4322.5
3354,20240114,64,157,3,20,F872-3343,3,1,507.83,507.83,68.1,439.73,268.46,171.27,79.15
3355,20221027,72,180,2,20,F433-1372,3,12,1069.17,12830.04,55.17,12774.87,8681.83,4093.04,2299.48
3356,20220515,76,148,6,6,F985-2209,1,5,439.04,2195.2,40.83,2154.37,1074.34,1080.03,387.79
3357,20241106,73,55,8,28,F693-1197,8,9,1729.35,15564.15,160.31,15403.84,7132.6,8271.24,2772.69
3358,20230813,64,115,5,18,F008-6368,7,18,541.44,9745.92,849.84,8896.08,4346.85,4549.23,1601.29
3359,20250506,14,190,3,24,F034-3761,1,6,1745.2,10471.2,2369.63,8101.57,5243.73,2857.84,1458.28
3360,20240920,50,126,2,6,F113-1932,9,12,1312.51,15750.12,3713.88,12036.24,6708.18,5328.06,2166.52
3361,20250325,56,171,3,28,F685-3769,10,3,1648.82,4946.46,670.25,4276.21,2885.61,1390.6,769.72
3362,20230212,78,150,9,25,F508-9516,3,7,1205.66,8439.62,124.91,8314.71,4416.25,3898.46,1496.65
3363,20241101,8,170,6,20,F441-9093,9,5,660.98,3304.9,182.76,3122.14,2022.14,1100.0,561.99
3364,20230128,78,181,7,21,F111-9351,7,4,1222.03,4888.12,1033.84,3854.28,2583.79,1270.49,693.77
3365,20251029,71,23,2,5,F773-0803,4,10,219.97,2199.7,197.53,2002.17,1073.05,929.12,360.39
3366,20240817,55,27,9,25,F014-4148,5,4,1738.8,6955.2,703.87,6251.33,3241.45,3009.88,1125.24
3367,20230511,53,128,2,9,F040-9041,4,18,621.0,11178.0,1960.62,9217.38,5741.95,3475.43,1659.13
3368,20230207,35,91,1,27,F414-0190,10,11,1749.64,19246.04,1268.31,17977.73,10634.0,7343.73,3235.99
3369,20221031,43,178,8,9,F349-6527,7,17,1910.51,32478.67,282.56,32196.11,21150.4,11045.71,5795.3
3370,20241104,77,90,10,21,F042-7981,5,20,349.36,6987.2,1113.76,5873.44,3985.94,1887.5,1057.22
3371,20221202,19,159,1,10,F636-5884,8,9,1611.27,14501.43,282.78,14218.65,6906.98,7311.67,2559.36
3372,20240614,84,173,9,10,F466-6656,7,14,398.08,5573.12,249.68,5323.44,3524.08,1799.36,958.22
3373,20230129,78,25,7,28,F991-4681,8,20,1009.87,20197.4,4071.8,16125.6,8043.66,8081.94,2902.61
3374,20240923,18,173,7,29,F532-5246,10,13,470.61,6117.93,189.04,5928.89,4134.26,1794.63,1067.2
3375,20250425,2,100,2,4,F777-6394,7,13,499.58,6494.54,210.42,6284.12,4095.11,2189.01,1131.14
3376,20250223,18,49,5,20,F535-2089,5,18,494.69,8904.42,888.66,8015.76,3622.88,4392.88,1442.84
3377,20250121,52,173,7,16,F667-0754,2,20,1260.2,25204.0,5781.8,19422.2,13585.45,5836.75,3496.0
3378,20221027,51,176,5,2,F162-1031,6,6,2122.66,12735.96,2672.0,10063.96,6405.74,3658.22,1811.51
3379,20220603,64,83,3,9,F184-3328,6,7,610.53,4273.71,92.74,4180.97,2861.68,1319.29,752.57
3380,20241109,20,83,9,27,F635-5062,10,13,2262.07,29406.91,6110.76,23296.15,10487.27,12808.88,4193.31
3381,20230722,50,15,6,25,F154-0136,6,15,1390.21,20853.15,936.31,19916.84,10764.88,9151.96,3585.03
3382,20231020,30,70,6,30,F424-0273,6,3,926.98,2780.94,130.98,2649.96,1271.34,1378.62,476.99
3383,20220301,79,63,3,5,F744-2025,1,20,1163.21,23264.2,1337.69,21926.51,13506.08,8420.43,3946.77
3384,20230119,78,67,4,24,F112-4542,2,5,1009.78,5048.9,1162.76,3886.14,2310.94,1575.2,699.51
3385,20220305,36,57,5,23,F929-3225,8,18,1030.1,18541.8,4294.28,14247.52,8140.6,6106.92,2564.55
3386,20250807,62,12,3,4,F951-1881,7,18,305.71,5502.78,208.01,5294.77,3539.38,1755.39,953.06
3387,20221225,68,145,9,3,F515-1787,1,3,481.4,1444.2,78.42,1365.78,827.22,538.56,245.84
3388,20240412,6,42,7,12,F475-8509,10,19,81.81,1554.39,148.76,1405.63,935.28,470.35,253.01
3389,20220314,56,73,6,28,F131-6833,4,11,1941.41,21355.51,1930.54,19424.97,11040.53,8384.44,3496.49
3390,20240930,39,127,3,11,F319-4841,3,18,1885.05,33930.9,1218.12,32712.78,20846.1,11866.68,5888.3
3391,20230509,17,120,9,22,F571-3057,9,7,2166.34,15164.38,1238.93,13925.45,6501.82,7423.63,2506.58
3392,20250903,4,142,9,6,F524-7729,3,8,1358.18,10865.44,683.44,10182.0,5512.34,4669.66,1832.76
3393,20250820,1,97,1,18,F132-8853,9,15,80.81,1212.15,120.25,1091.9,610.14,481.76,196.54
3394,20230512,64,34,1,21,F484-5135,4,17,533.93,9076.81,1013.88,8062.93,5085.61,2977.32,1451.33
3395,20250907,10,93,10,7,F106-6086,3,7,849.16,5944.12,1065.19,4878.93,2671.25,2207.68,878.21
3396,20251228,51,22,5,26,F978-4315,4,2,2011.84,4023.68,483.65,3540.03,1854.56,1685.47,637.21
3397,20250512,1,72,5,12,F146-9681,10,4,75.38,301.52,1.15,300.37,164.28,136.09,54.07
3398,20250613,49,53,4,3,F610-7846,2,12,527.76,6333.12,1120.96,5212.16,2751.88,2460.28,938.19
3399,20221231,16,71,10,30,F462-2698,10,12,1368.38,16420.56,931.05,15489.51,10140.55,5348.96,2788.11
3400,20240514,56,12,4,26,F649-4957,4,15,1953.39,29300.85,208.04,29092.81,13274.69,15818.12,5236.71
3401,20220429,38,139,6,27,F565-6773,2,20,1961.56,39231.2,4868.59,34362.61,21810.75,12551.86,6185.27
3402,20220613,68,104,1,23,F953-2144,2,3,522.58,1567.74,328.44,1239.3,705.21,534.09,223.07
3403,20251230,47,117,7,30,F225-8438,3,5,1231.32,6156.6,768.34,5388.26,2768.39,2619.87,969.89
3404,20230515,63,54,4,4,F165-2743,3,19,881.31,16744.89,3631.97,13112.92,9023.58,4089.34,2360.33
3405,20241230,30,113,1,10,F462-3388,2,11,1036.37,11400.07,752.4,10647.67,4900.48,5747.19,1916.58
3406,20250411,40,119,5,15,F483-8133,5,17,967.62,16449.54,898.14,15551.4,8539.05,7012.35,2799.25
3407,20250705,1,196,6,13,F013-0062,8,8,72.66,581.28,58.53,522.75,288.97,233.78,94.09
3408,20251229,49,40,2,28,F991-2966,9,5,530.92,2654.6,107.51,2547.09,1778.17,768.92,458.48
3409,20221224,17,138,3,16,F569-4286,8,7,1936.62,13556.34,2910.55,10645.79,6130.5,4515.29,1916.24
3410,20220316,18,3,5,24,F798-5901,10,7,460.97,3226.79,483.05,2743.74,1370.2,1373.54,493.87
3411,20230923,56,102,1,29,F280-8898,6,2,1849.02,3698.04,832.06,2865.98,1576.92,1289.06,515.88
3412,20220809,30,53,6,17,F831-4541,10,7,879.23,6154.61,388.36,5766.25,3912.61,1853.64,1037.92
3413,20220212,72,111,6,4,F158-4283,3,17,900.09,15301.53,2517.1,12784.43,8889.8,3894.63,2301.2
3414,20230709,16,175,2,16,F776-0311,5,13,1186.87,15429.31,2889.91,12539.4,7108.84,5430.56,2257.09
3415,20250305,72,136,2,3,F706-6731,6,8,1028.36,8226.88,1623.16,6603.72,3388.4,3215.32,1188.67
3416,20240427,75,161,6,19,F955-4228,3,12,1843.96,22127.52,4082.53,18044.99,11820.68,6224.31,3248.1
3417,20230422,10,27,4,25,F874-6720,4,16,838.61,13417.76,1925.45,11492.31,5738.49,5753.82,2068.62
3418,20240912,51,110,9,16,F488-7998,6,16,2107.44,33719.04,1493.75,32225.29,17721.89,14503.4,5800.55
3419,20221214,73,199,5,3,F498-4209,10,18,1505.84,27105.12,2881.27,24223.85,12164.12,12059.73,4360.29
3420,20220128,10,7,9,21,F558-4879,3,8,832.09,6656.72,1288.74,5367.98,3752.05,1615.93,966.24
3421,20250128,56,4,8,28,F416-1884,6,5,1932.15,9660.75,463.72,9197.03,5536.17,3660.86,1655.47
3422,20240730,4,86,5,17,F991-0004,5,3,1269.84,3809.52,78.1,3731.42,2247.98,1483.44,671.66
3423,20250124,37,159,3,25,F077-4286,10,7,1136.0,7952.0,820.65,7131.35,3656.8,3474.55,1283.64
3424,20220314,78,101,2,26,F957-6300,5,1,992.91,992.91,214.47,778.44,452.39,326.05,140.12
3425,20250531,59,169,10,19,F979-1468,6,1,2389.27,2389.27,186.36,2202.91,1337.63,865.28,396.52
3426,20240723,62,147,7,15,F683-3788,7,1,282.5,282.5,26.95,255.55,154.17,101.38,46.0
3427,20240422,58,12,3,25,F199-7506,3,2,1175.48,2350.96,343.24,2007.72,1101.44,906.28,361.39
3428,20240801,56,100,10,19,F450-2593,5,6,1747.6,10485.6,149.94,10335.66,5966.05,4369.61,1860.42
3429,20250715,47,166,6,12,F937-7274,10,16,1243.51,19896.16,515.31,19380.85,12811.95,6568.9,3488.55
3430,20240531,26,175,6,10,F695-1571,8,16,1610.2,25763.2,3006.57,22756.63,10914.9,11841.73,4096.19
3431,20240521,64,2,10,14,F521-5576,7,6,522.95,3137.7,572.63,2565.07,1699.39,865.68,461.71
3432,20251223,66,108,2,2,F951-8582,6,18,560.78,10094.04,2189.4,7904.64,4914.05,2990.59,1422.84
3433,20250113,78,123,10,10,F850-3483,4,12,1100.41,13204.92,1653.26,11551.66,8046.63,3505.03,2079.3
3434,20231102,53,39,8,13,F860-8074,7,16,551.94,8831.04,113.04,8718.0,4757.15,3960.85,1569.24
3435,20241119,45,168,7,13,F634-4249,10,9,22.34,201.06,36.95,164.11,95.11,69.0,29.54
3436,20230822,82,161,4,9,F875-7264,5,15,386.74,5801.1,1079.58,4721.52,2536.48,2185.04,849.87
3437,20221211,41,62,8,16,F174-9839,1,5,1302.66,6513.3,412.29,6101.01,3927.0,2174.01,1098.18
3438,20240616,72,59,10,9,F341-0443,4,17,1031.4,17533.8,2679.16,14854.64,7853.72,7000.92,2673.84
3439,20251015,57,9,8,17,F008-6138,4,12,2393.84,28726.08,2007.95,26718.13,17813.64,8904.49,4809.26
3440,20251016,69,49,3,24,F622-1981,4,18,1292.34,23262.12,2163.38,21098.74,11619.68,9479.06,3797.77
3441,20230609,53,179,5,26,F800-0479,8,10,591.84,5918.4,1444.09,4474.31,2600.54,1873.77,805.38
3442,20240223,29,23,6,1,F740-6330,4,2,550.13,1100.26,266.15,834.11,557.91,276.2,150.14
3443,20221124,23,12,3,14,F370-8463,4,9,424.3,3818.7,800.4,3018.3,1595.34,1422.96,543.29
3444,20251227,69,75,7,15,F288-6997,5,19,1360.64,25852.16,2792.03,23060.13,11542.12,11518.01,4150.82
3445,20251213,51,35,8,7,F842-9346,10,2,2349.74,4699.48,290.9,4408.58,2921.53,1487.05,793.54
3446,20240905,61,182,10,10,F838-1144,1,11,996.5,10961.5,1629.98,9331.52,6024.8,3306.72,1679.67
3447,20250408,12,137,2,22,F895-9771,6,16,209.69,3355.04,366.03,2989.01,1705.93,1283.08,538.02
3448,20241128,15,122,10,21,F481-3313,9,17,301.89,5132.13,336.67,4795.46,3214.34,1581.12,863.18
3449,20240610,26,56,6,15,F883-6082,5,1,1916.71,1916.71,204.7,1712.01,883.22,828.79,308.16
3450,20220406,61,89,3,14,F033-3043,8,7,1054.7,7382.9,1578.46,5804.44,2645.27,3159.17,1044.8
3451,20231116,4,121,1,16,F088-8877,2,17,1475.31,25080.27,2949.44,22130.83,12352.95,9777.88,3983.55
3452,20241010,21,25,4,19,F113-2087,4,8,2103.04,16824.32,3714.81,13109.51,7207.37,5902.14,2359.71
3453,20241014,63,77,2,23,F755-3394,4,12,805.84,9670.08,1446.64,8223.44,4909.91,3313.53,1480.22
3454,20230730,64,178,9,25,F012-8017,10,17,547.08,9300.36,1036.99,8263.37,4409.47,3853.9,1487.41
3455,20251101,9,8,7,9,F042-8126,1,13,1903.87,24750.31,5229.74,19520.57,10557.53,8963.04,3513.7
3456,20221001,59,136,5,17,F993-3216,1,18,2304.23,41476.14,7059.24,34416.9,18080.84,16336.06,6195.04
3457,20240102,30,85,5,23,F695-0119,5,12,911.57,10938.84,1264.53,9674.31,5400.34,4273.97,1741.38
3458,20241031,34,3,4,4,F888-7401,9,16,1817.85,29085.6,1343.75,27741.85,12884.4,14857.45,4993.53
3459,20241107,65,190,2,14,F505-8508,6,13,172.08,2237.04,449.42,1787.62,918.98,868.64,321.77
3460,20240904,80,11,9,18,F675-9381,6,9,133.75,1203.75,285.29,918.46,641.51,276.95,165.32
3461,20230218,76,9,8,21,F909-6091,7,7,438.61,3070.27,764.5,2305.77,1597.74,708.03,415.04
3462,20220915,1,200,1,4,F762-5925,3,11,78.61,864.71,33.38,831.33,502.81,328.52,149.64
3463,20240817,27,154,10,13,F391-3209,4,2,973.93,1947.86,437.68,1510.18,908.77,601.41,271.83
3464,20240620,3,103,6,9,F993-0053,4,6,1767.65,10605.9,2413.9,8192.0,4420.03,3771.97,1474.56
3465,20221016,4,16,3,22,F475-3416,3,19,1390.51,26419.69,774.1,25645.59,13805.15,11840.44,4616.21
3466,20241116,4,84,1,1,F300-2098,4,20,1294.84,25896.8,2312.58,23584.22,11163.7,12420.52,4245.16
3467,20231117,11,178,7,30,F530-2070,1,18,2352.64,42347.52,1482.16,40865.36,18787.67,22077.69,7355.76
3468,20241001,39,61,1,30,F984-5679,5,4,1895.4,7581.6,1481.44,6100.16,2794.69,3305.47,1098.03
3469,20250601,68,114,8,20,F458-3352,10,15,496.79,7451.85,405.38,7046.47,4080.27,2966.2,1268.36
3470,20221004,68,164,6,8,F539-1720,6,5,568.31,2841.55,192.37,2649.18,1666.79,982.39,476.85
3471,20220206,11,196,9,28,F142-7154,5,16,2291.12,36657.92,1330.68,35327.24,21889.56,13437.68,6358.9
3472,20250225,17,93,6,21,F479-6862,9,4,2143.08,8572.32,1080.97,7491.35,3716.96,3774.39,1348.44
3473,20240707,68,11,4,2,F960-8410,2,3,537.68,1613.04,135.66,1477.38,789.82,687.56,265.93
3474,20241110,74,190,9,15,F397-1693,6,20,154.8,3096.0,254.18,2841.82,1494.32,1347.5,511.53
3475,20250602,2,190,2,29,F731-5331,1,10,578.17,5781.7,740.64,5041.06,2623.53,2417.53,907.39
3476,20250405,66,11,4,30,F341-0439,8,9,563.15,5068.35,364.92,4703.43,2953.57,1749.86,846.62
3477,20251123,53,179,4,12,F882-5450,9,12,591.21,7094.52,615.09,6479.43,3486.41,2993.02,1166.3
3478,20240308,66,170,3,15,F450-5403,5,2,505.42,1010.84,128.28,882.56,554.2,328.36,158.86
3479,20231221,58,70,6,19,F895-2948,6,15,1330.95,19964.25,3132.39,16831.86,11503.62,5328.24,3029.73
3480,20230909,37,38,5,24,F601-4069,8,4,1314.32,5257.28,165.6,5091.68,2945.94,2145.74,916.5
3481,20220912,77,73,6,29,F373-9828,5,2,343.0,686.0,2.95,683.05,317.98,365.07,122.95
3482,20240507,71,68,2,14,F437-2173,4,19,260.07,4941.33,849.91,4091.42,2266.7,1824.72,736.46
3483,20230221,73,40,6,12,F601-3621,6,14,1550.18,21702.52,3574.41,18128.11,10371.9,7756.21,3263.06
3484,20251006,4,188,1,13,F309-2031,3,15,1535.77,23036.55,2481.04,20555.51,10604.11,9951.4,3699.99
3485,20240525,20,17,5,27,F377-1855,4,16,2335.59,37369.44,3710.79,33658.65,16806.98,16851.67,6058.56
3486,20240610,36,94,6,18,F247-4748,6,2,877.18,1754.36,24.56,1729.8,900.76,829.04,311.36
3487,20230630,46,112,3,4,F435-9147,4,11,2368.17,26049.87,5780.47,20269.4,10963.37,9306.03,3648.49
3488,20220404,27,107,7,17,F056-9184,10,16,885.72,14171.52,2477.18,11694.34,7778.62,3915.72,2104.98
3489,20220302,46,24,1,17,F428-0833,5,10,2434.33,24343.3,6015.23,18328.07,11655.82,6672.25,3299.05
3490,20231009,26,121,9,11,F785-2600,2,3,1581.88,4745.64,439.45,4306.19,2292.65,2013.54,775.11
3491,20220527,81,143,7,29,F048-3975,2,15,2407.55,36113.25,5265.31,30847.94,15601.87,15246.07,5552.63
3492,20240702,54,130,9,12,F662-0401,2,19,2030.02,38570.38,9214.46,29355.92,19693.07,9662.85,5284.07
3493,20250810,5,28,6,27,F210-2838,1,18,228.92,4120.56,202.73,3917.83,1839.69,2078.14,705.21
3494,20250813,21,176,4,23,F223-9350,7,2,2018.99,4037.98,33.11,4004.87,2511.22,1493.65,720.88
3495,20240919,32,172,4,18,F574-7333,9,2,1561.51,3123.02,144.28,2978.74,1342.25,1636.49,536.17
3496,20221123,22,136,5,10,F976-7370,9,3,1185.94,3557.82,497.74,3060.08,1847.48,1212.6,550.81
3497,20250713,13,64,5,29,F864-2214,1,14,2122.16,29710.24,5740.02,23970.22,13377.04,10593.18,4314.64
3498,20250817,70,48,7,14,F300-7877,5,17,1812.43,30811.31,5385.82,25425.49,12621.18,12804.31,4576.59
3499,20221107,20,66,8,21,F573-3181,3,14,2452.41,34333.74,2633.4,31700.34,20987.43,10712.91,5706.06
3500,20241219,64,167,6,17,F096-9006,8,14,569.15,7968.1,809.56,7158.54,4012.98,3145.56,1288.54
3501,20230310,57,80,7,17,F457-1447,5,10,2403.34,24033.4,1639.08,22394.32,13248.92,9145.4,4030.98
3502,20250405,33,158,6,8,F095-5359,6,20,342.95,6859.0,372.44,6486.56,4205.19,2281.37,1167.58
3503,20251229,56,40,7,26,F813-9558,1,5,1785.13,8925.65,437.36,8488.29,4412.1,4076.19,1527.89
3504,20220227,72,100,7,14,F684-8510,2,13,1075.72,13984.36,938.35,13046.01,8985.93,4060.08,2348.28
3505,20250902,16,38,4,22,F791-2235,5,18,1362.21,24519.78,1115.65,23404.13,11345.77,12058.36,4212.74
3506,20240728,50,120,4,8,F498-9143,5,5,1303.91,6519.55,302.51,6217.04,2879.19,3337.85,1119.07
3507,20251206,7,78,9,11,F508-8216,4,3,1106.42,3319.26,168.95,3150.31,1743.44,1406.87,567.06
3508,20231128,7,84,8,22,F409-6093,8,11,1095.21,12047.31,987.88,11059.43,6041.33,5018.1,1990.7
3509,20250617,65,18,3,30,F406-7848,7,1,177.46,177.46,2.4,175.06,94.21,80.85,31.51
3510,20220421,34,58,3,15,F038-6024,7,20,1824.92,36498.4,2408.89,34089.51,23590.92,10498.59,6136.11
3511,20230529,14,65,3,2,F063-4782,3,14,1820.81,25491.34,2263.63,23227.71,15578.89,7648.82,4180.99
3512,20220429,12,184,2,28,F378-2250,1,17,256.8,4365.6,470.61,3894.99,1996.24,1898.75,701.1
3513,20251208,32,89,1,26,F349-6699,6,19,1504.31,28581.89,663.1,27918.79,19340.82,8577.97,5025.38
3514,20250428,81,82,1,18,F090-4311,4,8,2108.6,16868.8,1334.32,15534.48,10300.21,5234.27,2796.21
3515,20250626,24,109,7,23,F210-3051,8,19,1788.2,33975.8,4253.77,29722.03,20278.81,9443.22,5349.97
3516,20251027,76,53,9,4,F002-6590,1,2,485.39,970.78,189.21,781.57,376.88,404.69,140.68
3517,20220528,65,10,6,5,F130-9882,2,3,186.27,558.81,102.93,455.88,261.11,194.77,82.06
3518,20230817,68,76,10,27,F786-6659,6,15,494.53,7417.95,1669.04,5748.91,3527.41,2221.5,1034.8
3519,20220505,80,181,3,12,F632-7033,2,11,136.45,1500.95,317.9,1183.05,672.29,510.76,212.95
3520,20221123,15,50,1,10,F965-0103,8,7,328.56,2299.92,181.92,2118.0,1472.07,645.93,381.24
3521,20221212,62,20,1,20,F770-2510,3,12,314.54,3774.48,116.63,3657.85,1682.75,1975.1,658.41
3522,20231202,14,52,8,4,F290-7324,4,19,1879.85,35717.15,4068.18,31648.97,16925.49,14723.48,5696.81
3523,20230205,20,73,4,26,F090-2943,7,8,2115.33,16922.64,350.3,16572.34,7980.65,8591.69,2983.02
3524,20220623,55,52,7,3,F927-6781,6,13,1904.41,24757.33,5298.07,19459.26,9610.61,9848.65,3502.67
3525,20221001,44,84,6,11,F154-6898,8,14,278.2,3894.8,742.74,3152.06,1615.86,1536.2,567.37
3526,20220902,18,192,1,5,F466-5146,2,8,507.06,4056.48,410.92,3645.56,2453.14,1192.42,656.2
3527,20251206,1,176,7,18,F500-0683,7,12,65.7,788.4,178.1,610.3,403.63,206.67,109.85
3528,20250118,75,46,2,23,F536-1497,7,15,1704.9,25573.5,6117.18,19456.32,12513.34,6942.98,3502.14
3529,20251201,59,62,6,26,F815-3075,10,20,2469.07,49381.4,2503.64,46877.76,23207.17,23670.59,8438.0
3530,20231030,30,70,9,10,F752-9548,6,8,1013.96,8111.68,34.07,8077.61,5381.79,2695.82,1453.97
3531,20230224,11,114,10,10,F193-2381,2,14,2451.54,34321.56,2838.39,31483.17,20603.37,10879.8,5666.97
3532,20250329,68,68,7,24,F542-5478,6,5,490.15,2450.75,166.41,2284.34,1254.07,1030.27,411.18
3533,20230514,15,199,2,11,F728-4994,9,5,313.71,1568.55,282.65,1285.9,676.57,609.33,231.46
3534,20230331,65,49,5,13,F794-5981,4,11,163.96,1803.56,44.37,1759.19,1058.5,700.69,316.65
3535,20221215,29,124,6,23,F310-3171,8,7,611.11,4277.77,817.05,3460.72,1562.96,1897.76,622.93
3536,20220808,7,198,5,8,F462-7356,1,18,899.5,16191.0,3641.36,12549.64,6022.31,6527.33,2258.94
3537,20230113,82,192,5,15,F063-1824,3,4,419.44,1677.76,329.85,1347.91,610.17,737.74,242.62
3538,20230701,44,58,4,30,F934-9264,8,20,289.51,5790.2,245.5,5544.7,3740.62,1804.08,998.05
3539,20241009,12,117,7,20,F456-6144,1,18,230.7,4152.6,388.27,3764.33,2191.96,1572.37,677.58
3540,20220421,46,177,10,8,F032-1134,1,16,2359.33,37749.28,8984.33,28764.95,14646.79,14118.16,5177.69
3541,20221123,45,197,9,7,F254-1207,8,19,22.93,435.67,9.15,426.52,232.29,194.23,76.77
3542,20250415,76,133,10,23,F837-4223,5,13,438.25,5697.25,409.63,5287.62,3039.81,2247.81,951.77
3543,20220902,6,39,6,19,F208-6040,8,10,75.04,750.4,174.09,576.31,384.7,191.61,103.74
3544,20230610,3,67,7,6,F891-0203,8,13,1667.4,21676.2,4688.56,16987.64,7672.92,9314.72,3057.78
3545,20250715,69,185,3,15,F114-9519,3,11,1484.72,16331.92,1736.08,14595.84,8949.27,5646.57,2627.25
3546,20220913,53,169,7,26,F758-1063,2,5,521.71,2608.55,637.79,1970.76,1295.87,674.89,354.74
3547,20220524,72,156,4,14,F859-0053,10,1,971.51,971.51,179.63,791.88,361.57,430.31,142.54
3548,20231217,84,143,2,21,F479-0803,1,9,366.27,3296.43,695.88,2600.55,1172.52,1428.03,468.1
3549,20230405,26,136,1,12,F952-8584,8,16,1916.27,30660.32,5291.97,25368.35,15644.48,9723.87,4566.3
3550,20240422,60,172,10,15,F138-6320,9,16,1021.25,16340.0,3205.91,13134.09,6188.21,6945.88,2364.14
3551,20250407,17,166,10,30,F411-5013,7,4,2273.37,9093.48,239.16,8854.32,4727.88,4126.44,1593.78
3552,20220819,4,153,6,13,F713-9224,2,15,1545.86,23187.9,1173.31,22014.59,11656.37,10358.22,3962.63
3553,20240521,76,31,4,12,F411-3935,10,5,497.72,2488.6,22.9,2465.7,1642.97,822.73,443.83
3554,20240112,59,91,1,2,F508-5848,2,17,2434.15,41380.55,8094.04,33286.51,20053.55,13232.96,5991.57
3555,20220829,55,107,8,7,F372-8870,2,9,1927.19,17344.71,3812.37,13532.34,8533.76,4998.58,2435.82
3556,20240731,71,131,8,10,F512-7392,10,4,224.18,896.72,109.85,786.87,451.79,335.08,141.64
3557,20230215,31,86,9,10,F222-8799,4,20,2027.79,40555.8,9413.0,31142.8,19204.74,11938.06,5605.7
3558,20231220,48,46,6,5,F792-0592,2,19,1953.46,37115.74,5478.28,31637.46,20182.53,11454.93,5694.74
3559,20220524,79,148,2,5,F391-8043,2,13,993.43,12914.59,2879.95,10034.64,5583.74,4450.9,1806.24
3560,20231122,74,54,6,8,F695-0616,4,14,143.73,2012.22,483.94,1528.28,907.49,620.79,275.09
3561,20230412,81,83,7,17,F136-8448,8,18,2096.49,37736.82,4513.32,33223.5,16750.87,16472.63,5980.23
3562,20250507,48,177,3,2,F140-9802,5,11,1888.37,20772.07,4378.75,16393.32,8106.23,8287.09,2950.8
3563,20220412,71,48,9,6,F413-9682,10,9,266.42,2397.78,287.73,2110.05,1014.88,1095.17,379.81
3564,20231003,26,43,3,5,F593-3622,2,12,1658.95,19907.4,609.17,19298.23,9797.51,9500.72,3473.68
3565,20231120,57,3,4,19,F667-4537,8,17,2318.09,39407.53,4252.07,35155.46,23779.73,11375.73,6327.98
3566,20241208,48,178,8,24,F495-9217,2,2,2142.99,4285.98,339.02,3946.96,2728.77,1218.19,710.45
3567,20240510,59,55,5,21,F327-3382,6,3,2194.73,6584.19,1505.8,5078.39,3135.04,1943.35,914.11
3568,20241001,32,91,1,28,F602-2306,8,3,1562.54,4687.62,80.63,4606.99,2453.71,2153.28,829.26
3569,20250221,21,49,7,19,F719-6114,8,9,1864.73,16782.57,2163.27,14619.3,9257.94,5361.36,2631.47
3570,20250711,83,51,4,19,F103-6668,9,14,502.72,7038.08,327.97,6710.11,4045.88,2664.23,1207.82
3571,20230424,49,138,6,11,F017-6550,10,15,523.54,7853.1,1916.94,5936.16,3868.28,2067.88,1068.51
3572,20240312,35,28,1,26,F735-1106,1,19,1675.9,31842.1,5120.21,26721.89,13845.85,12876.04,4809.94
3573,20250605,39,67,10,7,F358-4562,10,16,1743.7,27899.2,5437.55,22461.65,13437.71,9023.94,4043.1
3574,20251221,20,19,9,18,F899-6811,10,1,2150.31,2150.31,57.41,2092.9,1216.27,876.63,376.72
3575,20250822,80,161,10,8,F379-7345,6,7,137.66,963.62,231.08,732.54,469.31,263.23,131.86
3576,20230727,27,23,6,23,F512-0616,4,17,915.55,15564.35,3453.73,12110.62,5684.62,6426.0,2179.91
3577,20221105,39,106,5,27,F956-2644,7,13,1867.52,24277.76,322.89,23954.87,11333.7,12621.17,4311.88
3578,20231222,24,42,1,30,F183-2023,4,11,1601.37,17615.07,4000.38,13614.69,7092.68,6522.01,2450.64
3579,20241223,44,37,4,19,F292-0065,8,13,289.82,3767.66,586.62,3181.04,1984.78,1196.26,572.59
3580,20231225,11,99,7,30,F064-5580,5,8,2394.03,19152.24,3190.76,15961.48,8096.76,7864.72,2873.07
3581,20231216,61,64,10,17,F874-1262,1,2,1089.37,2178.74,227.24,1951.5,1266.58,684.92,351.27
3582,20250602,57,35,2,9,F648-1400,3,12,2286.51,27438.12,743.57,26694.55,13279.78,13414.77,4805.02
3583,20230711,1,87,7,3,F393-8432,1,6,79.66,477.96,34.8,443.16,211.24,231.92,79.77
3584,20250707,78,188,6,9,F125-3142,4,9,1068.53,9616.77,1597.35,8019.42,3780.94,4238.48,1443.5
3585,20230916,26,133,6,20,F820-1104,6,12,1711.7,20540.4,3752.73,16787.67,7606.21,9181.46,3021.78
3586,20230517,56,157,2,22,F383-7757,9,11,1897.63,20873.93,2880.6,17993.33,10072.87,7920.46,3238.8
3587,20231115,22,152,3,6,F088-9583,2,11,1099.66,12096.26,537.07,11559.19,7522.13,4037.06,2080.65
3588,20250124,83,156,5,17,F116-4755,2,10,539.12,5391.2,215.65,5175.55,3083.2,2092.35,931.6
3589,20220803,37,93,7,29,F592-9521,4,3,1090.75,3272.25,177.03,3095.22,1789.99,1305.23,557.14
3590,20221106,75,31,3,27,F728-0501,2,6,1752.31,10513.86,1082.93,9430.93,4606.62,4824.31,1697.57
3591,20251112,58,130,5,23,F315-7141,10,2,1207.43,2414.86,91.76,2323.1,1405.06,918.04,418.16
3592,20221011,65,77,9,3,F708-8888,3,17,182.37,3100.29,303.21,2797.08,1513.21,1283.87,503.47
3593,20240429,60,118,6,20,F975-1668,7,20,893.09,17861.8,557.29,17304.51,10651.25,6653.26,3114.81
3594,20240518,40,81,4,26,F154-1863,9,19,1011.28,19214.32,593.72,18620.6,12610.14,6010.46,3351.71
3595,20231222,84,81,3,7,F105-5887,7,4,362.66,1450.64,35.69,1414.95,658.53,756.42,254.69
3596,20240829,69,184,1,24,F129-2418,5,8,1451.95,11615.6,842.13,10773.47,6310.95,4462.52,1939.22
3597,20221212,51,63,3,1,F143-5131,4,13,2032.86,26427.18,3150.12,23277.06,10949.95,12327.11,4189.87
3598,20240405,33,115,8,13,F031-5095,3,18,326.3,5873.4,622.58,5250.82,3412.82,1838.0,945.15
3599,20230728,80,170,10,25,F549-8086,7,7,145.46,1018.22,165.97,852.25,518.7,333.55,153.41
3600,20240923,51,128,8,28,F138-1230,1,10,2370.96,23709.6,308.22,23401.38,13684.43,9716.95,4212.25
3601,20220825,58,14,1,8,F853-3583,1,6,1299.82,7798.92,1547.31,6251.61,4130.5,2121.11,1125.29
3602,20240505,48,194,10,23,F884-8079,3,1,2150.57,2150.57,369.9,1780.67,1163.84,616.83,320.52
3603,20221024,37,89,5,29,F067-7158,9,5,1293.54,6467.7,557.52,5910.18,2929.75,2980.43,1063.83
3604,20230224,76,112,4,19,F565-5228,3,19,483.33,9183.27,408.66,8774.61,6138.04,2636.57,1579.43
3605,20221202,29,131,10,7,F930-6248,4,4,561.46,2245.84,451.86,1793.98,883.2,910.78,322.92
3606,20221021,81,6,8,29,F756-0651,5,15,2140.16,32102.4,4407.66,27694.74,15415.44,12279.3,4985.05
3607,20250513,24,198,4,3,F534-9865,6,8,1724.09,13792.72,1215.14,12577.58,8534.16,4043.42,2263.96
3608,20230309,75,152,3,22,F083-3133,6,3,1798.12,5394.36,978.54,4415.82,2739.68,1676.14,794.85
3609,20251013,32,121,1,16,F491-6144,1,15,1499.93,22498.95,4049.81,18449.14,9898.8,8550.34,3320.85
3610,20251203,72,157,10,26,F935-6546,4,10,995.45,9954.5,1409.56,8544.94,5252.2,3292.74,1538.09
3611,20240505,45,33,2,8,F560-0189,6,17,21.7,368.9,38.37,330.53,227.92,102.61,59.5
3612,20220827,75,72,6,9,F767-2807,3,20,1847.48,36949.6,7216.26,29733.34,15291.89,14441.45,5352.0
3613,20230801,48,49,1,24,F336-1103,6,11,2036.06,22396.66,564.4,21832.26,14284.47,7547.79,3929.81
3614,20250328,38,29,2,1,F611-6730,8,14,1873.1,26223.4,1363.62,24859.78,15467.53,9392.25,4474.76
3615,20230720,40,110,4,13,F775-5825,10,8,892.03,7136.24,1743.38,5392.86,3514.37,1878.49,970.71
3616,20220531,2,126,4,16,F905-2333,3,11,591.64,6508.04,1194.23,5313.81,2725.73,2588.08,956.49
3617,20240411,31,129,8,28,F984-0648,4,14,1978.24,27695.36,5996.05,21699.31,12405.85,9293.46,3905.88
3618,20250613,23,113,2,29,F812-8624,10,18,374.47,6740.46,188.73,6551.73,3793.38,2758.35,1179.31
3619,20250325,84,173,8,24,F699-5246,3,8,422.04,3376.32,298.13,3078.19,2047.55,1030.64,554.07
3620,20221011,16,149,7,8,F776-8160,4,6,1198.38,7190.28,793.09,6397.19,3385.99,3011.2,1151.49
3621,20241008,10,27,1,18,F516-6599,3,20,746.53,14930.6,3139.91,11790.69,5912.57,5878.12,2122.32
3622,20221203,31,149,5,22,F851-0432,1,14,1887.47,26424.58,4835.7,21588.88,11519.44,10069.44,3886.0
3623,20221201,31,63,7,10,F561-6099,2,18,2220.85,39975.3,955.41,39019.89,25374.31,13645.58,7023.58
3624,20250731,5,20,5,1,F558-1430,8,5,256.14,1280.7,21.64,1259.06,614.76,644.3,226.63
3625,20221231,6,163,9,16,F546-7301,4,9,70.98,638.82,155.3,483.52,225.16,258.36,87.03
3626,20230126,24,3,4,22,F132-0338,5,10,1762.36,17623.6,2502.55,15121.05,8974.13,6146.92,2721.79
3627,20220102,25,79,5,5,F107-0711,7,16,1496.35,23941.6,1532.26,22409.34,14141.62,8267.72,4033.68
3628,20250725,47,102,1,3,F013-4789,2,2,1102.04,2204.08,443.46,1760.62,921.79,838.83,316.91
3629,20250319,26,117,10,10,F137-0776,8,11,1597.41,17571.51,1609.55,15961.96,11013.92,4948.04,2873.15
3630,20240804,19,92,7,25,F882-7607,3,5,1636.56,8182.8,1389.44,6793.36,4070.57,2722.79,1222.8
3631,20250101,11,154,9,19,F568-8140,9,3,2268.78,6806.34,1209.49,5596.85,3638.98,1957.87,1007.43
3632,20220909,59,17,4,17,F492-7614,2,16,2286.58,36585.28,6728.03,29857.25,20286.69,9570.56,5374.3
3633,20231120,17,147,4,20,F468-2634,1,20,2233.0,44660.0,5997.84,38662.16,22550.01,16112.15,6959.19
3634,20230624,36,151,5,11,F350-8214,7,8,958.48,7667.84,74.38,7593.46,4102.83,3490.63,1366.82
3635,20220611,66,186,4,9,F117-8824,9,3,590.75,1772.25,285.86,1486.39,962.57,523.82,267.55
3636,20231219,4,187,1,8,F642-1753,6,19,1407.85,26749.15,4394.89,22354.26,14412.12,7942.14,4023.77
3637,20251005,63,146,2,25,F553-5330,4,17,864.52,14696.84,1218.37,13478.47,6714.66,6763.81,2426.12
3638,20220316,51,79,10,7,F786-3860,10,2,2283.81,4567.62,412.91,4154.71,2159.34,1995.37,747.85
3639,20230318,24,106,4,17,F322-6890,8,19,1652.8,31403.2,2483.99,28919.21,13238.47,15680.74,5205.46
3640,20221119,2,20,6,7,F470-9158,5,2,500.21,1000.42,184.78,815.64,563.51,252.13,146.82
3641,20221220,24,185,6,25,F225-5237,5,12,1514.58,18174.96,1632.11,16542.85,10127.87,6414.98,2977.71
3642,20250918,37,133,10,22,F424-7472,8,2,1329.08,2658.16,299.04,2359.12,1615.45,743.67,424.64
3643,20231201,65,43,3,26,F109-0513,1,18,196.19,3531.42,858.14,2673.28,1595.83,1077.45,481.19
3644,20231129,59,194,10,10,F507-1115,2,1,2425.73,2425.73,561.31,1864.42,849.09,1015.33,335.6
3645,20250120,23,126,9,23,F016-4580,2,4,381.06,1524.24,262.17,1262.07,683.75,578.32,227.17
3646,20220913,3,21,9,14,F264-4480,3,10,1765.33,17653.3,2436.16,15217.14,8403.11,6814.03,2739.09
3647,20231220,56,128,1,23,F265-9224,9,10,1678.75,16787.5,1262.42,15525.08,10662.69,4862.39,2794.51
3648,20231017,54,129,8,15,F798-0226,4,4,2235.56,8942.24,1800.07,7142.17,4963.2,2178.97,1285.59
3649,20240616,32,169,5,8,F805-0478,8,15,1448.83,21732.45,4218.27,17514.18,10915.44,6598.74,3152.55
3650,20251231,32,145,10,28,F495-4201,10,13,1441.46,18738.98,3090.06,15648.92,10064.91,5584.01,2816.81
3651,20250206,8,132,2,26,F476-7247,10,2,706.97,1413.94,92.19,1321.75,912.17,409.58,237.91
3652,20230903,77,67,7,27,F588-2636,5,17,372.68,6335.56,1478.72,4856.84,2881.83,1975.01,874.23
3653,20250516,60,175,4,2,F096-8383,7,17,860.02,14620.34,443.0,14177.34,9672.81,4504.53,2551.92
3654,20221005,37,92,7,27,F381-1588,9,8,1151.79,9214.32,192.58,9021.74,4655.87,4365.87,1623.91
3655,20220228,16,122,1,1,F252-4444,4,12,1224.85,14698.2,2185.62,12512.58,8438.29,4074.29,2252.26
3656,20221116,59,175,8,10,F030-5417,4,5,2180.33,10901.65,964.8,9936.85,5418.89,4517.96,1788.63
3657,20230606,49,53,2,3,F842-5515,5,3,446.96,1340.88,293.38,1047.5,647.29,400.21,188.55
3658,20240121,14,7,3,1,F389-0190,8,4,1975.04,7900.16,1169.22,6730.94,4577.3,2153.64,1211.57
3659,20240716,14,9,6,28,F132-2893,2,13,1817.77,23631.01,3837.68,19793.33,9915.98,9877.35,3562.8
3660,20250921,40,63,6,27,F205-9184,5,14,876.91,12276.74,2406.24,9870.5,5521.9,4348.6,1776.69
3661,20240120,18,28,6,22,F783-9354,10,14,450.06,6300.84,189.03,6111.81,4022.36,2089.45,1100.13
3662,20240103,40,137,5,28,F847-5398,6,5,877.95,4389.75,453.46,3936.29,2461.93,1474.36,708.53
3663,20220401,27,136,3,24,F657-6042,1,11,898.29,9881.19,1322.1,8559.09,4181.59,4377.5,1540.64
3664,20220307,69,80,1,6,F819-3138,3,20,1260.67,25213.4,3658.46,21554.94,14291.46,7263.48,3879.89
3665,20240402,25,131,1,23,F212-5461,3,12,1405.58,16866.96,2501.37,14365.59,9429.13,4936.46,2585.81
3666,20231028,66,81,1,28,F510-8331,2,11,556.81,6124.91,42.87,6082.04,3962.24,2119.8,1094.77
3667,20250604,75,76,3,12,F186-4596,8,15,1978.86,29682.9,5998.91,23683.99,12793.57,10890.42,4263.12
3668,20220922,64,145,7,9,F814-9623,4,9,556.17,5005.53,356.89,4648.64,3149.16,1499.48,836.76
3669,20220217,5,3,7,19,F545-8373,3,10,225.83,2258.3,455.5,1802.8,833.26,969.54,324.5
3670,20231110,50,118,6,26,F374-3407,8,14,1232.74,17258.36,543.64,16714.72,10621.02,6093.7,3008.65
3671,20221220,60,75,7,1,F597-1650,3,18,975.04,17550.72,1542.71,16008.01,9811.26,6196.75,2881.44
3672,20220331,16,93,5,26,F363-3246,10,9,1184.94,10664.46,65.05,10599.41,5186.19,5413.22,1907.89
3673,20241207,56,158,4,5,F863-4144,8,14,1647.08,23059.12,348.19,22710.93,14954.36,7756.57,4087.97
3674,20220711,4,172,2,23,F489-4861,4,5,1390.57,6952.85,690.42,6262.43,3031.13,3231.3,1127.24
3675,20240705,16,167,4,24,F697-9577,5,2,1368.97,2737.94,148.94,2589.0,1405.65,1183.35,466.02
3676,20230301,32,69,3,15,F571-9392,6,20,1618.78,32375.6,4114.94,28260.66,16470.06,11790.6,5086.92
3677,20221009,20,128,10,30,F271-9338,7,8,2431.59,19452.72,2077.55,17375.17,11234.6,6140.57,3127.53
3678,20230808,34,91,10,12,F863-7478,9,10,1711.82,17118.2,2586.56,14531.64,9258.31,5273.33,2615.7
3679,20250403,15,74,3,15,F747-1745,9,7,287.68,2013.76,365.3,1648.46,944.98,703.48,296.72
3680,20230826,30,7,3,7,F615-3419,7,5,886.97,4434.85,1032.88,3401.97,1768.9,1633.07,612.35
3681,20250102,17,70,1,25,F683-4535,1,4,2093.86,8375.44,966.53,7408.91,5034.58,2374.33,1333.6
3682,20220802,36,21,3,18,F387-3792,9,13,1003.16,13041.08,1096.75,11944.33,6469.6,5474.73,2149.98
3683,20250213,11,182,3,18,F736-9882,3,1,2492.77,2492.77,218.37,2274.4,1556.67,717.73,409.39
3684,20221219,5,92,3,26,F970-8617,3,10,234.29,2342.9,397.82,1945.08,1039.89,905.19,350.11
3685,20241014,57,47,4,20,F216-5216,5,14,2382.05,33348.7,4088.55,29260.15,18979.52,10280.63,5266.83
3686,20240426,28,117,4,24,F807-2183,8,8,578.76,4630.08,949.17,3680.91,2571.83,1109.08,662.56
3687,20251016,67,48,2,27,F982-5648,2,20,1347.85,26957.0,2819.7,24137.3,15364.49,8772.81,4344.71
3688,20230819,6,43,2,9,F199-4119,9,13,68.99,896.87,0.36,896.51,502.27,394.24,161.37
3689,20220427,50,88,4,28,F509-1119,6,19,1411.31,26814.89,4467.36,22347.53,12194.25,10153.28,4022.56
3690,20220206,46,2,9,19,F573-3188,2,4,2297.16,9188.64,2227.33,6961.31,3752.31,3209.0,1253.04
3691,20250515,72,93,1,16,F638-3434,4,1,975.05,975.05,162.15,812.9,481.31,331.59,146.32
3692,20240217,60,122,4,29,F970-4509,2,8,945.97,7567.76,199.79,7367.97,3555.37,3812.6,1326.23
3693,20250217,40,176,8,22,F935-6114,10,2,925.93,1851.86,413.71,1438.15,923.0,515.15,258.87
3694,20221217,82,184,1,1,F623-0964,8,1,435.09,435.09,57.17,377.92,208.99,168.93,68.03
3695,20230614,20,41,2,17,F599-4576,6,18,2178.93,39220.74,6424.36,32796.38,18674.17,14122.21,5903.35
3696,20220227,24,34,4,7,F078-5372,10,11,1581.47,17396.17,2480.69,14915.48,9592.24,5323.24,2684.79
3697,20251124,80,93,8,26,F636-0485,4,15,134.13,2011.95,475.83,1536.12,735.41,800.71,276.5
3698,20241001,22,112,1,29,F620-4637,2,18,1015.36,18276.48,2401.53,15874.95,7368.7,8506.25,2857.49
3699,20251021,60,32,4,30,F025-0772,8,6,923.21,5539.26,1322.22,4217.04,2671.75,1545.29,759.07
3700,20230130,66,180,8,11,F349-8868,6,14,569.35,7970.9,983.61,6987.29,3754.88,3232.41,1257.71
3701,20240710,1,12,5,20,F849-7172,3,19,74.65,1418.35,267.08,1151.27,605.47,545.8,207.23
3702,20241015,32,115,3,17,F440-5557,2,20,1525.69,30513.8,2221.4,28292.4,15513.76,12778.64,5092.63
3703,20230430,70,79,4,21,F567-4431,6,10,2086.84,20868.4,4002.56,16865.84,8156.04,8709.8,3035.85
3704,20250618,6,125,7,9,F679-3169,5,9,79.84,718.56,162.9,555.66,270.36,285.3,100.02
3705,20251107,78,184,7,15,F263-0550,8,19,1192.54,22658.26,5123.03,17535.23,8358.25,9176.98,3156.34
3706,20250815,72,145,9,24,F854-5897,9,18,1066.53,19197.54,3225.19,15972.35,9962.66,6009.69,2875.02
3707,20241221,41,14,7,21,F831-7156,8,20,1249.13,24982.6,469.67,24512.93,15635.81,8877.12,4412.33
3708,20230222,83,115,10,8,F669-9488,8,14,480.76,6730.64,487.3,6243.34,2952.55,3290.79,1123.8
3709,20230302,69,19,3,9,F589-3486,2,11,1406.71,15473.81,838.68,14635.13,8315.35,6319.78,2634.32
3710,20251126,56,38,5,8,F959-7186,9,12,1914.47,22973.64,3880.25,19093.39,11444.75,7648.64,3436.81
3711,20220120,2,151,4,13,F353-1119,9,1,515.04,515.04,37.7,477.34,272.38,204.96,85.92
3712,20241129,58,179,10,5,F776-0823,4,19,1226.34,23300.46,1039.2,22261.26,12422.39,9838.87,4007.03
3713,20241117,21,31,3,12,F399-7927,3,7,2046.63,14326.41,3452.66,10873.75,7003.55,3870.2,1957.27
3714,20240728,10,88,8,22,F519-9439,6,8,758.0,6064.0,7.28,6056.72,3562.21,2494.51,1090.21
3715,20251222,76,88,7,13,F021-0114,10,8,428.74,3429.92,121.76,3308.16,1740.87,1567.29,595.47
3716,20230420,70,126,9,7,F418-9925,1,1,2035.57,2035.57,445.59,1589.98,848.11,741.87,286.2
3717,20230605,27,63,7,11,F670-3098,3,9,820.16,7381.44,135.08,7246.36,4909.8,2336.56,1304.34
3718,20220518,76,158,10,28,F455-7229,1,14,468.08,6553.12,1199.88,5353.24,3126.43,2226.81,963.58
3719,20231102,64,97,2,27,F285-3926,4,14,592.86,8300.04,91.3,8208.74,4717.4,3491.34,1477.57
3720,20230122,57,21,8,10,F914-4649,4,2,2027.6,4055.2,794.82,3260.38,2064.84,1195.54,586.87
3721,20230611,50,98,4,17,F933-7511,7,3,1303.81,3911.43,645.78,3265.65,1989.54,1276.11,587.82
3722,20250527,24,78,1,24,F333-4178,6,12,1802.99,21635.88,4824.8,16811.08,10540.01,6271.07,3025.99
3723,20251024,65,139,8,10,F069-4491,3,4,179.44,717.76,93.95,623.81,326.01,297.8,112.29
3724,20221024,63,186,10,17,F513-7703,3,8,813.39,6507.12,1020.97,5486.15,2812.6,2673.55,987.51
3725,20230729,54,163,3,5,F210-3585,10,9,2111.1,18999.9,3258.48,15741.42,7760.62,7980.8,2833.46
3726,20251015,75,41,2,11,F577-0391,1,17,2038.34,34651.78,7772.39,26879.39,17587.1,9292.29,4838.29
3727,20220420,60,170,1,10,F736-4475,9,4,996.17,3984.68,210.79,3773.89,2613.27,1160.62,679.3
3728,20220609,34,124,2,12,F850-4357,2,12,1930.87,23170.44,2432.9,20737.54,14120.51,6617.03,3732.76
3729,20220925,60,107,9,19,F858-3780,10,13,986.35,12822.55,1251.48,11571.07,6065.27,5505.8,2082.79
3730,20240613,11,95,8,21,F411-8054,8,13,2461.62,32001.06,5484.98,26516.08,16828.35,9687.73,4772.89
3731,20220907,52,65,8,13,F048-9211,6,16,1273.98,20383.68,3667.02,16716.66,9130.92,7585.74,3009.0
3732,20251201,17,112,5,11,F902-5254,3,11,1886.78,20754.58,4410.35,16344.23,7925.64,8418.59,2941.96
3733,20231107,10,133,8,17,F138-9721,9,2,815.95,1631.9,117.33,1514.57,917.53,597.04,272.62
3734,20240104,65,71,3,6,F006-7064,2,5,181.38,906.9,106.11,800.79,420.23,380.56,144.14
3735,20221228,71,153,9,15,F803-3804,9,2,236.01,472.02,48.85,423.17,254.68,168.49,76.17
3736,20231204,56,123,3,10,F425-7075,4,9,1931.57,17384.13,151.24,17232.89,9391.51,7841.38,3101.92
3737,20240923,75,64,1,7,F092-8913,4,6,1718.8,10312.8,2062.56,8250.24,3893.54,4356.7,1485.04
3738,20250102,73,21,2,30,F115-8329,5,8,1712.2,13697.6,828.7,12868.9,5854.76,7014.14,2316.4
3739,20250108,3,134,8,11,F381-2187,5,9,1578.0,14202.0,1780.93,12421.07,6593.67,5827.4,2235.79
3740,20240516,46,50,7,20,F469-4145,6,13,2140.21,27822.73,726.17,27096.56,12700.29,14396.27,4877.38
3741,20250912,59,116,10,29,F560-3273,9,17,2390.95,40646.15,2146.12,38500.03,18026.27,20473.76,6930.01
3742,20250429,59,102,7,30,F633-7079,4,3,2393.41,7180.23,1178.99,6001.24,3192.93,2808.31,1080.22
3743,20250114,27,182,9,14,F681-4102,2,18,969.04,17442.72,3104.8,14337.92,8513.74,5824.18,2580.83
3744,20220410,60,12,2,20,F630-9555,2,5,987.04,4935.2,403.7,4531.5,2812.38,1719.12,815.67
3745,20220114,56,121,7,23,F972-2755,10,14,1679.84,23517.76,5493.75,18024.01,9491.98,8532.03,3244.32
3746,20221125,26,93,2,16,F990-9665,8,18,1696.56,30538.08,2168.2,28369.88,15827.66,12542.22,5106.58
3747,20240925,25,13,2,27,F899-0065,3,19,1432.11,27210.09,4944.07,22266.02,13394.14,8871.88,4007.88
3748,20230923,84,15,10,11,F877-2085,1,16,444.31,7108.96,1445.25,5663.71,3407.74,2255.97,1019.47
3749,20230910,25,32,6,21,F078-9374,1,15,1464.49,21967.35,872.1,21095.25,14318.97,6776.28,3797.14
3750,20250815,82,79,5,14,F706-2997,3,12,387.51,4650.12,850.04,3800.08,2073.6,1726.48,684.01
3751,20250831,5,61,10,7,F695-5781,1,11,215.31,2368.41,251.76,2116.65,1067.36,1049.29,381.0
3752,20250919,67,83,4,22,F552-1497,5,7,1139.02,7973.14,1458.29,6514.85,3555.9,2958.95,1172.67
3753,20230424,2,153,9,27,F291-1074,5,16,511.0,8176.0,641.82,7534.18,5169.2,2364.98,1356.15
3754,20241031,21,89,1,16,F287-6047,1,10,1869.56,18695.6,2473.43,16222.17,8069.01,8153.16,2919.99
3755,20230211,77,150,10,20,F811-7629,1,8,324.28,2594.24,610.68,1983.56,1148.23,835.33,357.04
3756,20221031,18,23,1,30,F635-0198,8,1,445.03,445.03,33.64,411.39,266.14,145.25,74.05
3757,20221023,62,180,4,30,F133-8012,8,18,274.42,4939.56,214.87,4724.69,2926.57,1798.12,850.44
3758,20230609,81,113,7,3,F449-2086,8,16,2371.14,37938.24,4135.27,33802.97,18111.19,15691.78,6084.53
3759,20231017,46,28,5,15,F961-1595,3,8,2296.88,18375.04,1550.85,16824.19,8874.7,7949.49,3028.35
3760,20250521,50,149,4,26,F791-9456,3,4,1262.19,5048.76,428.64,4620.12,2868.33,1751.79,831.62
3761,20220724,78,18,6,2,F957-1610,4,15,1051.95,15779.25,2792.93,12986.32,8545.87,4440.45,2337.54
3762,20241217,33,112,3,16,F634-8841,10,8,376.0,3008.0,478.57,2529.43,1498.3,1031.13,455.3
3763,20240301,83,115,8,7,F221-9257,2,17,560.94,9535.98,431.03,9104.95,4752.83,4352.12,1638.89
3764,20230312,17,29,10,4,F152-7236,6,20,2150.23,43004.6,9293.29,33711.31,17033.04,16678.27,6068.04
3765,20231225,77,23,5,26,F186-1381,2,12,326.46,3917.52,308.7,3608.82,2226.6,1382.22,649.59
3766,20230401,54,181,7,28,F670-5329,10,6,2458.36,14750.16,3625.59,11124.57,5099.49,6025.08,2002.42
3767,20240615,12,65,4,13,F274-4754,5,9,210.9,1898.1,395.75,1502.35,747.27,755.08,270.42
3768,20231022,27,24,5,5,F161-0123,1,19,972.07,18469.33,3732.65,14736.68,8172.97,6563.71,2652.6
3769,20220927,60,102,9,8,F327-2576,8,6,982.19,5893.14,1355.42,4537.72,3128.35,1409.37,816.79
3770,20220719,66,140,6,22,F494-1744,1,17,501.82,8530.94,1924.58,6606.36,4492.46,2113.9,1189.14
3771,20240326,78,11,1,2,F603-0711,1,7,1203.3,8423.1,1137.96,7285.14,3956.07,3329.07,1311.33
3772,20250910,55,109,8,30,F457-5419,5,5,1822.89,9114.45,779.29,8335.16,5273.83,3061.33,1500.33
3773,20230612,52,169,5,15,F670-0456,4,14,1135.69,15899.66,478.58,15421.08,7578.3,7842.78,2775.79
3774,20241215,38,183,5,27,F388-5796,7,14,1949.79,27297.06,4351.15,22945.91,11588.94,11356.97,4130.26
3775,20240918,68,189,4,11,F124-7628,6,3,496.48,1489.44,124.37,1365.07,869.74,495.33,245.71
3776,20251019,64,28,8,13,F583-6335,6,3,522.76,1568.28,320.56,1247.72,722.02,525.7,224.59
3777,20250505,73,4,1,26,F951-3747,4,19,1556.94,29581.86,3020.31,26561.55,17192.42,9369.13,4781.08
3778,20240428,58,189,5,17,F263-2289,2,5,1324.67,6623.35,302.02,6321.33,4176.83,2144.5,1137.84
3779,20240916,2,24,5,11,F362-7864,10,6,548.48,3290.88,798.7,2492.18,1201.16,1291.02,448.59
3780,20250904,82,125,7,14,F047-4474,2,7,395.58,2769.06,313.73,2455.33,1184.98,1270.35,441.96
3781,20230906,37,159,8,2,F559-1270,4,14,1125.87,15762.18,1208.96,14553.22,6757.85,7795.37,2619.58
3782,20230515,63,159,4,12,F654-2435,5,19,753.42,14314.98,2002.67,12312.31,5915.63,6396.68,2216.22
3783,20220121,25,23,5,19,F404-2181,9,6,1484.7,8908.2,1352.26,7555.94,4097.74,3458.2,1360.07
3784,20250514,34,85,4,20,F056-8942,8,14,1595.9,22342.6,3780.37,18562.23,11451.11,7111.12,3341.2
3785,20250402,69,176,10,1,F052-7182,9,10,1500.09,15000.9,2818.67,12182.23,6708.98,5473.25,2192.8
3786,20220629,20,156,5,23,F576-3637,7,13,2246.86,29209.18,3145.83,26063.35,14283.58,11779.77,4691.4
3787,20240514,1,105,9,6,F900-5833,1,19,76.07,1445.33,228.94,1216.39,611.35,605.04,218.95
3788,20231127,68,110,3,19,F489-3021,7,19,501.07,9520.33,430.32,9090.01,5879.26,3210.75,1636.2
3789,20220722,49,37,6,15,F753-2603,8,5,490.5,2452.5,129.25,2323.25,1575.8,747.45,418.19
3790,20251213,32,139,10,23,F170-7760,1,10,1604.98,16049.8,2880.94,13168.86,8829.62,4339.24,2370.39
3791,20221127,35,65,5,29,F899-7053,7,7,1765.61,12359.27,2412.53,9946.74,6166.82,3779.92,1790.41
3792,20220429,51,154,7,3,F560-0790,7,12,2001.25,24015.0,600.38,23414.62,16135.1,7279.52,4214.63
3793,20240613,66,190,9,23,F535-7715,10,17,542.56,9223.52,1876.06,7347.46,4015.6,3331.86,1322.54
3794,20241221,22,5,4,22,F958-5902,2,9,1032.53,9292.77,1403.21,7889.56,5493.07,2396.49,1420.12
3795,20220303,67,23,4,22,F307-4475,1,20,1346.22,26924.4,4760.23,22164.17,12284.98,9879.19,3989.55
3796,20240918,72,26,9,8,F558-0454,2,8,1083.24,8665.92,1507.0,7158.92,3642.7,3516.22,1288.61
3797,20240302,51,18,3,21,F853-3334,8,7,2219.03,15533.21,1040.73,14492.48,8046.33,6446.15,2608.65
3798,20220627,64,1,2,25,F690-2585,3,8,569.52,4556.16,719.42,3836.74,2311.56,1525.18,690.61
3799,20221008,4,47,1,1,F643-2512,4,7,1282.78,8979.46,215.51,8763.95,5618.53,3145.42,1577.51
3800,20240430,75,63,7,21,F779-3553,2,5,1743.65,8718.25,471.66,8246.59,5624.55,2622.04,1484.39
3801,20230326,38,125,1,6,F251-2003,9,19,2162.61,41089.59,5682.69,35406.9,16637.26,18769.64,6373.24
3802,20251028,77,47,10,12,F619-0298,4,16,375.35,6005.6,281.06,5724.54,3769.24,1955.3,1030.42
3803,20250501,13,148,1,1,F716-0094,2,15,2084.15,31262.25,3798.36,27463.89,14557.24,12906.65,4943.5
3804,20251216,84,88,4,27,F776-2854,5,3,409.86,1229.58,292.39,937.19,509.88,427.31,168.69
3805,20230119,40,131,8,4,F382-1192,6,9,928.34,8355.06,2070.38,6284.68,4060.15,2224.53,1131.24
3806,20251203,37,120,1,29,F733-9052,8,10,1273.17,12731.7,1385.21,11346.49,5432.89,5913.6,2042.37
3807,20231019,2,9,5,2,F048-3890,9,5,499.42,2497.1,332.86,2164.24,1074.75,1089.49,389.56
3808,20230618,2,161,10,21,F117-2929,4,18,582.33,10481.94,2445.44,8036.5,4022.48,4014.02,1446.57
3809,20220401,22,182,4,6,F272-1247,9,1,996.32,996.32,6.28,990.04,658.65,331.39,178.21
3810,20220405,30,42,6,5,F672-0704,3,12,888.2,10658.4,497.75,10160.65,5717.57,4443.08,1828.92
3811,20241101,12,186,5,6,F542-3525,3,4,219.46,877.84,95.86,781.98,462.15,319.83,140.76
3812,20231120,50,103,8,17,F114-1851,7,1,1285.99,1285.99,32.66,1253.33,801.33,452.0,225.6
3813,20221209,60,154,1,6,F328-1571,6,18,1015.49,18278.82,1880.89,16397.93,7935.37,8462.56,2951.63
3814,20240714,25,60,1,6,F176-0669,10,9,1454.46,13090.14,2467.49,10622.65,5928.26,4694.39,1912.08
3815,20230106,74,87,4,21,F878-0380,5,16,150.68,2410.88,413.22,1997.66,1363.94,633.72,359.58
3816,20240516,2,200,2,2,F681-5616,1,7,525.36,3677.52,71.34,3606.18,2093.3,1512.88,649.11
3817,20230707,58,82,3,18,F299-6765,8,11,1212.83,13341.13,9.34,13331.79,6864.06,6467.73,2399.72
3818,20250509,58,157,8,2,F752-0114,9,16,1143.85,18301.6,2307.83,15993.77,8941.17,7052.6,2878.88
3819,20250504,84,169,5,27,F042-5567,9,1,422.09,422.09,68.63,353.46,193.76,159.7,63.62
3820,20231210,30,114,3,15,F657-9748,8,1,925.26,925.26,19.52,905.74,612.0,293.74,163.03
3821,20230623,32,31,9,30,F242-2138,1,5,1702.9,8514.5,1167.34,7347.16,4343.47,3003.69,1322.49
3822,20230712,47,8,7,29,F201-6281,9,6,1112.66,6675.96,105.48,6570.48,3274.2,3296.28,1182.69
3823,20250410,4,46,5,2,F411-5158,2,20,1281.66,25633.2,3821.91,21811.29,11799.24,10012.05,3926.03
3824,20230517,9,20,2,15,F051-6437,5,9,1871.91,16847.19,3605.3,13241.89,7530.06,5711.83,2383.54
3825,20221121,70,143,7,7,F646-1468,3,15,1860.56,27908.4,3954.62,23953.78,16242.81,7710.97,4311.68
3826,20220528,33,79,5,18,F702-1315,4,15,375.92,5638.8,1040.92,4597.88,2763.52,1834.36,827.62
3827,20231130,70,32,2,25,F972-4496,6,17,2115.7,35966.9,1082.6,34884.3,16242.49,18641.81,6279.17
3828,20231215,53,19,10,28,F347-2118,5,13,579.52,7533.76,875.42,6658.34,3688.87,2969.47,1198.5
3829,20250607,73,40,2,15,F433-5021,6,1,1569.83,1569.83,37.83,1532.0,704.34,827.66,275.76
3830,20221204,10,11,3,29,F157-3370,9,16,891.84,14269.44,3103.6,11165.84,6327.41,4838.43,2009.85
3831,20230810,1,130,3,15,F472-2228,6,12,69.46,833.52,199.46,634.06,333.73,300.33,114.13
3832,20250414,25,151,3,18,F275-8588,10,2,1522.13,3044.26,469.73,2574.53,1385.94,1188.59,463.42
3833,20250509,72,45,8,6,F635-9957,4,8,979.43,7835.44,706.76,7128.68,4102.61,3026.07,1283.16
3834,20230815,28,161,1,6,F717-4177,1,11,547.13,6018.43,1053.83,4964.6,3340.86,1623.74,893.63
3835,20231121,79,183,10,26,F542-5052,7,17,1002.93,17049.81,1708.39,15341.42,8528.63,6812.79,2761.46
3836,20230406,37,150,9,8,F327-6438,6,9,1225.75,11031.75,372.87,10658.88,6008.71,4650.17,1918.6
3837,20251020,17,107,8,13,F171-2549,8,20,2197.68,43953.6,852.7,43100.9,27294.11,15806.79,7758.16
3838,20220722,32,1,7,21,F162-0927,2,8,1506.84,12054.72,2502.56,9552.16,6344.75,3207.41,1719.39
3839,20251022,53,68,3,3,F384-6527,4,8,570.28,4562.24,307.95,4254.29,1977.29,2277.0,765.77
3840,20241022,33,55,7,6,F819-8654,9,11,379.83,4178.13,185.09,3993.04,2669.01,1324.03,718.75
3841,20240301,54,73,5,9,F373-5949,2,7,2099.12,14693.84,715.59,13978.25,7895.51,6082.74,2516.09
3842,20220303,84,38,2,3,F108-7655,6,7,440.52,3083.64,208.76,2874.88,1502.48,1372.4,517.48
3843,20231208,34,123,5,6,F784-1328,9,9,1918.34,17265.06,1265.53,15999.53,9470.24,6529.29,2879.92
3844,20230918,69,97,4,17,F113-6015,2,6,1437.8,8626.8,1847.0,6779.8,4353.1,2426.7,1220.36
3845,20220922,21,193,8,21,F626-2845,5,4,2113.59,8454.36,2068.78,6385.58,3524.63,2860.95,1149.4
3846,20240915,50,114,3,9,F452-3348,6,19,1230.2,23373.8,3485.03,19888.77,11441.55,8447.22,3579.98
3847,20251204,28,96,10,26,F122-5901,4,20,549.73,10994.6,1699.77,9294.83,6232.54,3062.29,1673.07
3848,20240420,1,167,2,26,F542-3609,5,11,66.52,731.72,148.1,583.62,300.72,282.9,105.05
3849,20241127,62,13,6,15,F833-9138,3,6,324.13,1944.78,446.13,1498.65,1010.72,487.93,269.76
3850,20220501,34,129,2,5,F258-6628,5,7,1707.4,11951.8,2980.78,8971.02,4094.62,4876.4,1614.78
3851,20231002,31,99,3,10,F211-0778,2,18,2189.61,39412.98,6306.08,33106.9,21733.79,11373.11,5959.24
3852,20220718,35,152,7,4,F743-0434,7,1,1827.13,1827.13,194.41,1632.72,1035.3,597.42,293.89
3853,20240712,77,156,2,29,F832-2410,2,8,354.39,2835.12,531.59,2303.53,1562.45,741.08,414.64
3854,20251028,67,99,6,1,F435-1271,5,20,1334.79,26695.8,6377.63,20318.17,12337.32,7980.85,3657.27
3855,20240923,57,43,6,1,F143-3130,2,19,2052.29,38993.51,85.79,38907.72,18553.94,20353.78,7003.39
3856,20220515,54,124,3,18,F951-8866,7,9,2033.83,18304.47,3485.17,14819.3,7362.4,7456.9,2667.47
3857,20230630,66,142,7,29,F082-4330,10,5,608.67,3043.35,85.82,2957.53,1458.54,1498.99,532.36
3858,20240401,71,102,7,20,F620-7417,9,12,232.6,2791.2,25.68,2765.52,1563.97,1201.55,497.79
3859,20230911,34,72,5,5,F264-6427,1,2,1647.54,3295.08,533.14,2761.94,1440.29,1321.65,497.15
3860,20250526,83,137,7,3,F736-5800,10,16,516.2,8259.2,350.19,7909.01,4954.12,2954.89,1423.62
3861,20250425,48,154,5,15,F999-5303,8,11,1862.05,20482.55,3789.27,16693.28,10469.56,6223.72,3004.79
3862,20240711,56,44,10,8,F030-5571,6,16,1712.23,27395.68,4810.68,22585.0,13600.71,8984.29,4065.3
3863,20230730,64,137,4,13,F455-7120,1,16,554.9,8878.4,1464.94,7413.46,4449.59,2963.87,1334.42
3864,20230111,61,155,5,24,F689-8774,2,4,1006.97,4027.88,40.68,3987.2,2378.99,1608.21,717.7
3865,20220701,41,15,4,11,F997-7105,1,9,1131.55,10183.95,2080.58,8103.37,4112.23,3991.14,1458.61
3866,20230630,18,99,7,23,F016-6868,4,18,471.23,8482.14,1341.87,7140.27,4318.03,2822.24,1285.25
3867,20230925,46,125,6,28,F084-2809,2,15,2214.95,33224.25,7535.26,25688.99,14082.68,11606.31,4624.02
3868,20241012,8,36,7,10,F859-4682,2,10,612.87,6128.7,198.57,5930.13,2913.46,3016.67,1067.42
3869,20240918,68,76,1,17,F358-9938,4,5,467.83,2339.15,499.88,1839.27,986.42,852.85,331.07
3870,20220504,42,165,4,16,F792-7425,10,8,1587.92,12703.36,1068.35,11635.01,7565.97,4069.04,2094.3
3871,20230831,43,175,6,25,F793-5288,8,15,1613.11,24196.65,4372.33,19824.32,10989.4,8834.92,3568.38
3872,20221019,29,187,6,24,F943-2535,6,9,553.32,4979.88,697.18,4282.7,2729.67,1553.03,770.89
3873,20220916,10,75,7,15,F813-9709,1,11,760.78,8368.58,1963.27,6405.31,4074.53,2330.78,1152.96
3874,20250515,11,123,10,25,F650-2870,10,11,2350.43,25854.73,4995.13,20859.6,13830.44,7029.16,3754.73
3875,20220319,36,160,7,16,F261-9582,10,14,969.75,13576.5,1111.92,12464.58,6114.21,6350.37,2243.62
3876,20231004,79,87,5,2,F449-0016,1,2,960.53,1921.06,393.82,1527.24,941.08,586.16,274.9
3877,20221002,72,33,5,5,F425-9245,6,3,935.47,2806.41,240.23,2566.18,1613.16,953.02,461.91
3878,20250807,61,18,4,22,F965-9966,8,8,1134.35,9074.8,1899.36,7175.44,4203.66,2971.78,1291.58
3879,20240412,49,19,5,5,F741-7117,3,11,504.75,5552.25,223.76,5328.49,2776.57,2551.92,959.13
3880,20221214,3,63,4,9,F907-6679,2,17,1534.11,26079.87,2308.07,23771.8,10830.56,12941.24,4278.92
3881,20240106,9,37,9,6,F667-6266,6,16,1815.95,29055.2,3817.85,25237.35,12548.36,12688.99,4542.72
3882,20241214,78,11,5,4,F729-1081,8,7,1197.96,8385.72,1381.97,7003.75,4362.54,2641.21,1260.67
3883,20251120,11,189,4,2,F517-6123,5,13,2419.74,31456.62,380.63,31075.99,15889.22,15186.77,5593.68
3884,20221203,37,111,1,22,F186-0261,10,10,1111.25,11112.5,694.53,10417.97,6388.02,4029.95,1875.23
3885,20250817,26,188,3,22,F931-1095,1,16,1584.69,25355.04,5770.81,19584.23,11458.18,8126.05,3525.16
3886,20251022,75,106,8,15,F802-7599,8,14,1800.13,25201.82,3059.5,22142.32,15369.21,6773.11,3985.62
3887,20250930,31,80,6,12,F306-5421,10,11,2238.08,24618.88,4709.59,19909.29,11229.54,8679.75,3583.67
3888,20240816,8,179,5,7,F367-1820,2,17,629.74,10705.58,296.54,10409.04,5544.96,4864.08,1873.63
3889,20240808,7,53,4,27,F051-8805,10,20,928.43,18568.6,948.86,17619.74,9317.03,8302.71,3171.55
3890,20230911,18,22,4,12,F696-1145,5,8,437.85,3502.8,164.98,3337.82,2291.58,1046.24,600.81
3891,20250105,84,6,3,13,F257-0285,7,11,404.61,4450.71,830.95,3619.76,1654.68,1965.08,651.56
3892,20240301,18,184,2,11,F648-2021,5,14,497.8,6969.2,25.09,6944.11,3888.73,3055.38,1249.94
3893,20241014,40,108,5,18,F251-4178,3,16,983.77,15740.32,1718.84,14021.48,6686.01,7335.47,2523.87
3894,20231015,59,150,5,2,F448-9287,6,19,2386.01,45334.19,5140.9,40193.29,18634.93,21558.36,7234.79
3895,20241214,62,59,6,17,F635-3380,8,12,326.32,3915.84,164.07,3751.77,1719.79,2031.98,675.32
3896,20250511,60,68,9,25,F573-9873,2,6,1010.21,6061.26,567.33,5493.93,2720.51,2773.42,988.91
3897,20220901,76,155,6,3,F394-5470,10,19,483.23,9181.37,2188.84,6992.53,3671.35,3321.18,1258.66
3898,20250525,75,101,5,10,F443-4120,6,19,1730.75,32884.25,2272.3,30611.95,20174.89,10437.06,5510.15
3899,20240315,19,95,3,10,F894-2560,9,19,1488.52,28281.88,42.42,28239.46,14527.98,13711.48,5083.1
3900,20250613,49,3,2,17,F603-7700,8,12,483.37,5800.44,479.12,5321.32,3051.39,2269.93,957.84
3901,20231019,77,97,8,2,F767-3744,7,2,358.81,717.62,22.39,695.23,431.89,263.34,125.14
3902,20230807,63,129,1,2,F817-5073,2,11,751.37,8265.07,1867.08,6397.99,4067.37,2330.62,1151.64
3903,20250928,60,70,7,2,F690-4067,2,2,952.87,1905.74,394.87,1510.87,866.97,643.9,271.96
3904,20230103,53,159,3,26,F702-1439,7,10,530.46,5304.6,16.44,5288.16,3023.94,2264.22,951.87
3905,20250612,35,74,3,23,F515-3297,3,11,1721.64,18938.04,3992.14,14945.9,8548.29,6397.61,2690.26
3906,20231216,72,24,6,22,F054-6929,7,16,1037.51,16600.16,2851.91,13748.25,7912.54,5835.71,2474.68
3907,20240128,67,29,6,12,F856-6814,7,3,1340.65,4021.95,349.51,3672.44,2334.49,1337.95,661.04
3908,20230415,11,78,1,19,F246-6891,4,14,2446.14,34245.96,4791.01,29454.95,17542.39,11912.56,5301.89
3909,20240508,50,81,2,23,F424-1910,2,1,1220.06,1220.06,104.19,1115.87,748.36,367.51,200.86
3910,20230512,29,34,5,30,F381-1223,9,11,520.74,5728.14,594.58,5133.56,2551.22,2582.34,924.04
3911,20220314,20,21,3,21,F727-7040,10,20,2277.64,45552.8,4600.83,40951.97,24504.21,16447.76,7371.35
3912,20230212,58,100,10,16,F567-4984,9,10,1351.65,13516.5,1885.55,11630.95,7443.26,4187.69,2093.57
3913,20220113,62,190,4,3,F586-6961,4,17,304.4,5174.8,811.93,4362.87,3043.54,1319.33,785.32
3914,20251211,8,53,7,19,F897-3002,3,16,649.44,10391.04,1628.28,8762.76,4512.54,4250.22,1577.3
3915,20251128,45,2,2,5,F495-4614,7,3,23.35,70.05,7.39,62.66,30.28,32.38,11.28
3916,20230831,76,28,10,3,F585-8232,7,1,507.47,507.47,14.01,493.46,270.23,223.23,88.82
3917,20241211,32,89,4,26,F398-0073,7,1,1550.63,1550.63,324.39,1226.24,663.03,563.21,220.72
3918,20230615,20,121,4,21,F755-5781,8,1,2179.4,2179.4,225.13,1954.27,1049.59,904.68,351.77
3919,20241006,59,156,9,10,F820-1064,1,20,2229.96,44599.2,8157.19,36442.01,17913.08,18528.93,6559.56
3920,20250409,39,121,4,1,F224-2089,5,2,2034.84,4069.68,220.98,3848.7,2448.25,1400.45,692.77
3921,20251107,68,98,4,24,F813-5323,3,15,484.33,7264.95,553.59,6711.36,4185.82,2525.54,1208.04
3922,20230907,30,177,3,1,F989-3979,9,14,1019.39,14271.46,288.28,13983.18,8238.85,5744.33,2516.97
3923,20250304,1,185,10,11,F518-6768,3,14,76.17,1066.38,228.42,837.96,517.98,319.98,150.83
3924,20230131,9,17,2,4,F672-2681,9,7,1829.25,12804.75,2939.97,9864.78,6825.87,3038.91,1775.66
3925,20251222,11,164,7,14,F395-6443,4,20,2258.01,45160.2,338.7,44821.5,30694.4,14127.1,8067.87
3926,20220219,51,19,4,6,F425-5348,10,20,2251.94,45038.8,3418.44,41620.36,20552.0,21068.36,7491.66
3927,20240627,66,126,10,2,F735-2835,10,1,529.02,529.02,25.45,503.57,349.63,153.94,90.64
3928,20240920,36,56,6,21,F706-3243,2,1,1055.45,1055.45,219.74,835.71,478.56,357.15,150.43
3929,20241027,26,177,8,23,F338-6793,8,9,1609.59,14486.31,2678.52,11807.79,5685.88,6121.91,2125.4
3930,20220725,13,188,4,2,F379-6600,9,11,2049.77,22547.47,268.31,22279.16,14516.2,7762.96,4010.25
3931,20251028,59,198,7,11,F156-4654,10,15,2317.61,34764.15,6862.44,27901.71,13433.29,14468.42,5022.31
3932,20221019,38,186,10,17,F244-8318,9,20,2174.44,43488.8,787.15,42701.65,23011.28,19690.37,7686.3
3933,20240728,22,120,8,16,F424-4395,10,3,1178.1,3534.3,289.81,3244.49,1684.33,1560.16,584.01
3934,20221206,12,106,6,5,F521-2729,3,3,220.73,662.19,67.61,594.58,319.89,274.69,107.02
3935,20230413,50,182,10,22,F835-0389,3,19,1181.47,22447.93,3679.22,18768.71,11526.56,7242.15,3378.37
3936,20240326,73,172,5,24,F879-5241,8,9,1538.02,13842.18,2008.5,11833.68,6202.34,5631.34,2130.06
3937,20231001,62,61,9,18,F865-7159,6,14,320.98,4493.72,970.19,3523.53,1653.26,1870.27,634.24
3938,20220921,81,24,6,20,F355-6559,8,2,2224.25,4448.5,786.49,3662.01,2181.3,1480.71,659.16
3939,20221006,66,190,6,30,F775-9686,4,7,518.23,3627.61,511.86,3115.75,1909.31,1206.44,560.83
3940,20231002,50,40,8,1,F426-6273,2,4,1370.83,5483.32,793.98,4689.34,2444.06,2245.28,844.08
3941,20250114,72,127,9,2,F959-7182,3,8,1041.77,8334.16,853.42,7480.74,4685.7,2795.04,1346.53
3942,20250903,1,163,4,18,F963-8997,2,1,75.9,75.9,17.12,58.78,39.72,19.06,10.58
3943,20220527,9,123,7,8,F454-2686,1,19,1675.58,31836.02,4918.67,26917.35,14777.75,12139.6,4845.12
3944,20230828,26,58,7,12,F431-7914,1,8,1789.2,14313.6,1056.34,13257.26,6795.08,6462.18,2386.31
3945,20220622,59,104,6,16,F825-4703,4,19,2358.68,44814.92,7044.91,37770.01,17020.21,20749.8,6798.6
3946,20220201,76,116,4,20,F250-1244,7,16,457.51,7320.16,62.22,7257.94,3739.0,3518.94,1306.43
3947,20240923,33,88,5,14,F916-9008,9,1,368.25,368.25,54.35,313.9,199.54,114.36,56.5
3948,20240625,64,91,9,17,F440-8746,2,8,586.4,4691.2,843.01,3848.19,1779.86,2068.33,692.67
3949,20220925,8,151,3,14,F860-6875,3,11,720.4,7924.4,420.79,7503.61,3553.93,3949.68,1350.65
3950,20221216,41,176,1,19,F336-8449,1,16,1202.75,19244.0,3739.11,15504.89,10444.82,5060.07,2790.88
3951,20220215,40,81,10,26,F479-0213,1,3,828.22,2484.66,484.26,2000.4,1093.27,907.13,360.07
3952,20250528,4,9,8,7,F532-8298,6,19,1280.87,24336.53,4086.1,20250.43,14004.06,6246.37,3645.08
3953,20251207,33,73,4,28,F412-9380,4,8,343.58,2748.64,433.46,2315.18,1463.46,851.72,416.73
3954,20220816,74,54,2,19,F544-5210,10,2,161.85,323.7,44.86,278.84,144.74,134.1,50.19
3955,20221214,49,4,6,10,F129-8873,5,17,483.6,8221.2,450.52,7770.68,3708.97,4061.71,1398.72
3956,20250722,84,23,10,21,F043-3217,6,6,427.76,2566.56,229.96,2336.6,1091.05,1245.55,420.59
3957,20251013,77,148,5,3,F846-2973,6,1,330.67,330.67,47.78,282.89,139.04,143.85,50.92
3958,20231004,73,187,4,25,F791-2286,4,20,1586.5,31730.0,5857.36,25872.64,15456.49,10416.15,4657.08
3959,20220402,72,100,7,2,F648-6345,3,15,993.52,14902.8,2530.5,12372.3,8621.19,3751.11,2227.01
3960,20220314,68,52,5,1,F664-3481,10,11,528.47,5813.17,1302.73,4510.44,2974.11,1536.33,811.88
3961,20240510,79,74,5,22,F717-3186,1,16,1131.38,18102.08,2489.04,15613.04,9109.25,6503.79,2810.35
3962,20230827,68,194,10,22,F210-7336,1,7,476.21,3333.47,339.68,2993.79,1467.77,1526.02,538.88
3963,20220224,24,2,8,4,F357-5062,9,13,1630.55,21197.15,1284.55,19912.6,9791.25,10121.35,3584.27
3964,20240525,11,27,2,27,F482-8346,7,4,2298.37,9193.48,511.16,8682.32,5697.56,2984.76,1562.82
3965,20220122,8,19,10,5,F722-9154,9,15,648.54,9728.1,987.4,8740.7,4921.71,3818.99,1573.33
3966,20250311,78,40,9,15,F328-7174,5,2,1021.33,2042.66,446.53,1596.13,741.83,854.3,287.3
3967,20230412,5,174,1,7,F428-0213,7,20,228.38,4567.6,859.17,3708.43,1840.96,1867.47,667.52
3968,20220316,57,44,5,25,F612-7736,3,16,2244.22,35907.52,994.64,34912.88,23321.05,11591.83,6284.32
3969,20240602,49,73,10,27,F425-7810,5,15,465.86,6987.9,111.81,6876.09,4681.64,2194.45,1237.7
3970,20230903,47,196,3,12,F455-4923,5,10,1109.29,11092.9,877.45,10215.45,5752.85,4462.6,1838.78
3971,20251206,67,155,10,2,F725-1844,9,11,1236.28,13599.08,474.61,13124.47,7281.66,5842.81,2362.4
3972,20240322,47,111,8,29,F256-3805,9,4,1327.21,5308.84,1086.72,4222.12,2232.1,1990.02,759.98
3973,20230218,45,127,1,21,F378-0988,7,15,19.94,299.1,32.0,267.1,169.34,97.76,48.08
3974,20241121,69,54,2,28,F597-3660,5,20,1232.53,24650.6,3354.95,21295.65,12266.32,9029.33,3833.22
3975,20230211,56,131,7,2,F255-4903,6,2,1754.53,3509.06,155.8,3353.26,1915.44,1437.82,603.59
3976,20250912,49,148,3,8,F308-5892,3,8,453.55,3628.4,774.66,2853.74,1838.83,1014.91,513.67
3977,20230801,36,87,8,28,F544-2187,7,15,1011.4,15171.0,203.29,14967.71,7024.09,7943.62,2694.19
3978,20240331,25,43,5,22,F757-2382,8,1,1463.08,1463.08,301.39,1161.69,581.58,580.11,209.1
3979,20220402,12,42,9,30,F648-6191,10,17,227.18,3862.06,721.82,3140.24,1719.03,1421.21,565.24
3980,20231012,60,47,4,21,F481-0403,4,9,1048.49,9436.41,1136.14,8300.27,5236.1,3064.17,1494.05
3981,20250524,72,193,3,14,F540-1573,10,9,952.53,8572.77,1006.44,7566.33,4837.58,2728.75,1361.94
3982,20250410,25,72,2,25,F814-2879,4,20,1580.06,31601.2,1226.13,30375.07,19165.94,11209.13,5467.51
3983,20221207,18,101,3,12,F247-9499,5,1,469.23,469.23,101.73,367.5,235.59,131.91,66.15
3984,20221209,13,17,9,20,F169-5215,9,12,2189.5,26274.0,1802.4,24471.6,13263.96,11207.64,4404.89
3985,20250429,68,14,4,12,F412-3681,1,8,562.47,4499.76,96.29,4403.47,2824.63,1578.84,792.62
3986,20251018,26,49,6,22,F311-0149,5,6,1883.36,11300.16,1427.21,9872.95,5506.87,4366.08,1777.13
3987,20220614,58,26,7,27,F813-8254,10,18,1281.06,23059.08,5483.45,17575.63,9492.11,8083.52,3163.61
3988,20231111,56,94,1,17,F428-2829,9,3,1881.37,5644.11,274.87,5369.24,3462.44,1906.8,966.46
3989,20230601,53,54,5,15,F396-0829,9,11,629.22,6921.42,667.92,6253.5,4315.56,1937.94,1125.63
3990,20250725,69,140,8,6,F534-9798,5,1,1280.45,1280.45,184.64,1095.81,726.26,369.55,197.25
3991,20220526,51,52,4,1,F873-9079,5,7,2167.35,15171.45,1489.84,13681.61,6423.63,7257.98,2462.69
3992,20221123,50,39,9,25,F015-3861,4,16,1163.41,18614.56,733.41,17881.15,9808.4,8072.75,3218.61
3993,20250105,52,171,8,10,F585-1323,2,2,1121.41,2242.82,289.1,1953.72,1274.77,678.95,351.67
3994,20220403,56,57,1,8,F966-1557,1,8,1939.97,15519.76,985.5,14534.26,8909.49,5624.77,2616.17
3995,20231225,13,193,3,17,F281-5945,6,8,1967.54,15740.32,3025.29,12715.03,7093.5,5621.53,2288.71
3996,20231102,40,158,7,5,F167-9420,6,1,839.53,839.53,111.99,727.54,387.65,339.89,130.96
3997,20230527,10,135,7,3,F038-6270,7,4,862.9,3451.6,547.08,2904.52,1678.41,1226.11,522.81
3998,20230830,6,2,5,14,F606-0289,2,2,80.77,161.54,7.38,154.16,84.38,69.78,27.75
3999,20240227,57,160,2,30,F843-6222,3,11,2136.74,23504.14,1170.51,22333.63,14680.52,7653.11,4020.05
4000,20220923,40,140,9,10,F328-7711,4,1,879.37,879.37,91.54,787.83,477.91,309.92,141.81
4001,20240506,19,175,5,5,F919-3465,9,14,1711.03,23954.42,2091.22,21863.2,14620.21,7242.99,3935.38
4002,20250409,74,4,8,3,F820-1109,1,9,147.24,1325.16,245.95,1079.21,714.2,365.01,194.26
4003,20250120,60,63,1,12,F655-0499,7,20,1007.7,20154.0,2599.87,17554.13,8004.59,9549.54,3159.74
4004,20220912,56,57,4,25,F125-8186,2,9,1800.91,16208.19,2191.35,14016.84,7127.51,6889.33,2523.03
4005,20220905,33,17,3,19,F942-9051,3,11,348.21,3830.31,341.66,3488.65,2211.4,1277.25,627.96
4006,20230204,38,47,9,22,F923-8993,2,19,2156.45,40972.55,1819.18,39153.37,17675.66,21477.71,7047.61
4007,20230710,46,175,6,5,F114-7217,7,6,2447.7,14686.2,174.77,14511.43,8657.92,5853.51,2612.06
4008,20230919,71,86,1,28,F336-0935,8,6,217.67,1306.02,136.22,1169.8,652.2,517.6,210.56
4009,20241016,30,17,4,29,F616-4839,4,5,1059.82,5299.1,368.82,4930.28,3350.17,1580.11,887.45
4010,20220412,7,44,8,9,F615-6512,3,6,951.14,5706.84,521.03,5185.81,3295.41,1890.4,933.45
4011,20220307,31,195,4,16,F658-6439,6,17,2109.95,35869.15,8612.18,27256.97,14280.52,12976.45,4906.25
4012,20230826,33,188,9,25,F365-8595,1,19,330.11,6272.09,928.27,5343.82,2610.94,2732.88,961.89
4013,20241107,25,25,5,18,F422-4028,3,1,1368.11,1368.11,178.81,1189.3,725.64,463.66,214.07
4014,20221103,76,15,5,30,F688-8375,8,17,481.16,8179.72,652.74,7526.98,3425.44,4101.54,1354.86
4015,20240825,14,33,4,15,F500-2792,2,1,1852.82,1852.82,387.42,1465.4,702.63,762.77,263.77
4016,20230120,8,147,4,19,F110-1176,8,16,687.13,10994.08,695.93,10298.15,5296.22,5001.93,1853.67
4017,20250817,16,52,5,12,F404-8649,9,9,1313.16,11818.44,2523.24,9295.2,4205.81,5089.39,1673.14
4018,20250831,36,125,4,16,F301-4557,10,17,1040.83,17694.11,1751.72,15942.39,9861.2,6081.19,2869.63
4019,20230328,49,97,1,25,F300-7700,5,1,474.13,474.13,52.44,421.69,212.86,208.83,75.9
4020,20221213,14,112,9,20,F216-8210,3,18,1777.41,31993.38,844.63,31148.75,14029.18,17119.57,5606.77
4021,20230923,46,150,5,1,F314-3539,10,5,2473.98,12369.9,2444.29,9925.61,6149.86,3775.75,1786.61
4022,20221223,32,156,6,16,F998-7228,6,4,1651.57,6606.28,663.93,5942.35,2877.19,3065.16,1069.62
4023,20241007,17,144,1,7,F683-1617,7,14,2188.74,30642.36,3208.26,27434.1,14332.05,13102.05,4938.14
4024,20250513,26,67,9,3,F255-5543,4,17,1699.14,28885.38,502.61,28382.77,15008.09,13374.68,5108.9
4025,20241008,63,132,4,25,F628-3608,1,9,792.8,7135.2,279.7,6855.5,4507.43,2348.07,1233.99
4026,20250510,27,190,7,2,F535-8804,6,12,997.48,11969.76,719.38,11250.38,6094.04,5156.34,2025.07
4027,20230902,25,75,1,3,F087-4161,10,18,1354.68,24384.24,5101.18,19283.06,12918.03,6365.03,3470.95
4028,20220915,78,187,8,7,F689-7366,8,10,1103.8,11038.0,1256.12,9781.88,5206.51,4575.37,1760.74
4029,20241220,5,107,8,18,F070-9883,5,19,224.31,4261.89,1015.18,3246.71,1493.37,1753.34,584.41
4030,20230709,47,123,8,8,F625-6307,2,13,1295.2,16837.6,4111.74,12725.86,6796.86,5929.0,2290.65
4031,20241006,5,103,9,29,F870-9512,2,9,243.53,2191.77,11.62,2180.15,1237.31,942.84,392.43
4032,20230209,7,173,8,29,F322-7034,10,1,1008.63,1008.63,73.93,934.7,446.2,488.5,168.25
4033,20220522,82,42,2,29,F702-8239,9,7,387.84,2714.88,21.45,2693.43,1788.09,905.34,484.82
4034,20251224,59,148,10,4,F397-5248,9,3,2368.88,7106.64,1203.86,5902.78,3282.45,2620.33,1062.5
4035,20220915,60,31,1,9,F551-5437,8,14,891.97,12487.58,771.73,11715.85,7507.51,4208.34,2108.85
4036,20251220,72,38,7,11,F829-7817,3,14,1071.25,14997.5,1684.22,13313.28,9029.43,4283.85,2396.39
4037,20251210,71,151,2,6,F870-8038,9,18,260.06,4681.08,1133.76,3547.32,2342.13,1205.19,638.52
4038,20250321,80,43,5,19,F979-9544,2,18,137.65,2477.7,315.16,2162.54,1466.09,696.45,389.26
4039,20240919,80,185,6,22,F574-5485,6,1,144.35,144.35,23.02,121.33,63.46,57.87,21.84
4040,20240516,25,55,8,29,F427-3330,2,8,1441.62,11532.96,177.61,11355.35,7366.22,3989.13,2043.96
4041,20250718,68,127,2,14,F770-4186,5,19,500.4,9507.6,959.32,8548.28,4902.48,3645.8,1538.69
4042,20230315,71,2,1,24,F752-4453,1,4,253.82,1015.28,68.73,946.55,498.22,448.33,170.38
4043,20231201,57,32,1,24,F433-5118,1,2,2187.76,4375.52,162.77,4212.75,2711.14,1501.61,758.29
4044,20240723,57,135,3,6,F751-9205,9,20,2376.79,47535.8,5780.35,41755.45,24889.51,16865.94,7515.98
4045,20230923,43,191,5,9,F603-7954,10,10,1880.61,18806.1,724.03,18082.07,12313.58,5768.49,3254.77
4046,20231014,77,153,8,23,F200-6735,7,12,319.69,3836.28,110.1,3726.18,2471.11,1255.07,670.71
4047,20230521,81,94,9,29,F856-7561,9,11,2458.82,27047.02,6704.96,20342.06,11418.79,8923.27,3661.57
4048,20240424,32,180,6,7,F998-9617,3,16,1711.08,27377.28,6225.59,21151.69,14331.64,6820.05,3807.3
4049,20250622,46,127,8,4,F572-5306,4,19,2380.35,45226.65,624.13,44602.52,24867.74,19734.78,8028.45
4050,20221112,52,180,1,9,F063-2586,6,4,1045.31,4181.24,497.15,3684.09,2512.91,1171.18,663.14
4051,20251023,49,26,7,22,F407-8098,8,2,530.08,1060.16,12.4,1047.76,503.17,544.59,188.6
4052,20241028,46,115,10,23,F753-7680,2,1,2137.39,2137.39,234.04,1903.35,1327.88,575.47,342.6
4053,20250509,57,195,5,6,F714-7513,3,11,2216.36,24379.96,56.07,24323.89,16256.54,8067.35,4378.3
4054,20240411,73,141,2,16,F931-6672,8,1,1678.42,1678.42,288.52,1389.9,698.65,691.25,250.18
4055,20250226,51,37,6,10,F253-1178,7,6,2015.1,12090.6,2563.21,9527.39,5331.53,4195.86,1714.93
4056,20220131,82,80,7,9,F908-7906,3,8,448.33,3586.64,515.04,3071.6,1626.85,1444.75,552.89
4057,20250501,43,132,3,21,F046-3346,7,10,1756.24,17562.4,1685.99,15876.41,8999.52,6876.89,2857.75
4058,20220316,80,90,1,22,F833-3028,7,4,120.21,480.84,38.52,442.32,287.01,155.31,79.62
4059,20250823,9,121,4,3,F886-2213,3,1,1705.85,1705.85,299.21,1406.64,939.23,467.41,253.2
4060,20251224,8,83,5,21,F005-5314,4,14,715.56,10017.84,961.71,9056.13,5061.08,3995.05,1630.1
4061,20230322,82,178,7,19,F285-3626,6,6,379.35,2276.1,356.89,1919.21,1176.44,742.77,345.46
4062,20221122,29,120,9,22,F013-5992,9,17,578.49,9834.33,1833.12,8001.21,5427.8,2573.41,1440.22
4063,20250130,9,58,3,4,F229-6196,8,17,1706.68,29013.56,232.11,28781.45,15347.21,13434.24,5180.66
4064,20230107,72,96,3,14,F113-5166,2,18,1038.08,18685.44,1797.54,16887.9,9106.37,7781.53,3039.82
4065,20250717,4,3,6,6,F638-6120,1,12,1390.6,16687.2,2776.75,13910.45,9673.94,4236.51,2503.88
4066,20220626,72,24,3,25,F196-5631,10,16,963.71,15419.36,3429.27,11990.09,6195.69,5794.4,2158.22
4067,20220803,75,82,9,13,F612-2466,7,18,2039.5,36711.0,5407.53,31303.47,19218.77,12084.7,5634.62
4068,20251212,32,86,6,3,F375-1432,8,1,1500.32,1500.32,13.05,1487.27,910.27,577.0,267.71
4069,20241009,76,150,4,16,F899-8536,5,15,503.14,7547.1,1310.93,6236.17,3372.57,2863.6,1122.51
4070,20250616,76,51,5,25,F890-4116,6,3,450.3,1350.9,282.07,1068.83,527.11,541.72,192.39
4071,20230511,68,177,3,4,F203-4405,7,3,536.03,1608.09,251.02,1357.07,777.78,579.29,244.27
4072,20241012,12,180,7,25,F344-4068,3,13,228.13,2965.69,56.94,2908.75,1417.07,1491.68,523.57
4073,20240612,19,11,9,4,F003-1757,5,9,1451.79,13066.11,2949.02,10117.09,6509.79,3607.3,1821.08
4074,20240626,68,158,9,18,F280-0714,9,6,540.92,3245.52,472.87,2772.65,1554.58,1218.07,499.08
4075,20241020,77,78,9,22,F783-1957,3,9,372.78,3355.02,206.67,3148.35,2021.28,1127.07,566.7
4076,20240512,52,3,1,17,F873-0297,6,16,1171.5,18744.0,3533.24,15210.76,9132.06,6078.7,2737.94
4077,20231016,66,168,9,2,F560-1979,5,19,559.61,10632.59,1616.15,9016.44,4084.26,4932.18,1622.96
4078,20230219,3,9,9,27,F759-1841,1,10,1507.46,15074.6,2684.79,12389.81,5653.35,6736.46,2230.17
4079,20250205,44,185,7,26,F822-9689,10,8,270.39,2163.12,184.51,1978.61,1207.73,770.88,356.15
4080,20221209,5,25,7,23,F425-9313,5,4,242.12,968.48,188.37,780.11,546.01,234.1,140.42
4081,20241101,54,75,7,15,F850-6915,5,5,2023.38,10116.9,2430.08,7686.82,3603.36,4083.46,1383.63
4082,20221216,19,89,10,17,F885-3116,7,5,1577.23,7886.15,1391.12,6495.03,4098.51,2396.52,1169.11
4083,20240802,21,68,10,29,F707-5260,10,9,1865.34,16788.06,2610.54,14177.52,9298.98,4878.54,2551.95
4084,20241229,10,1,4,8,F081-4256,7,13,877.25,11404.25,12.54,11391.71,6774.44,4617.27,2050.51
4085,20221202,48,31,7,13,F363-8045,9,12,1966.36,23596.32,2923.58,20672.74,13961.89,6710.85,3721.09
4086,20220417,81,89,1,10,F241-8214,10,1,2106.3,2106.3,150.39,1955.91,1161.17,794.74,352.06
4087,20220810,51,136,7,5,F897-9234,6,4,2086.42,8345.68,830.4,7515.28,4042.68,3472.6,1352.75
4088,20240701,25,6,8,5,F278-9054,8,5,1542.24,7711.2,1482.09,6229.11,4122.14,2106.97,1121.24
4089,20250621,50,172,10,12,F835-5949,8,6,1221.09,7326.54,756.83,6569.71,4422.4,2147.31,1182.55
4090,20220324,33,177,6,28,F517-3279,10,13,338.26,4397.38,130.16,4267.22,2715.95,1551.27,768.1
4091,20241216,32,163,5,27,F145-7764,9,2,1499.87,2999.74,388.47,2611.27,1415.96,1195.31,470.03
4092,20230608,68,45,1,14,F627-6277,6,18,503.9,9070.2,2104.29,6965.91,3352.32,3613.59,1253.86
4093,20231211,49,107,3,15,F447-2675,3,6,495.36,2972.16,275.22,2696.94,1830.8,866.14,485.45
4094,20251016,31,88,4,29,F261-2012,9,8,2045.56,16364.48,338.74,16025.74,7908.77,8116.97,2884.63
4095,20230523,27,87,8,27,F575-0537,3,20,931.71,18634.2,3277.76,15356.44,10747.41,4609.03,2764.16
4096,20231128,18,21,1,14,F134-9242,5,1,507.04,507.04,11.15,495.89,279.48,216.41,89.26
4097,20220127,47,195,10,10,F274-7452,4,1,1306.6,1306.6,43.64,1262.96,690.39,572.57,227.33
4098,20220523,47,165,5,23,F253-1200,1,9,1255.38,11298.42,270.03,11028.39,7389.62,3638.77,1985.11
4099,20230117,28,136,7,27,F679-6996,8,8,497.52,3980.16,732.35,3247.81,1561.95,1685.86,584.61
4100,20220223,74,191,5,16,F494-2225,1,14,161.88,2266.32,239.1,2027.22,1158.73,868.49,364.9
4101,20240810,13,131,5,8,F760-7673,9,2,1836.58,3673.16,271.08,3402.08,1999.83,1402.25,612.37
4102,20231013,23,183,8,26,F636-5666,4,3,389.38,1168.14,187.6,980.54,550.81,429.73,176.5
4103,20240328,25,152,4,20,F133-2195,5,10,1564.3,15643.0,556.89,15086.11,8012.62,7073.49,2715.5
4104,20221010,17,117,8,9,F371-7306,6,16,2042.59,32681.44,3895.63,28785.81,18494.61,10291.2,5181.45
4105,20230325,7,89,3,3,F103-4620,9,4,933.75,3735.0,614.78,3120.22,1810.64,1309.58,561.64
4106,20240926,40,136,4,19,F847-6492,9,2,909.38,1818.76,103.31,1715.45,934.26,781.19,308.78
4107,20251128,63,5,5,15,F340-9632,9,17,819.57,13932.69,3041.51,10891.18,5381.18,5510.0,1960.41
4108,20220401,32,193,8,2,F902-6281,10,17,1518.35,25811.95,5108.18,20703.77,10926.79,9776.98,3726.68
4109,20250823,32,166,1,5,F997-5198,5,6,1621.57,9729.42,1280.39,8449.03,4311.85,4137.18,1520.83
4110,20240514,53,122,10,10,F422-7293,8,14,528.44,7398.16,1318.35,6079.81,3806.08,2273.73,1094.37
4111,20240423,68,133,7,7,F735-6788,2,3,538.02,1614.06,209.83,1404.23,899.31,504.92,252.76
4112,20240102,29,164,6,26,F600-2213,2,11,598.17,6579.87,1017.25,5562.62,2907.27,2655.35,1001.27
4113,20220503,15,162,6,21,F053-1432,10,11,322.74,3550.14,664.23,2885.91,1423.41,1462.5,519.46
4114,20220605,36,103,4,17,F938-9559,7,16,949.2,15187.2,1851.32,13335.88,7409.81,5926.07,2400.46
4115,20240623,46,174,8,19,F088-7843,9,19,2207.57,41943.83,9894.55,32049.28,21455.86,10593.42,5768.87
4116,20230607,81,166,2,1,F808-0495,2,5,2365.61,11828.05,60.32,11767.73,6913.96,4853.77,2118.19
4117,20251001,33,102,3,11,F088-5273,8,14,327.7,4587.8,766.16,3821.64,2289.31,1532.33,687.9
4118,20230916,42,194,1,19,F717-6514,8,4,1649.62,6598.48,417.68,6180.8,3681.73,2499.07,1112.54
4119,20220828,13,183,5,21,F963-5785,9,1,2071.16,2071.16,343.81,1727.35,780.73,946.62,310.92
4120,20241127,62,173,5,29,F738-9653,7,9,325.18,2926.62,114.72,2811.9,1388.02,1423.88,506.14
4121,20230321,55,51,1,12,F118-7482,2,5,1879.22,9396.1,1454.52,7941.58,5194.02,2747.56,1429.48
4122,20240219,76,66,4,25,F966-3851,6,11,463.08,5093.88,81.5,5012.38,3073.26,1939.12,902.23
4123,20241108,30,124,8,15,F218-4108,3,15,1051.26,15768.9,1471.24,14297.66,8033.48,6264.18,2573.58
4124,20250906,50,13,4,22,F072-0149,5,11,1368.69,15055.59,2002.39,13053.2,7447.2,5606.0,2349.58
4125,20250319,83,123,2,21,F917-2988,9,20,528.71,10574.2,243.21,10330.99,4651.55,5679.44,1859.58
4126,20241012,4,148,10,2,F493-4329,7,14,1543.32,21606.48,460.22,21146.26,13006.86,8139.4,3806.33
4127,20241016,51,172,5,16,F156-1477,8,14,2360.59,33048.26,4993.59,28054.67,16114.15,11940.52,5049.84
4128,20251106,16,100,7,17,F673-4014,1,6,1387.01,8322.06,603.35,7718.71,3917.75,3800.96,1389.37
4129,20230325,28,147,6,23,F148-5938,6,7,493.86,3457.02,334.29,3122.73,2177.26,945.47,562.09
4130,20220103,69,3,8,18,F778-1534,1,13,1358.77,17664.01,2162.07,15501.94,8216.71,7285.23,2790.35
4131,20230212,64,119,7,9,F971-6803,2,8,519.45,4155.6,677.78,3477.82,1823.71,1654.11,626.01
4132,20221201,24,156,4,22,F415-3876,2,3,1734.35,5203.05,338.72,4864.33,3037.37,1826.96,875.58
4133,20240923,74,66,4,19,F889-0627,10,15,153.86,2307.9,192.48,2115.42,1321.1,794.32,380.78
4134,20240814,41,103,4,1,F064-6454,4,20,1147.3,22946.0,4800.3,18145.7,9949.51,8196.19,3266.23
4135,20240611,50,174,2,13,F266-0926,8,4,1191.39,4765.56,944.06,3821.5,1771.09,2050.41,687.87
4136,20220201,66,129,2,3,F210-5963,4,2,550.32,1100.64,239.72,860.92,568.05,292.87,154.97
4137,20241211,61,41,8,30,F644-2674,10,8,1103.38,8827.04,1333.77,7493.27,4055.53,3437.74,1348.79
4138,20230510,41,179,1,11,F370-4886,9,18,1284.83,23126.94,2268.75,20858.19,11789.11,9069.08,3754.47
4139,20240927,76,178,10,30,F620-6295,10,2,474.87,949.74,112.64,837.1,582.98,254.12,150.68
4140,20240411,77,123,1,2,F673-2086,10,11,376.46,4141.06,302.71,3838.35,2254.16,1584.19,690.9
4141,20230610,32,131,10,7,F483-4290,7,4,1468.51,5874.04,311.32,5562.72,2682.19,2880.53,1001.29
4142,20220815,3,138,5,3,F369-8188,8,8,1495.25,11962.0,1299.07,10662.93,6251.2,4411.73,1919.33
4143,20220613,11,45,6,3,F740-9674,6,20,2366.47,47329.4,11723.49,35605.91,20707.51,14898.4,6409.06
4144,20250522,53,94,6,18,F615-2565,3,16,610.39,9766.24,1063.54,8702.7,6065.13,2637.57,1566.49
4145,20251002,29,83,9,16,F685-0424,7,12,577.49,6929.88,1529.42,5400.46,3362.87,2037.59,972.08
4146,20240906,25,183,3,20,F951-3651,4,5,1301.14,6505.7,1248.44,5257.26,3084.62,2172.64,946.31
4147,20220627,46,128,2,12,F744-3177,6,18,2527.6,45496.8,9713.57,35783.23,20818.28,14964.95,6440.98
4148,20230909,77,135,5,28,F756-8173,5,10,356.0,3560.0,431.12,3128.88,1530.53,1598.35,563.2
4149,20241211,53,39,9,8,F106-0161,2,12,552.33,6627.96,531.56,6096.4,3436.62,2659.78,1097.35
4150,20250226,71,139,8,11,F413-5088,6,2,266.06,532.12,70.03,462.09,213.61,248.48,83.18
4151,20220722,4,82,9,1,F112-0025,9,11,1481.53,16296.83,2211.48,14085.35,8629.07,5456.28,2535.36
4152,20220101,83,67,5,16,F446-1301,10,14,524.98,7349.72,893.73,6455.99,3699.0,2756.99,1162.08
4153,20241124,28,99,5,13,F782-5415,4,18,526.71,9480.78,2263.06,7217.72,3928.11,3289.61,1299.19
4154,20230703,29,105,4,7,F976-7857,10,15,523.89,7858.35,869.92,6988.43,4444.21,2544.22,1257.92
4155,20230109,19,30,10,30,F077-5652,1,14,1461.31,20458.34,4705.42,15752.92,7759.37,7993.55,2835.53
4156,20220125,24,128,4,10,F321-0824,6,10,1572.06,15720.6,812.76,14907.84,10010.87,4896.97,2683.41
4157,20240315,22,1,5,16,F134-6828,1,10,996.79,9967.9,21.93,9945.97,6734.13,3211.84,1790.27
4158,20250623,80,70,6,19,F499-7388,4,19,133.06,2528.14,270.01,2258.13,1352.15,905.98,406.46
4159,20251119,53,82,10,4,F622-9121,2,19,564.61,10727.59,1428.91,9298.68,5908.11,3390.57,1673.76
4160,20240426,57,112,6,7,F629-7229,9,16,2368.57,37897.12,9254.48,28642.64,14549.36,14093.28,5155.68
4161,20240129,68,153,6,29,F671-5935,8,15,503.6,7554.0,1522.89,6031.11,3476.88,2554.23,1085.6
4162,20220528,15,68,10,30,F400-1058,7,20,292.33,5846.6,782.28,5064.32,3493.35,1570.97,911.58
4163,20240330,32,123,8,16,F285-3884,8,11,1674.76,18422.36,834.53,17587.83,10020.19,7567.64,3165.81
4164,20230809,82,117,8,12,F393-1192,10,5,377.56,1887.8,104.96,1782.84,924.48,858.36,320.91
4165,20240703,11,96,8,19,F892-8813,4,19,2478.78,47096.82,9805.56,37291.26,21154.17,16137.09,6712.43
4166,20230821,17,16,6,19,F013-5238,5,20,2206.7,44134.0,445.75,43688.25,28167.69,15520.56,7863.88
4167,20221222,45,94,5,2,F331-9295,2,15,23.01,345.15,19.85,325.3,172.58,152.72,58.55
4168,20220613,74,33,8,4,F138-3088,10,10,148.2,1482.0,342.93,1139.07,595.29,543.78,205.03
4169,20230425,30,87,4,7,F381-3191,6,2,910.09,1820.18,352.57,1467.61,940.37,527.24,264.17
4170,20220616,79,172,9,1,F585-6488,3,11,1159.69,12756.59,2974.84,9781.75,6409.88,3371.87,1760.71
4171,20221013,65,135,8,18,F501-5329,8,4,169.82,679.28,100.94,578.34,392.73,185.61,104.1
4172,20251219,65,122,4,15,F873-6962,4,18,187.65,3377.7,123.62,3254.08,2035.07,1219.01,585.73
4173,20231104,7,132,4,28,F448-6305,7,16,1023.24,16371.84,1864.75,14507.09,8635.51,5871.58,2611.28
4174,20240302,4,84,6,1,F810-0906,5,19,1428.77,27146.63,6756.8,20389.83,11740.69,8649.14,3670.17
4175,20250730,36,103,3,20,F917-0446,2,2,1057.07,2114.14,234.46,1879.68,911.88,967.8,338.34
4176,20251227,3,38,7,12,F152-7351,9,20,1757.37,35147.4,2031.52,33115.88,16408.64,16707.24,5960.86
4177,20240524,21,78,2,24,F360-6970,8,13,1992.86,25907.18,1538.89,24368.29,12991.75,11376.54,4386.29
4178,20250421,16,198,8,6,F285-5173,9,15,1197.57,17963.55,1435.29,16528.26,9851.06,6677.2,2975.09
4179,20230515,12,118,1,17,F688-8206,5,19,243.83,4632.77,910.8,3721.97,2463.43,1258.54,669.95
4180,20230410,1,1,6,7,F760-6421,6,11,73.21,805.31,153.98,651.33,405.56,245.77,117.24
4181,20230910,80,159,6,2,F788-7430,1,5,137.24,686.2,75.0,611.2,308.19,303.01,110.02
4182,20241007,45,107,8,6,F067-2106,9,7,19.98,139.86,29.79,110.07,60.78,49.29,19.81
4183,20241020,14,8,3,16,F886-8532,6,18,1845.95,33227.1,2013.56,31213.54,17556.85,13656.69,5618.44
4184,20230426,29,186,10,6,F318-1384,4,18,549.11,9883.98,1904.64,7979.34,3813.4,4165.94,1436.28
4185,20220813,61,177,4,19,F037-8671,6,8,960.96,7687.68,4.61,7683.07,5159.88,2523.19,1382.95
4186,20240812,68,129,4,28,F436-8453,2,14,488.89,6844.46,956.86,5887.6,3655.42,2232.18,1059.77
4187,20220806,55,171,7,2,F957-6539,8,7,1917.41,13421.87,1797.19,11624.68,6467.88,5156.8,2092.44
4188,20240517,62,63,6,10,F103-0050,6,12,291.79,3501.48,493.71,3007.77,1691.05,1316.72,541.4
4189,20241103,82,91,1,10,F041-2931,6,15,421.35,6320.25,760.33,5559.92,3417.88,2142.04,1000.79
4190,20241111,69,139,6,26,F334-8661,8,17,1418.24,24110.08,3303.08,20807.0,9497.31,11309.69,3745.26
4191,20250107,20,121,3,2,F540-0349,3,16,2197.85,35165.6,4430.87,30734.73,19640.04,11094.69,5532.25
4192,20250729,37,16,8,24,F973-4964,10,1,1330.16,1330.16,263.64,1066.52,502.77,563.75,191.97
4193,20240101,32,110,2,3,F352-6009,7,13,1435.65,18663.45,63.46,18599.99,11490.69,7109.3,3348.0
4194,20241213,56,170,6,2,F044-0679,5,10,1664.65,16646.5,69.92,16576.58,8601.14,7975.44,2983.78
4195,20240723,43,36,3,21,F490-0379,7,2,1806.44,3612.88,856.98,2755.9,1621.66,1134.24,496.06
4196,20221026,74,156,5,20,F248-5441,7,2,161.41,322.82,74.8,248.02,135.45,112.57,44.64
4197,20220219,84,58,7,7,F576-3565,7,17,390.04,6630.68,1567.49,5063.19,3443.37,1619.82,911.37
4198,20230307,38,131,2,16,F040-8585,4,6,2041.6,12249.6,932.19,11317.41,6012.96,5304.45,2037.13
4199,20231103,31,67,5,21,F652-6668,7,10,2017.12,20171.2,4393.29,15777.91,9734.51,6043.4,2840.02
4200,20240719,32,67,6,7,F606-8992,1,2,1617.86,3235.72,623.2,2612.52,1652.18,960.34,470.25
4201,20250621,35,189,7,16,F648-2716,6,18,1853.17,33357.06,7235.15,26121.91,15305.69,10816.22,4701.94
4202,20221106,14,14,10,19,F515-7338,4,19,1839.49,34950.31,3288.82,31661.49,20095.08,11566.41,5699.07
4203,20220802,10,30,7,14,F983-8738,9,1,817.12,817.12,194.56,622.56,358.14,264.42,112.06
4204,20251126,14,76,7,20,F112-2960,9,1,1807.68,1807.68,103.94,1703.74,1033.62,670.12,306.67
4205,20220705,13,105,7,5,F379-7196,4,4,1957.63,7830.52,746.25,7084.27,3764.43,3319.84,1275.17
4206,20231211,15,113,7,19,F513-7413,7,12,286.48,3437.76,188.39,3249.37,1549.95,1699.42,584.89
4207,20240529,23,150,6,30,F511-9575,5,6,420.9,2525.4,496.75,2028.65,1391.7,636.95,365.16
4208,20240317,63,166,9,20,F803-7395,2,2,774.77,1549.54,215.08,1334.46,810.97,523.49,240.2
4209,20220530,60,127,2,30,F435-0604,5,8,1037.45,8299.6,185.91,8113.69,4334.44,3779.25,1460.46
4210,20220412,23,65,8,3,F919-6839,6,3,388.4,1165.2,77.25,1087.95,736.6,351.35,195.83
4211,20220701,5,111,5,10,F992-5653,9,9,252.7,2274.3,435.53,1838.77,997.52,841.25,330.98
4212,20240529,82,95,5,3,F676-9394,2,14,376.32,5268.48,972.56,4295.92,2240.11,2055.81,773.27
4213,20240322,29,130,8,27,F439-2213,1,15,605.45,9081.75,1266.0,7815.75,4013.96,3801.79,1406.84
4214,20221216,78,153,7,30,F334-2700,5,18,1034.04,18612.72,3759.77,14852.95,8333.41,6519.54,2673.53
4215,20240819,23,73,2,10,F448-4285,5,14,424.8,5947.2,3.57,5943.63,3865.81,2077.82,1069.85
4216,20250503,1,49,5,5,F334-5788,6,14,77.87,1090.18,189.04,901.14,448.39,452.75,162.21
4217,20220318,50,185,3,27,F091-3405,9,7,1175.45,8228.15,294.57,7933.58,5443.74,2489.84,1428.04
4218,20231230,33,148,6,9,F953-2172,6,12,384.02,4608.24,397.23,4211.01,2781.86,1429.15,757.98
4219,20241029,19,139,9,21,F064-8365,5,11,1696.8,18664.8,31.73,18633.07,10257.33,8375.74,3353.95
4220,20230105,83,121,2,5,F401-3083,4,6,560.01,3360.06,585.66,2774.4,1552.69,1221.71,499.39
4221,20230414,40,136,2,24,F802-4068,3,6,831.81,4990.86,819.0,4171.86,2098.33,2073.53,750.93
4222,20240714,53,105,3,15,F458-7038,8,15,575.86,8637.9,534.69,8103.21,3959.74,4143.47,1458.58
4223,20250903,38,131,2,19,F650-4799,7,20,2018.83,40376.6,3387.6,36989.0,21329.79,15659.21,6658.02
4224,20250417,69,39,10,10,F275-9947,10,15,1510.42,22656.3,4261.65,18394.65,10961.23,7433.42,3311.04
4225,20240525,25,127,3,28,F850-6608,7,7,1540.11,10780.77,1124.43,9656.34,5182.02,4474.32,1738.14
4226,20241212,65,176,6,8,F415-6926,8,20,172.69,3453.8,832.37,2621.43,1182.64,1438.79,471.86
4227,20230716,83,32,4,28,F110-7925,8,6,519.0,3114.0,24.6,3089.4,1448.65,1640.75,556.09
4228,20240824,77,142,9,8,F194-3272,2,8,309.92,2479.36,187.44,2291.92,1555.72,736.2,412.55
4229,20231129,84,104,5,18,F838-0186,3,4,387.55,1550.2,198.43,1351.77,643.92,707.85,243.32
4230,20221030,32,153,4,17,F542-5987,4,18,1536.39,27655.02,403.76,27251.26,13075.39,14175.87,4905.23
4231,20241112,10,62,10,16,F558-1545,6,9,750.43,6753.87,1308.22,5445.65,3360.17,2085.48,980.22
4232,20240411,63,22,1,22,F387-6985,1,3,768.95,2306.85,496.2,1810.65,1077.25,733.4,325.92
4233,20230706,65,16,5,13,F039-2313,7,6,178.8,1072.8,63.19,1009.61,550.25,459.36,181.73
4234,20250922,84,142,10,5,F149-5520,2,5,375.31,1876.55,145.81,1730.74,1190.71,540.03,311.53
4235,20220209,82,165,2,26,F795-4010,6,5,431.01,2155.05,468.08,1686.97,1136.07,550.9,303.65
4236,20230427,6,9,2,11,F888-7866,10,5,84.27,421.35,6.87,414.48,241.37,173.11,74.61
4237,20220412,75,135,2,2,F578-7826,6,1,1902.81,1902.81,187.81,1715.0,1075.78,639.22,308.7
4238,20250201,24,96,1,18,F220-6861,9,14,1800.27,25203.78,3344.54,21859.24,12123.13,9736.11,3934.66
4239,20241113,12,42,2,10,F043-7251,4,18,246.1,4429.8,1029.93,3399.87,2102.49,1297.38,611.98
4240,20230522,61,22,5,25,F203-9480,1,2,1155.69,2311.38,303.72,2007.66,1392.14,615.52,361.38
4241,20241011,25,14,6,28,F810-6409,3,20,1488.68,29773.6,6651.42,23122.18,11301.28,11820.9,4161.99
4242,20230901,51,167,5,16,F293-8416,6,16,2318.64,37098.24,66.78,37031.46,18305.31,18726.15,6665.66
4243,20250112,84,158,3,3,F237-2757,8,17,398.58,6775.86,1213.56,5562.3,3675.45,1886.85,1001.21
4244,20231115,30,54,3,5,F589-7431,3,11,967.96,10647.56,2500.05,8147.51,3977.36,4170.15,1466.55
4245,20230924,42,174,4,18,F701-4846,8,4,1536.97,6147.88,456.17,5691.71,3515.72,2175.99,1024.51
4246,20251023,48,80,6,20,F275-7447,9,3,1913.44,5740.32,726.15,5014.17,2760.07,2254.1,902.55
4247,20230102,7,193,7,7,F410-6736,10,19,911.03,17309.57,751.24,16558.33,11517.7,5040.63,2980.5
4248,20220725,67,94,1,9,F852-5509,9,12,1161.39,13936.68,1252.91,12683.77,7732.42,4951.35,2283.08
4249,20240527,32,128,8,2,F632-9521,1,12,1574.62,18895.44,183.29,18712.15,12511.43,6200.72,3368.19
4250,20251202,25,59,6,19,F724-8198,1,5,1334.72,6673.6,158.16,6515.44,4363.41,2152.03,1172.78
4251,20230806,37,173,7,19,F431-4336,1,8,1138.43,9107.44,250.45,8856.99,5662.63,3194.36,1594.26
4252,20220421,15,159,4,30,F941-3421,6,10,279.58,2795.8,283.49,2512.31,1187.47,1324.84,452.22
4253,20230604,24,99,1,22,F581-3393,2,14,1497.68,20967.52,872.25,20095.27,9917.77,10177.5,3617.15
4254,20240112,50,59,4,4,F389-1549,5,5,1353.53,6767.65,1286.53,5481.12,3012.71,2468.41,986.6
4255,20220923,7,122,2,23,F460-1984,10,5,1090.11,5450.55,259.45,5191.1,2346.12,2844.98,934.4
4256,20240918,75,86,2,20,F682-9383,6,15,1822.1,27331.5,6294.44,21037.06,10781.75,10255.31,3786.67
4257,20251229,4,194,6,14,F790-7225,4,20,1424.28,28485.6,6380.77,22104.83,10011.36,12093.47,3978.87
4258,20231113,82,95,2,16,F819-7082,4,14,394.71,5525.94,1378.17,4147.77,2244.77,1903.0,746.6
4259,20230630,47,39,3,26,F951-8639,7,4,1131.6,4526.4,271.58,4254.82,2920.12,1334.7,765.87
4260,20230907,62,109,1,6,F302-9522,3,2,331.12,662.24,65.69,596.55,317.15,279.4,107.38
4261,20220716,25,171,5,19,F045-6017,8,15,1411.39,21170.85,2330.91,18839.94,9832.32,9007.62,3391.19
4262,20250813,11,175,10,30,F633-8081,6,7,2273.21,15912.47,601.49,15310.98,9620.48,5690.5,2755.98
4263,20230928,21,134,10,23,F932-8587,10,4,2013.73,8054.92,636.34,7418.58,4200.01,3218.57,1335.34
4264,20230819,15,28,6,28,F981-1857,2,18,302.49,5444.82,1173.36,4271.46,2027.48,2243.98,768.86
4265,20240920,9,129,5,12,F909-5003,7,9,1713.64,15422.76,447.26,14975.5,7835.04,7140.46,2695.59
4266,20231102,57,121,5,3,F588-0009,7,7,2115.42,14807.94,1642.2,13165.74,8962.87,4202.87,2369.83
4267,20240903,52,14,9,12,F488-0081,4,10,1191.6,11916.0,2695.4,9220.6,4881.11,4339.49,1659.71
4268,20220420,33,127,7,29,F929-1464,8,4,315.08,1260.32,204.68,1055.64,684.86,370.78,190.02
4269,20250423,4,27,3,15,F219-8721,4,7,1374.74,9623.18,1564.73,8058.45,3700.38,4358.07,1450.52
4270,20251030,12,117,3,1,F961-4005,6,17,241.28,4101.76,647.67,3454.09,2115.61,1338.48,621.74
4271,20240904,61,4,1,3,F584-1046,6,12,1067.73,12812.76,3059.69,9753.07,5417.56,4335.51,1755.55
4272,20251116,38,113,9,27,F983-2434,5,13,2200.43,28605.59,5169.03,23436.56,14704.14,8732.42,4218.58
4273,20220908,10,45,5,22,F725-1143,2,9,752.61,6773.49,348.16,6425.33,4115.91,2309.42,1156.56
4274,20231210,33,102,7,5,F282-8654,3,16,379.55,6072.8,481.57,5591.23,2923.71,2667.52,1006.42
4275,20240624,17,76,3,24,F076-1299,7,2,1984.43,3968.86,639.38,3329.48,2242.87,1086.61,599.31
4276,20240522,66,153,6,4,F643-5537,10,2,526.9,1053.8,59.12,994.68,648.21,346.47,179.04
4277,20230909,20,193,8,10,F435-4213,6,14,2211.07,30954.98,3024.3,27930.68,13594.3,14336.38,5027.52
4278,20230602,25,70,10,26,F323-0157,7,8,1532.13,12257.04,301.52,11955.52,6674.63,5280.89,2151.99
4279,20220804,5,55,8,30,F669-1708,4,10,249.27,2492.7,64.56,2428.14,1512.14,916.0,437.07
4280,20230826,83,162,2,25,F701-0195,8,14,537.89,7530.46,1398.41,6132.05,3970.13,2161.92,1103.77
4281,20220924,70,148,6,15,F766-6157,1,2,1960.42,3920.84,626.16,3294.68,1923.7,1370.98,593.04
4282,20241216,15,28,6,21,F880-4560,5,17,312.67,5315.39,302.45,5012.94,2272.98,2739.96,902.33
4283,20221121,63,58,6,21,F850-9974,8,16,779.28,12468.48,749.36,11719.12,6057.22,5661.9,2109.44
4284,20220415,32,110,9,25,F369-2560,6,20,1539.23,30784.6,3678.76,27105.84,12833.12,14272.72,4879.05
4285,20240404,31,66,1,26,F578-3511,8,16,1897.41,30358.56,6050.46,24308.1,12881.89,11426.21,4375.46
4286,20240613,3,143,10,23,F459-4402,1,4,1470.14,5880.56,762.12,5118.44,3098.42,2020.02,921.32
4287,20250727,80,169,6,2,F614-5737,8,19,129.69,2464.11,13.06,2451.05,1546.77,904.28,441.19
4288,20240515,74,40,7,13,F518-0814,7,3,145.85,437.55,58.06,379.49,213.17,166.32,68.31
4289,20230614,27,74,2,14,F963-1555,2,20,956.23,19124.6,2895.46,16229.14,10921.15,5307.99,2921.25
4290,20250406,77,186,7,6,F758-7995,9,9,334.02,3006.18,26.45,2979.73,1854.88,1124.85,536.35
4291,20240315,83,189,1,13,F515-3300,2,20,561.66,11233.2,73.02,11160.18,7748.16,3412.02,2008.83
4292,20220519,16,155,3,29,F568-2434,3,4,1220.43,4881.72,561.89,4319.83,2573.07,1746.76,777.57
4293,20240426,27,128,3,12,F003-3510,9,3,860.51,2581.53,119.52,2462.01,1348.06,1113.95,443.16
4294,20250918,45,118,2,9,F095-3105,5,14,23.95,335.3,10.33,324.97,160.44,164.53,58.49
4295,20230901,23,167,8,8,F717-8030,5,16,397.97,6367.52,300.55,6066.97,3035.84,3031.13,1092.05
4296,20230326,24,39,1,20,F259-3034,1,4,1814.68,7258.72,1227.45,6031.27,3180.77,2850.5,1085.63
4297,20220828,57,131,8,3,F633-4711,3,16,2294.0,36704.0,2393.1,34310.9,18610.37,15700.53,6175.96
4298,20220908,44,85,4,28,F926-0036,10,11,251.32,2764.52,688.64,2075.88,1004.7,1071.18,373.66
4299,20231021,47,181,10,8,F405-4840,3,18,1176.73,21181.14,2603.16,18577.98,11182.99,7394.99,3344.04
4300,20240614,63,134,2,14,F984-1171,3,19,762.93,14495.67,1262.57,13233.1,6447.7,6785.4,2381.96
4301,20220521,75,163,2,8,F672-3400,1,8,1763.37,14106.96,1131.38,12975.58,6169.82,6805.76,2335.6
4302,20251029,14,174,1,6,F890-4263,7,11,1729.48,19024.28,892.24,18132.04,12445.56,5686.48,3263.77
4303,20250110,74,183,2,6,F217-2285,3,17,150.02,2550.34,530.73,2019.61,1319.06,700.55,363.53
4304,20240530,24,64,9,25,F330-7775,1,6,1575.43,9452.58,2141.95,7310.63,4309.1,3001.53,1315.91
4305,20250517,74,123,1,17,F999-5788,9,19,150.86,2866.34,595.34,2271.0,1081.47,1189.53,408.78
4306,20220520,57,58,2,14,F836-9075,3,7,2466.8,17267.6,2070.39,15197.21,7482.56,7714.65,2735.5
4307,20231210,18,153,4,15,F070-6102,2,2,455.95,911.9,117.64,794.26,479.99,314.27,142.97
4308,20240808,80,183,10,18,F573-4037,9,15,126.13,1891.95,398.44,1493.51,784.69,708.82,268.83
4309,20250518,1,190,4,18,F127-1569,4,9,68.62,617.58,152.05,465.53,260.43,205.1,83.8
4310,20250305,27,79,6,11,F316-0511,8,9,899.59,8096.31,1163.44,6932.87,3805.61,3127.26,1247.92
4311,20230221,63,92,6,21,F966-8319,9,1,877.77,877.77,3.42,874.35,593.2,281.15,157.38
4312,20251031,17,32,9,1,F684-9100,3,9,2261.45,20353.05,2806.69,17546.36,8339.42,9206.94,3158.34
4313,20220801,73,35,9,9,F504-7885,10,8,1655.19,13241.52,1713.45,11528.07,6115.67,5412.4,2075.05
4314,20250801,71,57,8,3,F381-6983,5,11,256.57,2822.27,363.79,2458.48,1558.87,899.61,442.53
4315,20251204,13,198,1,13,F421-6818,8,8,1939.09,15512.72,839.24,14673.48,6725.3,7948.18,2641.23
4316,20221014,8,24,2,19,F808-1132,7,13,691.42,8988.46,479.08,8509.38,5755.36,2754.02,1531.69
4317,20241205,12,7,10,8,F502-3368,2,19,257.69,4896.11,406.87,4489.24,2854.67,1634.57,808.06
4318,20220316,25,20,8,1,F793-3522,8,2,1377.54,2755.08,158.69,2596.39,1488.31,1108.08,467.35
4319,20230914,74,138,10,5,F901-0834,1,7,161.68,1131.76,7.81,1123.95,533.18,590.77,202.31
4320,20240201,37,37,2,13,F187-4429,8,12,1341.38,16096.56,2081.29,14015.27,6464.84,7550.43,2522.75
4321,20240521,39,63,3,12,F901-5264,1,14,1736.19,24306.66,3395.64,20911.02,14280.54,6630.48,3763.98
4322,20251025,55,86,4,13,F827-7228,10,5,2122.5,10612.5,1527.14,9085.36,5464.63,3620.73,1635.36
4323,20241007,82,192,1,20,F354-7811,9,1,374.29,374.29,76.21,298.08,207.66,90.42,53.65
4324,20231214,78,83,1,30,F551-1618,10,8,995.22,7961.76,624.2,7337.56,5090.99,2246.57,1320.76
4325,20250416,78,192,5,9,F330-7135,6,14,1165.45,16316.3,2201.07,14115.23,9177.48,4937.75,2540.74
4326,20251111,58,115,5,10,F190-0551,6,18,1392.29,25061.22,4884.43,20176.79,13237.85,6938.94,3631.82
4327,20220212,34,95,6,14,F496-4598,1,12,1607.08,19284.96,4358.4,14926.56,10350.62,4575.94,2686.78
4328,20251215,73,128,6,20,F754-9778,4,2,1700.83,3401.66,99.67,3301.99,1810.78,1491.21,594.36
4329,20220530,5,161,2,10,F895-0546,6,1,256.49,256.49,4.59,251.9,169.04,82.86,45.34
4330,20250424,81,19,5,26,F805-4453,7,13,2320.64,30168.32,4751.51,25416.81,11558.96,13857.85,4575.03
4331,20230228,46,11,5,2,F024-4799,7,9,2215.96,19943.64,27.92,19915.72,9206.16,10709.56,3584.83
4332,20220812,33,55,5,24,F991-8774,8,9,377.39,3396.51,529.18,2867.33,1566.31,1301.02,516.12
4333,20231030,45,142,10,20,F146-4621,7,14,20.39,285.46,1.34,284.12,198.42,85.7,51.14
4334,20240828,55,50,9,2,F714-7709,10,15,1791.37,26870.55,2834.84,24035.71,11315.75,12719.96,4326.43
4335,20230810,43,171,2,26,F834-6293,6,3,1876.6,5629.8,1390.0,4239.8,2026.74,2213.06,763.16
4336,20220408,23,95,10,11,F617-0369,5,12,413.44,4961.28,74.42,4886.86,3023.79,1863.07,879.63
4337,20240620,31,19,8,9,F073-7092,5,1,1911.59,1911.59,209.89,1701.7,1122.35,579.35,306.31
4338,20250910,62,170,7,29,F194-1664,1,16,328.29,5252.64,1125.12,4127.52,2858.96,1268.56,742.95
4339,20230813,30,118,7,16,F060-2657,6,6,1017.33,6103.98,1068.81,5035.17,2418.95,2616.22,906.33
4340,20221129,40,75,5,13,F608-6872,5,4,1012.6,4050.4,418.41,3631.99,1865.01,1766.98,653.76
4341,20231102,47,65,5,3,F965-8885,4,17,1279.42,21750.14,3299.5,18450.64,11804.29,6646.35,3321.12
4342,20220329,24,62,8,21,F131-4455,5,3,1674.06,5022.18,1088.31,3933.87,2612.26,1321.61,708.1
4343,20250504,64,149,8,24,F735-5319,10,20,608.38,12167.6,2485.84,9681.76,4737.09,4944.67,1742.72
4344,20250514,12,136,10,10,F021-0082,10,9,243.88,2194.92,502.42,1692.5,888.28,804.22,304.65
4345,20240602,40,149,3,21,F767-4739,9,18,900.16,16202.88,1033.74,15169.14,8362.66,6806.48,2730.45
4346,20230627,65,63,8,13,F683-7821,7,1,181.63,181.63,29.24,152.39,86.73,65.66,27.43
4347,20250331,33,12,6,8,F281-2426,6,16,377.71,6043.36,1397.83,4645.53,2616.32,2029.21,836.2
4348,20240408,15,138,10,15,F314-7235,7,18,313.02,5634.36,640.06,4994.3,2776.15,2218.15,898.97
4349,20250513,59,21,10,4,F616-3109,6,13,2258.33,29358.29,5531.1,23827.19,14844.77,8982.42,4288.89
4350,20240810,21,167,10,7,F116-7346,7,9,2008.0,18072.0,569.27,17502.73,10400.41,7102.32,3150.49
4351,20250306,75,193,8,11,F589-1914,1,1,1902.73,1902.73,252.49,1650.24,889.08,761.16,297.04
4352,20240619,81,188,10,21,F688-6811,8,14,2241.13,31375.82,5754.33,25621.49,12891.18,12730.31,4611.87
4353,20230927,6,124,2,9,F035-5824,8,9,79.51,715.59,140.47,575.12,327.45,247.67,103.52
4354,20251119,60,192,1,23,F088-5898,6,2,1045.68,2091.36,70.48,2020.88,1093.9,926.98,363.76
4355,20240317,37,159,10,29,F552-5255,8,10,1154.6,11546.0,102.76,11443.24,7526.0,3917.24,2059.78
4356,20240630,42,67,5,30,F765-9005,5,13,1494.76,19431.88,4824.94,14606.94,7363.61,7243.33,2629.25
4357,20221203,46,100,7,7,F248-5543,5,11,2229.23,24521.53,4350.12,20171.41,12377.66,7793.75,3630.85
4358,20240802,24,88,4,25,F011-7362,3,11,1496.3,16459.3,108.63,16350.67,9668.53,6682.14,2943.12
4359,20240506,61,179,3,16,F399-9369,6,16,1143.09,18289.44,598.06,17691.38,10725.52,6965.86,3184.45
4360,20221023,65,149,5,27,F961-2582,7,16,196.42,3142.72,47.14,3095.58,1948.19,1147.39,557.2
4361,20220416,52,139,1,26,F652-3071,8,14,1050.43,14706.02,3401.5,11304.52,7378.9,3925.62,2034.81
4362,20240628,56,198,10,27,F824-4678,4,10,1891.76,18917.6,1250.45,17667.15,8712.02,8955.13,3180.09
4363,20250126,47,27,7,12,F230-7835,8,16,1096.89,17550.24,2646.58,14903.66,8189.95,6713.71,2682.66
4364,20240215,60,108,5,19,F067-9608,2,9,992.56,8933.04,311.76,8621.28,4937.78,3683.5,1551.83
4365,20221209,50,176,8,26,F178-5622,10,14,1204.39,16861.46,2453.34,14408.12,6561.84,7846.28,2593.46
4366,20240930,23,110,10,16,F543-1016,8,4,385.18,1540.72,149.45,1391.27,651.8,739.47,250.43
4367,20220520,80,6,9,3,F202-3535,5,7,133.95,937.65,12.56,925.09,571.22,353.87,166.52
4368,20231101,75,60,3,27,F443-9408,3,7,1711.17,11978.19,2835.24,9142.95,5212.22,3930.73,1645.73
4369,20220925,36,98,10,21,F361-1931,2,4,982.02,3928.08,542.47,3385.61,1599.94,1785.67,609.41
4370,20221023,83,68,1,8,F070-1753,9,19,540.07,10261.33,2173.35,8087.98,4489.9,3598.08,1455.84
4371,20221113,20,92,10,12,F099-1346,3,20,2366.37,47327.4,10714.92,36612.48,18884.42,17728.06,6590.25
4372,20230818,4,16,6,20,F975-6305,7,8,1500.08,12000.64,1688.49,10312.15,6975.99,3336.16,1856.19
4373,20220403,56,75,4,18,F692-3405,8,9,1878.32,16904.88,650.84,16254.04,9646.6,6607.44,2925.73
4374,20230903,46,77,7,8,F486-7854,4,10,2493.58,24935.8,5528.27,19407.53,11304.41,8103.12,3493.36
4375,20240123,40,188,3,28,F460-7781,3,11,947.42,10421.62,139.65,10281.97,5253.16,5028.81,1850.75
4376,20231216,11,41,6,2,F972-5407,6,19,2511.17,47712.23,2438.09,45274.14,21217.95,24056.19,8149.35
4377,20230813,26,168,5,22,F793-8373,4,15,1610.56,24158.4,3727.64,20430.76,9937.98,10492.78,3677.54
4378,20250604,60,125,10,29,F247-8360,9,18,884.43,15919.74,2860.78,13058.96,8365.23,4693.73,2350.61
4379,20220831,73,135,7,15,F170-8298,8,20,1716.04,34320.8,679.55,33641.25,16580.65,17060.6,6055.43
4380,20240112,62,14,5,1,F454-6217,3,18,284.58,5122.44,491.24,4631.2,2797.91,1833.29,833.62
4381,20220421,77,47,5,4,F762-5190,8,20,336.26,6725.2,1609.34,5115.86,2789.29,2326.57,920.85
4382,20220505,29,6,5,3,F722-0131,8,17,505.23,8588.91,107.36,8481.55,3855.39,4626.16,1526.68
4383,20240509,14,64,4,15,F058-2950,7,5,1946.66,9733.3,1448.32,8284.98,5394.5,2890.48,1491.3
4384,20240427,47,92,6,1,F081-9543,4,4,1196.88,4787.52,348.53,4438.99,2436.63,2002.36,799.02
4385,20250806,48,30,6,17,F310-6052,7,3,1878.63,5635.89,932.18,4703.71,2152.36,2551.35,846.67
4386,20240413,57,178,1,24,F715-1075,8,3,2412.13,7236.39,1470.43,5765.96,3282.49,2483.47,1037.87
4387,20251122,36,107,1,26,F512-3822,1,3,970.68,2912.04,658.99,2253.05,1267.91,985.14,405.55
4388,20220330,24,153,8,26,F649-0726,2,15,1827.17,27407.55,1460.82,25946.73,13058.18,12888.55,4670.41
4389,20220618,1,20,9,20,F874-2590,3,10,67.09,670.9,94.87,576.03,318.79,257.24,103.69
4390,20220322,34,98,6,9,F867-9725,7,1,1592.16,1592.16,165.58,1426.58,716.4,710.18,256.78
4391,20221024,52,70,4,11,F556-0679,5,11,1057.84,11636.24,2487.83,9148.41,6348.65,2799.76,1646.71
4392,20240317,61,9,5,11,F054-1359,6,18,956.55,17217.9,3061.34,14156.56,6479.95,7676.61,2548.18
4393,20240831,32,161,7,2,F851-2476,8,4,1700.55,6802.2,972.71,5829.49,3101.26,2728.23,1049.31
4394,20220325,52,71,8,16,F622-7161,7,7,1192.42,8346.94,1666.88,6680.06,4179.68,2500.38,1202.41
4395,20251106,7,86,7,5,F325-7737,6,9,1078.1,9702.9,2214.2,7488.7,4947.56,2541.14,1347.97
4396,20250609,2,67,1,13,F605-4317,9,6,579.64,3477.84,156.16,3321.68,1827.51,1494.17,597.9
4397,20230326,54,28,9,6,F511-8176,2,16,2371.42,37942.72,3202.37,34740.35,17872.63,16867.72,6253.26
4398,20220515,15,15,6,18,F022-1240,10,18,295.93,5326.74,1101.57,4225.17,2003.93,2221.24,760.53
4399,20221004,64,143,3,13,F504-8986,7,11,577.59,6353.49,562.28,5791.21,3315.63,2475.58,1042.42
4400,20220804,42,77,5,24,F141-4270,3,9,1752.43,15771.87,1067.76,14704.11,7681.77,7022.34,2646.74
4401,20220730,52,89,1,3,F337-2030,4,1,1166.18,1166.18,154.52,1011.66,470.57,541.09,182.1
4402,20240205,57,106,9,9,F899-7279,1,14,2329.6,32614.4,7987.27,24627.13,16512.41,8114.72,4432.88
4403,20221228,38,130,2,10,F154-0092,8,3,1893.23,5679.69,583.3,5096.39,3011.25,2085.14,917.35
4404,20230705,49,110,9,3,F924-4337,4,3,500.07,1500.21,164.72,1335.49,604.51,730.98,240.39
4405,20251221,55,153,8,13,F421-1717,1,16,1883.46,30135.36,1160.21,28975.15,19789.2,9185.95,5215.53
4406,20241022,41,8,8,14,F015-1317,8,15,1197.28,17959.2,3518.21,14440.99,7662.56,6778.43,2599.38
4407,20251109,45,2,1,29,F460-7754,9,4,23.1,92.4,16.41,75.99,44.39,31.6,13.68
4408,20220827,33,112,2,17,F641-7011,8,10,327.78,3277.8,798.14,2479.66,1340.62,1139.04,446.34
4409,20230812,62,24,10,24,F164-2898,9,14,318.8,4463.2,477.56,3985.64,1924.29,2061.35,717.42
4410,20240408,30,163,10,26,F155-1815,6,4,920.7,3682.8,238.28,3444.52,1559.22,1885.3,620.01
4411,20220515,21,137,4,7,F433-7600,5,6,2039.19,12235.14,2279.41,9955.73,6028.59,3927.14,1792.03
4412,20220108,7,12,6,19,F599-4385,5,19,1088.24,20676.56,529.32,20147.24,12526.42,7620.82,3626.5
4413,20241005,60,139,1,3,F181-2707,6,13,981.95,12765.35,1885.44,10879.91,7200.78,3679.13,1958.38
4414,20240825,52,191,1,28,F573-8843,1,2,1240.89,2481.78,330.08,2151.7,1191.47,960.23,387.31
4415,20230922,20,167,3,23,F049-6525,4,2,2270.0,4540.0,898.92,3641.08,2412.13,1228.95,655.39
4416,20231222,59,160,2,11,F127-6414,8,12,2079.76,24957.12,5785.06,19172.06,11594.57,7577.49,3450.97
4417,20230929,49,147,7,29,F825-5689,9,14,509.62,7134.68,1257.84,5876.84,2867.42,3009.42,1057.83
4418,20220215,51,34,6,8,F883-6156,9,7,2377.27,16640.89,1604.18,15036.71,10476.36,4560.35,2706.61
4419,20230529,63,46,6,28,F283-5892,1,5,759.02,3795.1,767.75,3027.35,1830.66,1196.69,544.92
4420,20221013,71,157,8,18,F820-7588,4,1,268.37,268.37,25.98,242.39,125.33,117.06,43.63
4421,20220619,84,138,4,21,F911-4711,2,16,433.63,6938.08,1580.49,5357.59,3505.5,1852.09,964.37
4422,20251118,8,75,9,10,F984-3947,10,1,739.11,739.11,80.78,658.33,349.34,308.99,118.5
4423,20240620,30,180,6,27,F666-6785,1,1,1053.31,1053.31,72.89,980.42,456.38,524.04,176.48
4424,20241211,69,145,4,16,F382-0088,5,16,1406.15,22498.4,4992.39,17506.01,9557.46,7948.55,3151.08
4425,20230426,37,81,9,27,F249-0946,5,20,1208.78,24175.6,5908.52,18267.08,11122.15,7144.93,3288.07
4426,20230828,61,41,8,14,F270-6035,2,16,941.39,15062.24,2465.69,12596.55,7485.34,5111.21,2267.38
4427,20221219,25,13,2,29,F639-8937,6,2,1300.73,2601.46,208.64,2392.82,1453.98,938.84,430.71
4428,20220617,63,199,1,18,F290-2949,8,16,783.04,12528.64,656.5,11872.14,6951.48,4920.66,2136.99
4429,20221016,40,1,8,6,F353-5157,4,6,830.21,4981.26,635.61,4345.65,2500.24,1845.41,782.22
4430,20250328,24,82,6,29,F058-1919,4,5,1499.79,7498.95,1803.5,5695.45,3076.58,2618.87,1025.18
4431,20241014,43,142,9,16,F689-5662,1,15,1657.85,24867.75,502.33,24365.42,15843.46,8521.96,4385.78
4432,20240326,47,136,5,3,F526-0402,6,20,1116.27,22325.4,4163.69,18161.71,8719.27,9442.44,3269.11
4433,20231208,12,1,8,9,F648-0684,5,4,248.99,995.96,31.67,964.29,667.23,297.06,173.57
4434,20251007,48,55,4,26,F791-2524,8,14,1819.11,25467.54,3695.34,21772.2,14773.52,6998.68,3919.0
4435,20220508,53,147,10,9,F459-3705,9,5,603.96,3019.8,592.18,2427.62,1324.68,1102.94,436.97
4436,20230228,60,173,6,6,F872-3337,10,7,1024.09,7168.63,75.27,7093.36,4851.28,2242.08,1276.8
4437,20230622,7,12,8,3,F153-4943,2,2,978.3,1956.6,179.42,1777.18,888.01,889.17,319.89
4438,20250303,27,36,6,18,F834-1139,10,20,905.68,18113.6,3827.4,14286.2,8627.61,5658.59,2571.52
4439,20251224,29,111,5,7,F992-7005,6,13,600.96,7812.48,1130.47,6682.01,4459.63,2222.38,1202.76
4440,20221223,25,178,10,26,F287-6109,7,10,1325.08,13250.8,2985.41,10265.39,7105.52,3159.87,1847.77
4441,20250731,71,82,2,30,F301-6251,4,12,256.41,3076.92,24.31,3052.61,1788.1,1264.51,549.47
4442,20250521,84,149,8,29,F421-3740,4,4,439.31,1757.24,234.59,1522.65,920.2,602.45,274.08
4443,20221207,6,54,4,27,F228-8490,9,1,70.88,70.88,4.98,65.9,43.01,22.89,11.86
4444,20230906,81,197,3,11,F028-2516,8,4,2427.27,9709.08,1605.88,8103.2,4429.58,3673.62,1458.58
4445,20230920,3,140,7,30,F389-7025,9,1,1529.83,1529.83,297.7,1232.13,629.98,602.15,221.78
4446,20251211,39,189,3,15,F323-7810,9,16,1871.18,29938.88,4883.03,25055.85,13709.92,11345.93,4510.05
4447,20221018,78,92,4,16,F199-8683,1,14,1087.41,15223.74,770.32,14453.42,8323.24,6130.18,2601.62
4448,20250330,72,12,10,15,F031-1530,10,5,1041.7,5208.5,261.99,4946.51,3317.78,1628.73,890.37
4449,20230527,75,176,8,12,F102-8580,7,10,1921.09,19210.9,2228.46,16982.44,7855.97,9126.47,3056.84
4450,20241213,18,168,7,27,F193-6616,8,19,429.2,8154.8,1034.03,7120.77,4317.56,2803.21,1281.74
4451,20231005,68,109,9,19,F397-0185,1,6,567.58,3405.48,430.45,2975.03,1822.33,1152.7,535.51
4452,20240517,49,135,2,29,F929-2616,8,13,511.84,6653.92,1419.95,5233.97,3015.03,2218.94,942.11
4453,20250524,76,69,7,11,F516-0381,7,6,422.05,2532.3,233.98,2298.32,1346.99,951.33,413.7
4454,20250407,70,74,2,22,F626-9989,8,15,2032.24,30483.6,4548.15,25935.45,12687.51,13247.94,4668.38
4455,20250718,78,136,4,9,F573-0072,10,7,1093.09,7651.63,235.67,7415.96,4370.98,3044.98,1334.87
4456,20220417,70,136,8,18,F588-0730,5,12,2087.99,25055.88,5544.87,19511.01,10040.75,9470.26,3511.98
4457,20241101,69,139,7,30,F709-7502,3,9,1301.24,11711.16,1219.13,10492.03,6809.11,3682.92,1888.57
4458,20220823,50,130,1,14,F721-6923,7,4,1168.29,4673.16,252.82,4420.34,2729.52,1690.82,795.66
4459,20230929,39,176,5,8,F656-0399,9,20,1708.08,34161.6,7549.71,26611.89,15145.72,11466.17,4790.14
4460,20240329,64,135,3,30,F658-5480,4,1,583.88,583.88,122.91,460.97,231.83,229.14,82.97
4461,20230910,57,136,8,1,F295-1316,6,14,2063.37,28887.18,5306.57,23580.61,15766.54,7814.07,4244.51
4462,20240207,41,52,2,10,F839-2738,2,4,1259.8,5039.2,295.8,4743.4,3004.94,1738.46,853.81
4463,20251228,62,153,10,9,F989-4130,4,13,310.56,4037.28,991.15,3046.13,1576.45,1469.68,548.3
4464,20220816,26,58,1,12,F665-7825,7,16,1857.96,29727.36,7253.48,22473.88,11006.86,11467.02,4045.3
4465,20241011,56,113,9,9,F733-6570,5,17,1682.12,28596.04,2207.61,26388.43,11967.38,14421.05,4749.92
4466,20230901,2,99,3,4,F615-7960,9,11,571.27,6283.97,695.01,5588.96,2926.24,2662.72,1006.01
4467,20220813,41,88,5,5,F270-5474,9,11,1354.45,14898.95,2351.05,12547.9,6638.14,5909.76,2258.62
4468,20220919,55,15,8,6,F139-6882,8,6,1900.6,11403.6,1739.05,9664.55,5732.42,3932.13,1739.62
4469,20251110,79,199,5,4,F234-8467,3,14,1009.32,14130.48,2354.14,11776.34,5590.5,6185.84,2119.74
4470,20250808,57,135,4,8,F631-2212,4,8,2352.42,18819.36,2621.54,16197.82,10005.88,6191.94,2915.61
4471,20250916,69,92,5,14,F665-8209,7,20,1422.7,28454.0,3733.16,24720.84,11976.18,12744.66,4449.75
4472,20251223,24,93,7,12,F510-4403,9,14,1693.23,23705.22,5824.37,17880.85,8316.36,9564.49,3218.55
4473,20221120,7,21,5,27,F791-9497,3,10,1017.23,10172.3,510.65,9661.65,5922.16,3739.49,1739.1
4474,20230701,53,103,1,2,F748-1265,3,8,536.31,4290.48,672.32,3618.16,1631.85,1986.31,651.27
4475,20241003,55,10,10,26,F445-1237,5,10,1904.97,19049.7,4072.83,14976.87,9123.52,5853.35,2695.84
4476,20231216,78,13,10,4,F441-6427,6,19,1172.36,22274.84,5051.93,17222.91,8110.21,9112.7,3100.12
4477,20231003,76,185,4,2,F056-1575,8,10,503.18,5031.8,427.7,4604.1,2429.79,2174.31,828.74
4478,20230705,67,126,5,28,F778-2561,1,13,1323.52,17205.76,560.91,16644.85,10549.48,6095.37,2996.07
4479,20240611,83,147,9,30,F915-7500,4,5,498.62,2493.1,211.91,2281.19,1411.36,869.83,410.61
4480,20240512,8,102,6,27,F793-6552,10,7,670.85,4695.95,185.49,4510.46,2493.91,2016.55,811.88
4481,20220923,14,171,7,25,F930-1077,2,15,1736.13,26041.95,385.42,25656.53,14959.13,10697.4,4618.18
4482,20231205,64,9,1,14,F277-2886,3,9,509.75,4587.75,0.92,4586.83,2232.44,2354.39,825.63
4483,20240406,59,166,5,25,F688-6782,6,9,2529.09,22761.81,1395.3,21366.51,14059.42,7307.09,3845.97
4484,20240504,18,50,5,16,F911-8034,5,12,509.36,6112.32,92.91,6019.41,3190.11,2829.3,1083.49
4485,20221122,11,180,10,29,F361-3150,9,14,2073.73,29032.22,107.42,28924.8,16692.11,12232.69,5206.46
4486,20241224,69,144,8,30,F325-9237,3,11,1438.55,15824.05,1421.0,14403.05,8783.4,5619.65,2592.55
4487,20220218,8,42,9,24,F804-2699,4,3,637.13,1911.39,321.69,1589.7,1065.74,523.96,286.15
4488,20230630,7,187,4,1,F933-4033,3,4,1069.32,4277.28,426.87,3850.41,2638.9,1211.51,693.07
4489,20250227,78,199,5,8,F234-2384,10,15,1213.44,18201.6,3207.12,14994.48,7853.03,7141.45,2699.01
4490,20240423,40,128,5,29,F725-0882,5,15,892.5,13387.5,1757.78,11629.72,7991.65,3638.07,2093.35
4491,20230122,61,101,5,30,F636-7878,3,5,1146.3,5731.5,375.41,5356.09,3262.47,2093.62,964.1
4492,20241104,66,105,8,21,F920-1221,1,10,520.98,5209.8,133.89,5075.91,3293.11,1782.8,913.66
4493,20240429,5,45,10,17,F170-9486,10,15,240.22,3603.3,503.74,3099.56,1620.73,1478.83,557.92
4494,20250325,32,33,7,12,F519-5713,10,9,1418.91,12770.19,418.86,12351.33,5955.43,6395.9,2223.24
4495,20241217,61,47,5,17,F607-1171,1,2,1152.16,2304.32,557.42,1746.9,1164.58,582.32,314.44
4496,20240708,44,93,9,24,F268-3746,5,16,285.97,4575.52,644.69,3930.83,2326.93,1603.9,707.55
4497,20231220,45,198,4,10,F210-4346,5,12,23.72,284.64,68.4,216.24,132.48,83.76,38.92
4498,20220813,8,6,7,28,F668-3547,2,15,701.6,10524.0,1819.6,8704.4,5035.74,3668.66,1566.79
4499,20230122,31,116,9,24,F803-4416,6,20,2123.01,42460.2,6882.8,35577.4,18132.47,17444.93,6403.93
4500,20231003,80,32,3,17,F168-1202,2,16,120.18,1922.88,100.57,1822.31,1134.83,687.48,328.02
4501,20240620,10,169,9,3,F328-4195,5,10,762.85,7628.5,1215.22,6413.28,3037.75,3375.53,1154.39
4502,20240127,64,163,8,2,F500-0955,6,17,613.21,10424.57,1520.94,8903.63,5714.38,3189.25,1602.65
4503,20230313,4,6,7,30,F134-6306,4,20,1391.63,27832.6,2582.87,25249.73,15435.88,9813.85,4544.95
4504,20220113,24,196,4,5,F438-5484,8,6,1651.29,9907.74,2307.51,7600.23,4776.35,2823.88,1368.04
4505,20231228,20,190,8,2,F493-8412,10,16,2095.42,33526.72,5082.65,28444.07,13173.71,15270.36,5119.93
4506,20230308,83,170,6,6,F718-3127,10,20,490.63,9812.6,2268.67,7543.93,4335.42,3208.51,1357.91
4507,20241217,76,133,5,12,F284-4387,2,7,478.5,3349.5,325.57,3023.93,1969.74,1054.19,544.31
4508,20220215,76,116,10,5,F540-2713,7,8,471.0,3768.0,925.04,2842.96,1929.29,913.67,511.73
4509,20240527,19,91,2,11,F618-9459,6,1,1655.71,1655.71,41.72,1613.99,1050.41,563.58,290.52
4510,20251101,22,190,8,4,F370-5432,4,10,1080.45,10804.5,1205.78,9598.72,6241.46,3357.26,1727.77
4511,20221010,25,199,4,3,F813-3493,5,3,1593.26,4779.78,1166.27,3613.51,2028.96,1584.55,650.43
4512,20231205,64,109,2,28,F476-6218,6,13,537.48,6987.24,1537.19,5450.05,3292.19,2157.86,981.01
4513,20220608,81,12,3,16,F542-6950,5,4,2084.03,8336.12,1673.06,6663.06,4333.94,2329.12,1199.35
4514,20240802,79,172,8,2,F787-0082,6,12,1120.89,13450.68,2986.05,10464.63,6858.74,3605.89,1883.63
4515,20240401,16,14,7,7,F098-0046,6,11,1355.34,14908.74,846.82,14061.92,9482.92,4579.0,2531.15
4516,20230917,28,187,9,15,F649-9430,3,13,576.12,7489.56,1846.93,5642.63,2832.87,2809.76,1015.67
4517,20240211,64,132,10,16,F325-3186,2,13,532.5,6922.5,1340.89,5581.61,2761.48,2820.13,1004.69
4518,20250901,10,53,9,16,F138-0431,8,12,859.98,10319.76,422.08,9897.68,5097.67,4800.01,1781.58
4519,20221106,42,167,5,9,F670-9974,5,7,1601.83,11212.81,2054.19,9158.62,4832.27,4326.35,1648.55
4520,20220213,15,174,10,25,F782-6298,3,19,315.03,5985.57,562.05,5423.52,2806.9,2616.62,976.23
4521,20250711,82,148,3,25,F505-7320,2,7,386.54,2705.78,373.94,2331.84,1053.03,1278.81,419.73
4522,20240515,46,85,1,21,F456-0964,6,8,2284.56,18276.48,3041.21,15235.27,8432.83,6802.44,2742.35
4523,20250824,15,31,1,7,F092-8705,7,5,334.67,1673.35,146.25,1527.1,933.94,593.16,274.88
4524,20240616,58,71,5,27,F760-6116,7,1,1161.97,1161.97,138.51,1023.46,608.72,414.74,184.22
4525,20250417,55,187,8,22,F386-0157,2,3,2125.05,6375.15,986.87,5388.28,3510.49,1877.79,969.89
4526,20231017,43,197,2,1,F190-6426,6,9,1619.33,14573.97,854.03,13719.94,9586.14,4133.8,2469.59
4527,20241231,44,165,7,12,F764-7504,4,10,274.89,2748.9,317.22,2431.68,1349.13,1082.55,437.7
4528,20250925,18,196,1,11,F003-7098,9,16,476.87,7629.92,914.83,6715.09,3526.87,3188.22,1208.72
4529,20240507,42,77,7,25,F720-3045,2,5,1659.22,8296.1,500.25,7795.85,3614.38,4181.47,1403.25
4530,20221018,40,97,6,8,F871-7584,4,1,962.02,962.02,207.8,754.22,497.38,256.84,135.76
4531,20230206,2,126,9,3,F651-6847,3,10,520.91,5209.1,214.61,4994.49,2992.21,2002.28,899.01
4532,20221109,75,91,1,16,F115-0828,7,19,1784.94,33913.86,6809.9,27103.96,14756.96,12347.0,4878.71
4533,20221229,51,118,1,11,F591-0961,5,20,2008.79,40175.8,546.39,39629.41,22127.73,17501.68,7133.29
4534,20230412,16,114,10,14,F691-3322,2,19,1211.98,23027.62,3682.12,19345.5,11999.29,7346.21,3482.19
4535,20240409,77,160,7,22,F050-9004,8,10,350.65,3506.5,361.52,3144.98,1440.62,1704.36,566.1
4536,20240602,35,131,4,1,F526-8030,9,3,1821.14,5463.42,1178.46,4284.96,2088.46,2196.5,771.29
4537,20231013,67,131,9,5,F263-3552,8,16,1179.18,18866.88,2133.84,16733.04,9885.82,6847.22,3011.95
4538,20240716,45,111,3,15,F260-8229,3,17,22.47,381.99,70.74,311.25,181.92,129.33,56.02
4539,20220523,30,84,5,16,F834-5456,10,2,862.58,1725.16,245.84,1479.32,828.52,650.8,266.28
4540,20220602,46,56,7,15,F879-2481,2,7,2073.37,14513.59,3091.39,11422.2,7429.75,3992.45,2056.0
4541,20221007,9,17,5,1,F549-2612,9,13,1933.06,25129.78,2801.97,22327.81,14132.8,8195.01,4019.01
4542,20240205,24,31,4,15,F082-6884,6,13,1828.48,23770.24,1832.69,21937.55,13212.58,8724.97,3948.76
4543,20221127,8,170,2,12,F929-9340,7,6,680.58,4083.48,677.86,3405.62,2198.86,1206.76,613.01
4544,20230305,82,168,10,3,F374-1741,9,18,384.24,6916.32,148.01,6768.31,3422.58,3345.73,1218.3
4545,20230907,10,7,5,29,F451-9735,1,13,853.49,11095.37,2239.05,8856.32,5763.98,3092.34,1594.14
4546,20250420,39,198,6,22,F825-8952,2,10,1857.26,18572.6,1307.51,17265.09,8898.94,8366.15,3107.72
4547,20220127,43,127,9,19,F908-1526,2,8,1635.75,13086.0,2016.55,11069.45,7493.42,3576.03,1992.5
4548,20240905,80,153,1,1,F639-8201,7,6,147.11,882.66,95.77,786.89,519.71,267.18,141.64
4549,20241003,7,75,5,28,F083-7028,7,17,1034.35,17583.95,320.03,17263.92,11917.97,5345.95,3107.51
4550,20250329,50,156,5,6,F994-0033,7,16,1178.08,18849.28,3577.59,15271.69,9486.91,5784.78,2748.9
4551,20251021,61,89,9,5,F287-0191,5,1,949.2,949.2,81.25,867.95,503.17,364.78,156.23
4552,20220208,80,180,6,23,F496-2895,5,16,137.83,2205.28,392.32,1812.96,1082.98,729.98,326.33
4553,20220912,1,192,9,28,F424-1514,8,2,66.09,132.18,6.52,125.66,68.03,57.63,22.62
4554,20250817,45,176,5,20,F312-7672,7,20,22.32,446.4,48.57,397.83,255.92,141.91,71.61
4555,20231120,34,89,9,30,F217-2968,6,4,1827.21,7308.84,1114.6,6194.24,3700.74,2493.5,1114.96
4556,20240424,10,104,4,7,F269-2194,3,2,834.55,1669.1,34.55,1634.55,791.24,843.31,294.22
4557,20240925,57,137,6,19,F314-2711,7,16,2448.12,39169.92,6827.32,32342.6,18382.52,13960.08,5821.67
4558,20241016,65,95,5,7,F711-4559,5,20,169.3,3386.0,557.67,2828.33,1527.59,1300.74,509.1
4559,20251019,69,31,2,11,F664-5553,8,3,1457.84,4373.52,263.72,4109.8,2500.39,1609.41,739.76
4560,20251229,52,27,4,20,F559-5940,6,4,1192.81,4771.24,802.05,3969.19,2153.94,1815.25,714.45
4561,20241203,32,195,4,20,F507-3969,2,7,1448.85,10141.95,1192.69,8949.26,4058.32,4890.94,1610.87
4562,20230311,60,184,4,5,F286-3846,5,6,919.86,5519.16,1125.91,4393.25,2141.33,2251.92,790.78
4563,20250808,19,124,10,29,F443-5340,7,7,1441.34,10089.38,1434.71,8654.67,5620.52,3034.15,1557.84
4564,20220331,22,5,1,14,F727-4244,6,16,1096.44,17543.04,864.87,16678.17,8433.7,8244.47,3002.07
4565,20221214,42,133,3,20,F914-4795,1,2,1695.41,3390.82,847.03,2543.79,1338.55,1205.24,457.88
4566,20250902,61,94,6,17,F452-2945,10,18,1127.5,20295.0,807.74,19487.26,10615.89,8871.37,3507.71
4567,20230113,25,193,3,21,F656-5918,9,15,1564.55,23468.25,136.12,23332.13,12994.67,10337.46,4199.78
4568,20221204,60,91,9,5,F847-2227,7,13,1001.26,13016.38,63.78,12952.6,6024.54,6928.06,2331.47
4569,20220820,19,96,1,3,F087-6064,4,3,1660.14,4980.42,1210.24,3770.18,2633.11,1137.07,678.63
4570,20250706,18,56,5,25,F098-4680,8,15,481.59,7223.85,1349.42,5874.43,4094.78,1779.65,1057.4
4571,20240101,62,179,7,7,F754-7989,2,13,326.74,4247.62,903.89,3343.73,1960.11,1383.62,601.87
4572,20241010,31,135,1,28,F829-5453,4,19,2296.82,43639.58,6415.02,37224.56,21148.57,16075.99,6700.42
4573,20221221,65,46,3,21,F802-3654,10,19,169.76,3225.44,444.14,2781.3,1944.32,836.98,500.63
4574,20250116,50,50,8,26,F778-6373,5,11,1369.2,15061.2,1704.93,13356.27,8507.12,4849.15,2404.13
4575,20250119,37,40,3,5,F013-8875,4,6,1174.11,7044.66,1103.19,5941.47,4050.24,1891.23,1069.46
4576,20230422,36,34,10,19,F704-6335,2,9,1011.86,9106.74,1540.86,7565.88,4917.79,2648.09,1361.86
4577,20230922,27,97,1,30,F747-7087,10,15,913.46,13701.9,257.6,13444.3,8327.99,5116.31,2419.97
4578,20221122,76,20,1,13,F674-8672,4,7,495.76,3470.32,525.06,2945.26,1519.01,1426.25,530.15
4579,20251209,67,150,9,24,F387-0242,5,20,1285.04,25700.8,904.67,24796.13,13520.92,11275.21,4463.3
4580,20240831,24,28,1,8,F432-3124,1,12,1665.7,19988.4,3503.97,16484.43,10694.24,5790.19,2967.2
4581,20251023,47,107,3,11,F642-0567,10,11,1181.26,12993.86,2115.4,10878.46,6664.44,4214.02,1958.12
4582,20230407,50,141,9,18,F630-9543,1,3,1318.36,3955.08,138.43,3816.65,2021.97,1794.68,687.0
4583,20250302,71,135,2,3,F906-0060,8,17,263.01,4471.17,1046.25,3424.92,2194.11,1230.81,616.49
4584,20250131,13,103,1,8,F799-6783,9,6,1922.64,11535.84,2635.94,8899.9,4459.6,4440.3,1601.98
4585,20241101,4,74,5,26,F789-4457,4,11,1410.5,15515.5,3807.5,11708.0,7207.28,4500.72,2107.44
4586,20251128,63,183,8,16,F875-6827,4,4,749.84,2999.36,630.17,2369.19,1169.07,1200.12,426.45
4587,20230828,72,151,2,22,F945-8263,1,8,1043.09,8344.72,1618.04,6726.68,3149.19,3577.49,1210.8
4588,20220810,39,152,8,19,F992-7999,6,10,1778.22,17782.2,3104.77,14677.43,6776.05,7901.38,2641.94
4589,20241006,49,143,1,3,F831-8612,8,9,485.11,4365.99,192.54,4173.45,2457.46,1715.99,751.22
4590,20241212,36,59,2,4,F164-6332,6,20,949.61,18992.2,434.92,18557.28,12775.14,5782.14,3340.31
4591,20240511,80,34,4,4,F137-1183,8,10,139.07,1390.7,134.76,1255.94,633.37,622.57,226.07
4592,20221118,68,36,8,28,F323-8617,9,1,477.68,477.68,36.83,440.85,275.89,164.96,79.35
4593,20240110,71,43,1,14,F224-0399,5,3,222.19,666.57,88.85,577.72,348.23,229.49,103.99
4594,20230421,15,102,2,18,F910-9281,2,5,301.19,1505.95,325.89,1180.06,580.43,599.63,212.41
4595,20231014,2,18,8,20,F675-2964,6,8,549.72,4397.76,106.43,4291.33,1976.72,2314.61,772.44
4596,20240830,9,5,2,7,F679-7353,1,6,1701.26,10207.56,398.09,9809.47,5746.43,4063.04,1765.7
4597,20241227,23,24,10,10,F006-1225,5,19,358.83,6817.77,1112.66,5705.11,3366.05,2339.06,1026.92
4598,20221215,50,104,1,30,F477-8116,3,3,1319.07,3957.21,855.94,3101.27,1578.72,1522.55,558.23
4599,20230914,63,147,9,1,F445-3354,6,10,753.67,7536.7,686.59,6850.11,4274.65,2575.46,1233.02
4600,20230206,30,103,3,14,F136-5333,2,7,908.88,6362.16,576.41,5785.75,2765.64,3020.11,1041.43
4601,20221109,5,125,4,2,F900-5951,2,19,226.14,4296.66,292.17,4004.49,2741.44,1263.05,720.81
4602,20250304,44,102,8,7,F057-9610,3,8,254.25,2034.0,334.39,1699.61,777.28,922.33,305.93
4603,20250919,38,52,6,19,F647-6875,7,16,2252.01,36032.16,2785.29,33246.87,20261.68,12985.19,5984.44
4604,20230725,44,58,9,12,F493-4554,4,19,262.34,4984.46,62.31,4922.15,3193.68,1728.47,885.99
4605,20250103,29,180,1,1,F815-9055,5,19,567.24,10777.56,862.2,9915.36,5712.17,4203.19,1784.76
4606,20250902,14,183,5,14,F532-3952,2,13,1875.97,24387.61,2975.29,21412.32,9870.01,11542.31,3854.22
4607,20250615,35,58,10,9,F787-6065,6,1,1737.09,1737.09,419.16,1317.93,850.58,467.35,237.23
4608,20221021,66,165,3,2,F101-8225,2,10,580.02,5800.2,563.2,5237.0,3329.28,1907.72,942.66
4609,20251118,83,25,7,12,F108-9832,9,1,564.17,564.17,19.8,544.37,267.99,276.38,97.99
4610,20230804,71,153,2,28,F499-5719,1,1,265.15,265.15,26.91,238.24,108.15,130.09,42.88
4611,20230604,59,42,7,27,F926-7561,8,4,2517.08,10068.32,2313.7,7754.62,4929.96,2824.66,1395.83
4612,20220421,82,101,3,22,F149-8442,5,1,394.39,394.39,27.65,366.74,173.66,193.08,66.01
4613,20231219,26,191,9,27,F777-8177,3,14,1820.8,25491.2,2202.44,23288.76,13611.88,9676.88,4191.98
4614,20220706,2,143,8,3,F912-0490,4,1,500.43,500.43,32.18,468.25,324.24,144.01,84.28
4615,20221230,50,193,5,3,F259-4776,3,11,1364.3,15007.3,853.92,14153.38,8095.33,6058.05,2547.61
4616,20230429,61,87,4,3,F885-4860,6,19,963.51,18306.69,4281.93,14024.76,9598.76,4426.0,2524.46
4617,20250415,75,13,3,21,F633-0303,7,1,1851.41,1851.41,443.04,1408.37,972.11,436.26,253.51
4618,20250802,75,66,3,26,F460-2278,10,16,1844.15,29506.4,1442.86,28063.54,14839.55,13223.99,5051.44
4619,20230405,33,7,10,17,F963-2614,5,3,329.57,988.71,9.39,979.32,632.48,346.84,176.28
4620,20250706,42,171,5,15,F043-2472,4,17,1469.01,24973.17,726.72,24246.45,15213.23,9033.22,4364.36
4621,20250703,54,110,1,6,F178-5948,3,10,2015.8,20158.0,566.44,19591.56,9106.39,10485.17,3526.48
4622,20250128,43,66,2,15,F432-3056,3,7,1720.3,12042.1,1989.35,10052.75,4725.45,5327.3,1809.49
4623,20220902,70,126,6,9,F696-0518,2,19,1729.77,32865.63,2846.16,30019.47,20459.06,9560.41,5403.5
4624,20241030,50,141,5,18,F169-9072,2,15,1219.1,18286.5,2806.98,15479.52,8324.09,7155.43,2786.31
4625,20251105,58,191,7,20,F646-1693,1,7,1177.18,8240.26,435.09,7805.17,5166.68,2638.49,1404.93
4626,20241020,70,91,7,4,F140-0998,7,19,1784.55,33906.45,3587.3,30319.15,18653.55,11665.6,5457.45
4627,20230523,37,97,5,15,F569-5827,7,14,1188.02,16632.28,3479.47,13152.81,9206.87,3945.94,2367.51
4628,20240102,22,15,2,21,F888-5009,4,2,1046.02,2092.04,290.38,1801.66,1225.89,575.77,324.3
4629,20240831,74,149,10,29,F175-8432,7,5,160.0,800.0,71.2,728.8,488.8,240.0,131.18
4630,20240121,16,28,5,8,F542-2509,6,17,1181.09,20078.53,1728.76,18349.77,9793.95,8555.82,3302.96
4631,20220724,43,186,9,25,F420-5528,10,8,1651.82,13214.56,613.16,12601.4,8586.28,4015.12,2268.25
4632,20230421,16,136,1,25,F358-3043,9,4,1327.66,5310.64,1143.38,4167.26,2461.6,1705.66,750.11
4633,20250405,27,4,7,16,F225-0246,9,2,969.32,1938.64,412.15,1526.49,816.24,710.25,274.77
4634,20250710,29,5,2,24,F442-7779,8,8,591.41,4731.28,664.74,4066.54,2366.01,1700.53,731.98
4635,20220819,52,189,1,11,F014-8022,2,3,1190.46,3571.38,519.28,3052.1,1866.89,1185.21,549.38
4636,20251113,75,195,5,12,F959-4545,1,20,1887.49,37749.8,3340.86,34408.94,19656.42,14752.52,6193.61
4637,20230518,56,117,7,16,F213-9049,5,4,1857.14,7428.56,1652.11,5776.45,2956.44,2820.01,1039.76
4638,20240924,32,127,7,20,F323-9822,8,11,1435.49,15790.39,2941.75,12848.64,6978.93,5869.71,2312.76
4639,20250104,80,43,8,7,F172-4334,4,13,124.2,1614.6,72.66,1541.94,851.51,690.43,277.55
4640,20250420,63,21,10,22,F042-5349,7,7,856.17,5993.19,1013.45,4979.74,3031.04,1948.7,896.35
4641,20251106,52,176,4,10,F196-0346,8,4,1232.83,4931.32,1139.13,3792.19,1958.25,1833.94,682.59
4642,20230422,51,130,8,13,F831-8968,2,8,2191.02,17528.16,659.06,16869.1,10025.73,6843.37,3036.44
4643,20250705,83,185,2,19,F106-7714,1,14,533.39,7467.46,61.98,7405.48,3988.26,3417.22,1332.99
4644,20220811,21,62,8,9,F747-3523,8,6,2138.16,12828.96,2776.19,10052.77,5598.79,4453.98,1809.5
4645,20241116,32,68,4,10,F077-3088,6,3,1572.8,4718.4,257.15,4461.25,2091.48,2369.77,803.02
4646,20241224,62,32,2,4,F759-4702,8,14,313.54,4389.56,822.6,3566.96,1732.55,1834.41,642.05
4647,20241014,49,119,9,16,F908-3752,6,6,527.14,3162.84,19.93,3142.91,1575.36,1567.55,565.72
4648,20230105,40,107,5,15,F925-3179,2,11,848.99,9338.89,2175.03,7163.86,4644.87,2518.99,1289.49
4649,20250729,84,46,7,13,F237-7757,1,13,368.79,4794.27,613.67,4180.6,2222.84,1957.76,752.51
4650,20221003,2,141,4,2,F128-4886,9,17,546.37,9288.29,2062.0,7226.29,3736.96,3489.33,1300.73
4651,20220407,47,3,9,17,F992-0774,5,4,1206.1,4824.4,488.23,4336.17,2929.05,1407.12,780.51
4652,20241130,9,34,5,10,F971-6589,3,20,1808.75,36175.0,340.05,35834.95,24635.39,11199.56,6450.29
4653,20231208,72,68,7,2,F950-8932,8,6,990.33,5941.98,642.33,5299.65,3003.96,2295.69,953.94
4654,20250620,28,145,4,23,F096-8459,2,14,562.32,7872.48,1642.2,6230.28,2925.42,3304.86,1121.45
4655,20230814,25,52,9,24,F008-5006,6,5,1437.4,7187.0,1371.28,5815.72,3474.13,2341.59,1046.83
4656,20221002,1,190,4,9,F582-1835,2,1,75.61,75.61,14.68,60.93,37.2,23.73,10.97
4657,20250530,52,123,4,18,F708-6671,9,14,1115.18,15612.52,996.08,14616.44,7253.12,7363.32,2630.96
4658,20240330,13,34,3,21,F500-9149,2,8,1889.18,15113.44,3498.76,11614.68,6606.03,5008.65,2090.64
4659,20221029,72,48,6,23,F516-8765,4,12,896.69,10760.28,2415.68,8344.6,5130.18,3214.42,1502.03
4660,20241203,5,105,1,21,F245-4004,9,3,256.88,770.64,38.53,732.11,418.53,313.58,131.78
4661,20240122,40,4,3,17,F505-5076,10,16,839.59,13433.44,2549.67,10883.77,6135.93,4747.84,1959.08
4662,20240628,2,136,9,3,F004-5547,1,14,538.01,7532.14,1719.59,5812.55,3612.08,2200.47,1046.26
4663,20231123,32,136,9,22,F250-7279,10,14,1590.4,22265.6,2676.33,19589.27,9180.2,10409.07,3526.07
4664,20250518,82,58,1,25,F570-2544,3,18,383.0,6894.0,566.69,6327.31,3850.49,2476.82,1138.92
4665,20250519,58,90,4,19,F325-4016,7,17,1298.75,22078.75,532.1,21546.65,11989.09,9557.56,3878.4
4666,20241121,76,45,1,15,F172-4924,9,5,468.17,2340.85,142.09,2198.76,1520.71,678.05,395.78
4667,20220701,54,173,3,8,F054-6371,8,3,2059.9,6179.7,526.51,5653.19,3674.25,1978.94,1017.57
4668,20250603,71,22,5,23,F080-2465,9,19,218.99,4160.81,290.84,3869.97,2216.73,1653.24,696.59
4669,20241005,1,41,1,18,F207-6879,3,15,69.52,1042.8,27.43,1015.37,706.83,308.54,182.77
4670,20241107,37,55,8,18,F663-9113,7,10,1229.54,12295.4,1547.99,10747.41,5918.31,4829.1,1934.53
4671,20230713,9,116,8,14,F026-6816,4,8,1797.87,14382.96,2886.66,11496.3,5546.78,5949.52,2069.33
4672,20250807,79,105,9,19,F881-9538,1,11,1144.31,12587.41,2016.5,10570.91,6622.4,3948.51,1902.76
4673,20241208,55,152,9,9,F660-3594,7,16,1883.37,30133.92,2196.76,27937.16,17447.02,10490.14,5028.69
4674,20220712,52,96,7,25,F088-8310,5,8,1273.81,10190.48,1721.17,8469.31,4818.25,3651.06,1524.48
4675,20230918,46,135,6,19,F142-9985,5,16,2173.24,34771.84,3936.17,30835.67,19383.88,11451.79,5550.42
4676,20250818,44,132,4,15,F299-5113,9,14,277.9,3890.6,71.59,3819.01,2647.49,1171.52,687.42
4677,20220327,73,97,1,10,F134-4402,5,7,1740.3,12182.1,2309.73,9872.37,6631.0,3241.37,1777.03
4678,20251123,42,164,1,5,F124-7855,9,12,1451.16,17413.92,3625.58,13788.34,7548.9,6239.44,2481.9
4679,20241016,23,102,2,24,F004-3837,8,19,408.12,7754.28,1076.29,6677.99,4529.32,2148.67,1202.04
4680,20240810,53,131,1,10,F220-8043,5,6,543.95,3263.7,480.74,2782.96,1254.11,1528.85,500.93
4681,20230209,12,3,9,24,F385-5224,6,14,239.34,3350.76,511.66,2839.1,1861.02,978.08,511.04
4682,20221230,16,152,8,30,F004-8127,9,14,1183.01,16562.14,3216.37,13345.77,6344.82,7000.95,2402.24
4683,20251101,27,160,5,2,F171-7717,6,7,933.93,6537.51,1108.76,5428.75,2761.76,2666.99,977.17
4684,20230329,76,104,6,15,F374-5979,6,12,446.01,5352.12,1206.37,4145.75,1933.95,2211.8,746.24
4685,20250218,61,19,1,22,F929-8117,1,13,1004.63,13060.19,692.19,12368.0,6024.64,6343.36,2226.24
4686,20230828,44,134,5,4,F053-9376,7,11,271.42,2985.62,739.54,2246.08,1279.62,966.46,404.29
4687,20220822,1,105,2,22,F352-3174,2,14,77.59,1086.26,252.01,834.25,548.11,286.14,150.16
4688,20220121,57,75,6,13,F616-7587,10,1,2191.97,2191.97,440.81,1751.16,860.05,891.11,315.21
4689,20240322,12,100,10,15,F337-7507,6,10,233.7,2337.0,124.33,2212.67,1415.64,797.03,398.28
4690,20251208,47,199,3,14,F022-6107,4,1,1152.21,1152.21,110.73,1041.48,518.28,523.2,187.47
4691,20230723,31,156,10,14,F603-6558,7,18,2245.87,40425.66,1592.77,38832.89,23587.56,15245.33,6989.92
4692,20230704,7,133,9,2,F296-1770,5,4,1014.52,4058.08,521.46,3536.62,2261.49,1275.13,636.59
4693,20230612,82,135,8,9,F342-1726,3,14,365.72,5120.08,1255.96,3864.12,2644.68,1219.44,695.54
4694,20240209,50,157,1,28,F169-2592,10,19,1184.84,22511.96,4952.63,17559.33,11705.83,5853.5,3160.68
4695,20231031,27,56,2,22,F168-1389,4,20,982.7,19654.0,3176.09,16477.91,8614.73,7863.18,2966.02
4696,20250808,36,157,10,1,F942-0671,8,11,1056.6,11622.6,960.03,10662.57,5969.78,4692.79,1919.26
4697,20240112,24,143,8,5,F962-4089,1,13,1615.71,21004.23,4104.23,16900.0,11207.23,5692.77,3042.0
4698,20240116,49,51,8,23,F076-6067,2,14,498.15,6974.1,607.44,6366.66,4239.43,2127.23,1146.0
4699,20220821,7,98,8,20,F370-9503,4,8,959.12,7672.96,764.99,6907.97,3895.11,3012.86,1243.43
4700,20251215,17,123,4,15,F082-9656,7,5,2201.84,11009.2,746.42,10262.78,6161.46,4101.32,1847.3
4701,20230101,61,34,1,27,F620-5010,6,15,1007.35,15110.25,2201.56,12908.69,6190.59,6718.1,2323.56
4702,20220509,34,177,5,29,F306-3333,9,6,1836.45,11018.7,1482.02,9536.68,5780.61,3756.07,1716.6
4703,20240925,68,31,4,22,F398-6339,8,19,480.41,9127.79,1019.57,8108.22,4807.01,3301.21,1459.48
4704,20240614,35,150,7,20,F893-0134,9,17,1877.52,31917.84,3402.44,28515.4,16440.61,12074.79,5132.77
4705,20230928,62,77,2,18,F710-3922,6,8,301.07,2408.56,340.09,2068.47,971.52,1096.95,372.32
4706,20231007,75,73,5,9,F478-4569,3,20,1719.1,34382.0,2451.44,31930.56,14791.34,17139.22,5747.5
4707,20250307,59,186,3,16,F575-6750,2,5,2075.43,10377.15,940.17,9436.98,4889.99,4546.99,1698.66
4708,20221106,8,141,8,9,F927-0899,8,9,685.33,6167.97,709.32,5458.65,3342.37,2116.28,982.56
4709,20250504,41,65,7,26,F008-3920,8,20,1391.06,27821.2,1708.22,26112.98,12559.73,13553.25,4700.34
4710,20240904,70,81,7,17,F973-9804,10,18,1786.45,32156.1,7563.11,24592.99,11257.38,13335.61,4426.74
4711,20231003,15,137,8,16,F471-0007,8,1,320.37,320.37,44.85,275.52,168.53,106.99,49.59
4712,20231120,46,56,10,21,F178-5281,7,7,2079.91,14559.37,2095.09,12464.28,7704.01,4760.27,2243.57
4713,20230113,58,174,7,27,F251-1508,8,16,1349.49,21591.84,3733.23,17858.61,9395.78,8462.83,3214.55
4714,20250104,62,113,9,14,F072-6616,4,13,272.58,3543.54,160.52,3383.02,1866.06,1516.96,608.94
4715,20240126,29,62,1,7,F146-6719,3,13,586.0,7618.0,395.37,7222.63,4214.66,3007.97,1300.07
4716,20230505,39,157,5,13,F407-6001,5,20,1957.47,39149.4,5046.36,34103.04,17931.03,16172.01,6138.55
4717,20240615,73,77,5,26,F255-4206,10,1,1599.34,1599.34,310.91,1288.43,652.27,636.16,231.92
4718,20251227,84,98,3,2,F927-8862,1,4,389.04,1556.16,51.35,1504.81,922.73,582.08,270.87
4719,20231024,10,130,3,18,F010-0387,10,17,852.02,14484.34,2229.14,12255.2,8262.25,3992.95,2205.94
4720,20251005,21,7,5,21,F364-6544,9,12,2199.79,26397.48,1623.45,24774.03,13534.8,11239.23,4459.33
4721,20230614,55,154,3,29,F224-3083,2,20,1989.29,39785.8,393.88,39391.92,26859.25,12532.67,7090.55
4722,20220409,41,32,6,21,F468-5359,9,10,1165.76,11657.6,41.97,11615.63,6018.01,5597.62,2090.81
4723,20221115,35,24,3,16,F460-9350,4,5,1850.82,9254.1,1068.85,8185.25,4741.86,3443.39,1473.35
4724,20231003,31,80,3,1,F096-9035,5,11,1963.06,21593.66,2353.71,19239.95,12705.25,6534.7,3463.19
4725,20221203,33,107,3,29,F590-5964,1,15,373.48,5602.2,551.26,5050.94,2750.5,2300.44,909.17
4726,20220101,54,17,8,29,F252-2959,7,1,2146.2,2146.2,114.82,2031.38,1185.63,845.75,365.65
4727,20250928,48,95,6,10,F440-1042,3,7,2138.73,14971.11,956.65,14014.46,9807.19,4207.27,2522.6
4728,20250611,8,117,3,14,F267-4960,1,18,631.49,11366.82,796.81,10570.01,7343.05,3226.96,1902.6
4729,20241224,10,131,10,4,F915-4917,4,17,881.64,14987.88,2314.13,12673.75,7938.08,4735.67,2281.28
4730,20221002,43,47,6,21,F733-7042,3,11,1968.24,21650.64,4743.66,16906.98,10315.89,6591.09,3043.26
4731,20220725,69,128,9,3,F856-4065,9,14,1423.26,19925.64,4015.02,15910.62,9731.41,6179.21,2863.91
4732,20220430,37,63,5,25,F045-7590,5,15,1337.24,20058.6,3987.65,16070.95,10634.2,5436.75,2892.77
4733,20241207,80,138,3,22,F267-0849,6,11,122.09,1342.99,6.18,1336.81,835.11,501.7,240.63
4734,20251015,41,16,7,20,F024-7058,2,14,1334.86,18688.04,3328.34,15359.7,7211.69,8148.01,2764.75
4735,20231018,13,164,8,5,F337-3906,1,12,2067.67,24812.04,4783.76,20028.28,11287.6,8740.68,3605.09
4736,20220723,30,196,10,26,F257-4448,3,18,884.16,15914.88,1085.39,14829.49,7820.24,7009.25,2669.31
4737,20240125,71,150,3,25,F933-3453,2,11,218.33,2401.63,152.5,2249.13,1021.59,1227.54,404.84
4738,20230620,74,63,1,29,F873-5608,4,2,152.53,305.06,72.91,232.15,136.98,95.17,41.79
4739,20230801,75,188,4,6,F764-2607,7,2,1714.61,3429.22,205.75,3223.47,1669.41,1554.06,580.22
4740,20240726,19,95,6,30,F743-6269,3,11,1417.83,15596.13,2656.02,12940.11,8310.7,4629.41,2329.22
4741,20241201,65,188,8,18,F709-3599,4,16,174.25,2788.0,259.01,2528.99,1641.73,887.26,455.22
4742,20220709,77,8,10,22,F360-1302,9,19,326.5,6203.5,1198.52,5004.98,2511.9,2493.08,900.9
4743,20220308,65,48,9,28,F016-9272,6,15,182.17,2732.55,373.54,2359.01,1374.57,984.44,424.62
4744,20251226,62,51,1,22,F875-1167,9,17,279.72,4755.24,288.17,4467.07,2507.92,1959.15,804.07
4745,20221215,78,197,9,10,F414-0291,8,12,1120.95,13451.4,2122.63,11328.77,6764.73,4564.04,2039.18
4746,20220407,38,192,7,21,F479-0059,4,14,1978.78,27702.92,1088.72,26614.2,14101.41,12512.79,4790.56
4747,20221030,21,92,9,15,F843-5378,1,18,2037.04,36666.72,7399.34,29267.38,16884.16,12383.22,5268.13
4748,20220314,75,88,3,2,F259-6560,10,2,1925.16,3850.32,639.54,3210.78,1472.59,1738.19,577.94
4749,20230826,7,103,5,30,F546-4119,8,10,1086.42,10864.2,564.94,10299.26,4688.4,5610.86,1853.87
4750,20250405,64,66,5,1,F699-7827,4,6,521.13,3126.78,32.52,3094.26,1622.84,1471.42,556.97
4751,20230608,82,160,1,4,F070-2964,1,16,372.71,5963.36,120.46,5842.9,3420.17,2422.73,1051.72
4752,20231104,26,167,2,24,F405-4140,3,16,1829.55,29272.8,6656.63,22616.17,13628.64,8987.53,4070.91
4753,20241011,56,124,2,1,F501-9391,4,13,1662.05,21606.65,2242.77,19363.88,10748.39,8615.49,3485.5
4754,20240118,45,180,1,18,F254-1744,4,11,20.44,224.84,23.63,201.21,97.34,103.87,36.22
4755,20250710,2,135,4,6,F093-5416,3,3,558.45,1675.35,308.43,1366.92,642.47,724.45,246.05
4756,20250718,73,18,7,29,F387-4388,4,2,1750.74,3501.48,734.61,2766.87,1585.62,1181.25,498.04
4757,20220119,5,170,4,4,F408-8041,3,1,237.91,237.91,47.75,190.16,92.63,97.53,34.23
4758,20250223,28,72,8,4,F040-6239,1,10,491.29,4912.9,469.18,4443.72,2821.19,1622.53,799.87
4759,20231123,51,117,9,18,F907-2696,2,15,1981.01,29715.15,7125.69,22589.46,11503.1,11086.36,4066.1
4760,20251221,33,156,1,17,F677-4215,8,4,323.58,1294.32,12.68,1281.64,723.85,557.79,230.7
4761,20231216,80,168,2,15,F063-5650,7,18,142.4,2563.2,461.38,2101.82,1327.52,774.3,378.33
4762,20251219,35,95,8,25,F374-7371,10,14,1764.65,24705.1,4570.44,20134.66,11775.52,8359.14,3624.24
4763,20250109,3,187,6,21,F604-4580,8,8,1742.88,13943.04,1388.73,12554.31,7096.85,5457.46,2259.78
4764,20221230,78,184,10,19,F859-3563,8,1,1217.54,1217.54,249.11,968.43,620.03,348.4,174.32
4765,20240312,68,12,9,1,F296-5175,4,13,496.18,6450.34,507.0,5943.34,2997.24,2946.1,1069.8
4766,20251224,25,140,3,1,F807-7586,1,7,1380.27,9661.89,59.9,9601.99,5789.69,3812.3,1728.36
4767,20250704,1,87,5,15,F356-3315,10,13,65.94,857.22,204.19,653.03,370.37,282.66,117.55
4768,20220617,56,36,6,3,F107-7719,3,3,1939.18,5817.54,1379.34,4438.2,2231.1,2207.1,798.88
4769,20241118,82,42,2,16,F821-2872,7,7,381.37,2669.59,562.48,2107.11,1132.02,975.09,379.28
4770,20230615,29,192,5,18,F956-0214,9,1,576.6,576.6,78.42,498.18,337.13,161.05,89.67
4771,20220114,66,129,1,10,F312-3796,1,3,579.66,1738.98,46.6,1692.38,1088.1,604.28,304.63
4772,20230911,51,26,3,15,F110-6631,9,15,2403.87,36058.05,8314.99,27743.06,13364.32,14378.74,4993.75
4773,20221217,14,169,8,14,F922-7028,4,17,1717.92,29204.64,6571.04,22633.6,15642.95,6990.65,4074.05
4774,20250501,48,52,8,4,F075-0205,8,11,1844.79,20292.69,773.15,19519.54,10824.66,8694.88,3513.52
4775,20230601,1,71,7,24,F852-5033,2,18,80.02,1440.36,147.78,1292.58,790.02,502.56,232.66
4776,20250516,38,80,7,18,F583-5500,4,8,2035.32,16282.56,1424.72,14857.84,8940.25,5917.59,2674.41
4777,20220102,82,114,7,18,F597-9334,8,6,404.01,2424.06,207.74,2216.32,1173.27,1043.05,398.94
4778,20230414,62,23,7,21,F923-6321,1,8,319.57,2556.56,434.87,2121.69,1258.45,863.24,381.9
4779,20221223,29,8,2,9,F693-0279,10,8,581.28,4650.24,763.1,3887.14,2467.94,1419.2,699.69
4780,20221216,46,20,6,21,F787-1600,10,2,2411.91,4823.82,818.6,4005.22,2599.41,1405.81,720.94
4781,20220501,79,79,8,30,F504-2474,6,8,1159.93,9279.44,326.64,8952.8,4158.47,4794.33,1611.5
4782,20221026,76,156,6,22,F702-3768,4,3,458.55,1375.65,124.22,1251.43,864.89,386.54,225.26
4783,20240409,65,175,10,22,F996-0284,7,3,192.32,576.96,56.77,520.19,354.26,165.93,93.63
4784,20230318,24,187,7,13,F055-3163,1,17,1687.79,28692.43,625.49,28066.94,17679.64,10387.3,5052.05
4785,20231001,74,56,5,30,F205-4492,10,12,158.5,1902.0,447.73,1454.27,886.71,567.56,261.77
4786,20230804,27,134,8,15,F631-4077,5,11,892.31,9815.41,1067.92,8747.49,4070.29,4677.2,1574.55
4787,20250803,63,100,3,4,F820-8795,8,9,751.66,6764.94,158.98,6605.96,3673.58,2932.38,1189.07
4788,20250914,38,34,10,21,F206-2295,7,20,1935.66,38713.2,3941.0,34772.2,19992.07,14780.13,6259.0
4789,20231225,68,185,3,19,F869-5499,2,10,491.14,4911.4,641.43,4269.97,1947.3,2322.67,768.59
4790,20230520,54,80,6,9,F539-2530,7,18,2331.23,41962.14,7444.08,34518.06,15882.75,18635.31,6213.25
4791,20220703,18,48,6,17,F099-2141,9,7,462.09,3234.63,180.49,3054.14,2032.19,1021.95,549.75
4792,20251114,60,27,10,15,F999-4134,5,13,934.71,12151.23,676.82,11474.41,5183.62,6290.79,2065.39
4793,20220418,60,103,10,13,F529-5425,2,6,941.14,5646.84,1199.39,4447.45,2144.85,2302.6,800.54
4794,20230328,53,27,4,12,F705-2353,9,3,590.85,1772.55,211.29,1561.26,730.73,830.53,281.03
4795,20230329,39,84,1,21,F024-5808,8,15,1815.81,27237.15,198.83,27038.32,16399.96,10638.36,4866.9
4796,20230504,34,108,5,18,F471-8482,5,17,1841.27,31301.59,7471.69,23829.9,13611.02,10218.88,4289.38
4797,20220927,15,12,8,18,F792-3849,4,8,291.1,2328.8,69.17,2259.63,1274.51,985.12,406.73
4798,20250304,45,33,5,12,F130-4702,9,18,22.4,403.2,17.78,385.42,261.83,123.59,69.38
4799,20220729,69,64,5,4,F499-6946,6,1,1264.2,1264.2,209.6,1054.6,706.57,348.03,189.83
4800,20240815,40,149,2,2,F670-1636,5,9,904.6,8141.4,201.09,7940.31,4852.98,3087.33,1429.26
4801,20220731,60,21,3,27,F591-8298,4,19,1029.52,19560.88,3133.65,16427.23,10186.99,6240.24,2956.9
4802,20220504,41,3,2,5,F470-7780,2,10,1268.62,12686.2,1776.07,10910.13,7351.14,3558.99,1963.82
4803,20250920,18,99,9,11,F200-9857,1,16,506.31,8100.96,1412.0,6688.96,4539.34,2149.62,1204.01
4804,20221030,76,65,1,30,F539-0033,4,15,426.88,6403.2,450.79,5952.41,3403.97,2548.44,1071.43
4805,20250505,4,145,1,28,F413-4284,2,18,1495.22,26913.96,4004.8,22909.16,11225.34,11683.82,4123.65
4806,20240323,78,9,3,23,F579-4016,8,13,1133.82,14739.66,1199.81,13539.85,8627.76,4912.09,2437.17
4807,20220516,54,143,8,5,F538-0234,3,5,2132.22,10661.1,2189.79,8471.31,5167.4,3303.91,1524.84
4808,20251117,31,106,1,1,F568-0134,6,13,2105.12,27366.56,2192.06,25174.5,12451.43,12723.07,4531.41
4809,20221229,75,131,1,1,F716-4054,1,4,1921.79,7687.16,1658.89,6028.27,3870.76,2157.51,1085.09
4810,20250707,1,102,9,24,F491-2626,3,7,70.7,494.9,56.42,438.48,214.17,224.31,78.93
4811,20221003,7,139,2,29,F782-6949,10,7,1091.0,7637.0,19.09,7617.91,3562.36,4055.55,1371.22
4812,20250628,22,97,7,6,F116-6002,5,7,1185.0,8295.0,1810.8,6484.2,3874.82,2609.38,1167.16
4813,20220126,9,16,8,1,F859-2079,8,3,1747.98,5243.94,1279.0,3964.94,2767.66,1197.28,713.69
4814,20240124,18,79,3,22,F573-6700,4,6,479.99,2879.94,599.03,2280.91,1422.45,858.46,410.56
4815,20250206,43,100,4,18,F597-8858,8,8,1801.16,14409.28,1103.75,13305.53,6544.64,6760.89,2395.0
4816,20251023,83,14,10,5,F790-3764,4,20,535.78,10715.6,867.96,9847.64,5930.76,3916.88,1772.58
4817,20250919,47,39,9,21,F227-4302,7,17,1177.84,20023.28,2522.93,17500.35,9868.18,7632.17,3150.06
4818,20250503,84,112,2,22,F615-0439,6,17,378.79,6439.43,1313.64,5125.79,2431.48,2694.31,922.64
4819,20250820,42,179,3,19,F420-1414,5,18,1777.14,31988.52,3905.8,28082.72,14097.22,13985.5,5054.89
4820,20221110,75,157,5,3,F439-7668,10,2,1944.92,3889.84,953.79,2936.05,1963.66,972.39,528.49
4821,20230306,42,153,9,20,F699-1571,5,6,1663.62,9981.72,1627.02,8354.7,4150.41,4204.29,1503.85
4822,20230314,43,158,2,16,F642-2650,9,18,1918.85,34539.3,697.69,33841.61,15829.69,18011.92,6091.49
4823,20230805,36,70,10,9,F044-0723,10,17,924.33,15713.61,1181.66,14531.95,9222.98,5308.97,2615.75
4824,20230828,23,102,6,24,F554-0363,8,18,391.61,7048.98,1605.76,5443.22,3152.66,2290.56,979.78
4825,20240322,24,92,8,26,F022-1317,10,2,1842.5,3685.0,513.69,3171.31,1951.94,1219.37,570.84
4826,20220920,64,83,8,11,F703-2407,10,7,532.29,3726.03,898.35,2827.68,1737.32,1090.36,508.98
4827,20241031,17,7,9,9,F435-9827,1,12,2029.34,24352.08,5316.06,19036.02,10572.93,8463.09,3426.48
4828,20221001,1,98,3,9,F721-3068,5,18,67.18,1209.24,33.62,1175.62,758.39,417.23,211.61
4829,20230418,80,2,3,30,F354-1903,10,10,137.77,1377.7,270.3,1107.4,686.14,421.26,199.33
4830,20240107,6,69,7,2,F637-5891,8,15,75.16,1127.4,254.79,872.61,459.92,412.69,157.07
4831,20250326,63,118,7,8,F976-0891,9,10,880.37,8803.7,1172.65,7631.05,4358.09,3272.96,1373.59
4832,20241221,28,159,2,28,F804-0931,1,5,514.01,2570.05,429.97,2140.08,1285.77,854.31,385.21
4833,20240831,54,21,9,1,F840-4328,3,15,2131.28,31969.2,2455.23,29513.97,18965.1,10548.87,5312.51
4834,20220915,6,145,8,29,F353-7483,4,6,79.77,478.62,23.31,455.31,240.86,214.45,81.96
4835,20240327,28,193,3,30,F514-7868,7,14,586.99,8217.86,2039.67,6178.19,3976.64,2201.55,1112.07
4836,20220601,45,85,9,14,F571-5305,7,12,24.02,288.24,52.43,235.81,126.57,109.24,42.45
4837,20230805,70,129,8,17,F172-6568,5,14,1863.98,26095.72,4973.84,21121.88,10916.7,10205.18,3801.94
4838,20230926,66,88,6,9,F415-4343,6,8,551.57,4412.56,49.42,4363.14,2022.04,2341.1,785.37
4839,20220315,32,150,5,21,F642-8335,5,15,1475.67,22135.05,3439.79,18695.26,10044.6,8650.66,3365.15
4840,20230216,37,80,6,2,F337-6319,4,10,1205.61,12056.1,2466.68,9589.42,5968.06,3621.36,1726.1
4841,20251117,26,28,2,17,F107-9676,7,14,1729.1,24207.4,3650.48,20556.92,10971.55,9585.37,3700.25
4842,20251115,83,94,10,12,F334-9239,5,18,477.41,8593.38,1385.25,7208.13,4785.31,2422.82,1297.46
4843,20230626,21,64,3,10,F079-7541,8,17,1920.24,32644.08,7664.83,24979.25,15394.53,9584.72,4496.26
4844,20220321,12,97,8,23,F803-7550,5,1,212.63,212.63,45.76,166.87,104.87,62.0,30.04
4845,20221016,25,152,9,11,F619-2544,8,9,1415.27,12737.43,1737.39,11000.04,7623.28,3376.76,1980.01
4846,20230826,13,70,8,9,F619-3367,5,8,2224.85,17798.8,3045.37,14753.43,8754.1,5999.33,2655.62
4847,20251108,62,130,7,3,F401-1486,9,17,293.0,4981.0,663.97,4317.03,2171.72,2145.31,777.07
4848,20220825,62,135,1,18,F300-3098,2,13,319.18,4149.34,318.67,3830.67,2420.19,1410.48,689.52
4849,20250126,80,178,8,27,F578-0595,1,11,131.26,1443.86,58.62,1385.24,646.68,738.56,249.34
4850,20220706,42,95,6,23,F867-8030,5,3,1515.75,4547.25,152.33,4394.92,2439.09,1955.83,791.09
4851,20251214,8,87,10,12,F551-7239,7,18,620.12,11162.16,2099.6,9062.56,4762.36,4300.2,1631.26
4852,20230811,74,44,7,17,F093-3722,1,19,151.41,2876.79,626.28,2250.51,1065.66,1184.85,405.09
4853,20250217,64,134,4,12,F596-5031,2,15,559.66,8394.9,1819.17,6575.73,3138.59,3437.14,1183.63
4854,20230610,22,52,3,26,F379-8460,1,9,1138.65,10247.85,839.3,9408.55,5919.87,3488.68,1693.54
4855,20240805,24,27,7,6,F831-7623,5,11,1596.83,17565.13,3674.63,13890.5,6520.06,7370.44,2500.29
4856,20221101,27,106,4,5,F508-0897,3,10,878.05,8780.5,1310.05,7470.45,4322.26,3148.19,1344.68
4857,20220901,27,34,9,24,F077-0729,7,9,833.35,7500.15,1188.77,6311.38,4349.84,1961.54,1136.05
4858,20251027,1,71,4,7,F287-6802,1,16,77.63,1242.08,120.48,1121.6,737.57,384.03,201.89
4859,20251001,24,186,6,13,F285-1210,7,13,1723.68,22407.84,5436.14,16971.7,8520.05,8451.65,3054.91
4860,20250819,82,44,6,5,F097-5899,2,18,379.39,6829.02,1133.62,5695.4,3268.19,2427.21,1025.17
4861,20240802,35,25,8,5,F666-3244,7,8,1844.39,14755.12,3494.01,11261.11,7473.05,3788.06,2027.0
4862,20250414,65,80,9,12,F174-6365,1,9,176.71,1590.39,290.41,1299.98,843.13,456.85,234.0
4863,20220502,82,86,5,21,F482-2520,3,5,439.73,2198.65,451.82,1746.83,1219.15,527.68,314.43
4864,20230528,33,61,1,25,F416-1260,2,11,317.16,3488.76,809.04,2679.72,1830.79,848.93,482.35
4865,20230423,29,155,3,16,F373-2706,4,1,568.15,568.15,37.84,530.31,325.61,204.7,95.46
4866,20240816,35,144,4,8,F343-5997,6,16,1609.91,25758.56,229.25,25529.31,13875.48,11653.83,4595.28
4867,20230702,52,198,3,18,F267-3439,10,12,1103.78,13245.36,1953.69,11291.67,5259.96,6031.71,2032.5
4868,20220904,73,144,1,2,F896-5657,6,10,1697.73,16977.3,2249.49,14727.81,8061.81,6666.0,2651.01
4869,20240615,63,135,1,15,F639-2061,7,7,848.55,5939.85,1225.99,4713.86,3112.22,1601.64,848.49
4870,20250424,81,65,8,29,F931-6067,1,19,2247.69,42706.11,7191.71,35514.4,16070.63,19443.77,6392.59
4871,20230812,14,101,6,26,F331-8452,10,11,1901.48,20916.28,81.57,20834.71,11523.54,9311.17,3750.25
4872,20220812,79,102,10,16,F887-2181,3,2,1090.25,2180.5,351.93,1828.57,970.55,858.02,329.14
4873,20221107,26,16,7,8,F707-1050,10,6,1614.68,9688.08,101.72,9586.36,4889.6,4696.76,1725.54
4874,20221220,14,26,4,13,F778-3968,6,14,2068.16,28954.24,6170.15,22784.09,12926.17,9857.92,4101.14
4875,20230401,76,38,1,27,F158-8972,7,3,425.15,1275.45,269.5,1005.95,699.65,306.3,181.07
4876,20240827,14,174,2,9,F003-2157,5,5,1771.59,8857.95,479.22,8378.73,4930.41,3448.32,1508.17
4877,20240623,43,44,5,8,F023-2436,4,5,1710.87,8554.35,558.6,7995.75,4786.7,3209.05,1439.23
4878,20241106,17,34,8,17,F961-9890,3,2,2225.98,4451.96,16.92,4435.04,2102.77,2332.27,798.31
4879,20230712,70,16,10,27,F501-9293,2,6,1984.96,11909.76,788.43,11121.33,5660.19,5461.14,2001.84
4880,20250510,30,30,8,14,F189-9641,5,6,928.03,5568.18,840.8,4727.38,3277.47,1449.91,850.93
4881,20221115,67,197,9,25,F990-9767,8,16,1169.82,18717.12,3743.42,14973.7,7808.32,7165.38,2695.27
4882,20231202,59,71,1,18,F194-0005,8,12,2329.46,27953.52,1506.69,26446.83,12358.04,14088.79,4760.43
4883,20250402,6,97,1,5,F497-3076,2,13,78.47,1020.11,62.74,957.37,653.38,303.99,172.33
4884,20221017,43,200,4,14,F192-9629,3,6,1757.94,10547.64,1110.67,9436.97,5402.39,4034.58,1698.65
4885,20220708,38,182,8,28,F466-3203,9,20,1970.06,39401.2,6583.94,32817.26,19462.19,13355.07,5907.11
4886,20250814,24,72,7,6,F609-2622,3,7,1738.34,12168.38,2879.04,9289.34,4542.95,4746.39,1672.08
4887,20230610,24,185,2,7,F513-5332,3,17,1844.02,31348.34,6692.87,24655.47,12307.97,12347.5,4437.98
4888,20241022,21,125,1,25,F595-4773,1,20,1937.28,38745.6,9632.16,29113.44,15901.63,13211.81,5240.42
4889,20220218,13,42,3,19,F159-4123,6,10,2226.51,22265.1,414.13,21850.97,11534.58,10316.39,3933.17
4890,20241030,50,146,4,19,F724-3715,6,1,1272.08,1272.08,166.13,1105.95,725.54,380.41,199.07
4891,20230427,5,49,4,21,F978-7522,5,6,224.51,1347.06,233.71,1113.35,671.8,441.55,200.4
4892,20220410,15,187,4,7,F733-8558,8,7,299.33,2095.31,450.07,1645.24,967.74,677.5,296.14
4893,20240707,66,188,10,1,F349-3970,1,19,571.53,10859.07,991.43,9867.64,5980.13,3887.51,1776.18
4894,20221223,75,147,6,2,F521-3034,6,9,1959.97,17639.73,1501.14,16138.59,9207.95,6930.64,2904.95
4895,20230819,62,4,1,16,F005-9168,7,6,276.5,1659.0,307.41,1351.59,838.29,513.3,243.29
4896,20220521,9,77,7,22,F468-4672,8,20,1827.49,36549.8,7430.57,29119.23,16765.07,12354.16,5241.46
4897,20220902,81,141,4,24,F376-6240,6,6,2424.53,14547.18,2702.87,11844.31,5620.05,6224.26,2131.98
4898,20230329,6,36,8,28,F962-0012,3,13,77.8,1011.4,144.43,866.97,534.18,332.79,156.05
4899,20220605,43,181,5,29,F641-1693,2,12,1906.8,22881.6,4592.34,18289.26,11134.23,7155.03,3292.07
4900,20250922,8,168,5,3,F147-6928,7,12,726.38,8716.56,774.03,7942.53,4389.2,3553.33,1429.66
4901,20220112,58,146,5,2,F757-5130,10,17,1238.97,21062.49,136.91,20925.58,12803.12,8122.46,3766.6
4902,20231216,52,69,3,27,F296-5324,4,2,1119.11,2238.22,138.99,2099.23,1167.33,931.9,377.86
4903,20220730,20,58,3,14,F650-1101,5,11,2105.35,23158.85,1567.85,21591.0,13637.25,7953.75,3886.38
4904,20230414,29,197,4,16,F073-5657,3,2,531.41,1062.82,184.82,878.0,593.9,284.1,158.04
4905,20251012,35,174,7,18,F254-0495,10,4,1661.77,6647.08,71.79,6575.29,3065.66,3509.63,1183.55
4906,20220923,47,94,3,24,F881-6584,5,3,1146.57,3439.71,642.88,2796.83,1388.86,1407.97,503.43
4907,20251129,76,113,7,10,F289-2676,9,15,461.07,6916.05,949.57,5966.48,2777.01,3189.47,1073.97
4908,20221117,53,189,1,15,F537-1300,1,8,595.06,4760.48,44.27,4716.21,3280.91,1435.3,848.92
4909,20241223,9,75,9,25,F010-6094,7,4,1894.24,7576.96,256.1,7320.86,5123.76,2197.1,1317.75
4910,20240326,78,124,5,23,F601-0324,1,5,1139.05,5695.25,149.22,5546.03,3520.19,2025.84,998.29
4911,20250815,36,200,1,15,F174-3152,2,3,908.0,2724.0,563.05,2160.95,1327.85,833.1,388.97
4912,20240407,38,154,4,1,F731-6788,5,6,2227.03,13362.18,3337.87,10024.31,5220.73,4803.58,1804.38
4913,20240306,8,11,5,22,F991-3391,2,3,725.82,2177.46,70.77,2106.69,979.08,1127.61,379.2
4914,20221105,4,94,9,17,F467-9006,6,12,1497.41,17968.92,3530.89,14438.03,7280.47,7157.56,2598.85
4915,20220930,5,92,2,9,F119-4340,9,1,229.84,229.84,44.29,185.55,104.13,81.42,33.4
4916,20250930,30,90,2,9,F737-2156,8,3,930.04,2790.12,231.58,2558.54,1164.79,1393.75,460.54
4917,20230517,61,139,7,4,F108-5488,2,5,949.55,4747.75,77.39,4670.36,3010.56,1659.8,840.66
4918,20230728,16,25,5,7,F770-6059,10,14,1200.78,16810.92,731.28,16079.64,10149.9,5929.74,2894.34
4919,20250119,25,108,6,1,F647-4174,8,2,1379.87,2759.74,271.01,2488.73,1522.58,966.15,447.97
4920,20230604,24,10,8,7,F512-1219,3,12,1828.34,21940.08,1182.57,20757.51,13748.52,7008.99,3736.35
4921,20251113,19,166,5,11,F834-2897,5,5,1411.79,7058.95,568.25,6490.7,2972.48,3518.22,1168.33
4922,20241220,3,157,7,22,F608-2103,6,14,1628.33,22796.62,4098.83,18697.79,8575.19,10122.6,3365.6
4923,20240617,30,150,10,19,F244-1219,10,14,1024.55,14343.7,139.13,14204.57,8778.97,5425.6,2556.82
4924,20250810,13,153,10,22,F518-1873,3,9,2203.28,19829.52,3829.08,16000.44,7303.16,8697.28,2880.08
4925,20220331,80,170,3,17,F534-7332,5,4,132.31,529.24,131.52,397.72,237.36,160.36,71.59
4926,20230114,10,39,6,9,F652-3142,5,19,789.17,14994.23,3237.25,11756.98,6045.72,5711.26,2116.26
4927,20231128,43,45,8,8,F546-7103,10,5,1907.57,9537.85,966.18,8571.67,4415.69,4155.98,1542.9
4928,20221210,51,10,6,3,F976-2803,10,9,2338.74,21048.66,2887.88,18160.78,12161.94,5998.84,3268.94
4929,20241226,82,5,7,16,F483-8155,10,15,426.53,6397.95,237.36,6160.59,3189.78,2970.81,1108.91
4930,20251003,67,3,8,1,F523-2208,5,13,1159.17,15069.21,1716.38,13352.83,7703.24,5649.59,2403.51
4931,20231009,7,178,4,7,F761-1591,6,8,1005.34,8042.72,1273.16,6769.56,3187.18,3582.38,1218.52
4932,20230609,59,111,7,3,F849-6347,3,2,2327.68,4655.36,654.08,4001.28,2472.62,1528.66,720.23
4933,20251124,3,188,2,22,F144-6249,7,5,1470.05,7350.25,1083.43,6266.82,4335.33,1931.49,1128.03
4934,20231105,8,151,7,25,F114-1433,1,18,724.89,13048.02,2989.3,10058.72,5578.75,4479.97,1810.57
4935,20231221,71,47,8,13,F920-7921,4,8,231.35,1850.8,289.09,1561.71,992.58,569.13,281.11
4936,20230625,53,53,4,27,F598-9758,6,17,521.05,8857.85,924.76,7933.09,5331.01,2602.08,1427.96
4937,20250920,6,3,6,12,F021-8621,1,13,75.13,976.69,156.95,819.74,469.96,349.78,147.55
4938,20240501,84,56,1,14,F641-3061,6,2,363.63,727.26,123.42,603.84,279.78,324.06,108.69
4939,20250124,7,90,6,29,F442-4834,5,19,1045.21,19858.99,3781.15,16077.84,10568.97,5508.87,2894.01
4940,20250420,10,67,4,14,F068-6430,1,10,832.13,8321.3,1611.84,6709.46,4435.33,2274.13,1207.7
4941,20230609,48,150,10,2,F451-6537,2,6,1795.98,10775.88,1606.68,9169.2,5849.01,3320.19,1650.46
4942,20231022,75,80,10,29,F550-3449,7,17,1750.96,29766.32,815.6,28950.72,19529.11,9421.61,5211.13
4943,20250619,64,24,8,15,F286-9233,2,20,560.07,11201.4,40.33,11161.07,5396.19,5764.88,2008.99
4944,20230714,16,178,1,9,F193-8089,6,14,1391.49,19480.86,2137.05,17343.81,9414.87,7928.94,3121.89
4945,20250322,83,166,3,29,F182-5280,1,4,559.36,2237.44,185.93,2051.51,1151.81,899.7,369.27
4946,20251031,69,150,1,7,F435-8122,5,18,1301.56,23428.08,2305.32,21122.76,14295.84,6826.92,3802.1
4947,20240729,72,95,4,25,F814-5325,2,12,970.11,11641.32,2568.08,9073.24,5153.56,3919.68,1633.18
4948,20241223,41,35,8,1,F531-1715,3,16,1196.42,19142.72,1361.05,17781.67,10662.14,7119.53,3200.7
4949,20250409,8,54,8,18,F092-0035,2,2,665.08,1330.16,253.53,1076.63,676.99,399.64,193.79
4950,20250613,1,39,4,9,F929-1587,7,5,69.42,347.1,69.63,277.47,125.24,152.23,49.94
4951,20230830,2,126,9,18,F826-5793,2,20,552.28,11045.6,67.38,10978.22,6213.78,4764.44,1976.08
4952,20220403,52,67,5,9,F918-9818,1,19,1142.8,21713.2,99.88,21613.32,14481.19,7132.13,3890.4
4953,20230909,36,103,2,14,F982-2316,3,19,901.4,17126.6,1236.54,15890.06,9817.65,6072.41,2860.21
4954,20241009,22,88,5,25,F664-0617,3,15,1195.42,17931.3,593.53,17337.77,8255.62,9082.15,3120.8
4955,20231111,49,106,6,24,F340-9581,3,6,434.87,2609.22,341.29,2267.93,1191.95,1075.98,408.23
4956,20241230,12,103,5,28,F640-9440,4,19,243.37,4624.03,366.69,4257.34,2491.53,1765.81,766.32
4957,20230703,25,156,2,18,F044-2888,4,15,1503.83,22557.45,5522.06,17035.39,9166.22,7869.17,3066.37
4958,20240815,70,78,5,9,F230-3680,8,15,1837.27,27559.05,2830.31,24728.74,15980.3,8748.44,4451.17
4959,20221025,30,132,6,15,F348-3650,8,2,936.55,1873.1,290.52,1582.58,1046.76,535.82,284.86
4960,20241231,78,184,4,21,F262-2945,10,13,1061.2,13795.6,2599.09,11196.51,5331.46,5865.05,2015.37
4961,20240324,3,125,9,30,F816-5602,3,10,1446.53,14465.3,3371.86,11093.44,5452.26,5641.18,1996.82
4962,20221115,26,41,2,25,F834-6988,8,3,1660.78,4982.34,395.1,4587.24,2969.66,1617.58,825.7
4963,20230319,52,23,1,13,F969-7000,6,17,1225.54,20834.18,4850.2,15983.98,8826.75,7157.23,2877.12
4964,20241230,65,80,3,24,F379-6907,6,15,196.61,2949.15,370.12,2579.03,1263.77,1315.26,464.23
4965,20231215,71,65,1,21,F675-4925,5,19,224.18,4259.42,232.56,4026.86,2635.57,1391.29,724.83
4966,20221129,81,50,9,29,F927-3253,5,8,2222.7,17781.6,3917.29,13864.31,8147.14,5717.17,2495.58
4967,20251130,49,31,5,10,F622-8701,7,13,532.73,6925.49,1043.67,5881.82,2680.14,3201.68,1058.73
4968,20241128,6,47,9,23,F914-3653,2,13,71.02,923.26,183.17,740.09,515.88,224.21,133.22
4969,20251119,45,154,2,20,F044-4776,9,7,22.66,158.62,0.87,157.75,71.64,86.11,28.39
4970,20231014,64,182,4,30,F985-3912,5,1,559.42,559.42,10.57,548.85,255.51,293.34,98.79
4971,20231208,41,166,5,12,F280-1425,9,20,1149.11,22982.2,3033.65,19948.55,11983.58,7964.97,3590.74
4972,20250903,27,167,8,25,F928-5040,3,16,852.44,13639.04,1909.47,11729.57,5595.15,6134.42,2111.32
4973,20240218,45,12,4,20,F365-0976,1,10,19.71,197.1,10.96,186.14,123.05,63.09,33.51
4974,20241119,57,1,1,25,F329-3115,6,15,2253.48,33802.2,3772.33,30029.87,16013.0,14016.87,5405.38
4975,20230105,62,101,8,7,F223-6375,2,13,318.57,4141.41,738.0,3403.41,2086.55,1316.86,612.61
4976,20231107,35,92,2,27,F445-3669,3,9,1658.28,14924.52,1759.6,13164.92,6202.44,6962.48,2369.69
4977,20220730,79,131,3,23,F271-3967,7,14,1019.29,14270.06,2528.65,11741.41,7165.97,4575.44,2113.45
4978,20221117,39,116,6,24,F508-7768,4,3,1902.27,5706.81,632.89,5073.92,2488.71,2585.21,913.31
4979,20220102,8,8,2,16,F686-4177,2,3,708.06,2124.18,138.28,1985.9,1346.64,639.26,357.46
4980,20220314,77,187,10,5,F336-6756,9,1,336.31,336.31,75.5,260.81,121.29,139.52,46.95
4981,20251210,26,110,3,15,F533-4087,9,11,1883.49,20718.39,4802.52,15915.87,9767.47,6148.4,2864.86
4982,20221224,61,58,5,16,F781-1990,5,13,1043.55,13566.15,1113.78,12452.37,5604.03,6848.34,2241.43
4983,20240925,45,2,3,18,F664-2677,7,7,20.13,140.91,15.91,125.0,76.83,48.17,22.5
4984,20250604,46,58,7,16,F371-6366,3,14,2453.29,34346.06,8277.4,26068.66,12909.46,13159.2,4692.36
4985,20240401,59,4,4,25,F313-9571,9,9,2228.09,20052.81,1710.5,18342.31,12036.87,6305.44,3301.62
4986,20220911,74,61,7,22,F306-2778,3,15,148.95,2234.25,201.75,2032.5,1096.55,935.95,365.85
4987,20241210,7,67,8,28,F408-5867,9,9,1079.94,9719.46,1064.28,8655.18,4612.55,4042.63,1557.93
4988,20240622,26,168,8,13,F792-9940,3,1,1775.85,1775.85,30.19,1745.66,1030.9,714.76,314.22
4989,20241213,58,186,3,28,F892-8511,8,8,1143.89,9151.12,1170.43,7980.69,4252.03,3728.66,1436.52
4990,20250207,9,70,5,8,F026-2154,10,12,1939.14,23269.68,4474.76,18794.92,10890.27,7904.65,3383.09
4991,20251208,80,82,5,9,F894-2896,5,15,139.0,2085.0,468.29,1616.71,824.55,792.16,291.01
4992,20240509,8,2,5,23,F435-8447,9,9,622.37,5601.33,1148.27,4453.06,2600.16,1852.9,801.55
4993,20230608,50,160,1,18,F730-7396,7,20,1342.51,26850.2,4773.97,22076.23,13013.77,9062.46,3973.72
4994,20240904,26,43,5,15,F825-7625,2,9,1877.44,16896.96,3962.34,12934.62,6383.55,6551.07,2328.23
4995,20220501,15,138,2,11,F911-6663,2,18,299.24,5386.32,614.04,4772.28,2720.71,2051.57,859.01
4996,20250902,52,22,4,24,F541-8115,4,16,1083.37,17333.92,916.96,16416.96,11214.46,5202.5,2955.05
4997,20220723,9,31,7,14,F426-1971,7,7,1726.45,12085.15,2737.29,9347.86,5536.66,3811.2,1682.61
4998,20230517,22,186,10,21,F750-7072,8,13,1041.41,13538.33,2088.96,11449.37,6713.74,4735.63,2060.89
4999,20250426,51,119,10,21,F646-2972,3,3,2032.01,6096.03,765.66,5330.37,2638.74,2691.63,959.47
5000,20240617,33,176,8,4,F402-7261,2,18,351.1,6319.8,669.27,5650.53,2602.66,3047.87,1017.1
